# This file uses centimeters as units for non-parametric coordinates.

mtllib Lake_Pope.mtl
g default
v 60.124390 139.057281 8.528111
v 66.464417 139.883575 6.829098
v 61.865540 138.812195 14.905651
v 68.205444 139.638489 13.206631
v 60.693848 141.904175 16.545231
v 66.902405 143.350586 5.641888
v 58.343445 142.235077 7.935558
v 63.118103 138.365479 6.483372
v 68.572815 138.757782 9.641376
v 65.468506 138.034576 15.093044
v 60.013794 137.642303 11.935040
v 69.252808 143.019684 14.251560
v 64.458435 136.724304 10.686428
v 65.364990 142.406799 16.833340
v 62.231201 142.847992 5.353779
v 69.504089 143.371094 9.564442
v 58.092224 141.883698 12.622662
v 60.676514 184.325287 19.724400
v 56.005310 183.822601 19.436291
v 64.564209 184.938202 17.142620
v 57.542603 184.766479 8.244839
v 53.654907 184.153595 10.826618
v 62.213806 185.269104 8.532948
v 64.815491 185.289581 12.455502
v 53.403625 183.802185 15.513721
v 61.552246 184.952698 23.297215
v 54.227600 184.191101 22.460896
v 67.452637 185.914703 18.916828
v 56.496338 185.664490 4.777241
v 50.595947 184.702393 9.157619
v 63.820801 186.426086 5.613537
v 68.229736 186.508392 11.570309
v 49.818848 184.108795 16.504131
v 61.107544 188.928101 23.571384
v 53.783020 188.166504 22.735081
v 67.007935 189.890076 19.191006
v 56.051697 189.639893 5.051411
v 50.151306 188.677795 9.431789
v 63.376099 190.401398 5.887707
v 67.785034 190.483704 11.844479
v 49.374207 188.084198 16.778316
v 58.579590 189.283997 14.311398
v 62.337830 169.472198 18.700008
v 62.707031 166.171875 18.472385
v 58.035706 165.669281 18.184277
v 57.666626 168.969604 18.411884
v 55.434143 165.648895 14.261715
v 55.064941 168.949188 14.489330
v 55.685303 166.000183 9.574612
v 55.316223 169.300476 9.802219
v 59.572998 166.613098 6.992825
v 59.203918 169.913391 7.220448
v 64.244202 167.115692 7.280941
v 63.875122 170.415985 7.508556
v 66.845947 167.136200 11.203487
v 66.476807 170.436493 11.431110
v 66.594604 166.784790 15.890606
v 66.225525 170.085083 16.118221
v 62.627197 169.862488 19.969761
v 63.094299 165.686401 19.681736
v 67.821594 166.431702 16.542400
v 67.354492 170.607697 16.830418
v 56.947205 169.251404 19.619419
v 57.414307 165.075287 19.331394
v 53.783691 169.226501 14.849751
v 54.250793 165.050385 14.561726
v 54.089233 169.653687 9.150425
v 54.556335 165.477600 8.862408
v 58.816589 170.398895 6.011089
v 59.283691 166.222900 5.723064
v 64.496521 171.010101 6.361416
v 64.963623 166.834076 6.073406
v 67.660095 171.035004 11.131084
v 68.127197 166.858887 10.843067
v 62.236023 169.917603 18.536701
v 62.703003 165.741486 18.248669
v 66.459839 166.333679 15.753925
v 65.992737 170.509796 16.041950
v 57.722290 169.431885 18.258289
v 58.189392 165.255798 17.970264
v 55.208435 169.412079 14.467976
v 55.675415 165.236084 14.179958
v 55.451111 169.751678 9.938885
v 55.918213 165.575592 9.650875
v 59.207825 170.343903 7.444157
v 59.674805 166.167786 7.156139
v 63.721497 170.829498 7.722546
v 64.188599 166.653503 7.434536
v 66.235535 170.849304 11.512859
v 66.702637 166.673279 11.224834
v 58.601135 169.141083 -27.329914
v 63.292114 156.746002 -19.029514
v 52.000793 160.847198 -25.606915
v 43.967102 171.441101 -22.320614
v 68.890991 167.994202 -24.479610
v 47.934143 157.603180 -16.212109
v 54.397339 179.015594 -26.947811
v 72.956726 168.191376 -14.542011
v 66.487305 180.970581 -20.817509
v 54.490601 152.417999 -9.470509
v 39.996826 163.439392 -11.938808
v 51.484436 184.519287 -18.198811
v 71.380798 159.565094 -8.343212
v 47.286804 160.202301 -0.805485
v 62.289734 156.653503 -3.424213
v 40.817444 172.981384 -7.080914
v 42.393311 181.607697 -13.279812
v 73.777344 177.733490 -9.684216
v 69.807007 169.731689 0.697605
v 59.283508 188.754791 -12.152515
v 46.941101 183.787781 -7.409016
v 50.175598 186.136688 -8.844013
v 65.840027 183.569580 -5.410915
v 59.376831 162.157288 5.324841
v 44.883118 173.178589 2.856556
v 54.330811 186.808685 -6.737110
v 55.173035 172.031677 5.706936
v 47.731934 179.670990 0.140636
v 45.226501 180.783478 -3.685711
v 61.773315 180.325684 3.983868
v 51.887146 180.342804 2.247524
v 56.836243 185.696075 -2.910801
v 55.605042 183.214691 0.308720
v 40.051147 191.966797 2.954716
v 40.248535 189.280182 9.255054
v 36.602112 191.242401 3.108440
v 38.407898 195.511688 -2.674274
v 42.556519 190.854279 6.781048
v 38.766113 192.483398 11.157101
v 35.119690 194.445587 5.010471
v 36.925537 198.714996 -0.772251
v 41.415588 194.716888 -0.613316
v 46.711731 191.526184 8.887936
v 46.893738 190.561493 12.276188
v 45.411316 193.764801 14.178219
v 44.089111 198.240997 5.609127
v 44.249329 199.513977 -4.862011
v 42.766907 202.717285 -2.959965
v 45.000244 197.320099 -2.203625
v 52.735229 194.563904 10.088467
v 51.252808 197.767090 11.990498
v 50.894531 200.795380 -1.840870
v 49.412231 203.998688 0.061161
v 50.296326 194.129395 7.297642
v 54.540894 198.833191 4.305752
v 53.058533 202.036377 6.207775
v 49.155396 197.992004 -0.096729
v 51.660828 196.879486 3.729595
v 44.386108 184.590302 4.261929
v 45.943298 181.225281 2.263882
v 50.995789 182.042297 4.825748
v 49.438599 185.407288 6.823811
v 41.339600 185.943085 -0.390743
v 42.896912 182.578094 -2.388805
v 42.998840 189.287079 -4.729313
v 44.556091 185.922089 -6.727314
v 47.357605 192.452484 -6.663013
v 48.914795 189.087402 -8.661114
v 52.410095 193.269501 -4.101215
v 53.967346 189.904388 -6.099209
v 55.456604 191.916687 0.551479
v 57.013794 188.551575 -1.446575
v 53.797424 188.572693 4.890079
v 55.354736 185.207703 2.892025
v 45.209900 185.481384 3.403332
v 46.767090 182.116302 1.405277
v 50.782227 182.765594 3.441128
v 49.225037 186.130585 5.439175
v 42.788940 186.556396 -0.294010
v 44.346191 183.191376 -2.292065
v 44.107544 189.213776 -3.741711
v 45.664734 185.848694 -5.739811
v 47.571289 191.729187 -5.278416
v 49.128540 188.364075 -7.276508
v 51.586304 192.378387 -3.242611
v 53.143616 189.013397 -5.240612
v 54.007202 191.303375 0.454762
v 55.564514 187.938385 -1.543308
v 52.688843 188.645996 3.902508
v 54.246033 185.280975 1.904446
v 38.450195 238.093597 83.514549
v 2.838745 238.093597 78.317490
v -32.742310 238.093597 83.281876
v -29.938477 238.093597 90.010826
v -32.152161 238.093781 96.355736
v 4.697632 238.093903 101.721069
v 41.066040 238.093781 96.354149
v 53.228638 238.093597 90.061852
v 5.920044 52.343475 99.785477
v -15.067261 63.386993 96.690331
v -36.036560 74.465790 99.785477
v -44.715759 79.069794 103.732864
v -36.030701 74.480194 107.680138
v -15.056396 63.411591 110.775192
v 5.925293 52.357178 107.680138
v 14.618835 47.786377 103.732864
v -33.008301 13.774902 108.603477
v -43.585205 33.133789 105.491257
v -54.153687 52.497589 108.603477
v -58.526855 60.517303 112.626427
v -54.150574 52.497803 116.649124
v -43.579773 33.136078 119.760864
v -33.005066 13.776886 116.649124
v -28.625000 5.762695 112.626427
v -90.891052 20.022980 114.177208
v -89.477356 33.809784 112.323624
v -88.063660 47.596680 114.177208
v -87.478699 53.299286 116.547562
v -88.063660 47.596680 118.917694
v -89.477356 33.809784 120.771103
v -90.891052 20.022980 118.917694
v -91.475952 14.320801 116.547562
v -109.762756 27.280304 114.745316
v -107.915100 38.769775 112.950821
v -106.072205 50.255890 114.745316
v -105.308655 55.009277 117.115433
v -106.072205 50.255890 119.485794
v -107.915100 38.769775 121.280457
v -109.762756 27.280304 119.485794
v -110.536194 22.500488 117.115433
v -120.908875 28.265076 115.770462
v -122.657410 43.549683 114.653046
v -124.402771 58.832977 115.770462
v -125.117371 65.115692 117.116913
v -124.402771 58.832977 118.463333
v -122.657410 43.549683 119.580757
v -120.908875 28.265076 118.463333
v -120.185303 21.936493 117.116913
v -217.240295 13.986084 115.854935
v -215.545959 17.735779 115.134842
v -213.852356 21.484497 115.854935
v -213.161194 23.019592 116.829056
v -213.852356 21.484497 117.803429
v -215.545959 17.735779 118.523666
v -217.240295 13.986084 117.803429
v -217.934265 12.444977 116.829056
v -230.741211 29.336487 116.138626
v -229.237183 30.115082 115.836151
v -227.727173 30.895081 116.138626
v -227.101868 31.220093 116.547562
v -227.727173 30.895081 116.956253
v -229.237183 30.115082 117.258606
v -230.741211 29.336487 116.956253
v -231.341187 29.022797 116.547562
v -229.218201 30.121277 116.547562
v -3.892822 156.284698 103.333023
v -40.180725 156.284698 99.072350
v -55.212158 156.284790 93.719810
v -40.180725 156.284790 88.367149
v -3.892822 156.284698 84.106384
v 32.395081 156.284790 88.367149
v 47.425537 156.284790 93.719810
v 32.395081 156.284698 99.072350
v -2.621155 204.788788 101.703812
v -37.590698 204.788788 97.168900
v -50.137268 204.788788 91.390953
v -37.590698 204.788788 85.612938
v -2.621155 204.788788 81.077980
v 32.348389 204.788788 85.612938
v 46.833191 204.788788 91.390953
v 32.348389 204.788788 97.168900
v -35.381226 103.400177 97.615189
v -46.556519 103.431793 93.866287
v -35.381226 103.354401 90.117393
v -8.401611 103.292389 87.114250
v 18.578064 103.354401 90.117393
v 29.753906 103.431793 93.866287
v 18.578064 103.400177 97.615189
v -8.401611 103.374786 100.618393
v -140.497681 13.286377 115.807404
v -143.118469 25.429199 114.816422
v -145.743652 37.592804 115.803223
v -146.888855 42.898682 117.008255
v -145.743652 37.592804 118.207443
v -143.118164 25.428101 119.180298
v -140.497681 13.286377 118.174881
v -139.480103 8.571411 116.988197
v -183.914856 20.745178 115.835144
v -185.420898 27.293793 114.989136
v -186.932007 33.865204 115.833252
v -187.583252 36.697693 116.904404
v -186.932007 33.865204 117.972824
v -185.420654 27.293182 118.810532
v -183.914856 20.745178 117.958038
v -183.321289 18.163879 116.895264
v -170.018494 24.182281 115.820328
v -170.684998 28.454895 115.005600
v -171.355774 32.754791 115.817719
v -171.643372 34.598175 116.957718
v -171.355774 32.754791 118.094193
v -170.684753 28.453705 118.897522
v -170.018494 24.182281 118.073792
v -169.755310 22.495087 116.945160
v -153.994812 18.517487 115.813309
v -155.507507 26.854187 114.870346
v -157.026611 35.226898 115.809608
v -157.698792 38.932098 116.986176
v -157.026611 35.226898 118.157562
v -155.507202 26.852875 119.084412
v -153.994812 18.517487 118.128662
v -153.415100 15.322083 116.968384
v -195.506653 12.426575 115.843384
v -197.421082 17.539886 115.049515
v -199.344360 22.677185 115.841988
v -200.175110 24.896088 116.874397
v -199.344360 22.677185 117.904617
v -197.420898 17.539398 118.692276
v -195.506653 12.426575 117.893753
v -194.749878 10.405212 116.867630
v 84.541626 275.048584 48.792149
v 72.163208 280.796509 60.896648
v 62.004333 274.102173 70.830780
v 62.004211 257.941101 70.830818
v 62.004333 241.779999 70.830780
v 72.163208 235.085785 60.896648
v 82.681030 241.779877 50.611580
v 88.898193 257.941101 44.531937
v 70.554993 251.901093 59.146599
v 85.475708 273.465393 55.040638
v 74.242798 278.681396 66.024963
v 70.272400 252.279785 65.348061
v 65.024048 272.606689 75.039780
v 65.023926 257.941101 75.039818
v 65.024048 243.275482 75.039780
v 74.242798 237.200775 66.024963
v 83.787292 243.275482 56.691689
v 89.429199 257.941101 51.174667
v 64.177795 147.503113 153.671005
v 70.164490 146.984589 153.355591
v 74.614990 152.497803 131.318329
v 68.700806 154.241486 131.402390
v 61.825439 152.015991 130.075897
v 58.979431 145.390778 152.588623
v 58.880920 146.891693 128.844620
v 56.764526 140.699799 150.996857
v 60.370789 142.036377 128.412338
v 58.942505 137.593323 150.989731
v 64.937500 138.779694 128.574600
v 63.756104 136.166779 152.145599
v 69.759216 138.375183 129.090973
v 65.657104 136.510284 152.320480
v 70.613342 143.737000 152.493729
v 76.579407 148.574677 130.278931
v 75.661926 141.825500 129.074463
v 70.400330 139.041687 152.975098
v 52.658203 115.543457 189.671951
v 52.220642 113.075500 190.008087
v 47.690247 115.003296 192.975677
v 48.129395 116.326294 191.587936
v 49.941345 124.263702 199.600479
v 50.886047 125.625519 197.694382
v 55.338989 125.264893 195.833450
v 51.590820 127.440857 196.245956
v 56.661926 127.234985 195.914444
v 57.540894 130.155701 194.332047
v 58.278442 131.399475 188.596725
v 68.307800 133.029602 186.523712
v 68.356689 131.818390 191.800034
v 51.838745 130.942780 188.238541
v 52.134644 128.814270 194.015488
v 58.854431 131.066589 184.278259
v 52.026794 130.279694 185.108154
v 67.770020 133.115387 182.047028
v 65.589905 132.487579 172.029480
v 75.082336 134.215698 169.603790
v 75.507141 135.272980 177.743683
v 74.475647 140.086090 169.154297
v 76.742004 138.566589 177.519272
v 71.413513 136.232880 162.342865
v 72.033691 141.354187 163.650604
v 63.671814 133.799103 162.095551
v 70.310242 137.354675 159.949081
v 70.774292 141.981323 161.044067
v 75.526794 135.130554 183.900101
v 77.936646 137.625397 182.908951
v 76.036743 132.851196 187.751617
v 79.019592 134.503876 186.533005
v 69.806641 138.539795 157.087921
v 70.340332 142.543182 156.746918
v 65.212341 135.632477 155.781952
v 64.617615 134.534790 159.836517
v 63.176331 134.354675 159.507507
v 63.408020 135.247101 155.614502
v 55.952698 131.862396 160.443619
v 56.941040 133.701477 158.574051
v 58.090210 135.778992 154.497787
v 56.965942 127.989380 166.518097
v 53.433289 128.932587 164.364075
v 53.489441 125.571503 171.110168
v 49.863220 125.861481 168.612274
v 51.524048 124.123505 174.783020
v 47.551331 124.564880 172.057281
v 52.894348 125.768585 179.892487
v 59.244202 129.095001 172.135590
v 50.296143 122.552094 180.252228
v 50.095642 122.984100 175.938873
v 46.747009 123.571991 173.299927
v 47.029846 128.511993 181.739044
v 46.203796 126.883484 181.764709
v 49.463989 131.776184 185.439621
v 50.114624 132.689789 188.655655
v 50.064026 129.932373 195.491135
v 50.204102 127.600677 198.444778
v 48.540222 114.803894 193.408768
v 52.684998 112.858307 191.450211
v 55.800232 121.699768 199.872681
v 51.212708 122.614807 200.906479
v 63.917236 143.531281 188.607407
v 52.473389 139.632782 189.674088
v 54.062317 134.596588 198.178085
v 66.600037 137.640533 196.398163
v 48.876404 136.433685 188.295609
v 50.087708 132.456390 196.991074
v 48.634094 137.677704 183.279968
v 46.614929 132.624084 178.542801
v 44.202332 127.551300 179.298004
v 44.742615 130.253296 175.551544
v 43.363220 126.755005 176.232391
v 52.850647 140.772278 184.144592
v 63.013000 144.425385 182.662750
v 50.084106 139.165894 175.549500
v 54.019592 141.924286 176.229797
v 62.184631 144.987579 175.466675
v 73.313232 143.529175 185.309296
v 76.018433 138.261902 191.828995
v 71.988037 144.823883 179.567810
v 70.234009 145.590088 172.249161
v 77.259033 140.908783 183.216858
v 79.299194 136.650299 188.177811
v 76.029236 142.458191 177.767670
v 73.084595 144.347290 170.453583
v 69.873901 145.576477 165.618835
v 68.091431 145.852478 161.444366
v 69.114929 146.562805 157.730072
v 63.231934 146.122101 157.792160
v 62.460938 145.395905 162.299011
v 62.238037 145.161682 168.933548
v 56.541748 142.500702 161.822021
v 58.038635 144.189484 156.670258
v 53.947693 137.178802 158.645966
v 55.410889 138.909119 154.835541
v 52.703247 135.480194 161.143524
v 53.920105 140.963898 166.869263
v 49.633606 132.668976 165.095688
v 49.342407 137.098602 169.228577
v 47.497131 134.546692 172.133392
v 47.158997 130.025482 169.104477
v 45.156006 127.744293 173.047028
v 44.400635 125.114075 174.184280
v 64.889404 116.730194 183.524292
v 65.587830 114.069397 183.408539
v 67.898743 128.858612 192.358231
v 66.409241 127.116760 190.832809
v 66.265015 113.983582 184.674347
v 68.686401 123.149902 194.290207
v 68.978699 129.569153 198.945297
v 55.729309 128.311371 201.859085
v 75.057800 132.442596 186.832611
v 74.338806 123.045990 179.868225
v 75.866333 131.839905 187.324707
v 75.304443 120.619598 179.432770
v 78.683533 126.656281 179.735748
v 79.203796 134.670776 186.638947
v 79.324341 133.858795 186.312820
v 76.197205 119.809692 180.887711
v 79.260742 126.022491 180.506592
v 80.068909 133.308685 188.325974
v 77.656799 128.678253 190.676529
v 77.782043 132.758301 193.491318
v 80.114441 134.395294 188.817627
v 39.750244 112.136688 186.050781
v 39.124512 110.412994 184.229675
v 41.134399 110.221100 183.769241
v 41.614990 110.680176 184.868271
v 44.501099 113.751678 181.674652
v 45.762512 114.504486 184.487427
v 42.505432 116.609192 186.377563
v 38.434143 110.625977 183.276550
v 39.311096 109.909393 182.734344
v 42.487000 113.786896 180.566650
v 43.429626 115.898804 179.165375
v 45.558289 115.597900 180.444275
v 46.434509 116.927094 179.762390
v 44.098694 117.419983 178.304062
v 46.907227 116.719879 183.338211
v 47.518188 118.119507 182.570511
v 43.685608 118.878082 185.090179
v 44.390442 120.226196 184.189667
v 48.479248 119.779877 181.787750
v 44.974243 121.995392 183.531219
v 44.952698 119.260803 176.894958
v 47.368042 118.701202 178.692001
v 38.352112 111.992401 185.022949
v 40.152893 117.121277 184.774460
v 37.705444 111.636993 183.832123
v 39.353821 116.607697 182.636414
v 40.748047 115.151459 181.391144
v 40.334290 118.652588 181.546448
v 41.336548 117.119995 179.835632
v 40.962402 119.972198 180.702972
v 41.926941 118.546295 178.807098
v 41.540833 120.712891 182.714386
v 40.960388 119.243805 183.552429
v 42.295105 122.511902 181.781601
v 41.675110 121.996887 179.360657
v 42.737244 120.516479 177.503891
v 51.076538 128.075592 201.033188
v 3.221741 146.798889 42.812340
v -9.030762 147.445282 42.074780
v 15.474426 147.445282 42.074780
v 3.221741 -0.006531 50.182346
v -19.374207 -0.006531 48.151417
v 25.817932 -0.006531 48.151417
v 3.221741 49.814789 40.889137
v 19.951843 50.067291 39.454449
v -13.508179 50.067291 39.454449
v 3.221741 100.642700 34.565819
v 15.191040 101.091492 33.612637
v -8.747375 101.091492 33.612637
v 76.565735 295.952209 52.007759
v 65.004700 294.505188 36.802559
v 46.415588 294.556793 25.235210
v 23.637390 296.160278 19.084896
v 0.163635 299.205292 19.335621
v -20.408752 303.370972 25.994366
v -34.940369 308.087708 38.064568
v -41.226257 312.571777 53.691776
v -38.096863 313.158691 69.625160
v -26.238281 312.199097 83.900482
v -7.447876 309.695679 94.204300
v 15.403503 306.207886 99.136192
v 38.811401 302.657990 98.303696
v 59.185791 299.954468 92.162750
v 73.416748 298.633972 81.768127
v 79.349304 298.733276 68.555611
v 85.752502 309.039612 39.599987
v 72.885925 304.829590 16.313137
v 50.265137 302.934296 -0.780735
v 22.387939 303.082092 -9.076611
v -6.481201 305.317200 -7.269413
v -31.945007 309.419586 4.388805
v -50.127869 314.821472 24.130367
v -58.261169 320.645569 48.942039
v -55.069458 323.591675 75.650787
v -41.062805 325.233795 99.204071
v -18.369263 325.226196 115.877594
v 9.550598 323.688477 123.298096
v 38.431335 321.119690 120.688675
v 63.845032 318.206299 108.755920
v 80.876648 315.965393 89.038910
v 88.721008 313.869202 65.299919
v 91.424988 315.073486 37.439159
v 78.751404 311.395386 13.210407
v 55.583740 309.863098 -4.679211
v 27.065002 310.691772 -13.540310
v -2.428589 313.872681 -11.951511
v -28.399109 319.119873 -0.110859
v -46.893677 325.729095 20.192890
v -55.097107 332.603394 45.853447
v -52.017273 337.351868 75.503494
v -37.844910 339.933685 101.443977
v -14.729492 339.791992 119.494385
v 13.799622 337.151672 127.185455
v 43.370789 332.868591 123.937531
v 69.430298 328.088379 110.764221
v 86.432800 323.678772 89.476624
v 74.037720 328.025391 38.978539
v 63.506714 324.720703 21.217907
v 46.503906 322.998291 8.177227
v 25.609741 323.180603 1.838840
v 4.026428 325.260681 3.203999
v -14.954773 328.991089 12.084400
v -28.446411 333.845886 27.131374
v -34.391663 339.042389 46.051357
v -32.212708 343.398804 68.568108
v -21.903564 346.360596 88.372162
v -5.032654 347.409088 102.342369
v 15.828918 346.466187 108.470505
v 37.489746 343.885590 106.078499
v 56.621338 340.306580 95.756134
v 70.316345 336.317200 79.178177
v 76.503296 332.415710 58.771069
v 88.240295 348.407990 42.558727
v 84.561523 352.498108 31.677975
v 80.349243 360.491211 23.220982
v 76.280640 371.183105 18.500866
v 73.065430 382.980988 18.296429
v 71.282288 394.122803 22.699337
v 71.241394 402.928284 31.063564
v 72.916138 408.049377 42.088028
v 76.775208 410.208679 57.853046
v 81.147888 407.270294 71.746155
v 85.256836 399.566895 81.498642
v 88.592407 388.386780 85.797218
v 90.914612 375.700592 84.377319
v 92.127502 363.698975 77.831512
v 92.148010 354.312012 67.302361
v 90.866943 348.864807 54.228939
v 93.345947 345.873993 39.352280
v 92.628601 350.690491 29.756420
v 93.627747 358.525085 22.301075
v 96.226807 368.173767 18.146481
v 99.625732 377.949188 16.933270
v 103.878296 386.499390 19.446987
v 108.591797 392.583191 25.555302
v 112.953735 395.274902 34.408939
v 117.210205 394.800690 48.211399
v 119.411316 390.600403 61.732338
v 119.147339 383.313293 73.000237
v 116.324036 373.966888 79.345123
v 111.147400 363.810486 77.832848
v 105.364807 354.693390 71.611664
v 99.997437 348.025208 61.772289
v 95.714539 344.800598 49.650059
v 18.135193 364.560089 115.870773
v -4.430054 367.376404 109.024414
v -22.579102 366.839478 92.508377
v -33.538269 362.830597 68.565094
v -35.646667 356.124695 41.075939
v -29.311768 349.261780 19.931118
v -14.790955 342.427979 3.288761
v 5.704529 336.757080 -6.303509
v 29.054504 333.020569 -7.399914
v 51.684631 331.626984 0.110050
v 70.117004 332.665283 15.013485
v 81.540588 335.902588 35.020958
v 84.234741 340.880890 57.121048
v 77.404907 346.536285 80.801437
v 62.457397 352.925903 100.197632
v 41.640747 359.311188 112.584518
v 30.589722 372.388184 107.843407
v 11.626892 376.760284 101.713531
v -3.554199 377.454987 86.774979
v -12.625671 374.122894 64.992149
v -14.218262 367.472687 39.954559
v -8.965881 360.822998 21.674465
v 3.185303 353.659790 7.490582
v 20.388794 347.178986 -0.415699
v 40.020142 342.267792 -0.864750
v 59.030090 339.578186 6.102718
v 74.523621 339.244995 19.380077
v 84.121338 341.265808 36.905468
v 86.381104 345.390869 56.049587
v 80.558105 351.086395 76.860878
v 67.920837 358.119507 93.909523
v 50.364929 365.680084 104.869629
v 62.245239 385.345886 90.100494
v 52.437805 394.078186 85.488373
v 43.815430 399.254272 74.778671
v 37.637024 399.921692 59.415520
v 34.881897 396.027588 41.940277
v 36.073792 390.179810 29.451191
v 41.117493 381.719788 19.897488
v 49.283020 372.072510 14.724277
v 59.298889 362.669800 14.694950
v 69.564636 354.773804 19.782421
v 78.450806 349.516479 29.147411
v 84.577637 347.670593 41.336838
v 87.040222 349.554077 54.519138
v 85.279419 355.312805 69.117645
v 79.930542 364.081787 80.940643
v 71.858032 374.679810 88.363007
v 106.705017 329.965790 39.204998
v 106.314392 334.261902 30.168911
v 107.644897 341.225891 22.869137
v 109.965393 349.568604 17.304874
v 113.627197 358.216888 15.349155
v 118.295593 365.848785 17.104168
v 123.350098 371.299500 22.222286
v 127.921997 373.738983 30.007786
v 131.854004 373.338684 42.469318
v 133.615234 369.621399 54.957069
v 132.867737 363.153992 65.662491
v 129.790100 354.921509 72.845436
v 125.025330 346.178406 75.170013
v 118.948425 338.017395 69.748405
v 113.298645 331.983185 60.391247
v 108.901245 329.022583 48.832989
v 154.658997 310.707275 37.426529
v 153.688599 312.829987 32.029568
v 153.447388 316.521973 27.439732
v 154.000427 321.226593 24.331196
v 155.329041 326.236877 23.119091
v 157.295898 330.799896 23.930111
v 159.627441 334.223785 26.617245
v 161.939392 335.982483 30.796261
v 164.066040 336.114685 37.482567
v 165.380798 334.274597 44.136219
v 165.663635 330.739380 49.771976
v 164.892517 326.051788 53.500458
v 163.237244 320.934875 54.682758
v 161.003296 316.177673 53.070259
v 158.553040 312.508301 48.881989
v 156.235901 310.480103 42.785748
v 177.704590 311.785278 23.434872
v 175.293945 312.312286 20.107250
v 172.669006 314.117371 17.611599
v 170.231934 316.927307 16.325161
v 168.358643 320.316895 16.437511
v 167.339844 323.772491 17.925289
v 167.332642 326.768890 20.559475
v 168.335815 328.848877 23.941685
v 170.166748 329.925903 28.775585
v 172.562622 329.594482 33.118778
v 175.154236 327.902710 36.312229
v 177.551392 325.111084 37.867157
v 179.398315 321.652893 37.541107
v 180.422424 318.063293 35.378220
v 180.472107 314.891968 31.705769
v 179.535828 312.617798 27.085308
v 204.745605 323.727783 11.562145
v 202.603821 324.101868 8.912205
v 200.385437 325.583374 6.947842
v 198.432190 327.912476 5.965939
v 197.033813 330.708588 6.094952
v 196.383301 333.546387 7.277775
v 196.556702 336.036591 9.298191
v 197.519836 337.867004 11.846500
v 199.041321 338.870178 15.456417
v 201.024048 338.781006 18.771801
v 203.187500 337.550110 21.296505
v 205.191406 335.323090 22.613621
v 206.707214 332.437012 22.484188
v 207.486816 329.352600 20.899380
v 207.403442 326.571167 18.086842
v 206.472595 324.547607 14.480091
v 222.675720 336.849487 0.534679
v 221.644409 337.190582 -0.565205
v 220.735046 338.058685 -1.421604
v 220.086731 339.321777 -1.904789
v 219.799805 340.787994 -1.942509
v 219.919739 342.234589 -1.530392
v 220.428345 343.441895 -0.731739
v 221.247498 344.225708 0.332439
v 222.152588 344.495972 1.899601
v 223.103638 344.181580 3.334721
v 223.955139 343.329285 4.420040
v 224.577820 342.070068 4.989559
v 224.878235 340.595581 4.954945
v 224.811646 339.130676 4.319721
v 224.388489 337.898804 3.179989
v 223.672913 337.087189 1.710041
v 230.547729 340.385590 -5.690815
v 230.205139 340.485992 -6.021313
v 229.907898 340.755096 -6.281010
v 229.700989 341.152710 -6.430515
v 229.616089 341.617004 -6.447208
v 229.666199 342.078308 -6.328510
v 229.843994 342.465881 -6.092709
v 230.122192 342.721069 -5.775509
v 230.418945 342.810089 -5.304913
v 230.728088 342.714294 -4.872608
v 231.003235 342.447998 -4.544415
v 231.201843 342.051697 -4.370312
v 231.294128 341.585876 -4.377010
v 231.265930 341.121490 -4.563709
v 231.121704 340.729095 -4.901814
v 230.883118 340.469177 -5.340015
v 80.148743 305.539093 89.077744
v 63.065002 307.466095 106.208603
v 38.992004 310.157196 116.693878
v 11.660645 313.088501 118.803268
v -13.646057 311.009491 110.794861
v -34.564758 312.950500 96.406616
v -49.169861 316.349091 75.347839
v -52.203064 314.621490 51.246418
v -44.545654 309.362671 28.042484
v -27.482300 304.231689 9.598598
v -3.524353 300.074585 -1.279194
v 23.741394 297.477386 -2.901508
v 50.148315 296.716095 5.010387
v 71.598633 297.807800 21.238537
v 84.764587 300.537903 43.281487
v 87.627197 304.525696 67.773972
v 95.781433 387.429077 88.873245
v 96.731201 386.795197 86.525108
v 91.031921 388.079590 88.363327
v -37.101807 318.582886 96.756386
v -13.952454 314.640594 110.897247
v -36.475708 315.965790 97.502411
v -14.441589 313.024170 111.766968
v -22.173767 354.552094 90.026642
v -3.761108 359.556488 105.420128
v 17.886597 359.709991 112.746490
v 40.393738 355.119507 109.716904
v 60.123047 347.878174 98.421036
v -6.225891 351.555389 106.786079
v 16.344910 352.148895 114.222610
v 39.611206 348.302094 111.343643
v -22.795410 350.292084 89.814835
v -5.215271 356.633606 106.347504
v 17.086121 356.970093 113.826141
v 40.181519 352.720703 110.854568
v 58.853699 343.618103 97.810730
v 84.892090 316.833191 90.078148
v 91.726013 312.651489 65.645027
v 89.011597 308.302002 39.257198
v 92.527100 317.613708 64.524673
v 87.805115 319.410889 90.308914
v 94.273743 315.214905 65.239655
v 92.784912 311.009583 37.998398
v 80.372498 329.151001 85.253021
v 91.014404 323.442688 62.733196
v 84.841736 320.621796 38.064468
v 87.348389 327.962494 87.770172
v 97.030701 322.077789 63.964809
v 91.273315 318.841187 37.597038
v 38.985840 303.814087 109.194412
v 13.120422 306.494080 110.713577
v -10.774597 307.394470 103.513573
v -30.738464 309.888977 90.881676
v -44.252808 312.482086 73.029510
v -47.394592 311.440308 52.718517
v -40.226074 306.418793 32.915287
v -24.123291 301.253479 17.375484
v -1.627380 296.881195 8.483318
v 23.888000 293.932373 7.459240
v 48.670288 292.761108 14.400967
v 69.065491 293.492798 28.309826
v 82.100098 295.987793 47.288368
v 85.121094 299.858582 68.589966
v 78.123291 300.100281 86.690872
v 61.696899 301.374695 100.859276
v 143.817444 329.997375 67.601746
v 147.028137 337.289001 65.368050
v 149.141418 344.292786 59.924686
v 149.613708 349.966187 51.810780
v 148.195740 353.412903 42.105949
v 145.019104 353.952209 32.253651
v 141.213135 351.806702 26.079151
v 137.028503 346.928986 22.123989
v 133.327698 340.186401 20.896854
v 130.693298 332.749390 22.639675
v 129.377991 325.829590 27.339169
v 128.929810 320.144196 33.386127
v 129.727234 316.691101 40.629848
v 131.734741 315.976990 48.127518
v 135.273438 318.467773 57.064468
v 139.500610 323.387390 63.982758
v -58.945007 305.776672 152.176971
v 2.531921 283.629395 162.052765
v 67.233337 244.192078 156.836899
v 117.808533 222.917084 138.401291
v 159.955994 217.057404 111.858673
v 173.903931 218.432587 84.309006
v 161.684814 216.484680 45.047249
v 133.984314 219.460205 5.183361
v 86.509644 230.264282 -25.816608
v 27.318298 245.964691 -42.667606
v -35.783997 262.794495 -42.374607
v -98.665771 286.601074 -29.228809
v -150.702698 303.847687 -0.514194
v -167.168457 311.910400 47.831997
v -152.923157 315.680786 89.474953
v -112.634705 315.366577 126.860733
v 9.631592 294.079987 61.214508
v 6.881348 291.992371 153.358139
v 65.635010 258.227692 149.550034
v 111.345642 240.060394 133.412262
v 149.020020 235.119690 108.975464
v 162.025146 236.362183 81.964859
v 151.439941 234.099579 44.810139
v 126.001343 236.194489 8.246517
v 82.604004 245.155487 -20.130711
v 28.486816 258.617676 -35.452717
v -28.788208 273.335388 -34.993214
v -85.266907 294.166809 -22.028011
v -131.620911 310.912903 4.385365
v -146.365967 317.116699 47.665787
v -133.925110 320.418701 85.675858
v -98.053162 319.962280 119.733841
v -49.437256 311.437378 143.435715
v 12.274292 301.845093 132.045593
v 56.921448 279.760376 130.125900
v 91.956238 267.664886 118.636093
v 120.243835 264.208984 99.693314
v 130.794922 265.011200 76.730331
v 123.409790 262.518097 46.550457
v 103.341309 263.239899 18.170261
v 69.589294 268.809998 -3.644215
v 27.756897 277.783508 -15.191814
v -15.879089 287.982391 -14.623112
v -58.184509 302.380676 -3.733311
v -91.967957 311.466797 17.036991
v -103.188354 319.875977 49.163937
v -94.488953 322.166504 78.493080
v -68.134583 321.515869 104.686386
v -31.146362 315.303986 123.456314
v 3.266235 193.515503 -16.848110
v -19.803955 190.137085 -13.056515
v -19.773010 192.502777 -10.402912
v 3.269897 195.841675 -14.293514
v 3.221741 142.110291 49.102859
v -11.919312 142.909088 48.191429
v -12.447754 138.585602 45.127369
v 3.221741 137.535187 46.248737
v -27.419067 144.965881 45.748119
v -28.224365 141.066803 42.386578
v -39.942810 149.975983 40.071266
v -40.570312 146.292694 36.565357
v -47.151794 158.797180 29.588131
v -47.634705 155.653290 25.940891
v -46.809204 170.415375 15.604778
v -47.091553 167.711090 12.219837
v -38.555176 180.906891 3.039845
v -38.677063 178.505402 -0.013210
v 53.535034 167.711090 12.219837
v 45.120544 178.505402 -0.013210
v 44.998596 180.906891 3.039845
v 53.252747 170.415375 15.604778
v 54.078003 155.653290 25.940891
v 53.595215 158.797180 29.588131
v 47.013794 146.292694 36.565357
v 46.386292 149.975983 40.071266
v 34.667847 141.066803 42.386578
v 33.862488 144.965881 45.748119
v 18.891296 138.585602 45.127369
v 18.362732 142.909088 48.191429
v 26.403992 191.996887 -9.846615
v 26.427429 189.643188 -12.507610
v 3.283813 194.624298 -17.369213
v -20.337280 191.167389 -13.447208
v -20.312866 193.031189 -11.356609
v 3.286804 196.473083 -15.338810
v 3.221741 140.849487 49.728039
v -12.170654 141.661194 48.760689
v -12.559509 138.480896 46.506817
v 3.221741 137.490875 47.632797
v -27.970154 143.793091 46.184719
v -28.563354 140.920898 43.708477
v -40.875854 149.027100 40.245518
v -41.337708 146.316284 37.665237
v -48.347290 158.288177 29.370380
v -48.706055 155.952301 26.660435
v -47.973389 170.373505 15.063519
v -48.187256 168.324677 12.498905
v -39.507385 181.220276 2.268375
v -39.601990 179.356598 -0.100880
v 54.630798 168.324677 12.498905
v 46.037903 179.362305 -0.104664
v 45.943298 181.225281 2.263851
v 54.416931 170.373505 15.063526
v 55.149536 155.952301 26.660435
v 54.790710 158.288177 29.370380
v 47.781128 146.316284 37.665237
v 47.319336 149.027100 40.245518
v 35.006836 140.920898 43.708477
v 34.413635 143.793091 46.184719
v 19.002930 138.480896 46.506817
v 18.614136 141.661194 48.760689
v 26.952942 192.531189 -10.799915
v 26.971313 190.673981 -12.899609
v 27.180603 191.915375 -12.119114
v 46.380188 180.539886 0.898388
v 55.029846 169.476990 13.722378
v 55.510132 157.069702 28.134296
v 47.968445 147.444183 39.268787
v 34.928528 142.033203 45.377319
v 18.897888 139.738495 48.114357
v 3.221741 138.848785 49.180489
v -12.454407 139.738495 48.114357
v -28.485107 142.033203 45.377319
v -41.524902 147.444183 39.268787
v -49.066589 157.069702 28.134296
v -48.586365 169.476990 13.722370
v -39.946960 180.532104 0.904446
v -20.540588 192.411987 -12.672215
v 3.291992 195.890289 -16.661915
v -39.373352 212.525299 108.168648
v -30.987671 218.848877 110.412354
v -34.313599 224.965179 108.388901
v -39.410706 218.997101 108.164948
v -11.975769 234.593475 104.509720
v -22.696289 229.861694 108.788223
v -20.051208 225.499603 110.350525
v -10.702454 232.104004 103.889725
v -26.224670 212.593597 107.998215
v -33.439697 210.502899 108.273979
v -16.494690 221.886475 108.147141
v -8.395996 230.229889 101.593994
v -6.762695 227.470886 100.219208
v -15.703796 217.584991 104.288177
v -25.908386 205.405090 103.540634
v -35.122681 203.012695 103.540634
v -45.753296 208.948303 103.540634
v -46.670105 218.814575 103.540634
v -40.497009 228.027405 103.579262
v -26.499512 234.058594 105.302170
v -12.724365 237.501984 102.532654
v 7.137695 226.399475 99.886421
v 12.420837 216.416992 101.390717
v 21.044189 194.726288 101.618118
v 29.291748 194.753479 101.618118
v 33.578247 200.295990 101.681442
v 29.904602 209.565399 102.077026
v 13.855042 229.351379 101.048828
v 22.792297 222.220276 101.612152
v 15.325745 203.477600 101.508469
v 22.665100 206.553497 109.426636
v 17.933044 216.823578 107.715858
v 11.463196 227.880188 103.195496
v 10.607788 227.636292 102.299606
v 15.694824 216.257690 106.341339
v 18.312622 205.471405 108.002731
v 12.292236 228.214691 102.816925
v 19.719238 217.985382 106.896606
v 25.449707 208.989594 108.315765
v 21.980713 198.684479 107.161392
v 26.256226 200.599304 108.464600
v 29.238342 202.166290 107.274872
v 13.399597 229.079987 97.840645
v 20.583618 220.573883 100.911118
v 38.793640 202.178894 101.132362
v 50.953613 206.983490 101.061340
v 54.334412 222.305695 102.042297
v 40.004700 228.849701 103.214249
v 20.015503 234.851898 100.604507
v 30.001831 233.552704 101.332062
v 28.395996 209.001099 101.520256
v 33.243591 218.348999 111.050919
v 24.172424 224.782684 108.733978
v 15.033203 230.661499 104.386780
v 13.524231 229.395294 102.405746
v 21.579346 220.115387 107.275558
v 30.207947 211.695496 108.233368
v 17.245422 232.461090 104.678726
v 27.159424 229.715698 107.742828
v 36.221130 224.472290 110.111679
v 45.633606 220.711578 108.811035
v 43.482300 211.761078 109.026123
v 37.808105 206.827698 107.241043
v -7.646606 229.429077 101.273361
v -19.443665 221.583405 107.807877
v -28.374573 199.589478 107.261444
v -22.476807 194.201691 107.261444
v -12.071960 197.789276 107.261444
v -6.756897 207.074982 107.381538
v -0.750183 225.906403 100.965714
v -3.809204 216.850494 106.385368
v -29.361511 210.961395 107.261444
v -17.755676 210.049896 115.902496
v -11.632385 219.837799 113.426254
v -5.691162 227.185699 104.345978
v -11.917053 209.950195 114.794708
v -7.634460 218.937775 110.974930
v -3.604065 226.329590 103.299889
v -23.130005 211.998505 114.052933
v -15.169800 221.270599 113.007889
v -7.240112 228.169403 103.832504
v -15.248108 200.577179 112.833282
v -20.461365 200.591095 114.214386
v -25.202209 202.416382 112.833282
v -0.822876 225.834198 100.584045
v -6.521362 215.924286 105.730766
v -5.940002 194.968292 105.507584
v 2.204529 190.525177 105.507584
v 12.087341 193.706604 105.457977
v 15.231506 201.808990 105.401421
v 9.349792 227.475983 100.960922
v 14.664246 215.321381 104.942581
v -8.820679 207.841278 105.697769
v 3.217834 206.541992 113.394943
v 3.811829 217.798401 110.857483
v 4.284546 227.219879 103.920280
v 1.739197 226.621887 102.467697
v -1.176697 217.938477 109.147583
v -2.915771 207.888092 112.430344
v 7.098206 227.494995 104.295990
v 9.339905 217.992279 109.860008
v 9.699036 206.751190 111.715668
v -2.904053 197.177002 111.068558
v 2.335632 196.013275 112.350266
v 8.215942 196.664001 110.767563
v -119.175293 170.458893 106.415268
v -118.435852 165.308777 109.438087
v -107.275452 151.974396 94.157852
v -108.748352 156.554291 90.300247
v -106.385803 162.878082 87.399734
v -117.021362 175.363190 104.423904
v -101.878967 166.817200 88.184616
v -112.566162 178.391388 105.077316
v -98.006897 167.065979 91.489975
v -110.243286 177.573883 107.963448
v -95.632080 164.274780 95.739243
v -109.876465 174.266998 111.896797
v -95.572998 160.385284 98.662888
v -110.200378 172.548004 112.734940
v -115.467468 165.757599 111.012466
v -103.656372 151.276276 96.754745
v -97.933777 154.023804 99.502060
v -112.378357 167.748383 113.981758
v -120.774597 203.969788 142.810989
v -119.215698 205.328705 144.266434
v -122.761169 209.621399 142.834671
v -122.766052 208.302002 141.375809
v -133.989502 206.683685 142.754959
v -133.655701 204.732697 141.185730
v -132.011658 200.337799 142.370911
v -133.971680 202.988892 139.527481
v -133.471375 198.522797 141.909302
v -134.497253 196.195099 139.599380
v -131.463806 193.158600 135.529678
v -130.990479 183.130188 138.127701
v -133.714783 185.312286 142.265991
v -131.042603 198.814789 132.425308
v -133.434387 201.272980 137.546631
v -128.253479 191.297791 133.222488
v -128.413452 197.813477 130.889099
v -128.004395 182.040894 134.928650
v -120.748352 180.742004 127.775894
v -120.118408 171.027405 129.826859
v -126.446106 173.066681 134.659866
v -124.106201 169.352081 125.786621
v -128.664062 170.761780 133.179581
v -116.712585 171.044403 122.168472
v -121.326111 169.160400 120.300644
v -114.957153 178.565277 119.663712
v -115.920166 170.797791 119.426651
v -120.031311 169.150177 117.636612
v -130.552307 175.201385 138.722290
v -131.634888 171.888702 137.791092
v -131.512085 176.868103 142.795471
v -131.811096 173.271881 142.492813
v -114.839661 169.846191 116.638992
v -117.512512 167.865295 114.323792
v -111.938477 174.424805 115.266129
v -113.925598 176.711578 118.235878
v -113.604370 177.919891 117.426437
v -111.586853 176.076599 114.504562
v -112.603210 185.413177 115.971909
v -112.641479 183.269775 114.166580
v -111.340393 180.149384 110.876877
v -113.909058 187.956482 122.661598
v -113.209595 189.973694 118.994148
v -115.371399 193.402679 125.348572
v -113.962708 195.612396 121.798233
v -116.875366 196.877594 127.609634
v -115.429565 199.259094 123.654160
v -121.536011 196.851898 130.604309
v -118.501709 187.500397 126.744339
v -119.500000 200.365692 131.461258
v -116.869812 198.916779 128.328323
v -115.575195 200.732086 124.647110
v -124.941956 201.640778 127.319031
v -123.792175 202.939301 127.890762
v -129.793701 199.639984 128.971680
v -132.643555 199.851196 130.824951
v -135.309265 203.192780 136.829788
v -135.625793 204.893677 140.174500
v -122.891296 209.097290 143.646011
v -120.032288 205.491882 145.550552
v -132.163452 202.560303 147.297928
v -133.649353 206.596405 145.187637
v -140.179688 184.003296 131.149063
v -138.345154 195.714783 128.546951
v -140.450500 198.991882 137.768311
v -141.147461 186.380890 140.947281
v -135.157288 199.500488 127.785599
v -138.174866 202.802277 136.323120
v -132.639893 197.564575 123.701691
v -125.764404 199.474579 122.636177
v -122.640808 203.610077 124.930923
v -122.035461 200.915283 121.189194
v -119.984009 203.573700 123.013641
v -135.385071 193.099396 124.495560
v -136.787903 182.449982 126.349197
v -128.402710 193.139801 118.549606
v -130.783386 188.974396 119.285324
v -132.296387 180.519196 120.974709
v -137.693787 174.679596 133.608582
v -138.246277 176.385803 142.231461
v -134.743164 173.423004 128.498611
v -130.339172 172.186676 122.473434
v -134.255981 171.437775 135.726883
v -134.494263 172.839478 142.426651
v -131.688782 170.108795 130.701920
v -128.135559 169.520599 123.438034
v -125.803406 170.241577 118.031143
v -123.192993 170.275177 114.307632
v -121.145691 167.865692 111.994400
v -121.010010 173.173981 109.423294
v -123.581604 175.639404 112.379929
v -127.953796 178.181091 116.686348
v -121.288391 181.652802 110.887924
v -118.959900 177.997498 107.303169
v -115.298889 184.691193 110.706253
v -113.918884 181.508881 107.945389
v -115.798767 187.223389 112.708717
v -123.683655 186.200592 113.767075
v -116.526794 192.233490 115.413254
v -122.590271 192.350983 115.328987
v -122.761169 195.844604 117.803047
v -117.401306 196.685181 118.345779
v -118.483093 200.576080 121.252640
v -117.361511 202.542480 123.164963
v -117.137695 190.783783 144.117249
v -115.101379 191.064575 145.949112
v -131.949463 186.936798 144.144058
v -129.672607 188.324097 143.458740
v -115.888062 190.935883 147.146133
v -129.089294 188.903687 149.133240
v -136.946411 187.995300 148.499588
v -138.344666 200.990295 144.653397
v -130.609497 177.551086 141.965820
v -119.012268 179.083679 142.654312
v -130.486877 177.224304 143.032242
v -116.921753 178.940277 144.272598
v -121.448364 173.985992 142.564468
v -132.000793 173.088989 142.552811
v -131.182678 173.156189 142.879150
v -117.304565 178.941101 146.122818
v -121.499512 173.967102 143.715958
v -132.140259 173.386078 144.864090
v -130.430359 177.911194 147.927322
v -135.327454 177.337494 147.402237
v -133.267761 173.134583 144.563858
v -116.128052 215.186401 136.182800
v -113.640991 215.712799 135.717667
v -113.137207 213.868896 136.514481
v -114.211975 213.664490 137.187332
v -114.197083 208.982483 134.729263
v -116.638977 208.579285 136.715149
v -119.545593 211.331299 135.105972
v -113.161194 215.915283 134.640991
v -112.246582 215.215302 135.140991
v -113.513977 210.349304 133.011429
v -114.072571 208.310394 131.325211
v -114.675964 206.994904 133.365479
v -115.157593 205.533203 132.571243
v -114.576355 206.901093 130.201248
v -117.440552 206.414001 135.229141
v -117.921082 205.129700 134.208801
v -120.290771 209.069092 133.516739
v -120.640686 207.675690 132.486771
v -118.572998 203.443787 133.195999
v -121.466187 206.323303 131.306030
v -114.934082 205.031494 128.626297
v -115.696289 203.733185 131.292679
v -115.354004 216.105804 134.922867
v -118.879883 212.657593 132.623230
v -114.296082 216.387604 134.048660
v -117.062561 212.804291 131.157120
v -115.115173 211.671387 131.891434
v -117.784302 210.862000 129.729568
v -115.472412 209.938995 130.017410
v -118.154297 209.565002 128.715714
v -115.794495 208.574280 128.803101
v -120.055969 209.488281 129.858780
v -119.571960 210.794189 130.980423
v -120.711365 207.883087 128.566910
v -118.695068 207.777283 127.006592
v -116.320007 206.733795 127.198929
v -137.721069 204.850494 141.989517
v -57.834412 -0.006226 47.294209
v -34.268677 -0.006226 57.630737
v -19.071106 -0.006226 64.605858
v 3.221741 148.196289 60.632156
v 3.221741 160.118683 67.051895
v -11.130859 160.278900 66.420296
v -11.585266 148.420197 59.976177
v -27.476807 149.441986 57.943577
v -25.671509 160.966400 64.504715
v -40.623657 -0.030396 -70.722427
v 3.224243 -0.042603 -79.428207
v 4.931519 206.009888 -9.334614
v 3.266235 193.515503 -16.848110
v -19.803955 190.137085 -13.056515
v -18.042603 202.126190 -4.575512
v -93.349854 0.099487 13.395885
v -76.906372 0.000000 -45.513615
v -9.664978 195.558685 69.581436
v 3.221741 193.413788 68.677887
v 3.221741 204.196899 61.860008
v -11.057800 208.570892 64.245567
v -31.086853 216.056885 62.781799
v -12.329956 216.971191 58.367470
v -30.212708 222.422180 53.851917
v -79.871765 -0.006226 34.438938
v -42.952087 154.577301 51.704788
v -40.797607 165.025696 58.699558
v -26.244202 226.159698 43.588459
v -6.854065 225.737579 49.630127
v -20.643677 222.039490 19.474674
v -21.138367 226.778076 33.478767
v 3.221741 229.867798 39.917969
v 2.647827 228.611481 20.426914
v -48.223389 174.918976 30.526745
v -35.946289 189.117981 9.345699
v -46.905457 173.850891 24.042820
v -53.789490 174.653076 38.721409
v -37.524902 188.536987 66.748245
v -25.139893 187.880890 71.469208
v -9.907776 184.386475 70.660606
v 3.221741 183.390594 70.578537
v -26.485413 203.324493 72.445221
v -51.080994 207.398376 61.968349
v -46.003357 222.998291 47.975887
v -48.888062 217.580383 56.507759
v -43.355591 222.411682 37.191620
v -38.851501 192.429993 17.216610
v -40.493958 205.541504 21.759136
v -41.235291 216.321777 27.586025
v -53.633057 182.456390 57.297688
v -65.180908 203.723785 31.935925
v -62.539856 200.224701 25.370945
v -58.750000 194.122375 21.705959
v -65.237610 202.622192 42.456898
v -56.005859 178.984283 57.965279
v -61.828064 197.635101 52.628288
v -49.417175 164.805878 38.327068
v -53.008362 168.153198 45.653698
v -49.622070 171.638489 32.387264
v -52.114807 168.925995 27.516834
v -53.303955 184.220978 22.340755
v -92.390259 0.074707 -17.484310
v -50.609680 172.874878 48.471077
v -54.255310 194.085602 62.225800
v -60.867310 187.841187 58.039558
v -38.701172 176.737793 63.526798
v -24.628906 173.465698 68.553879
v -10.649170 173.071686 70.063599
v 3.221741 172.973389 70.586296
v -134.759277 173.687592 109.582588
v -138.563293 157.047089 110.942841
v -138.400757 140.912994 114.496262
v -126.160767 187.284302 111.657089
v -102.280579 169.241394 129.383072
v -105.909912 187.167480 123.433731
v -116.131104 192.593597 116.339027
v -106.951111 149.779083 130.845337
v -113.606079 131.295990 130.946259
v -121.566956 120.601196 128.619614
v -131.922058 125.903076 121.473953
v -74.009460 175.642578 56.451588
v -69.310486 161.681000 64.905075
v -69.186096 147.538300 60.762959
v -70.262085 134.551178 53.478569
v -73.251709 128.241577 43.609879
v -80.049072 136.843475 30.036015
v -86.503601 149.820984 17.732731
v -89.112366 161.225403 14.547031
v -89.438904 172.244598 16.986195
v -86.123657 179.458282 26.926205
v -80.984375 181.120575 40.035408
v -69.725159 180.742493 53.484238
v -64.354187 166.768097 60.314129
v -61.609009 155.743195 56.506329
v -61.850159 142.959290 48.652199
v -65.088196 138.086700 38.909180
v -71.721497 147.348999 25.544315
v -78.039368 159.618378 14.780758
v -80.940552 170.017975 12.518490
v -82.001587 179.824677 15.577358
v -79.996765 185.946289 25.888386
v -75.973206 186.703491 38.651077
v -94.495056 146.692383 29.931828
v -96.876160 158.737976 26.539104
v -96.678101 170.565704 28.409328
v -92.541809 178.670990 37.339798
v -86.603210 180.918396 49.555439
v -78.945862 175.688782 65.241257
v -74.338257 161.473999 73.622917
v -74.985962 146.418793 69.868027
v -76.925598 132.684875 63.595169
v -80.523865 125.528900 54.639839
v -87.835571 133.541199 41.828629
v 3.221741 137.535187 46.248737
v -12.447754 138.585602 45.127369
v -28.224365 141.066803 42.386578
v -40.570312 146.292694 36.565357
v -47.634705 155.653290 25.940891
v -47.091553 167.711090 12.219837
v -38.677063 178.505402 -0.013210
v 3.221741 142.110291 49.102859
v -11.919312 142.909088 48.191429
v -27.419067 144.965881 45.748119
v -39.942810 149.975983 40.071266
v -47.151794 158.797180 29.588131
v -46.809204 170.415375 15.604778
v -38.555176 180.906891 3.039845
v -41.493774 182.657196 3.500988
v -49.726196 171.451477 17.578426
v -49.972656 159.414703 32.537685
v -41.874878 150.084381 44.006229
v -27.948303 144.906586 49.908176
v -11.942871 143.264984 52.031948
v 3.221741 142.742096 52.735168
v -21.552185 194.852478 -10.691509
v 3.265930 198.439178 -14.894314
v -19.773010 192.502777 -10.402912
v 3.269897 195.841675 -14.293514
v 3.225037 144.441101 -50.765110
v -26.458252 141.831299 -45.232517
v -50.645203 134.201691 -29.079113
v -61.297302 125.152496 -9.686909
v -61.728394 115.152496 11.777561
v -52.631470 107.748688 27.560871
v -37.133301 103.681000 36.133537
v -18.539307 101.179779 41.394718
v -4.279297 99.761780 44.342178
v -12.131958 49.789276 52.255859
v -26.478760 50.529602 47.202869
v -47.800964 51.977875 39.243340
v -66.708252 54.223602 28.277706
v -78.030762 58.329285 9.170528
v -77.337585 63.927795 -17.860409
v -64.133057 69.014587 -42.306614
v -33.744995 72.835083 -62.726505
v 3.215820 74.238678 -69.916611
v 64.277893 -0.006226 47.294209
v 40.712097 -0.006226 57.630737
v 25.514587 -0.006226 64.605858
v 17.574402 160.278900 66.420296
v 18.028748 148.420197 59.976177
v 33.978943 149.518585 57.982578
v 32.114929 160.966400 64.504715
v 47.084290 -0.032837 -70.635818
v 26.427429 189.643188 -12.507610
v 28.034546 201.755096 -5.786213
v 99.793335 0.099487 13.395885
v 83.349792 0.000000 -45.513615
v 16.108398 195.558685 69.581436
v 17.501221 208.570892 64.245567
v 36.464600 212.867279 66.147881
v 18.773438 216.971191 58.367470
v 37.688904 220.847687 58.958168
v 86.315308 -0.006226 34.438938
v 47.446899 156.022705 50.127876
v 45.781494 166.146179 56.821289
v 34.693909 226.130005 49.725048
v 13.297607 225.737579 49.630127
v 26.889893 225.976105 23.015308
v 29.236328 228.304901 39.486149
v 51.638123 169.570984 31.283527
v 48.419800 186.879395 8.682964
v 57.633301 175.642578 23.877956
v 54.463806 171.826385 46.007988
v 43.968445 188.536987 66.748245
v 31.583313 187.880890 71.469208
v 16.351196 184.386475 70.660606
v 32.928894 203.324493 72.445221
v 55.216248 209.194275 60.700829
v 54.838501 219.458984 42.027149
v 54.004700 216.405701 52.842747
v 54.082825 215.818390 32.668598
v 45.680603 179.773285 17.438488
v 48.334900 196.595001 20.328266
v 51.736023 208.170990 25.110111
v 54.238342 183.765076 62.382019
v 71.155090 202.098297 37.741909
v 69.064209 197.471191 30.582066
v 65.273193 190.454376 26.712872
v 70.270203 202.485504 48.891430
v 54.783508 177.123077 66.270416
v 66.669312 198.339478 59.191227
v 55.860596 164.805878 38.327068
v 52.142334 169.984802 56.796097
v 51.039429 165.845490 45.163979
v 54.443298 171.122375 32.745365
v 59.182739 180.361176 27.851200
v 98.833740 0.074707 -17.484310
v 55.033997 172.084503 45.640179
v 55.895691 196.098877 64.627548
v 60.785095 190.173096 66.818207
v 45.309143 176.676697 63.403660
v 31.112488 173.431305 68.535172
v 17.092590 173.071686 70.063599
v 87.535828 126.058777 153.516510
v 84.890747 116.687103 151.536530
v 78.349792 109.843384 150.407379
v 84.028198 136.913391 156.261337
v 52.243225 143.061188 159.863739
v 63.071533 148.656677 160.410278
v 75.769043 145.037689 158.702911
v 49.378113 131.971497 157.502518
v 48.948914 120.147278 154.804657
v 52.944519 110.911682 152.399719
v 65.731140 107.161285 150.655930
v 68.782532 174.009583 75.524796
v 57.840698 165.086700 80.656837
v 54.695801 153.594177 78.526207
v 54.629639 141.446198 73.922989
v 60.356689 134.260193 66.743980
v 72.112305 135.370178 57.592628
v 84.240112 141.588776 50.298759
v 90.299011 149.726379 48.494396
v 92.805237 159.372589 50.279858
v 89.226135 168.463287 56.954487
v 81.200195 173.574493 65.511620
v 66.605347 180.438080 68.878998
v 56.924927 169.879395 72.257500
v 53.634888 160.600494 68.189461
v 53.483032 151.140778 61.420670
v 59.913025 147.928894 52.143238
v 69.433289 151.018280 43.013588
v 79.731018 158.459076 36.637459
v 84.945496 166.291290 36.263840
v 87.209412 174.473175 39.875027
v 84.325745 180.897888 48.677589
v 77.324829 182.829193 58.656536
v 85.087402 129.638885 69.308846
v 91.766602 137.871887 66.682045
v 94.536743 148.372345 66.682724
v 90.709412 159.256104 70.587799
v 82.306030 166.769989 76.641846
v 68.984131 169.552094 84.835136
v 57.731995 161.979187 90.228966
v 54.971924 148.320892 89.736725
v 54.711609 134.276276 87.728027
v 58.982300 124.462189 83.728996
v 71.975647 124.374084 76.141785
v 18.891296 138.585602 45.127369
v 34.667847 141.066803 42.386578
v 47.013794 146.292694 36.565357
v 54.078003 155.653290 25.940891
v 53.535034 167.711090 12.219837
v 45.120544 178.505402 -0.013210
v 18.362732 142.909088 48.191429
v 33.862488 144.965881 45.748119
v 46.386292 149.975983 40.071266
v 53.595215 158.797180 29.588131
v 53.252747 170.415375 15.604778
v 44.998596 180.906891 3.039845
v 47.937195 182.657196 3.501011
v 56.169739 171.451477 17.578442
v 56.416199 159.414703 32.537685
v 48.318298 150.084381 44.006229
v 34.391846 144.906586 49.908176
v 18.386292 143.264984 52.031948
v 28.178833 194.336395 -10.134411
v 26.403992 191.996887 -9.846615
v 32.921631 141.786499 -45.148518
v 57.088745 134.201691 -29.079113
v 67.740723 125.152496 -9.686909
v 68.171936 115.152496 11.777561
v 59.075012 107.748688 27.560871
v 43.576843 103.681000 36.133537
v 24.982788 101.179779 41.394718
v 10.722839 99.761780 44.342178
v 18.575500 49.789276 52.255859
v 32.922241 50.529602 47.202869
v 54.244507 51.977875 39.243340
v 73.151794 54.223602 28.277706
v 84.474243 58.329285 9.170528
v 83.781006 63.927795 -17.860409
v 70.576599 69.014587 -42.306614
v 40.175110 72.885101 -62.756016
v 24.808044 214.012299 5.273022
v 3.013000 215.888885 4.059971
v -18.029663 209.765503 7.826900
v -105.032654 413.296082 118.706619
v -102.004761 411.647797 119.698868
v -97.388672 434.272278 116.042145
v -100.831482 434.092224 115.049896
v -108.060669 414.944275 120.576050
v -104.274292 433.912201 116.919327
v -109.314758 415.627075 124.208008
v -105.700256 433.837646 120.551285
v -108.060669 414.944275 127.470978
v -104.274292 433.912201 123.814255
v -105.032654 413.296082 128.457550
v -100.831482 434.092224 124.800842
v -102.004761 411.647797 126.593796
v -97.388672 434.272278 122.937073
v -100.750549 410.965088 122.967514
v -95.962646 434.346802 119.310791
v -107.845764 458.980316 118.956192
v -110.914490 457.409119 117.963943
v -113.983093 455.837921 119.833374
v -115.254150 455.187134 123.465332
v -113.983093 455.837921 126.728302
v -110.914490 457.409119 127.714874
v -107.845764 458.980316 125.851120
v -106.574646 459.631104 122.224823
v -120.258667 477.008759 128.686874
v -122.716064 474.590790 127.694611
v -125.173401 472.172821 129.564056
v -126.191284 471.171295 133.196014
v -125.173401 472.172821 136.458984
v -122.716064 474.590790 137.445557
v -120.258667 477.008759 135.581802
v -119.240784 478.010315 131.955505
v -140.556091 487.463104 138.128082
v -141.459656 484.136169 137.135818
v -142.363281 480.809235 139.005249
v -142.737671 479.431183 142.637222
v -142.363281 480.809235 145.900192
v -141.459656 484.136169 146.886749
v -140.556091 487.463104 145.023010
v -140.181763 488.841187 141.396713
v -167.619995 478.701843 145.909821
v -166.451294 475.458557 144.917572
v -165.282471 472.215240 146.787003
v -164.798401 470.871796 150.418961
v -165.282471 472.215240 153.681931
v -166.451294 475.458557 154.668503
v -167.619995 478.701843 152.804749
v -168.104065 480.045319 149.178452
v -187.629395 472.814636 145.460693
v -187.971680 469.384216 144.468430
v -188.314087 465.953796 146.337860
v -188.455872 464.532837 149.969833
v -188.314087 465.953796 153.232803
v -187.971680 469.384216 154.219360
v -187.629395 472.814636 152.355621
v -187.487549 474.235596 148.729309
v -205.887451 475.805847 142.031372
v -207.930298 473.028809 141.039108
v -209.972961 470.251770 142.908539
v -210.819275 469.101532 146.540512
v -209.972961 470.251770 149.803482
v -207.930298 473.028809 150.790039
v -205.887451 475.805847 148.926300
v -205.041260 476.956146 145.300003
v -225.614990 497.714661 138.582733
v -227.020996 496.458374 138.040039
v -228.427002 495.202057 139.062469
v -229.009399 494.681732 141.048874
v -228.427002 495.202057 142.833481
v -227.020996 496.458374 143.373062
v -225.614990 497.714661 142.353729
v -225.032593 498.235046 140.370422
v -117.384460 -1.898987 131.367981
v -122.159851 -1.898987 129.389954
v -126.935303 -1.898987 131.367981
v -128.913391 -1.898987 136.143372
v -126.935303 -1.898987 140.918762
v -122.159851 -1.898987 142.896790
v -117.384460 -1.898987 140.918762
v -115.406494 -1.898987 136.143372
v -122.846558 259.301697 136.587357
v -127.621948 259.301697 134.835861
v -132.397400 259.301697 137.040451
v -134.375366 259.301697 141.909698
v -132.397400 259.301697 146.591248
v -127.621948 259.301697 148.342728
v -122.846558 259.301697 146.138138
v -120.868591 259.301697 141.268890
v -129.807556 85.578888 150.216003
v -134.582947 85.578888 148.237961
v -136.560974 85.578888 143.462570
v -134.582947 85.578888 138.687180
v -129.807556 85.578888 136.709152
v -125.032166 85.578888 138.687180
v -123.054077 85.578888 143.462570
v -125.032166 85.578888 148.237961
v -115.627686 41.839996 139.802979
v -117.605652 41.839996 144.578369
v -122.381104 41.839996 146.556396
v -127.156494 41.839996 144.578369
v -129.134460 41.839996 139.802979
v -127.156494 41.839996 135.027588
v -122.381104 41.839996 133.049545
v -117.605652 41.839996 135.027588
v -116.152100 63.709503 146.408173
v -120.927490 63.709503 148.386200
v -125.702759 63.709503 146.408173
v -127.680847 63.709503 141.632782
v -125.702759 63.709503 136.857391
v -120.927490 63.709503 134.879349
v -116.152100 63.709503 136.857391
v -114.173950 63.709503 141.632782
v -125.407593 19.970490 144.726608
v -130.182861 19.970490 142.748566
v -132.160889 19.970490 137.973175
v -130.182861 19.970490 133.197784
v -125.407593 19.970490 131.219742
v -120.632202 19.970490 133.197784
v -118.654053 19.970490 137.973175
v -120.632202 19.970490 142.748566
v -117.376770 205.149384 141.366440
v -122.152161 205.149384 143.364700
v -126.927490 205.149384 141.406891
v -128.905457 205.149384 136.639893
v -126.927490 205.149384 131.856125
v -122.152161 205.149384 129.857849
v -117.376770 205.149384 131.815659
v -115.398682 205.149384 136.582672
v -131.267090 291.656097 139.155090
v -126.970947 291.656097 140.619873
v -135.563049 291.656097 141.249313
v -137.342590 291.656097 145.675735
v -135.563049 291.656097 149.841431
v -131.267090 291.656097 151.306229
v -126.970947 291.656097 149.212006
v -125.191589 291.656097 144.785583
v -129.879150 311.787689 139.709259
v -125.583069 311.787689 141.085541
v -134.175171 311.787689 141.891968
v -135.954651 311.787689 146.355042
v -134.175171 311.787689 150.484100
v -129.879150 311.787689 151.860382
v -125.583069 311.787689 149.677673
v -123.803589 311.787689 145.214584
v -133.731995 337.911011 137.343872
v -129.739868 339.498169 138.721146
v -137.723999 336.323669 139.539658
v -139.377686 335.666290 144.012283
v -137.723999 336.323669 148.131790
v -133.731995 337.911011 149.494980
v -129.739868 339.498169 147.313278
v -128.086060 340.155579 142.854736
v -141.264160 355.290405 131.467422
v -136.566101 354.336884 132.999817
v -145.962402 356.243774 133.921631
v -147.909058 356.639282 138.914383
v -145.962402 356.243774 143.510696
v -141.264160 355.290405 145.028458
v -136.566101 354.336884 142.588898
v -134.619263 353.941406 137.610764
v -129.453552 384.088074 125.840698
v -126.510376 382.486267 126.853241
v -132.396851 385.690002 127.618683
v -133.615662 386.353699 131.135269
v -132.396851 385.690002 134.320236
v -129.453552 384.088074 135.318161
v -126.510376 382.486267 133.554794
v -125.291504 381.822571 130.052795
v -131.076050 115.207489 149.974670
v -135.851501 115.207489 147.996643
v -137.829590 115.207489 143.221252
v -135.851501 115.207489 138.445862
v -131.076050 115.207489 136.467819
v -126.300781 115.207489 138.445862
v -124.322693 115.207489 143.221252
v -126.300781 115.207489 147.996643
v -129.784790 148.994690 147.140991
v -134.560181 148.994690 145.162949
v -136.538147 148.994690 140.387573
v -134.560181 148.994690 135.612167
v -129.784790 148.994690 133.634140
v -125.009399 148.994690 135.612167
v -123.031250 148.994690 140.387573
v -125.009399 148.994690 145.162949
v -126.995483 182.251099 144.351822
v -131.770874 182.251099 142.373779
v -133.748901 182.251099 137.598389
v -131.770874 182.251099 132.822998
v -126.995483 182.251099 130.844971
v -122.220093 182.251099 132.822998
v -120.242065 182.251099 137.598389
v -122.220093 182.251099 142.373779
v -186.629272 396.166687 127.171494
v -155.195679 396.166687 127.171494
v -186.629272 396.166687 158.605133
v -155.195679 396.166687 158.605118
v -185.930786 430.929688 158.605133
v -155.894165 430.929688 158.605133
v -185.930786 430.929688 127.171494
v -155.894165 430.929688 127.171509
v -192.130188 411.513977 164.106003
v -150.637939 432.884827 142.888321
v -170.912476 450.067627 136.777359
v -191.187073 432.884827 142.888321
v -149.694885 411.513977 121.670624
v -192.130188 411.513977 121.670624
v -170.912476 390.498596 121.670624
v -149.694885 390.794006 142.888321
v -170.912476 390.498596 164.106003
v -192.130188 390.794006 142.888321
v -149.694885 411.513977 164.106003
v -170.912476 450.067627 148.999268
v -170.912476 383.721375 142.888321
v -170.912476 412.142395 171.178574
v -170.912476 457.140076 142.888306
v -170.912476 412.142395 114.598053
v -142.622253 412.011688 142.888321
v -199.202759 412.011688 142.888321
v 3.221741 211.365875 96.081345
v 3.221741 224.071594 102.690811
v 3.221741 243.451385 144.217560
v 3.221741 267.013580 105.264542
v 3.221741 297.460388 88.215164
v 3.221741 302.822540 61.069328
v 3.221741 208.078506 61.069328
v 3.221741 227.461578 120.283958
v 3.221741 289.449585 95.817444
v 3.221741 256.389801 114.877884
v 3.221741 279.548553 101.081345
v 3.221741 235.273193 147.281143
v 3.221741 207.778503 82.703995
v 3.221741 302.187500 74.999847
v 3.221741 210.259567 45.982155
v 3.221741 300.613953 46.016621
v 3.221741 217.998718 26.682117
v 3.221741 296.175171 31.112070
v 3.221741 277.369507 16.197186
v 3.221741 286.190002 20.108398
v 3.221741 225.987579 18.809261
v 3.221741 236.050812 14.887379
v 3.221741 244.336517 13.327599
v 3.221741 251.221069 12.154007
v 3.221741 256.761169 11.857182
v 3.221741 263.360107 12.401314
v 3.221741 271.167053 14.229218
v -56.137207 222.608398 78.579636
v -48.601807 289.326599 79.754410
v -58.677368 256.840088 88.759872
v -59.730896 275.014099 61.069328
v -65.623169 256.892792 61.069328
v -53.487061 276.468506 87.215286
v -49.966858 290.838074 61.069328
v -58.620789 222.965485 61.069328
v -55.988708 266.088287 86.738495
v -63.276794 266.162689 61.069328
v -30.273071 215.174805 92.860291
v -30.225281 253.679504 102.997726
v -28.154297 265.685944 94.894501
v -26.134888 295.038086 88.725830
v -8.969177 296.882568 87.883301
v -24.337097 300.631104 61.069328
v -31.293396 211.519379 61.069328
v -15.195007 212.643585 95.077728
v -13.445312 248.738403 102.260498
v -10.924500 265.583008 98.671539
v -9.460754 302.321411 61.069328
v -13.128906 208.896393 61.069328
v -66.673096 249.658478 61.069328
v -60.131958 249.028992 89.515511
v -8.955383 230.655884 111.658600
v -2.157104 244.003601 141.323730
v -4.763000 228.841003 118.879364
v -4.420471 225.239685 102.669167
v -6.503052 211.723175 95.800751
v -1.618103 267.006592 103.987343
v -48.573364 216.966492 61.069328
v -46.790161 218.683502 86.524170
v -48.736694 246.857483 100.827927
v -49.875732 256.278534 96.177505
v -49.102051 265.042145 92.419678
v -44.066345 276.655334 95.180527
v -37.447571 292.840393 86.686310
v -38.618103 296.882812 61.069328
v -55.220459 282.758392 61.069328
v -49.891968 284.274902 85.226028
v -40.504623 285.185455 94.070702
v -26.651367 288.705383 96.997803
v -13.697205 288.811584 97.718208
v -0.030457 289.381409 95.595566
v -12.233093 254.504517 98.903549
v -2.044067 256.557983 113.131538
v -27.111782 277.655457 99.241241
v -11.096738 278.723999 100.321785
v -0.542969 279.507629 100.279724
v -31.386353 245.731689 106.443481
v -17.150757 231.419678 102.554657
v -32.401306 237.458282 106.855164
v -8.204163 245.481201 120.192261
v -7.099304 257.075195 105.451645
v -6.346375 265.481537 101.998734
v -4.653809 278.572052 100.798721
v -3.885559 289.145569 94.828018
v -48.886169 238.362976 100.240814
v -60.807983 240.649384 88.514748
v -66.486755 241.441895 61.069328
v -32.820801 225.865295 102.436707
v -47.605774 227.673798 95.711349
v -60.000793 231.969879 84.692719
v -64.566956 233.365875 61.069328
v -15.191589 240.464600 103.872238
v -9.057556 237.424500 126.110138
v -2.552856 236.228180 144.441620
v -12.848694 208.839386 82.057755
v -31.199097 211.244598 79.003784
v -48.143066 215.999603 73.250610
v -58.219177 222.907684 68.569077
v -63.516968 233.044891 72.188309
v -64.936890 241.225586 75.612198
v -64.740601 249.472504 77.026817
v -63.477478 256.876495 77.134117
v -61.193359 266.366791 76.763062
v -57.921997 275.435486 75.604294
v -53.812561 283.159088 73.656319
v -49.575256 291.313477 71.155678
v -39.317261 296.463379 74.259560
v -24.677795 300.065308 75.337814
v -9.318604 301.717987 75.074615
v -12.420410 211.052582 45.942177
v -29.706360 213.583191 45.814598
v -46.151184 218.780090 45.665089
v -55.696472 224.482697 45.581089
v -61.147888 234.327789 45.561478
v -62.821594 242.026398 45.562767
v -62.913696 249.861481 45.579659
v -61.893311 256.813995 45.603298
v -59.714661 265.720703 45.629158
v -56.432678 274.250610 45.652519
v -52.277710 281.637512 45.674397
v -47.520874 289.137390 45.675209
v -37.078064 294.657410 45.772648
v -23.303955 298.366272 45.897697
v -8.962280 300.101685 45.989517
v -10.342590 218.422485 27.202839
v -24.764709 219.722900 28.800755
v -39.329468 222.761078 31.998600
v -47.451172 229.024384 29.087559
v -51.910461 236.215790 28.046101
v -53.199768 243.923798 27.194485
v -53.174988 250.603394 26.929516
v -52.249207 256.569092 27.258816
v -50.418762 264.190582 28.083195
v -47.699463 271.536194 29.168812
v -44.273071 277.823669 30.011776
v -40.504211 285.526489 31.709240
v -34.330811 291.854492 34.758320
v -22.611755 294.714478 32.686909
v -10.925903 295.742981 31.578045
v -35.509766 236.684784 19.377445
v -36.399658 244.558594 18.213047
v -36.389465 251.011993 17.591465
v -35.721008 256.491577 17.790066
v -34.489563 263.375275 18.537128
v -32.602112 270.665405 20.116886
v -30.284912 276.653290 21.623249
v -27.409485 284.767090 24.396999
v -15.555298 236.206177 15.987705
v -15.942200 244.390686 14.519344
v -15.940796 251.170197 13.476955
v -15.615662 256.695801 13.295498
v -15.083862 263.363800 13.892620
v -14.189209 271.044983 15.661961
v -13.110657 277.194397 17.523762
v -11.339966 285.853210 21.123501
v -32.455261 228.970703 21.971035
v -14.087769 226.718781 19.584248
v -16.264160 220.215302 100.658676
v -6.246155 217.925476 100.067413
v 3.221741 217.232483 100.470566
v -40.290588 265.253235 94.052032
v -28.542236 258.582886 95.533241
v -16.252808 264.873505 95.067162
v -27.735811 271.901093 95.982361
v -38.213318 272.166351 95.519424
v -40.037231 259.083160 95.780495
v -18.225586 259.175262 95.757210
v -17.342468 271.555420 95.942673
v 62.580688 222.608398 78.579636
v 55.045288 289.326599 79.754410
v 65.120850 256.840088 88.759872
v 66.174377 275.014099 61.069328
v 72.066650 256.892792 61.069328
v 59.930542 276.468506 87.215286
v 56.410339 290.838074 61.069328
v 65.064270 222.965485 61.069328
v 62.432190 266.088287 86.738495
v 69.720276 266.162689 61.069328
v 36.716553 215.174805 92.860291
v 36.668762 253.679504 102.997726
v 34.597778 265.685944 94.894501
v 32.578369 295.038086 88.725830
v 15.412659 296.882568 87.883301
v 30.780579 300.631104 61.069328
v 37.736877 211.519379 61.069328
v 21.638489 212.643585 95.077728
v 19.888794 248.738403 102.260498
v 17.367981 265.583008 98.671539
v 15.904236 302.321411 61.069328
v 19.572388 208.896393 61.069328
v 73.116577 249.658478 61.069328
v 66.575439 249.028992 89.515511
v 15.398865 230.655884 111.658600
v 8.600586 244.003601 141.323730
v 11.206482 228.841003 118.879364
v 10.863953 225.239685 102.669167
v 12.946533 211.723175 95.800751
v 8.061584 267.006592 103.987343
v 55.016846 216.966492 61.069328
v 53.233643 218.683502 86.524170
v 55.180176 246.857483 100.827927
v 56.319214 256.278534 96.177505
v 55.545532 265.042145 92.419678
v 50.509827 276.655334 95.180527
v 43.891052 292.840393 86.686310
v 45.061584 296.882812 61.069328
v 61.663940 282.758392 61.069328
v 56.335449 284.274902 85.226028
v 48.253662 285.907166 93.537544
v 33.094849 288.705383 96.997803
v 20.140686 288.811584 97.718208
v 6.473938 289.381409 95.595566
v 18.676575 254.504517 98.903549
v 8.487549 256.557983 113.131538
v 36.090759 277.845215 98.974998
v 20.354248 276.667419 100.627426
v 6.986450 279.507629 100.279724
v 37.829834 245.731689 106.443481
v 23.594238 231.419678 102.554657
v 38.844788 237.458282 106.855164
v 14.647644 245.481201 120.192261
v 13.542786 257.075195 105.451645
v 12.789856 265.481537 101.998734
v 11.097290 278.572052 100.798721
v 10.329041 289.145569 94.828018
v 55.329651 238.362976 100.240814
v 67.251465 240.649384 88.514748
v 72.930237 241.441895 61.069328
v 39.264282 225.865295 102.436707
v 54.049255 227.673798 95.711349
v 66.444275 231.969879 84.692719
v 71.010437 233.365875 61.069328
v 21.635071 240.464600 103.872238
v 15.501038 237.424500 126.110138
v 8.996338 236.228180 144.441620
v 19.292175 208.839386 82.057755
v 37.642578 211.244598 79.003784
v 54.586548 215.999603 73.250610
v 64.662659 222.907684 68.569077
v 69.960449 233.044891 72.188309
v 71.380371 241.225586 75.612198
v 71.184082 249.472504 77.026817
v 69.920959 256.876495 77.134117
v 67.636841 266.366791 76.763062
v 64.365479 275.435486 75.604294
v 60.256042 283.159088 73.656319
v 56.018738 291.313477 71.155678
v 45.760742 296.463379 74.259560
v 31.121277 300.065308 75.337814
v 15.762085 301.717987 75.074615
v 18.863892 211.052582 45.942177
v 36.149841 213.583191 45.814598
v 52.594666 218.780090 45.665089
v 62.139954 224.482697 45.581089
v 67.591370 234.327789 45.561478
v 69.265076 242.026398 45.562767
v 69.357178 249.861481 45.579659
v 68.336792 256.813995 45.603298
v 66.158142 265.720703 45.629158
v 62.876160 274.250610 45.652519
v 58.721191 281.637512 45.674397
v 53.964355 289.137390 45.675209
v 43.521545 294.657410 45.772648
v 29.747437 298.366272 45.897697
v 15.405762 300.101685 45.989517
v 16.786072 218.422485 27.202839
v 31.208191 219.722900 28.800755
v 45.772949 222.761078 31.998600
v 53.894653 229.024384 29.087559
v 58.353943 236.215790 28.046101
v 59.643250 243.923798 27.194485
v 59.618469 250.603394 26.929516
v 58.692688 256.569092 27.258816
v 56.862244 264.190582 28.083195
v 54.142944 271.536194 29.168812
v 50.716553 277.823669 30.011776
v 46.947693 285.526489 31.709240
v 40.774292 291.854492 34.758320
v 29.055237 294.714478 32.686909
v 17.369385 295.742981 31.578045
v 41.953247 236.684784 19.377445
v 42.843140 244.558594 18.213047
v 42.832947 251.011993 17.591465
v 42.164490 256.491577 17.790066
v 40.933044 263.375275 18.537128
v 39.045593 270.665405 20.116886
v 36.728394 276.653290 21.623249
v 33.852966 284.767090 24.396999
v 21.998779 236.206177 15.987705
v 22.385681 244.390686 14.519344
v 22.384277 251.170197 13.476955
v 22.059143 256.695801 13.295498
v 21.527344 263.363800 13.892620
v 20.632690 271.044983 15.661961
v 19.554138 277.194397 17.523762
v 17.783447 285.853210 21.123501
v 38.898743 228.970703 21.971035
v 20.531250 226.718781 19.584248
v 22.707642 220.215302 100.658676
v 12.689636 217.925476 100.067413
v 46.734070 265.253235 94.052032
v 34.985718 258.582886 95.533241
v 22.696289 264.873505 95.067162
v 35.033569 271.929504 95.985626
v 44.656799 272.166351 95.519424
v 46.480713 259.083160 95.780495
v 24.669067 259.175262 95.757210
v 23.785950 271.555420 95.942673
v -77.774605 273.465393 55.040638
v -66.541695 278.681396 66.024963
v -62.571293 252.279785 65.348061
v -57.322941 272.606689 75.039780
v -57.322819 257.941101 75.039818
v -57.322941 243.275482 75.039780
v -66.541695 237.200775 66.024963
v -76.086189 243.275482 56.691689
v -81.728096 257.941101 51.174667
v -76.840523 275.048584 48.792149
v -62.853886 251.901093 59.146599
v -64.462105 280.796509 60.896648
v -54.303226 274.102173 70.830780
v -54.303104 257.941101 70.830818
v -54.303226 241.779999 70.830780
v -64.462105 235.085785 60.896648
v -74.979927 241.779877 50.611580
v -81.197090 257.941101 44.531937
vt 0.390049 0.581584
vt 0.385309 0.575443
vt 0.398214 0.571053
vt 0.398181 0.581036
vt 0.463516 0.575566
vt 0.458721 0.582498
vt 0.450589 0.581891
vt 0.450672 0.571543
vt 0.442455 0.582384
vt 0.437746 0.575366
vt 0.411080 0.575545
vt 0.406316 0.581684
vt 0.418828 0.587288
vt 0.408371 0.589441
vt 0.440223 0.589565
vt 0.429989 0.588037
vt 0.471203 0.588319
vt 0.460736 0.589712
vt 0.387858 0.589309
vt 0.377612 0.587144
vt 0.450449 0.590080
vt 0.398087 0.590063
vt 0.493096 0.671428
vt 0.487486 0.659006
vt 0.489525 0.658838
vt 0.495208 0.668945
vt 0.491077 0.645868
vt 0.493556 0.647984
vt 0.522231 0.656278
vt 0.518645 0.669405
vt 0.516161 0.667292
vt 0.520189 0.656444
vt 0.516631 0.643860
vt 0.514515 0.646340
vt 0.503502 0.640267
vt 0.503665 0.642308
vt 0.506229 0.675011
vt 0.506060 0.672970
vt 0.493887 0.658302
vt 0.497661 0.665735
vt 0.496762 0.650442
vt 0.512952 0.664835
vt 0.515824 0.656978
vt 0.512055 0.649547
vt 0.504197 0.646672
vt 0.505521 0.668606
vt 0.504855 0.657639
vt 0.428444 0.652084
vt 0.428238 0.644100
vt 0.439245 0.644293
vt 0.439310 0.652085
vt 0.419997 0.643710
vt 0.419978 0.651497
vt 0.409111 0.651620
vt 0.409190 0.643982
vt 0.398189 0.651725
vt 0.398196 0.644157
vt 0.387260 0.651734
vt 0.387158 0.644112
vt 0.376394 0.651714
vt 0.376150 0.643884
vt 0.472087 0.644259
vt 0.472028 0.652097
vt 0.461160 0.652101
vt 0.461278 0.644359
vt 0.450237 0.652159
vt 0.450283 0.644384
vt 0.420066 0.686030
vt 0.409227 0.686090
vt 0.398365 0.686148
vt 0.387495 0.686194
vt 0.376644 0.686243
vt 0.471939 0.686607
vt 0.461101 0.686595
vt 0.450237 0.686582
vt 0.439368 0.686593
vt 0.428516 0.686604
vt 0.388377 0.708547
vt 0.388377 0.699393
vt 0.400059 0.699393
vt 0.400059 0.708547
vt 0.377102 0.708547
vt 0.377102 0.699393
vt 0.470284 0.699393
vt 0.470284 0.708547
vt 0.459009 0.708547
vt 0.459009 0.699393
vt 0.447327 0.708547
vt 0.447327 0.699393
vt 0.435516 0.708547
vt 0.435516 0.699393
vt 0.423692 0.708547
vt 0.423692 0.699393
vt 0.411868 0.708547
vt 0.411868 0.699393
vt 0.388377 0.696448
vt 0.400059 0.696448
vt 0.400059 0.711491
vt 0.388377 0.711491
vt 0.377102 0.711491
vt 0.377102 0.696448
vt 0.470284 0.711491
vt 0.459009 0.711491
vt 0.459009 0.696448
vt 0.470284 0.696448
vt 0.447327 0.711491
vt 0.447327 0.696448
vt 0.435516 0.711491
vt 0.435516 0.696448
vt 0.423692 0.711491
vt 0.423692 0.696448
vt 0.411868 0.711491
vt 0.411868 0.696448
vt 0.507018 0.724663
vt 0.505701 0.710157
vt 0.516831 0.719380
vt 0.514947 0.699465
vt 0.520383 0.708887
vt 0.504810 0.695510
vt 0.490923 0.711244
vt 0.494946 0.700649
vt 0.496488 0.721090
vt 0.319914 0.656169
vt 0.319914 0.685799
vt 0.329257 0.685799
vt 0.331821 0.656776
vt 0.338602 0.685799
vt 0.341722 0.659202
vt 0.308125 0.656841
vt 0.310557 0.685799
vt 0.298215 0.659237
vt 0.301214 0.685799
vt 0.341722 0.659202
vt 0.338602 0.685799
vt 0.329257 0.685799
vt 0.331821 0.656776
vt 0.308125 0.656841
vt 0.310557 0.685799
vt 0.301214 0.685799
vt 0.298215 0.659237
vt 0.526224 0.708673
vt 0.518847 0.694930
vt 0.504177 0.689700
vt 0.485623 0.711661
vt 0.492874 0.725056
vt 0.507173 0.730510
vt 0.319914 0.656169
vt 0.319914 0.685799
vt 0.490785 0.697288
vt 0.520671 0.723124
vt 0.319914 0.596146
vt 0.319914 0.570651
vt 0.287611 0.583592
vt 0.300615 0.597848
vt 0.273330 0.615258
vt 0.298204 0.617889
vt 0.319914 0.619298
vt 0.319914 0.596146
vt 0.300615 0.597848
vt 0.287611 0.583592
vt 0.319914 0.570651
vt 0.339242 0.597810
vt 0.352217 0.583530
vt 0.352217 0.583530
vt 0.339242 0.597810
vt 0.298204 0.617889
vt 0.273330 0.615258
vt 0.283775 0.647644
vt 0.300109 0.638240
vt 0.300109 0.638240
vt 0.283775 0.647644
vt 0.319914 0.619298
vt 0.341690 0.617846
vt 0.366562 0.615174
vt 0.319914 0.643238
vt 0.339821 0.638193
vt 0.341690 0.617846
vt 0.319914 0.643238
vt 0.339821 0.638193
vt 0.366562 0.615174
vt 0.356164 0.647588
vt 0.356164 0.647588
vt 0.482804 0.711896
vt 0.489999 0.728321
vt 0.507316 0.733254
vt 0.487433 0.694536
vt 0.523886 0.726026
vt 0.503925 0.687000
vt 0.528912 0.708509
vt 0.521597 0.691707
vt 0.470738 0.717334
vt 0.470738 0.727110
vt 0.459289 0.727110
vt 0.459289 0.717334
vt 0.377427 0.727110
vt 0.377427 0.717334
vt 0.388876 0.717334
vt 0.388876 0.727110
vt 0.400638 0.717334
vt 0.400638 0.727110
vt 0.412360 0.717334
vt 0.412360 0.727110
vt 0.424082 0.717334
vt 0.424082 0.727110
vt 0.435805 0.717334
vt 0.435805 0.727110
vt 0.447527 0.717334
vt 0.447527 0.727110
vt 0.470738 0.730259
vt 0.459289 0.730259
vt 0.459289 0.714183
vt 0.470738 0.714183
vt 0.377427 0.714183
vt 0.388876 0.714183
vt 0.388876 0.730259
vt 0.377427 0.730259
vt 0.400638 0.714183
vt 0.400638 0.730259
vt 0.412360 0.714183
vt 0.412360 0.730259
vt 0.424082 0.714183
vt 0.424082 0.730259
vt 0.435805 0.714183
vt 0.435805 0.730259
vt 0.447527 0.714183
vt 0.447527 0.730259
vt 0.894834 0.829062
vt 0.926844 0.829135
vt 0.914836 0.768614
vt 0.889935 0.781716
vt 0.862825 0.829135
vt 0.865057 0.794861
vt 0.849566 0.829227
vt 0.854759 0.800323
vt 0.862825 0.829189
vt 0.849566 0.829227
vt 0.854759 0.800323
vt 0.865064 0.794878
vt 0.894834 0.829160
vt 0.889948 0.781746
vt 0.926844 0.829189
vt 0.914842 0.768631
vt 0.940104 0.829227
vt 0.925156 0.763208
vt 0.940104 0.829227
vt 0.925156 0.763208
vt 0.868650 0.722855
vt 0.856101 0.745823
vt 0.843562 0.768797
vt 0.838374 0.778312
vt 0.838374 0.778312
vt 0.843566 0.768797
vt 0.856107 0.745826
vt 0.868653 0.722857
vt 0.873850 0.713349
vt 0.873850 0.713349
vt 0.799976 0.730268
vt 0.801653 0.746625
vt 0.803330 0.762982
vt 0.804024 0.769748
vt 0.804024 0.769748
vt 0.803330 0.762982
vt 0.801653 0.746625
vt 0.799976 0.730268
vt 0.799281 0.723502
vt 0.799281 0.723502
vt 0.777585 0.738878
vt 0.779778 0.752510
vt 0.781964 0.766137
vt 0.782870 0.771777
vt 0.782870 0.771777
vt 0.781964 0.766137
vt 0.779778 0.752510
vt 0.777585 0.738878
vt 0.776668 0.733207
vt 0.776668 0.733207
vt 0.764361 0.740047
vt 0.762287 0.758180
vt 0.760216 0.776314
vt 0.759368 0.783768
vt 0.759368 0.783768
vt 0.760216 0.776314
vt 0.762287 0.758180
vt 0.764361 0.740047
vt 0.765220 0.732538
vt 0.765220 0.732538
vt 0.741120 0.722275
vt 0.738011 0.736682
vt 0.734896 0.751113
vt 0.733538 0.757409
vt 0.733538 0.757409
vt 0.734896 0.751113
vt 0.738011 0.736681
vt 0.741120 0.722275
vt 0.742327 0.716681
vt 0.742327 0.716681
vt 0.652080 0.727555
vt 0.650070 0.723105
vt 0.634052 0.741318
vt 0.635837 0.742241
vt 0.654090 0.732002
vt 0.637628 0.743167
vt 0.654910 0.733823
vt 0.638370 0.743552
vt 0.654090 0.732002
vt 0.654910 0.733823
vt 0.638370 0.743552
vt 0.637628 0.743167
vt 0.652080 0.727555
vt 0.635837 0.742241
vt 0.650070 0.723105
vt 0.634052 0.741318
vt 0.649247 0.721277
vt 0.633340 0.740945
vt 0.649247 0.721277
vt 0.633340 0.740945
vt 0.635859 0.742249
vt 0.635859 0.742249
vt 0.856617 0.891934
vt 0.899670 0.891934
vt 0.904702 0.949481
vt 0.863213 0.949481
vt 0.838783 0.891934
vt 0.846029 0.949481
vt 0.856617 0.891934
vt 0.838783 0.891934
vt 0.846029 0.949481
vt 0.863213 0.949481
vt 0.899670 0.891934
vt 0.904702 0.949481
vt 0.942723 0.891934
vt 0.946191 0.949481
vt 0.960556 0.891934
vt 0.963377 0.949481
vt 0.942723 0.891934
vt 0.960556 0.891934
vt 0.963377 0.949481
vt 0.946191 0.949481
vt 0.913386 0.988995
vt 0.869666 0.988995
vt 0.851233 0.988995
vt 0.851233 0.988995
vt 0.868965 0.988995
vt 0.911180 0.988995
vt 0.953431 0.988995
vt 0.970965 0.988995
vt 0.970965 0.988995
vt 0.956534 0.988995
vt 0.725107 0.728482
vt 0.723312 0.738372
vt 0.721510 0.748306
vt 0.720712 0.752702
vt 0.720712 0.752702
vt 0.721510 0.748306
vt 0.723312 0.738371
vt 0.725107 0.728482
vt 0.725795 0.724690
vt 0.725795 0.724690
vt 0.687822 0.738894
vt 0.689609 0.731125
vt 0.675855 0.721255
vt 0.673584 0.727322
vt 0.686029 0.746691
vt 0.671302 0.733417
vt 0.685256 0.750051
vt 0.670317 0.736049
vt 0.686029 0.746691
vt 0.685256 0.750051
vt 0.670317 0.736049
vt 0.671302 0.733417
vt 0.687822 0.738893
vt 0.673584 0.727321
vt 0.689609 0.731125
vt 0.675855 0.721255
vt 0.690313 0.728062
vt 0.676754 0.718857
vt 0.690313 0.728062
vt 0.676754 0.718857
vt 0.705305 0.740272
vt 0.706096 0.735203
vt 0.704509 0.745373
vt 0.704168 0.747560
vt 0.704509 0.745373
vt 0.704168 0.747560
vt 0.705305 0.740271
vt 0.706096 0.735203
vt 0.706408 0.733201
vt 0.706408 0.733201
vt 0.301216 0.756157
vt 0.284456 0.761812
vt 0.281277 0.733177
vt 0.269910 0.756290
vt 0.269375 0.739388
vt 0.270303 0.721792
vt 0.285254 0.717042
vt 0.299258 0.723799
vt 0.307396 0.739704
vt 0.346812 0.694144
vt 0.340377 0.729542
vt 0.324266 0.697329
vt 0.312099 0.712700
vt 0.320948 0.730801
vt 0.330018 0.748868
vt 0.349656 0.748471
vt 0.362427 0.732794
vt 0.363136 0.709877
vt 0.307382 0.759954
vt 0.287091 0.767862
vt 0.269558 0.762639
vt 0.270273 0.715455
vt 0.288182 0.711161
vt 0.305316 0.720198
vt 0.314624 0.739708
vt 0.645477 0.677455
vt 0.644134 0.684803
vt 0.670194 0.696302
vt 0.672280 0.689067
vt 0.675058 0.680548
vt 0.647720 0.670705
vt 0.676864 0.673396
vt 0.650147 0.664449
vt 0.488884 0.581826
vt 0.516628 0.588926
vt 0.516785 0.584185
vt 0.489812 0.575600
vt 0.487858 0.588584
vt 0.516719 0.595389
vt 0.486838 0.594389
vt 0.516200 0.597758
vt 0.642790 0.688765
vt 0.668524 0.701580
vt 0.484189 0.602318
vt 0.483799 0.610842
vt 0.512548 0.609839
vt 0.514620 0.604311
vt 0.588227 0.623383
vt 0.590969 0.624976
vt 0.593999 0.618251
vt 0.591637 0.618729
vt 0.585467 0.606793
vt 0.582470 0.608014
vt 0.578032 0.612340
vt 0.579204 0.606946
vt 0.575100 0.611780
vt 0.571062 0.610199
vt 0.564476 0.606429
vt 0.555311 0.615811
vt 0.560819 0.618873
vt 0.569358 0.600114
vt 0.575742 0.605383
vt 0.559493 0.603676
vt 0.565699 0.597616
vt 0.551101 0.612488
vt 0.541360 0.604369
vt 0.534281 0.613726
vt 0.541873 0.619002
vt 0.529296 0.618394
vt 0.539203 0.622621
vt 0.526667 0.607972
vt 0.523592 0.613811
vt 0.529713 0.598612
vt 0.523545 0.606526
vt 0.520972 0.611934
vt 0.548019 0.622682
vt 0.544499 0.625444
vt 0.552609 0.625654
vt 0.548787 0.627812
vt 0.519770 0.605471
vt 0.517141 0.609797
vt 0.520849 0.598474
vt 0.526364 0.599041
vt 0.526516 0.597197
vt 0.521386 0.596224
vt 0.531171 0.588851
vt 0.527675 0.589393
vt 0.521706 0.589533
vt 0.539935 0.591361
vt 0.537697 0.586854
vt 0.547194 0.588358
vt 0.544538 0.583699
vt 0.552478 0.586625
vt 0.548985 0.581178
vt 0.558446 0.591450
vt 0.545507 0.596543
vt 0.560024 0.585849
vt 0.554461 0.584645
vt 0.550822 0.580147
vt 0.566825 0.590640
vt 0.567053 0.588763
vt 0.568939 0.595857
vt 0.571513 0.597986
vt 0.578498 0.603388
vt 0.582038 0.605466
vt 0.562719 0.648507
vt 0.560125 0.654581
vt 0.575470 0.654956
vt 0.577064 0.649354
vt 0.558261 0.654594
vt 0.562281 0.647367
vt 0.578478 0.646616
vt 0.604813 0.668188
vt 0.604099 0.654022
vt 0.592157 0.653681
vt 0.593707 0.668419
vt 0.604785 0.648324
vt 0.591935 0.648181
vt 0.602406 0.644065
vt 0.591311 0.644906
vt 0.611414 0.649221
vt 0.607193 0.642442
vt 0.617371 0.643080
vt 0.612823 0.638330
vt 0.617061 0.636137
vt 0.613051 0.636208
vt 0.621550 0.639910
vt 0.621021 0.635246
vt 0.610733 0.655412
vt 0.611524 0.668644
vt 0.620981 0.652616
vt 0.620018 0.658490
vt 0.619757 0.669460
vt 0.604781 0.679768
vt 0.594698 0.680460
vt 0.611747 0.680127
vt 0.620834 0.680093
vt 0.603580 0.686011
vt 0.594204 0.686379
vt 0.592965 0.689592
vt 0.601171 0.689561
vt 0.609632 0.690895
vt 0.611179 0.686159
vt 0.621804 0.690057
vt 0.621527 0.684321
vt 0.629668 0.687790
vt 0.628732 0.681533
vt 0.633144 0.686572
vt 0.634466 0.680572
vt 0.637959 0.687610
vt 0.639049 0.682392
vt 0.640418 0.675079
vt 0.635143 0.672957
vt 0.627371 0.671032
vt 0.636953 0.664364
vt 0.642867 0.668226
vt 0.641944 0.657496
vt 0.646033 0.661140
vt 0.639391 0.654102
vt 0.631241 0.659444
vt 0.529681 0.583200
vt 0.526200 0.583921
vt 0.521378 0.584493
vt 0.635013 0.647710
vt 0.628741 0.651324
vt 0.625465 0.646750
vt 0.630210 0.642074
vt 0.541622 0.578415
vt 0.535777 0.580609
vt 0.625267 0.637591
vt 0.546606 0.576439
vt 0.624184 0.633862
vt 0.549612 0.576691
vt 0.576384 0.634656
vt 0.578294 0.637469
vt 0.563881 0.620721
vt 0.566676 0.622397
vt 0.558265 0.674963
vt 0.559991 0.674631
vt 0.575589 0.671987
vt 0.584143 0.669945
vt 0.583524 0.654471
vt 0.554430 0.627776
vt 0.562879 0.639256
vt 0.553562 0.626669
vt 0.564246 0.642213
vt 0.556198 0.639903
vt 0.549062 0.629584
vt 0.549030 0.628563
vt 0.567787 0.688680
vt 0.566301 0.690372
vt 0.575473 0.694935
vt 0.575441 0.693538
vt 0.590215 0.690851
vt 0.589318 0.688075
vt 0.583042 0.683554
vt 0.588151 0.681455
vt 0.590804 0.687188
vt 0.591629 0.690163
vt 0.572104 0.568840
vt 0.569335 0.565965
vt 0.568183 0.568227
vt 0.569191 0.569154
vt 0.564181 0.572989
vt 0.567065 0.575175
vt 0.572161 0.575933
vt 0.567315 0.564808
vt 0.567474 0.566119
vt 0.562739 0.570658
vt 0.560293 0.572882
vt 0.562280 0.575175
vt 0.561132 0.576959
vt 0.558712 0.574532
vt 0.565332 0.577807
vt 0.564167 0.579511
vt 0.570349 0.579428
vt 0.568957 0.581248
vt 0.562731 0.581731
vt 0.567940 0.583273
vt 0.556587 0.576600
vt 0.559349 0.579171
vt 0.609375 0.615856
vt 0.611414 0.615471
vt 0.611906 0.613044
vt 0.608182 0.622435
vt 0.611633 0.621894
vt 0.613696 0.613588
vt 0.612887 0.614942
vt 0.614390 0.621096
vt 0.616985 0.619659
vt 0.561108 0.568206
vt 0.615492 0.623954
vt 0.618294 0.622601
vt 0.616364 0.625847
vt 0.619298 0.624636
vt 0.558575 0.570318
vt 0.556991 0.571901
vt 0.613737 0.626746
vt 0.612892 0.624735
vt 0.609903 0.627978
vt 0.609177 0.625928
vt 0.614630 0.629250
vt 0.617734 0.628666
vt 0.620669 0.627368
vt 0.610740 0.630222
vt 0.554958 0.573733
vt 0.583941 0.648937
vt 0.584967 0.645884
vt 0.731964 0.629148
vt 0.639281 0.629715
vt 0.640574 0.605216
vt 0.732861 0.605216
vt 0.639281 0.580717
vt 0.731964 0.581284
vt 0.833985 0.638667
vt 0.834490 0.605216
vt 0.934106 0.605216
vt 0.934106 0.650396
vt 0.833985 0.571765
vt 0.934106 0.560036
vt 0.150380 0.674853
vt 0.160324 0.669505
vt 0.158202 0.680667
vt 0.149664 0.683812
vt 0.169306 0.660486
vt 0.166438 0.673421
vt 0.180728 0.651202
vt 0.178033 0.664335
vt 0.195775 0.644358
vt 0.194235 0.655936
vt 0.214427 0.640928
vt 0.214470 0.649624
vt 0.237321 0.639621
vt 0.238136 0.645446
vt 0.264562 0.637743
vt 0.264562 0.642930
vt 0.011428 0.632944
vt 0.034219 0.630188
vt 0.034758 0.635416
vt 0.011428 0.637292
vt 0.057118 0.628681
vt 0.057948 0.635599
vt 0.078949 0.629468
vt 0.078878 0.638745
vt 0.095159 0.634845
vt 0.095314 0.646899
vt 0.105361 0.642865
vt 0.107847 0.654752
vt 0.113652 0.651334
vt 0.117103 0.662074
vt 0.121927 0.657420
vt 0.124991 0.666517
vt 0.132205 0.661168
vt 0.132205 0.670098
vt 0.139712 0.676353
vt 0.139712 0.683745
vt 0.148745 0.716004
vt 0.157470 0.714071
vt 0.148787 0.721783
vt 0.157798 0.701771
vt 0.166350 0.694017
vt 0.164716 0.705964
vt 0.179440 0.683503
vt 0.178401 0.694571
vt 0.197107 0.673272
vt 0.196587 0.683867
vt 0.217884 0.664830
vt 0.217896 0.675386
vt 0.240763 0.658756
vt 0.241019 0.669727
vt 0.264562 0.656062
vt 0.264562 0.667909
vt 0.011428 0.648760
vt 0.033609 0.648216
vt 0.033881 0.660785
vt 0.011428 0.659737
vt 0.054152 0.653679
vt 0.055590 0.667178
vt 0.074895 0.660491
vt 0.076465 0.674631
vt 0.093951 0.667937
vt 0.094925 0.682791
vt 0.108960 0.676866
vt 0.109770 0.691612
vt 0.119905 0.684921
vt 0.120672 0.699598
vt 0.127271 0.695302
vt 0.127476 0.700673
vt 0.150459 0.735177
vt 0.158796 0.742017
vt 0.151666 0.752887
vt 0.169591 0.727106
vt 0.183543 0.713275
vt 0.201058 0.701927
vt 0.221111 0.693637
vt 0.242382 0.688558
vt 0.264562 0.686402
vt 0.033304 0.679513
vt 0.011428 0.679003
vt 0.054560 0.685146
vt 0.075275 0.692624
vt 0.093525 0.702315
vt 0.107917 0.713800
vt 0.117132 0.726851
vt 0.124479 0.722213
vt 0.124075 0.740818
vt 0.132205 0.724559
vt 0.132205 0.749912
vt 0.139712 0.733776
vt 0.139712 0.757731
vt 0.163244 0.756273
vt 0.153031 0.770568
vt 0.173660 0.740234
vt 0.186746 0.726326
vt 0.203262 0.715370
vt 0.222587 0.707639
vt 0.243705 0.703207
vt 0.264562 0.702910
vt 0.034163 0.695974
vt 0.011428 0.693042
vt 0.054573 0.692132
vt 0.054014 0.702629
vt 0.073746 0.704331
vt 0.071673 0.711149
vt 0.090036 0.715918
vt 0.087700 0.720382
vt 0.103814 0.727191
vt 0.101429 0.731598
vt 0.114971 0.737206
vt 0.113070 0.743647
vt 0.121904 0.758558
vt 0.132205 0.769850
vt 0.139712 0.775747
vt 0.151809 0.796456
vt 0.165556 0.796414
vt 0.169378 0.808963
vt 0.154977 0.807177
vt 0.180199 0.795535
vt 0.184106 0.811672
vt 0.195420 0.794245
vt 0.199511 0.814455
vt 0.211284 0.793367
vt 0.215027 0.816701
vt 0.227963 0.793151
vt 0.230587 0.818784
vt 0.245698 0.793526
vt 0.246915 0.820797
vt 0.264562 0.794246
vt 0.264562 0.822147
vt 0.011428 0.791055
vt 0.032541 0.791521
vt 0.030897 0.826309
vt 0.011428 0.825842
vt 0.051821 0.791466
vt 0.049921 0.825430
vt 0.067938 0.791529
vt 0.067192 0.823285
vt 0.081620 0.797511
vt 0.080355 0.799898
vt 0.095503 0.816541
vt 0.096005 0.792796
vt 0.108073 0.793162
vt 0.108517 0.811940
vt 0.119994 0.793445
vt 0.121108 0.807667
vt 0.132205 0.794845
vt 0.132205 0.806276
vt 0.139712 0.796391
vt 0.139712 0.807089
vt 0.087477 0.735293
vt 0.072304 0.727782
vt 0.054163 0.721476
vt 0.033463 0.716420
vt 0.011428 0.713360
vt 0.264562 0.723334
vt 0.241524 0.723585
vt 0.220308 0.726883
vt 0.201708 0.733110
vt 0.186308 0.742143
vt 0.174071 0.753873
vt 0.163735 0.767492
vt 0.153043 0.779700
vt 0.139712 0.783820
vt 0.132205 0.778936
vt 0.121179 0.768621
vt 0.111633 0.755356
vt 0.100437 0.744589
vt 0.083228 0.768168
vt 0.068194 0.765375
vt 0.051192 0.763401
vt 0.031798 0.761790
vt 0.011428 0.759907
vt 0.264562 0.767727
vt 0.244826 0.766889
vt 0.225890 0.767672
vt 0.208281 0.770166
vt 0.192371 0.774417
vt 0.178204 0.780152
vt 0.165311 0.786358
vt 0.152816 0.790606
vt 0.139712 0.790830
vt 0.132205 0.787336
vt 0.121432 0.782573
vt 0.110156 0.777220
vt 0.097825 0.772027
vt 0.083132 0.790641
vt 0.168456 0.833956
vt 0.154122 0.834626
vt 0.183012 0.834188
vt 0.198116 0.834885
vt 0.213106 0.836000
vt 0.228808 0.837712
vt 0.245866 0.839794
vt 0.264562 0.841558
vt 0.029711 0.849163
vt 0.011428 0.848217
vt 0.048553 0.848182
vt 0.066370 0.845274
vt 0.081838 0.820502
vt 0.081584 0.841642
vt 0.093737 0.839300
vt 0.106512 0.837098
vt 0.119435 0.835056
vt 0.132205 0.833405
vt 0.139712 0.835968
vt 0.169139 0.865154
vt 0.154310 0.866225
vt 0.184394 0.864342
vt 0.200062 0.863605
vt 0.215796 0.863427
vt 0.231994 0.863896
vt 0.248360 0.864950
vt 0.264562 0.866595
vt 0.030359 0.872993
vt 0.011428 0.871988
vt 0.048933 0.872169
vt 0.065654 0.870309
vt 0.080008 0.868392
vt 0.092431 0.866926
vt 0.104976 0.866269
vt 0.118389 0.865535
vt 0.132205 0.864464
vt 0.139712 0.867498
vt 0.154746 0.893200
vt 0.170834 0.893490
vt 0.172035 0.916721
vt 0.156054 0.917565
vt 0.187476 0.893665
vt 0.187257 0.915348
vt 0.204056 0.893679
vt 0.201620 0.913543
vt 0.220235 0.893640
vt 0.215430 0.911429
vt 0.235819 0.893624
vt 0.229656 0.909296
vt 0.250640 0.893642
vt 0.245849 0.907665
vt 0.264562 0.893640
vt 0.264562 0.906769
vt 0.011428 0.900289
vt 0.031920 0.899067
vt 0.028204 0.912697
vt 0.011428 0.913468
vt 0.050379 0.897397
vt 0.045198 0.912677
vt 0.066188 0.895468
vt 0.060828 0.913264
vt 0.079566 0.893750
vt 0.074643 0.914315
vt 0.091519 0.892657
vt 0.087526 0.915718
vt 0.103558 0.892306
vt 0.101004 0.917294
vt 0.116993 0.892477
vt 0.115990 0.918736
vt 0.132205 0.892928
vt 0.132205 0.919732
vt 0.139712 0.892902
vt 0.139712 0.917804
vt 0.172266 0.950300
vt 0.156167 0.950913
vt 0.187835 0.949644
vt 0.202940 0.949047
vt 0.217884 0.948602
vt 0.233038 0.948394
vt 0.248629 0.948495
vt 0.264562 0.948949
vt 0.028184 0.949508
vt 0.011428 0.949404
vt 0.044088 0.949707
vt 0.058527 0.950035
vt 0.071702 0.950494
vt 0.084734 0.951054
vt 0.098945 0.951641
vt 0.114903 0.952129
vt 0.132205 0.952378
vt 0.139712 0.951393
vt 0.172881 0.978203
vt 0.156297 0.978374
vt 0.189145 0.978153
vt 0.204898 0.978246
vt 0.220123 0.978487
vt 0.234988 0.978845
vt 0.249740 0.979261
vt 0.264562 0.979663
vt 0.027926 0.979525
vt 0.011428 0.979537
vt 0.043407 0.979413
vt 0.057571 0.979256
vt 0.070800 0.979114
vt 0.084100 0.979034
vt 0.098545 0.979025
vt 0.114662 0.979059
vt 0.132205 0.979095
vt 0.139712 0.978627
vt 0.171167 0.990788
vt 0.155521 0.990867
vt 0.186584 0.990722
vt 0.201896 0.990678
vt 0.217245 0.990660
vt 0.232813 0.990665
vt 0.248618 0.990681
vt 0.264562 0.990697
vt 0.027579 0.991178
vt 0.011428 0.991279
vt 0.042985 0.991081
vt 0.057429 0.991006
vt 0.071197 0.990967
vt 0.085025 0.990971
vt 0.099675 0.991010
vt 0.115501 0.991064
vt 0.132205 0.991115
vt 0.139712 0.990947
vt 0.118647 0.671605
vt 0.126282 0.674929
vt 0.127162 0.689523
vt 0.108693 0.664922
vt 0.095062 0.657213
vt 0.077259 0.650098
vt 0.056263 0.647046
vt 0.011428 0.641775
vt 0.035269 0.640676
vt 0.238728 0.651398
vt 0.264562 0.648061
vt 0.215009 0.657749
vt 0.194489 0.666121
vt 0.177781 0.675701
vt 0.165854 0.684804
vt 0.157591 0.690967
vt 0.149665 0.692284
vt 0.149108 0.704890
vt 0.139712 0.690839
vt 0.139712 0.703951
vt 0.132205 0.678168
vt 0.132205 0.692642
vt 0.083875 0.793331
vt 0.057574 0.644920
vt 0.077620 0.648416
vt 0.058272 0.641818
vt 0.078253 0.646438
vt 0.054652 0.688625
vt 0.074204 0.701575
vt 0.090820 0.713297
vt 0.104600 0.724617
vt 0.116234 0.732071
vt 0.075101 0.697450
vt 0.092091 0.709153
vt 0.105846 0.720307
vt 0.132205 0.697379
vt 0.148825 0.709430
vt 0.139712 0.708331
vt 0.132205 0.702646
vt 0.132205 0.707067
vt 0.127543 0.706804
vt 0.139712 0.713232
vt 0.139712 0.717359
vt 0.126735 0.713185
vt 0.132205 0.716173
vt 0.139712 0.725765
vt 0.148681 0.726967
vt 0.157662 0.610382
vt 0.169957 0.609451
vt 0.175526 0.606953
vt 0.179114 0.603353
vt 0.186935 0.599777
vt 0.202746 0.597372
vt 0.227304 0.595337
vt 0.264562 0.598972
vt 0.011428 0.589445
vt 0.039848 0.589605
vt 0.063189 0.590413
vt 0.079209 0.590761
vt 0.090062 0.593502
vt 0.094054 0.596675
vt 0.101838 0.599901
vt 0.116232 0.601085
vt 0.132205 0.602821
vt 0.139712 0.609809
vt 0.210344 0.498812
vt 0.190567 0.515494
vt 0.181629 0.472537
vt 0.228432 0.475259
vt 0.236518 0.454257
vt 0.237878 0.434847
vt 0.232295 0.424216
vt 0.217781 0.417510
vt 0.198995 0.415444
vt 0.177484 0.421883
vt 0.156881 0.435677
vt 0.140192 0.455031
vt 0.127767 0.478678
vt 0.122563 0.502139
vt 0.132158 0.519803
vt 0.147856 0.526749
vt 0.169128 0.524918
vt 0.090064 0.563943
vt 0.089251 0.562797
vt 0.089494 0.546226
vt 0.089523 0.546226
vt 0.097259 0.564745
vt 0.097620 0.546226
vt 0.114902 0.564788
vt 0.115168 0.546226
vt 0.132205 0.564976
vt 0.132205 0.546226
vt 0.158361 0.569270
vt 0.139712 0.569146
vt 0.139712 0.548302
vt 0.158626 0.548302
vt 0.172412 0.569139
vt 0.173348 0.548302
vt 0.178031 0.568565
vt 0.178764 0.548302
vt 0.178886 0.567317
vt 0.179159 0.548302
vt 0.183062 0.565921
vt 0.182945 0.548302
vt 0.197890 0.565140
vt 0.198295 0.548302
vt 0.226321 0.564995
vt 0.223501 0.548302
vt 0.264562 0.564774
vt 0.264562 0.548302
vt 0.043256 0.560860
vt 0.011428 0.562098
vt 0.011428 0.546226
vt 0.039684 0.546226
vt 0.067044 0.561252
vt 0.066628 0.546226
vt 0.082638 0.561556
vt 0.081791 0.546226
vt 0.717158 0.553621
vt 0.682796 0.553621
vt 0.682796 0.551024
vt 0.717158 0.551024
vt 0.497394 0.551024
vt 0.520553 0.551024
vt 0.520553 0.553621
vt 0.497394 0.553621
vt 0.544585 0.551024
vt 0.544585 0.553621
vt 0.566709 0.551024
vt 0.566709 0.553621
vt 0.590328 0.551024
vt 0.590328 0.553621
vt 0.617608 0.551024
vt 0.617608 0.553621
vt 0.644934 0.551024
vt 0.644934 0.553621
vt 0.377132 0.553621
vt 0.349774 0.553621
vt 0.349774 0.551024
vt 0.377132 0.551024
vt 0.404434 0.553621
vt 0.404434 0.551024
vt 0.428067 0.553621
vt 0.428067 0.551024
vt 0.450199 0.553621
vt 0.450199 0.551024
vt 0.474235 0.553621
vt 0.474235 0.551024
vt 0.312763 0.551024
vt 0.312763 0.553621
vt 0.277910 0.553621
vt 0.277910 0.551024
vt 0.717158 0.555555
vt 0.682796 0.555555
vt 0.682796 0.546602
vt 0.717158 0.546602
vt 0.717158 0.548457
vt 0.682796 0.548457
vt 0.497394 0.546602
vt 0.520553 0.546602
vt 0.520552 0.548457
vt 0.497394 0.548457
vt 0.520553 0.555555
vt 0.497394 0.555555
vt 0.544585 0.546602
vt 0.544585 0.548457
vt 0.544585 0.555555
vt 0.566709 0.546602
vt 0.566709 0.548457
vt 0.566709 0.555555
vt 0.590328 0.546602
vt 0.590328 0.548457
vt 0.590328 0.555555
vt 0.617608 0.546602
vt 0.617608 0.548457
vt 0.617608 0.555555
vt 0.644934 0.546602
vt 0.644934 0.548457
vt 0.644934 0.555555
vt 0.377132 0.555555
vt 0.349774 0.555555
vt 0.349774 0.546602
vt 0.377132 0.546602
vt 0.377132 0.548457
vt 0.349774 0.548457
vt 0.404434 0.555555
vt 0.404434 0.546602
vt 0.404434 0.548457
vt 0.428067 0.555555
vt 0.428067 0.546602
vt 0.428067 0.548457
vt 0.450199 0.555555
vt 0.450199 0.546602
vt 0.450199 0.548457
vt 0.474235 0.555555
vt 0.474235 0.546602
vt 0.474235 0.548457
vt 0.312763 0.546602
vt 0.312763 0.548457
vt 0.312763 0.555555
vt 0.277910 0.546602
vt 0.277910 0.548457
vt 0.277910 0.555555
vt 0.564346 0.736679
vt 0.572615 0.743010
vt 0.569133 0.749167
vt 0.564155 0.743132
vt 0.592238 0.759418
vt 0.580688 0.754119
vt 0.583212 0.749654
vt 0.593811 0.756784
vt 0.577478 0.736606
vt 0.570289 0.734617
vt 0.587091 0.746109
vt 0.597153 0.754607
vt 0.589298 0.740778
vt 0.599405 0.751642
vt 0.578541 0.728228
vt 0.568561 0.725824
vt 0.556962 0.732365
vt 0.555627 0.743142
vt 0.561823 0.753282
vt 0.576603 0.759345
vt 0.591470 0.763014
vt 0.668848 0.755442
vt 0.664514 0.760193
vt 0.660674 0.758366
vt 0.665306 0.752577
vt 0.647851 0.778388
vt 0.655679 0.768226
vt 0.658033 0.769208
vt 0.649068 0.778956
vt 0.678239 0.756279
vt 0.673083 0.766300
vt 0.666644 0.762948
vt 0.671587 0.757288
vt 0.662812 0.777091
vt 0.659528 0.770805
vt 0.649914 0.779605
vt 0.651613 0.781714
vt 0.643997 0.776130
vt 0.650252 0.766832
vt 0.655180 0.754034
vt 0.664447 0.746331
vt 0.674215 0.748717
vt 0.708756 0.787111
vt 0.701699 0.796597
vt 0.698464 0.788325
vt 0.703458 0.785059
vt 0.691177 0.761399
vt 0.695852 0.770604
vt 0.691925 0.771808
vt 0.689323 0.763016
vt 0.695224 0.779713
vt 0.700878 0.778538
vt 0.687939 0.796192
vt 0.691407 0.788522
vt 0.681747 0.774513
vt 0.687709 0.773057
vt 0.690345 0.780803
vt 0.684050 0.783278
vt 0.687251 0.764565
vt 0.682858 0.766174
vt 0.694155 0.759275
vt 0.698804 0.767028
vt 0.706064 0.776214
vt 0.597804 0.741057
vt 0.601432 0.729302
vt 0.605551 0.733749
vt 0.606025 0.742396
vt 0.616902 0.764623
vt 0.605868 0.753444
vt 0.611646 0.751826
vt 0.617977 0.762375
vt 0.614852 0.733644
vt 0.610091 0.733143
vt 0.609183 0.724828
vt 0.619925 0.730165
vt 0.618929 0.751534
vt 0.614893 0.751102
vt 0.611000 0.741610
vt 0.615865 0.742515
vt 0.619847 0.761384
vt 0.622483 0.761006
vt 0.623721 0.740414
vt 0.624339 0.750742
vt 0.625794 0.761546
vt 0.628874 0.781259
vt 0.627723 0.790780
vt 0.622056 0.790923
vt 0.623858 0.781041
vt 0.621111 0.811480
vt 0.621278 0.800689
vt 0.626160 0.801197
vt 0.624337 0.812110
vt 0.640177 0.779443
vt 0.642053 0.788711
vt 0.633535 0.792171
vt 0.634332 0.782657
vt 0.638665 0.802308
vt 0.631158 0.802561
vt 0.627353 0.812822
vt 0.630966 0.814513
vt 0.617798 0.810788
vt 0.615119 0.798303
vt 0.613972 0.789425
vt 0.619714 0.776562
vt 0.630088 0.773485
vt 0.645477 0.677456
vt 0.672279 0.689068
vt 0.670194 0.696303
vt 0.644134 0.684803
vt 0.675058 0.680549
vt 0.647720 0.670706
vt 0.676864 0.673396
vt 0.650146 0.664450
vt 0.488884 0.581828
vt 0.489812 0.575602
vt 0.516784 0.584187
vt 0.516627 0.588928
vt 0.487857 0.588586
vt 0.516718 0.595390
vt 0.516200 0.597760
vt 0.486838 0.594391
vt 0.642789 0.688765
vt 0.668524 0.701581
vt 0.484189 0.602320
vt 0.514619 0.604313
vt 0.512547 0.609841
vt 0.483798 0.610844
vt 0.588227 0.623383
vt 0.591637 0.618729
vt 0.594000 0.618251
vt 0.590969 0.624976
vt 0.582471 0.608014
vt 0.585467 0.606793
vt 0.578032 0.612340
vt 0.579205 0.606946
vt 0.575100 0.611780
vt 0.571062 0.610199
vt 0.560819 0.618874
vt 0.555311 0.615812
vt 0.564476 0.606429
vt 0.569358 0.600114
vt 0.575742 0.605383
vt 0.559493 0.603677
vt 0.565698 0.597616
vt 0.551101 0.612489
vt 0.541360 0.604370
vt 0.541873 0.619003
vt 0.534281 0.613727
vt 0.539203 0.622622
vt 0.529296 0.618396
vt 0.526666 0.607974
vt 0.523592 0.613813
vt 0.529713 0.598614
vt 0.523545 0.606527
vt 0.520972 0.611936
vt 0.548019 0.622683
vt 0.544500 0.625445
vt 0.552610 0.625654
vt 0.548787 0.627812
vt 0.519769 0.605473
vt 0.517141 0.609799
vt 0.520849 0.598475
vt 0.526364 0.599042
vt 0.526516 0.597199
vt 0.521385 0.596226
vt 0.531170 0.588853
vt 0.527674 0.589395
vt 0.521706 0.589535
vt 0.537696 0.586856
vt 0.539935 0.591362
vt 0.547194 0.588359
vt 0.544537 0.583701
vt 0.552477 0.586625
vt 0.548984 0.581179
vt 0.558445 0.591451
vt 0.545506 0.596544
vt 0.554460 0.584646
vt 0.560024 0.585849
vt 0.550820 0.580147
vt 0.566824 0.590640
vt 0.567052 0.588763
vt 0.568938 0.595857
vt 0.571512 0.597985
vt 0.578498 0.603388
vt 0.582038 0.605466
vt 0.562720 0.648506
vt 0.577064 0.649354
vt 0.575471 0.654955
vt 0.560126 0.654580
vt 0.558261 0.654592
vt 0.562281 0.647366
vt 0.578479 0.646615
vt 0.604813 0.668189
vt 0.593706 0.668420
vt 0.592158 0.653681
vt 0.604099 0.654023
vt 0.591935 0.648182
vt 0.604786 0.648325
vt 0.591312 0.644907
vt 0.602407 0.644065
vt 0.611415 0.649223
vt 0.607194 0.642443
vt 0.612824 0.638331
vt 0.617372 0.643081
vt 0.613052 0.636209
vt 0.617063 0.636138
vt 0.621551 0.639911
vt 0.621022 0.635247
vt 0.610733 0.655413
vt 0.611524 0.668645
vt 0.620981 0.652617
vt 0.620018 0.658491
vt 0.619756 0.669461
vt 0.604780 0.679769
vt 0.594698 0.680460
vt 0.611747 0.680128
vt 0.620834 0.680094
vt 0.603580 0.686012
vt 0.594203 0.686379
vt 0.592964 0.689592
vt 0.601171 0.689562
vt 0.609632 0.690895
vt 0.611179 0.686160
vt 0.621804 0.690058
vt 0.621527 0.684322
vt 0.629668 0.687791
vt 0.628732 0.681534
vt 0.633144 0.686573
vt 0.634466 0.680573
vt 0.637958 0.687611
vt 0.639049 0.682392
vt 0.635143 0.672958
vt 0.640418 0.675079
vt 0.627371 0.671032
vt 0.636952 0.664365
vt 0.642867 0.668227
vt 0.641944 0.657497
vt 0.646032 0.661141
vt 0.639391 0.654104
vt 0.631241 0.659445
vt 0.526200 0.583923
vt 0.529680 0.583202
vt 0.521377 0.584495
vt 0.635013 0.647711
vt 0.628741 0.651325
vt 0.625466 0.646752
vt 0.630210 0.642076
vt 0.535776 0.580611
vt 0.541620 0.578416
vt 0.625268 0.637592
vt 0.546605 0.576440
vt 0.624185 0.633863
vt 0.549610 0.576692
vt 0.576384 0.634656
vt 0.578294 0.637469
vt 0.563881 0.620721
vt 0.566677 0.622397
vt 0.558265 0.674962
vt 0.559990 0.674630
vt 0.575589 0.671987
vt 0.583524 0.654471
vt 0.584143 0.669945
vt 0.562880 0.639257
vt 0.554431 0.627777
vt 0.553562 0.626670
vt 0.564246 0.642213
vt 0.556198 0.639903
vt 0.549062 0.629584
vt 0.549030 0.628564
vt 0.567786 0.688679
vt 0.575440 0.693538
vt 0.575472 0.694935
vt 0.566300 0.690371
vt 0.589318 0.688075
vt 0.590214 0.690851
vt 0.583042 0.683555
vt 0.590803 0.687189
vt 0.588150 0.681456
vt 0.591628 0.690163
vt 0.572101 0.568839
vt 0.569188 0.569153
vt 0.568180 0.568227
vt 0.569332 0.565964
vt 0.567063 0.575175
vt 0.564178 0.572989
vt 0.572159 0.575932
vt 0.567471 0.566119
vt 0.567312 0.564808
vt 0.562736 0.570657
vt 0.562278 0.575175
vt 0.560290 0.572882
vt 0.561130 0.576960
vt 0.558710 0.574532
vt 0.565330 0.577806
vt 0.564165 0.579511
vt 0.570348 0.579428
vt 0.568956 0.581247
vt 0.562729 0.581731
vt 0.567939 0.583273
vt 0.559347 0.579171
vt 0.556585 0.576600
vt 0.609377 0.615856
vt 0.611909 0.613045
vt 0.611417 0.615471
vt 0.611635 0.621895
vt 0.608184 0.622435
vt 0.613698 0.613589
vt 0.612890 0.614943
vt 0.614392 0.621097
vt 0.616987 0.619660
vt 0.561106 0.568206
vt 0.615493 0.623955
vt 0.618296 0.622602
vt 0.616366 0.625848
vt 0.619300 0.624638
vt 0.558573 0.570318
vt 0.556989 0.571901
vt 0.613739 0.626746
vt 0.612894 0.624735
vt 0.609905 0.627979
vt 0.609178 0.625929
vt 0.614632 0.629251
vt 0.617736 0.628667
vt 0.620670 0.627369
vt 0.610741 0.630223
vt 0.554955 0.573734
vt 0.583941 0.648936
vt 0.584968 0.645884
vt 0.312680 0.235832
vt 0.353575 0.238671
vt 0.347913 0.319313
vt 0.308182 0.318988
vt 0.384984 0.240699
vt 0.384984 0.321507
vt 0.384984 0.359041
vt 0.384984 0.386975
vt 0.352348 0.386117
vt 0.351485 0.358286
vt 0.318734 0.384827
vt 0.315477 0.357814
vt 0.013628 0.374864
vt 0.013628 0.273039
vt 0.070393 0.270437
vt 0.066918 0.372460
vt 0.067625 0.378285
vt 0.013628 0.380734
vt 0.216017 0.339434
vt 0.168812 0.351197
vt 0.171053 0.253889
vt 0.216017 0.244435
vt 0.353622 0.460841
vt 0.384984 0.458338
vt 0.384984 0.485155
vt 0.347229 0.490176
vt 0.300443 0.500138
vt 0.340809 0.511644
vt 0.299122 0.522858
vt 0.126422 0.262645
vt 0.124944 0.362058
vt 0.275014 0.234821
vt 0.271826 0.320953
vt 0.278809 0.385861
vt 0.276368 0.359921
vt 0.055651 0.536916
vt 0.040235 0.516126
vt 0.076417 0.499697
vt 0.087174 0.518192
vt 0.063730 0.455803
vt 0.064244 0.482692
vt 0.013628 0.500315
vt 0.013628 0.463976
vt 0.206194 0.389771
vt 0.190393 0.385181
vt 0.121506 0.394551
vt 0.179749 0.377133
vt 0.013628 0.427756
vt 0.063984 0.424934
vt 0.287466 0.438062
vt 0.283067 0.411993
vt 0.319989 0.411309
vt 0.318079 0.440132
vt 0.352973 0.413663
vt 0.354256 0.437424
vt 0.384984 0.414542
vt 0.384984 0.436339
vt 0.313134 0.469304
vt 0.257015 0.478194
vt 0.234890 0.239569
vt 0.234890 0.325785
vt 0.262764 0.526447
vt 0.260423 0.504177
vt 0.108482 0.483083
vt 0.115261 0.502237
vt 0.130975 0.408151
vt 0.116500 0.437178
vt 0.107339 0.461567
vt 0.245899 0.419854
vt 0.249650 0.447929
vt 0.899279 0.178789
vt 0.863642 0.168217
vt 0.864479 0.162152
vt 0.894791 0.165696
vt 0.915817 0.181381
vt 0.917408 0.186736
vt 0.925942 0.179913
vt 0.942608 0.196435
vt 0.942608 0.230752
vt 0.930943 0.217047
vt 0.768525 0.180293
vt 0.781379 0.181591
vt 0.789065 0.220112
vt 0.770523 0.215081
vt 0.794087 0.181733
vt 0.807250 0.219246
vt 0.811254 0.180304
vt 0.822747 0.212132
vt 0.830145 0.177570
vt 0.836671 0.199852
vt 0.846975 0.181352
vt 0.847008 0.166402
vt 0.751801 0.175839
vt 0.751801 0.205018
vt 0.882191 0.182461
vt 0.216017 0.393961
vt 0.216017 0.371665
vt 0.234890 0.388334
vt 0.234890 0.358094
vt 0.779791 0.148744
vt 0.788688 0.152736
vt 0.769100 0.144355
vt 0.799922 0.155521
vt 0.842924 0.146279
vt 0.869618 0.139122
vt 0.816916 0.153424
vt 0.887613 0.138816
vt 0.906281 0.137984
vt 0.921499 0.139508
vt 0.942608 0.150296
vt 0.751801 0.136511
vt 0.872559 0.124687
vt 0.846590 0.132618
vt 0.849428 0.113611
vt 0.871922 0.107245
vt 0.892948 0.123280
vt 0.891445 0.108169
vt 0.911293 0.123448
vt 0.910367 0.109285
vt 0.925133 0.126624
vt 0.924041 0.113639
vt 0.942608 0.136328
vt 0.942608 0.121955
vt 0.769755 0.132481
vt 0.751801 0.123151
vt 0.751801 0.110076
vt 0.772300 0.120082
vt 0.780230 0.138616
vt 0.786650 0.126166
vt 0.790420 0.143420
vt 0.799939 0.129689
vt 0.803410 0.144058
vt 0.813100 0.127629
vt 0.820154 0.140545
vt 0.827645 0.122246
vt 0.771542 0.014731
vt 0.790007 0.014731
vt 0.809252 0.014731
vt 0.827471 0.014731
vt 0.840957 0.014731
vt 0.855144 0.014731
vt 0.873809 0.014731
vt 0.893185 0.014731
vt 0.913054 0.014731
vt 0.927422 0.014731
vt 0.942608 0.014731
vt 0.751801 0.014731
vt 0.384984 0.332041
vt 0.348720 0.330494
vt 0.309887 0.330164
vt 0.272834 0.332266
vt 0.234890 0.334077
vt 0.216017 0.350183
vt 0.170488 0.359047
vt 0.126273 0.368864
vt 0.349543 0.338544
vt 0.384984 0.339434
vt 0.311513 0.338907
vt 0.274115 0.341373
vt 0.234890 0.341762
vt 0.173883 0.364722
vt 0.216017 0.357270
vt 0.128973 0.374311
vt 0.062556 0.399506
vt 0.069475 0.382815
vt 0.013628 0.400927
vt 0.013628 0.385125
vt 0.013628 0.145646
vt 0.013628 0.010217
vt 0.075171 0.010217
vt 0.072885 0.143801
vt 0.135475 0.010217
vt 0.130505 0.139034
vt 0.174024 0.132628
vt 0.177407 0.010217
vt 0.216017 0.125491
vt 0.216017 0.010217
vt 0.234890 0.010935
vt 0.275681 0.010935
vt 0.276659 0.122525
vt 0.234890 0.126307
vt 0.316662 0.010935
vt 0.316591 0.123975
vt 0.358160 0.010935
vt 0.357594 0.126566
vt 0.384984 0.010935
vt 0.384984 0.127929
vt 0.466144 0.226154
vt 0.471111 0.304836
vt 0.435137 0.305648
vt 0.429279 0.228654
vt 0.401145 0.307842
vt 0.401145 0.230908
vt 0.401145 0.343729
vt 0.432843 0.342986
vt 0.433315 0.369280
vt 0.401145 0.370397
vt 0.466452 0.342118
vt 0.466089 0.367726
vt 0.742223 0.355729
vt 0.691364 0.354517
vt 0.688525 0.258277
vt 0.742223 0.260259
vt 0.551402 0.323855
vt 0.551402 0.234610
vt 0.593779 0.243337
vt 0.595970 0.334618
vt 0.435472 0.439046
vt 0.443345 0.466606
vt 0.401145 0.462160
vt 0.401145 0.436980
vt 0.489930 0.467816
vt 0.495897 0.487693
vt 0.450871 0.486588
vt 0.637516 0.345141
vt 0.635859 0.251422
vt 0.500054 0.224744
vt 0.503607 0.306068
vt 0.501224 0.342395
vt 0.503568 0.367544
vt 0.705329 0.512553
vt 0.671195 0.504492
vt 0.679501 0.487217
vt 0.718521 0.492127
vt 0.696587 0.442608
vt 0.742223 0.442566
vt 0.742223 0.475729
vt 0.691331 0.470798
vt 0.549777 0.369278
vt 0.585852 0.359624
vt 0.629885 0.368020
vt 0.573149 0.375045
vt 0.698019 0.406205
vt 0.742223 0.407879
vt 0.506208 0.418051
vt 0.472968 0.419872
vt 0.468895 0.392812
vt 0.509163 0.392810
vt 0.434438 0.395316
vt 0.434090 0.417346
vt 0.401145 0.416415
vt 0.401145 0.396163
vt 0.479046 0.447212
vt 0.536355 0.462637
vt 0.536355 0.229138
vt 0.536355 0.310188
vt 0.536355 0.506792
vt 0.536355 0.486268
vt 0.641180 0.453383
vt 0.641581 0.471449
vt 0.611186 0.378590
vt 0.691523 0.378313
vt 0.633190 0.409084
vt 0.640075 0.433289
vt 0.536355 0.405163
vt 0.536355 0.432347
vt 0.808516 0.430838
vt 0.816175 0.415655
vt 0.835437 0.408768
vt 0.837331 0.417969
vt 0.786519 0.444843
vt 0.798217 0.426556
vt 0.781975 0.442461
vt 0.786796 0.468810
vt 0.768804 0.482771
vt 0.768804 0.453430
vt 0.926407 0.450833
vt 0.920371 0.480062
vt 0.901956 0.481778
vt 0.913325 0.452967
vt 0.885768 0.480166
vt 0.899909 0.451956
vt 0.869539 0.471829
vt 0.883515 0.446687
vt 0.858972 0.457864
vt 0.867907 0.437540
vt 0.853037 0.423431
vt 0.850895 0.435946
vt 0.942156 0.443730
vt 0.942156 0.473098
vt 0.808964 0.431650
vt 0.551402 0.368530
vt 0.551402 0.353996
vt 0.536355 0.339808
vt 0.536355 0.360475
vt 0.906306 0.416249
vt 0.916599 0.412440
vt 0.926822 0.407681
vt 0.892378 0.417617
vt 0.834503 0.393532
vt 0.855009 0.404853
vt 0.875781 0.414251
vt 0.818271 0.393040
vt 0.801733 0.394813
vt 0.768804 0.410291
vt 0.786382 0.401856
vt 0.942156 0.399915
vt 0.834387 0.377288
vt 0.834930 0.360790
vt 0.851935 0.370386
vt 0.853768 0.388176
vt 0.817623 0.374116
vt 0.816969 0.355611
vt 0.800206 0.372856
vt 0.798764 0.351453
vt 0.785387 0.376747
vt 0.784466 0.352126
vt 0.768804 0.386589
vt 0.768804 0.362459
vt 0.926265 0.383395
vt 0.925874 0.359204
vt 0.942156 0.348161
vt 0.942156 0.373861
vt 0.915963 0.389681
vt 0.914096 0.366825
vt 0.905335 0.395072
vt 0.901526 0.373355
vt 0.891128 0.397903
vt 0.886568 0.376789
vt 0.874651 0.396297
vt 0.870940 0.376356
vt 0.910300 0.256556
vt 0.923847 0.256556
vt 0.896198 0.256556
vt 0.879719 0.256556
vt 0.863453 0.256556
vt 0.845718 0.256556
vt 0.830076 0.256556
vt 0.815239 0.256556
vt 0.799774 0.256556
vt 0.786404 0.256556
vt 0.768804 0.256556
vt 0.942156 0.256556
vt 0.434018 0.324065
vt 0.401145 0.325033
vt 0.468805 0.323977
vt 0.501910 0.325249
vt 0.536355 0.324896
vt 0.551402 0.340409
vt 0.590959 0.347095
vt 0.632916 0.356692
vt 0.635869 0.351589
vt 0.594291 0.341932
vt 0.551402 0.333687
vt 0.536355 0.317819
vt 0.502753 0.316684
vt 0.469873 0.315565
vt 0.434623 0.316351
vt 0.401145 0.317943
vt 0.689094 0.364380
vt 0.742223 0.380429
vt 0.742223 0.365353
vt 0.690781 0.360040
vt 0.742223 0.361259
vt 0.742223 0.140912
vt 0.686283 0.139368
vt 0.684004 0.013814
vt 0.742223 0.013814
vt 0.631901 0.135058
vt 0.627151 0.013814
vt 0.590909 0.129119
vt 0.587696 0.013814
vt 0.551402 0.122434
vt 0.551402 0.013814
vt 0.536355 0.012722
vt 0.536355 0.122081
vt 0.498581 0.118528
vt 0.499438 0.012722
vt 0.462597 0.119951
vt 0.462472 0.012722
vt 0.425777 0.122318
vt 0.425196 0.012722
vt 0.401145 0.123499
vt 0.401145 0.012722
vt 0.979318 0.564340
vt 0.979318 0.590844
vt 0.973918 0.590844
vt 0.973918 0.564340
vt 0.984970 0.564340
vt 0.984970 0.590844
vt 0.990705 0.564340
vt 0.990705 0.590844
vt 0.955690 0.564340
vt 0.955690 0.590844
vt 0.951256 0.590844
vt 0.951256 0.564340
vt 0.960211 0.564340
vt 0.960211 0.590844
vt 0.964901 0.564340
vt 0.964901 0.590844
vt 0.969338 0.564340
vt 0.969338 0.590844
vt 0.979318 0.622414
vt 0.973918 0.622414
vt 0.984970 0.622414
vt 0.990705 0.622414
vt 0.955690 0.622414
vt 0.951256 0.622414
vt 0.960211 0.622414
vt 0.964901 0.622414
vt 0.969338 0.622414
vt 0.979318 0.651061
vt 0.973918 0.651061
vt 0.984970 0.651061
vt 0.990705 0.651061
vt 0.955690 0.651061
vt 0.951256 0.651061
vt 0.960211 0.651061
vt 0.964901 0.651061
vt 0.969338 0.651061
vt 0.979318 0.679615
vt 0.973918 0.679615
vt 0.984970 0.679615
vt 0.990705 0.679615
vt 0.955690 0.679615
vt 0.951256 0.679615
vt 0.960211 0.679615
vt 0.964901 0.679615
vt 0.969338 0.679615
vt 0.979318 0.712999
vt 0.973918 0.712999
vt 0.984970 0.712999
vt 0.990705 0.712999
vt 0.955690 0.712999
vt 0.951256 0.712999
vt 0.960211 0.712999
vt 0.964901 0.712999
vt 0.969338 0.712999
vt 0.979318 0.741520
vt 0.973918 0.741520
vt 0.984970 0.741520
vt 0.990705 0.741520
vt 0.955690 0.741520
vt 0.951256 0.741520
vt 0.960211 0.741520
vt 0.964901 0.741520
vt 0.969338 0.741520
vt 0.979318 0.766949
vt 0.973918 0.766949
vt 0.984970 0.766949
vt 0.990705 0.766949
vt 0.955690 0.766949
vt 0.951256 0.766949
vt 0.960211 0.766949
vt 0.964901 0.766949
vt 0.969338 0.766949
vt 0.979318 0.804650
vt 0.973918 0.804651
vt 0.984970 0.804651
vt 0.990705 0.804651
vt 0.955690 0.804651
vt 0.951256 0.804651
vt 0.960211 0.804650
vt 0.964901 0.804650
vt 0.969338 0.804650
vt 0.973918 0.015240
vt 0.979318 0.015240
vt 0.979318 0.043258
vt 0.973918 0.043258
vt 0.984970 0.015240
vt 0.984970 0.043258
vt 0.990705 0.015240
vt 0.990705 0.043258
vt 0.951256 0.015240
vt 0.955690 0.015240
vt 0.955690 0.043258
vt 0.951256 0.043258
vt 0.960211 0.015240
vt 0.960211 0.043258
vt 0.964901 0.015240
vt 0.964901 0.043258
vt 0.969338 0.015240
vt 0.969338 0.043258
vt 0.955690 0.128895
vt 0.960211 0.128895
vt 0.960211 0.166499
vt 0.955690 0.166499
vt 0.951256 0.128895
vt 0.951256 0.166499
vt 0.984970 0.128895
vt 0.990705 0.128895
vt 0.990705 0.166499
vt 0.984970 0.166499
vt 0.979318 0.128895
vt 0.979318 0.166499
vt 0.973918 0.128895
vt 0.973918 0.166499
vt 0.969338 0.128895
vt 0.969338 0.166499
vt 0.964901 0.128895
vt 0.964901 0.166499
vt 0.964901 0.071203
vt 0.969338 0.071203
vt 0.969338 0.099328
vt 0.964901 0.099328
vt 0.960211 0.071203
vt 0.960211 0.099328
vt 0.955690 0.071203
vt 0.955690 0.099328
vt 0.951256 0.071203
vt 0.951256 0.099328
vt 0.984970 0.071203
vt 0.990705 0.071203
vt 0.990705 0.099328
vt 0.984970 0.099328
vt 0.979318 0.071203
vt 0.979318 0.099328
vt 0.973918 0.071203
vt 0.973918 0.099328
vt 0.960211 0.281539
vt 0.964901 0.281539
vt 0.964901 0.351164
vt 0.960211 0.351164
vt 0.955690 0.281539
vt 0.955690 0.351164
vt 0.951256 0.281539
vt 0.951256 0.351164
vt 0.984970 0.281539
vt 0.990705 0.281539
vt 0.990705 0.351164
vt 0.984970 0.351164
vt 0.979318 0.281539
vt 0.979318 0.351164
vt 0.973918 0.281539
vt 0.973918 0.351164
vt 0.969338 0.281539
vt 0.969338 0.351164
vt 0.979318 0.392781
vt 0.973918 0.392781
vt 0.984970 0.392781
vt 0.990705 0.392781
vt 0.955690 0.392781
vt 0.951256 0.392781
vt 0.960211 0.392781
vt 0.964901 0.392781
vt 0.969338 0.392781
vt 0.979318 0.418519
vt 0.973918 0.418519
vt 0.984970 0.418519
vt 0.990705 0.418519
vt 0.955690 0.418519
vt 0.951256 0.418519
vt 0.960211 0.418519
vt 0.964901 0.418519
vt 0.969338 0.418519
vt 0.979318 0.451538
vt 0.973918 0.451538
vt 0.984970 0.451538
vt 0.990705 0.451538
vt 0.955690 0.451538
vt 0.951256 0.451538
vt 0.960211 0.451538
vt 0.964901 0.451538
vt 0.969338 0.451538
vt 0.979318 0.475686
vt 0.973918 0.475686
vt 0.984970 0.475686
vt 0.990705 0.475686
vt 0.955690 0.475686
vt 0.951256 0.475686
vt 0.960211 0.475686
vt 0.964901 0.475686
vt 0.969338 0.475686
vt 0.979318 0.515598
vt 0.973918 0.515598
vt 0.984970 0.515598
vt 0.990705 0.515598
vt 0.955690 0.515598
vt 0.951256 0.515598
vt 0.960211 0.515598
vt 0.964901 0.515598
vt 0.969338 0.515598
vt 0.960211 0.209248
vt 0.955690 0.209248
vt 0.951256 0.209248
vt 0.990705 0.209248
vt 0.984970 0.209248
vt 0.979318 0.209248
vt 0.973918 0.209248
vt 0.969338 0.209248
vt 0.964901 0.209248
vt 0.960211 0.251773
vt 0.955690 0.251773
vt 0.951256 0.251773
vt 0.990705 0.251773
vt 0.984970 0.251773
vt 0.979318 0.251773
vt 0.973918 0.251773
vt 0.969338 0.251773
vt 0.964901 0.251773
vt 0.803762 0.481966
vt 0.824390 0.474527
vt 0.824390 0.465632
vt 0.796542 0.474915
vt 0.845018 0.481966
vt 0.852238 0.474915
vt 0.824390 0.465632
vt 0.852238 0.474915
vt 0.845018 0.481966
vt 0.824390 0.474527
vt 0.796542 0.474915
vt 0.803762 0.481966
vt 0.824390 0.502934
vt 0.796542 0.502109
vt 0.852238 0.502109
vt 0.844101 0.527592
vt 0.824390 0.552711
vt 0.804678 0.527592
vt 0.824390 0.561993
vt 0.797779 0.530158
vt 0.851000 0.530158
vt 0.824390 0.561993
vt 0.851000 0.530158
vt 0.844101 0.527592
vt 0.824390 0.552711
vt 0.797779 0.530158
vt 0.804678 0.527592
vt 0.824390 0.502934
vt 0.796542 0.502109
vt 0.852238 0.502109
vt 0.861520 0.502762
vt 0.861520 0.502762
vt 0.787259 0.502762
vt 0.787259 0.502762
vt 0.792091 0.855464
vt 0.798470 0.850777
vt 0.810094 0.867357
vt 0.799093 0.869995
vt 0.802476 0.890944
vt 0.818554 0.891637
vt 0.818209 0.902520
vt 0.802130 0.900206
vt 0.815411 0.916408
vt 0.800214 0.912169
vt 0.791562 0.934276
vt 0.802508 0.940866
vt 0.791841 0.951938
vt 0.784305 0.944595
vt 0.809872 0.929511
vt 0.796655 0.923841
vt 0.766262 0.813461
vt 0.760974 0.831143
vt 0.738544 0.824287
vt 0.740997 0.803154
vt 0.470102 0.963836
vt 0.507385 0.958359
vt 0.507512 0.941141
vt 0.467909 0.943214
vt 0.583269 0.818780
vt 0.583512 0.793388
vt 0.556718 0.787642
vt 0.550432 0.811725
vt 0.578918 0.856732
vt 0.549452 0.851788
vt 0.549754 0.870262
vt 0.577029 0.873928
vt 0.556947 0.892295
vt 0.573896 0.895400
vt 0.559689 0.935740
vt 0.542876 0.934762
vt 0.539849 0.951749
vt 0.561561 0.951590
vt 0.779747 0.966260
vt 0.771728 0.956034
vt 0.781372 0.843628
vt 0.786986 0.832072
vt 0.549630 0.916602
vt 0.565976 0.917456
vt 0.754455 0.965316
vt 0.760619 0.978433
vt 0.738154 0.985141
vt 0.735429 0.970673
vt 0.464872 0.782990
vt 0.442876 0.780688
vt 0.442876 0.792431
vt 0.461622 0.796564
vt 0.450262 0.838319
vt 0.442876 0.837900
vt 0.442876 0.848886
vt 0.450749 0.848607
vt 0.453167 0.895615
vt 0.454378 0.875497
vt 0.442876 0.875660
vt 0.442876 0.895139
vt 0.450106 0.942650
vt 0.442876 0.942582
vt 0.442876 0.964294
vt 0.442876 0.928436
vt 0.450355 0.928825
vt 0.442876 0.814718
vt 0.458361 0.817390
vt 0.463446 0.836154
vt 0.466135 0.852006
vt 0.470209 0.817279
vt 0.486585 0.791585
vt 0.489140 0.816530
vt 0.717941 0.822148
vt 0.717828 0.800885
vt 0.458867 0.943068
vt 0.479548 0.900451
vt 0.465719 0.897882
vt 0.459863 0.930208
vt 0.467080 0.930837
vt 0.484584 0.879692
vt 0.469657 0.878059
vt 0.518810 0.778908
vt 0.518909 0.807960
vt 0.538007 0.879340
vt 0.515291 0.876408
vt 0.513944 0.896403
vt 0.541619 0.893759
vt 0.510521 0.911531
vt 0.536182 0.906090
vt 0.507354 0.925523
vt 0.491575 0.884452
vt 0.494025 0.898747
vt 0.516902 0.848640
vt 0.549596 0.834788
vt 0.517656 0.832162
vt 0.515991 0.866004
vt 0.486749 0.859784
vt 0.488813 0.839118
vt 0.718812 0.986419
vt 0.718739 0.972535
vt 0.580874 0.838639
vt 0.801507 0.880491
vt 0.816279 0.879609
vt 0.442876 0.767430
vt 0.465607 0.768741
vt 0.442876 0.739920
vt 0.485176 0.772160
vt 0.485502 0.743777
vt 0.531853 0.753532
vt 0.574510 0.768407
vt 0.599965 0.780778
vt 0.607992 0.815181
vt 0.604553 0.789290
vt 0.606698 0.836758
vt 0.604877 0.857690
vt 0.602180 0.876369
vt 0.596085 0.899569
vt 0.589970 0.922290
vt 0.582949 0.942675
vt 0.576417 0.962164
vt 0.543890 0.976615
vt 0.569263 0.968335
vt 0.508649 0.986443
vt 0.472320 0.991033
vt 0.442876 0.992579
vt 0.785066 0.874313
vt 0.779455 0.863002
vt 0.787486 0.899358
vt 0.787921 0.891550
vt 0.785712 0.909402
vt 0.772716 0.935636
vt 0.778370 0.927470
vt 0.782559 0.919047
vt 0.754039 0.844269
vt 0.735296 0.838756
vt 0.762681 0.944293
vt 0.770815 0.854135
vt 0.732422 0.956072
vt 0.748285 0.951912
vt 0.718021 0.837252
vt 0.718657 0.957059
vt 0.787287 0.882834
vt 0.731051 0.857620
vt 0.718128 0.857469
vt 0.744850 0.859256
vt 0.759023 0.862728
vt 0.764874 0.871257
vt 0.768401 0.878746
vt 0.769339 0.886262
vt 0.769433 0.892691
vt 0.769076 0.898500
vt 0.768070 0.906054
vt 0.766238 0.913521
vt 0.763487 0.920011
vt 0.760468 0.928075
vt 0.755663 0.936070
vt 0.744026 0.939426
vt 0.732539 0.941399
vt 0.718579 0.942484
vt 0.746742 0.926490
vt 0.731742 0.927767
vt 0.732952 0.918664
vt 0.748767 0.918125
vt 0.752202 0.879411
vt 0.750148 0.871386
vt 0.752812 0.886998
vt 0.752748 0.893137
vt 0.752344 0.898336
vt 0.751589 0.904931
vt 0.750426 0.912108
vt 0.734830 0.886580
vt 0.734622 0.878560
vt 0.734776 0.893170
vt 0.734531 0.898474
vt 0.734203 0.904897
vt 0.733681 0.912469
vt 0.718282 0.886486
vt 0.718239 0.878371
vt 0.718318 0.893228
vt 0.718346 0.898569
vt 0.718380 0.904925
vt 0.718421 0.912592
vt 0.718454 0.918808
vt 0.718502 0.927990
vt 0.733706 0.868707
vt 0.718184 0.868029
vt 0.488933 0.912594
vt 0.792091 0.855464
vt 0.799093 0.869995
vt 0.810094 0.867357
vt 0.798470 0.850777
vt 0.802476 0.890944
vt 0.802130 0.900206
vt 0.818209 0.902520
vt 0.818554 0.891637
vt 0.800214 0.912169
vt 0.815411 0.916408
vt 0.791562 0.934276
vt 0.784305 0.944595
vt 0.791841 0.951938
vt 0.802508 0.940866
vt 0.796655 0.923841
vt 0.809872 0.929511
vt 0.766262 0.813461
vt 0.740997 0.803154
vt 0.738544 0.824287
vt 0.760974 0.831143
vt 0.415650 0.963836
vt 0.417843 0.943214
vt 0.378240 0.941141
vt 0.378367 0.958359
vt 0.302483 0.818780
vt 0.335320 0.811725
vt 0.329034 0.787642
vt 0.302240 0.793388
vt 0.306834 0.856732
vt 0.308723 0.873928
vt 0.335998 0.870262
vt 0.336300 0.851788
vt 0.311856 0.895400
vt 0.328805 0.892295
vt 0.326063 0.935740
vt 0.324191 0.951590
vt 0.345903 0.951749
vt 0.342876 0.934762
vt 0.771728 0.956034
vt 0.779747 0.966260
vt 0.786986 0.832072
vt 0.781372 0.843628
vt 0.319776 0.917456
vt 0.336122 0.916602
vt 0.754455 0.965316
vt 0.735429 0.970673
vt 0.738154 0.985141
vt 0.760619 0.978433
vt 0.420880 0.782990
vt 0.424130 0.796564
vt 0.435490 0.838319
vt 0.435003 0.848607
vt 0.432585 0.895615
vt 0.431374 0.875497
vt 0.435646 0.942650
vt 0.435397 0.928825
vt 0.427391 0.817390
vt 0.422306 0.836154
vt 0.419617 0.852006
vt 0.415543 0.817279
vt 0.399167 0.791585
vt 0.396612 0.816530
vt 0.717828 0.800885
vt 0.717941 0.822148
vt 0.426885 0.943068
vt 0.406204 0.900451
vt 0.418672 0.930837
vt 0.425889 0.930208
vt 0.420033 0.897882
vt 0.401168 0.879692
vt 0.416095 0.878059
vt 0.366843 0.807960
vt 0.366942 0.778908
vt 0.347745 0.879340
vt 0.344133 0.893759
vt 0.371808 0.896403
vt 0.370461 0.876408
vt 0.349570 0.906090
vt 0.375231 0.911531
vt 0.378398 0.925523
vt 0.391727 0.898747
vt 0.394177 0.884452
vt 0.368850 0.848640
vt 0.368096 0.832162
vt 0.336156 0.834788
vt 0.369761 0.866004
vt 0.399003 0.859784
vt 0.396939 0.839118
vt 0.718739 0.972535
vt 0.718812 0.986419
vt 0.304878 0.838639
vt 0.816279 0.879609
vt 0.801507 0.880491
vt 0.420145 0.768741
vt 0.400576 0.772160
vt 0.400250 0.743777
vt 0.353899 0.753532
vt 0.311242 0.768407
vt 0.285787 0.780778
vt 0.277760 0.815181
vt 0.281199 0.789290
vt 0.279054 0.836758
vt 0.280875 0.857690
vt 0.283572 0.876369
vt 0.289667 0.899569
vt 0.295782 0.922290
vt 0.302803 0.942675
vt 0.309335 0.962164
vt 0.316489 0.968335
vt 0.341862 0.976615
vt 0.377103 0.986443
vt 0.413432 0.991033
vt 0.779455 0.863002
vt 0.785066 0.874313
vt 0.787921 0.891550
vt 0.787486 0.899358
vt 0.785712 0.909402
vt 0.778370 0.927470
vt 0.772716 0.935636
vt 0.782559 0.919047
vt 0.754039 0.844269
vt 0.735296 0.838756
vt 0.762681 0.944293
vt 0.770815 0.854135
vt 0.748285 0.951912
vt 0.732422 0.956072
vt 0.718021 0.837252
vt 0.718657 0.957059
vt 0.787287 0.882834
vt 0.718128 0.857469
vt 0.731051 0.857620
vt 0.744850 0.859256
vt 0.759023 0.862728
vt 0.764874 0.871257
vt 0.768401 0.878746
vt 0.769339 0.886262
vt 0.769433 0.892691
vt 0.769076 0.898500
vt 0.768070 0.906054
vt 0.766238 0.913521
vt 0.763487 0.920011
vt 0.760468 0.928075
vt 0.755663 0.936070
vt 0.744026 0.939426
vt 0.732539 0.941399
vt 0.718579 0.942484
vt 0.746742 0.926490
vt 0.748767 0.918125
vt 0.732952 0.918664
vt 0.731742 0.927767
vt 0.750148 0.871386
vt 0.752202 0.879411
vt 0.752812 0.886998
vt 0.752748 0.893137
vt 0.752344 0.898336
vt 0.751589 0.904931
vt 0.750426 0.912108
vt 0.734622 0.878560
vt 0.734830 0.886580
vt 0.734776 0.893170
vt 0.734531 0.898474
vt 0.734203 0.904897
vt 0.733681 0.912469
vt 0.718239 0.878371
vt 0.718282 0.886486
vt 0.718318 0.893228
vt 0.718346 0.898569
vt 0.718380 0.904925
vt 0.718421 0.912592
vt 0.718454 0.918808
vt 0.718502 0.927990
vt 0.733706 0.868707
vt 0.718184 0.868029
vt 0.396819 0.912594
vt 0.301216 0.756157
vt 0.284456 0.761812
vt 0.281277 0.733177
vt 0.269910 0.756290
vt 0.269375 0.739388
vt 0.270303 0.721792
vt 0.285254 0.717042
vt 0.299258 0.723799
vt 0.307396 0.739704
vt 0.346812 0.694144
vt 0.340377 0.729542
vt 0.324266 0.697329
vt 0.312099 0.712700
vt 0.320948 0.730801
vt 0.330018 0.748868
vt 0.349656 0.748471
vt 0.362427 0.732794
vt 0.363136 0.709877
vt 0.307382 0.759954
vt 0.287091 0.767862
vt 0.269558 0.762639
vt 0.270273 0.715455
vt 0.288182 0.711161
vt 0.305316 0.720198
vt 0.314624 0.739708
vn -0.641221 -0.623155 -0.447788
vn -0.107680 -0.674885 -0.730025
vn 0.110898 -0.991477 -0.068378
vn -0.599240 -0.789402 0.133253
vn -0.107680 -0.674885 -0.730025
vn 0.465384 -0.478927 -0.744343
vn 0.756072 -0.612762 -0.229954
vn 0.110898 -0.991477 -0.068378
vn 0.110898 -0.991477 -0.068378
vn 0.756072 -0.612762 -0.229954
vn 0.769274 -0.521708 0.368834
vn 0.264508 -0.727282 0.633321
vn -0.599240 -0.789402 0.133253
vn 0.110898 -0.991477 -0.068378
vn 0.264508 -0.727282 0.633321
vn -0.337328 -0.665939 0.665383
vn -0.337328 -0.665939 0.665383
vn 0.264508 -0.727282 0.633321
vn 0.267970 -0.082342 0.959902
vn -0.486038 -0.159336 0.859290
vn 0.264508 -0.727282 0.633321
vn 0.769274 -0.521708 0.368834
vn 0.867890 0.017124 0.496461
vn 0.267970 -0.082342 0.959902
vn -0.257831 -0.008316 -0.966154
vn 0.496081 0.069470 -0.865493
vn 0.465384 -0.478927 -0.744343
vn -0.107680 -0.674885 -0.730025
vn -0.857843 -0.106990 -0.502651
vn -0.257831 -0.008316 -0.966154
vn -0.107680 -0.674885 -0.730025
vn -0.641221 -0.623155 -0.447788
vn 0.465384 -0.478927 -0.744343
vn 0.496081 0.069470 -0.865493
vn 0.962420 0.079447 -0.259683
vn 0.756072 -0.612762 -0.229954
vn 0.756072 -0.612762 -0.229954
vn 0.962420 0.079447 -0.259683
vn 0.867890 0.017124 0.496461
vn 0.769274 -0.521708 0.368834
vn -0.857843 -0.106990 -0.502651
vn -0.641221 -0.623155 -0.447788
vn -0.599240 -0.789402 0.133253
vn -0.952280 -0.170101 0.253432
vn -0.952280 -0.170101 0.253432
vn -0.599240 -0.789402 0.133253
vn -0.337328 -0.665939 0.665383
vn -0.486038 -0.159336 0.859290
vn -0.421834 -0.453720 0.784981
vn 0.284678 -0.346034 0.893991
vn 0.285113 -0.470207 0.835234
vn -0.393567 -0.536589 0.746443
vn 0.284678 -0.346034 0.893991
vn 0.848062 -0.288219 0.444659
vn 0.825269 -0.377743 0.419811
vn 0.285113 -0.470207 0.835234
vn -0.215140 -0.275660 -0.936871
vn -0.770567 -0.404625 -0.492448
vn -0.728275 -0.489467 -0.479623
vn -0.187370 -0.403693 -0.895503
vn 0.499329 -0.239116 -0.832763
vn -0.215140 -0.275660 -0.936871
vn -0.187370 -0.403693 -0.895503
vn 0.490561 -0.330617 -0.806252
vn 0.944800 -0.192245 -0.265319
vn 0.499329 -0.239116 -0.832763
vn 0.490561 -0.330617 -0.806252
vn 0.909137 -0.324831 -0.260680
vn 0.848062 -0.288219 0.444659
vn 0.944800 -0.192245 -0.265319
vn 0.909137 -0.324831 -0.260680
vn 0.825269 -0.377743 0.419811
vn -0.770567 -0.404625 -0.492448
vn -0.875266 -0.429455 0.222436
vn -0.811394 -0.549071 0.200401
vn -0.728275 -0.489467 -0.479623
vn -0.875266 -0.429455 0.222436
vn -0.421834 -0.453720 0.784981
vn -0.393567 -0.536589 0.746443
vn -0.811394 -0.549071 0.200401
vn -0.393567 -0.536589 0.746443
vn 0.285113 -0.470207 0.835234
vn 0.119603 0.641079 0.758098
vn -0.439847 0.577192 0.688030
vn 0.285113 -0.470207 0.835234
vn 0.825269 -0.377743 0.419811
vn 0.568600 0.708630 0.417777
vn 0.119603 0.641079 0.758098
vn -0.187370 -0.403693 -0.895503
vn -0.728275 -0.489467 -0.479623
vn -0.716785 0.616180 -0.326407
vn -0.269138 0.695808 -0.665894
vn 0.490561 -0.330617 -0.806252
vn -0.187370 -0.403693 -0.895503
vn -0.269138 0.695808 -0.665894
vn 0.291663 0.747620 -0.596655
vn 0.909137 -0.324831 -0.260680
vn 0.490561 -0.330617 -0.806252
vn 0.291663 0.747620 -0.596655
vn 0.633026 0.760699 -0.143580
vn 0.825269 -0.377743 0.419811
vn 0.909137 -0.324831 -0.260680
vn 0.633026 0.760699 -0.143580
vn 0.568600 0.708630 0.417777
vn -0.728275 -0.489467 -0.479623
vn -0.811394 -0.549071 0.200401
vn -0.782566 0.576193 0.235779
vn -0.716785 0.616180 -0.326407
vn -0.811394 -0.549071 0.200401
vn -0.393567 -0.536589 0.746443
vn -0.439847 0.577192 0.688030
vn -0.782566 0.576193 0.235779
vn -0.439847 0.577192 0.688030
vn 0.119603 0.641079 0.758098
vn -0.110895 0.991477 0.068380
vn 0.119603 0.641079 0.758098
vn 0.568600 0.708630 0.417777
vn -0.110895 0.991477 0.068380
vn -0.269138 0.695808 -0.665894
vn -0.716785 0.616180 -0.326407
vn -0.110895 0.991477 0.068380
vn 0.291663 0.747620 -0.596655
vn -0.269138 0.695808 -0.665894
vn -0.110895 0.991477 0.068380
vn 0.633026 0.760699 -0.143580
vn 0.291663 0.747620 -0.596655
vn -0.110895 0.991477 0.068380
vn 0.568600 0.708630 0.417777
vn 0.633026 0.760699 -0.143580
vn -0.110895 0.991477 0.068380
vn -0.716785 0.616180 -0.326407
vn -0.782566 0.576193 0.235779
vn -0.110895 0.991477 0.068380
vn -0.782566 0.576193 0.235779
vn -0.439847 0.577192 0.688030
vn -0.110895 0.991477 0.068380
vn 0.263177 -0.037052 0.964036
vn 0.263178 -0.037052 0.964036
vn 0.863753 0.062121 0.500072
vn 0.863754 0.062120 0.500070
vn 0.263178 -0.037052 0.964036
vn 0.263177 -0.037052 0.964036
vn -0.491561 -0.114521 0.863280
vn -0.491570 -0.114520 0.863275
vn -0.491570 -0.114520 0.863275
vn -0.491561 -0.114521 0.863280
vn -0.958353 -0.124905 0.256824
vn -0.958353 -0.124904 0.256826
vn -0.958353 -0.124904 0.256826
vn -0.958353 -0.124905 0.256824
vn -0.863753 -0.062121 -0.500072
vn -0.863758 -0.062122 -0.500063
vn -0.863758 -0.062122 -0.500063
vn -0.863753 -0.062121 -0.500072
vn -0.263177 0.037053 -0.964036
vn -0.263178 0.037052 -0.964036
vn -0.263178 0.037052 -0.964036
vn -0.263177 0.037053 -0.964036
vn 0.491562 0.114519 -0.863280
vn 0.491560 0.114521 -0.863281
vn 0.491560 0.114521 -0.863281
vn 0.491562 0.114519 -0.863280
vn 0.958353 0.124903 -0.256826
vn 0.958352 0.124905 -0.256826
vn 0.958352 0.124905 -0.256826
vn 0.958353 0.124903 -0.256826
vn 0.863754 0.062120 0.500070
vn 0.863753 0.062121 0.500072
vn -0.486038 -0.159336 0.859290
vn 0.267970 -0.082342 0.959902
vn 0.263178 -0.037052 0.964036
vn -0.491570 -0.114520 0.863275
vn 0.267970 -0.082342 0.959902
vn 0.867890 0.017124 0.496461
vn 0.863753 0.062121 0.500072
vn 0.263178 -0.037052 0.964036
vn -0.257831 -0.008316 -0.966154
vn -0.857843 -0.106990 -0.502651
vn -0.863758 -0.062122 -0.500063
vn -0.263178 0.037052 -0.964036
vn 0.496081 0.069470 -0.865493
vn -0.257831 -0.008316 -0.966154
vn -0.263178 0.037052 -0.964036
vn 0.491560 0.114521 -0.863281
vn 0.962420 0.079447 -0.259683
vn 0.496081 0.069470 -0.865493
vn 0.491560 0.114521 -0.863281
vn 0.958352 0.124905 -0.256826
vn 0.867890 0.017124 0.496461
vn 0.962420 0.079447 -0.259683
vn 0.958352 0.124905 -0.256826
vn 0.863753 0.062121 0.500072
vn -0.857843 -0.106990 -0.502651
vn -0.952280 -0.170101 0.253432
vn -0.958353 -0.124904 0.256826
vn -0.863758 -0.062122 -0.500063
vn -0.952280 -0.170101 0.253432
vn -0.486038 -0.159336 0.859290
vn -0.491570 -0.114520 0.863275
vn -0.958353 -0.124904 0.256826
vn -0.491561 -0.114521 0.863280
vn 0.263177 -0.037052 0.964036
vn 0.284678 -0.346034 0.893991
vn -0.421834 -0.453720 0.784981
vn -0.958353 -0.124905 0.256824
vn -0.491561 -0.114521 0.863280
vn -0.421834 -0.453720 0.784981
vn -0.875266 -0.429455 0.222436
vn -0.863753 -0.062121 -0.500072
vn -0.958353 -0.124905 0.256824
vn -0.875266 -0.429455 0.222436
vn -0.770567 -0.404625 -0.492448
vn -0.263177 0.037053 -0.964036
vn -0.863753 -0.062121 -0.500072
vn -0.770567 -0.404625 -0.492448
vn -0.215140 -0.275660 -0.936871
vn 0.491562 0.114519 -0.863280
vn -0.263177 0.037053 -0.964036
vn -0.215140 -0.275660 -0.936871
vn 0.499329 -0.239116 -0.832763
vn 0.958353 0.124903 -0.256826
vn 0.491562 0.114519 -0.863280
vn 0.499329 -0.239116 -0.832763
vn 0.944800 -0.192245 -0.265319
vn 0.863754 0.062120 0.500070
vn 0.958353 0.124903 -0.256826
vn 0.944800 -0.192245 -0.265319
vn 0.848062 -0.288219 0.444659
vn 0.263177 -0.037052 0.964036
vn 0.863754 0.062120 0.500070
vn 0.848062 -0.288219 0.444659
vn 0.284678 -0.346034 0.893991
vn 0.228127 0.206186 0.951549
vn 0.282288 -0.278050 0.918151
vn 0.866066 -0.167967 0.470869
vn 0.814968 0.288866 0.502377
vn 0.282288 -0.278050 0.918151
vn 0.228127 0.206186 0.951549
vn -0.503892 0.116989 0.855808
vn -0.452793 -0.339863 0.824301
vn -0.452793 -0.339863 0.824301
vn -0.503892 0.116989 0.855808
vn -0.956418 0.121007 0.265747
vn -0.902256 -0.363244 0.232351
vn -0.902256 -0.363244 0.232351
vn -0.956418 0.121007 0.265747
vn -0.866065 0.167978 -0.470866
vn -0.814967 -0.288875 -0.502374
vn -0.814967 -0.288875 -0.502374
vn -0.866065 0.167978 -0.470866
vn -0.282292 0.278049 -0.918150
vn -0.228128 -0.206192 -0.951547
vn -0.228128 -0.206192 -0.951547
vn -0.282292 0.278049 -0.918150
vn 0.452792 0.339866 -0.824300
vn 0.503892 -0.116983 -0.855808
vn 0.503892 -0.116983 -0.855808
vn 0.452792 0.339866 -0.824300
vn 0.902260 0.363237 -0.232350
vn 0.956421 -0.120987 -0.265747
vn 0.956421 -0.120987 -0.265747
vn 0.902260 0.363237 -0.232350
vn 0.814968 0.288866 0.502377
vn 0.866066 -0.167967 0.470869
vn 0.282288 -0.278050 0.918151
vn 0.110903 -0.991478 -0.068355
vn 0.110909 -0.991476 -0.068365
vn 0.866066 -0.167967 0.470869
vn 0.814968 0.288866 0.502377
vn -0.110886 0.991477 0.068389
vn -0.110886 0.991478 0.068373
vn 0.228127 0.206186 0.951549
vn 0.228127 0.206186 0.951549
vn -0.110886 0.991478 0.068373
vn -0.110869 0.991482 0.068346
vn -0.503892 0.116989 0.855808
vn -0.452793 -0.339863 0.824301
vn 0.110891 -0.991478 -0.068368
vn 0.110903 -0.991478 -0.068355
vn 0.282288 -0.278050 0.918151
vn -0.503892 0.116989 0.855808
vn -0.110869 0.991482 0.068346
vn -0.110858 0.991482 0.068362
vn -0.956418 0.121007 0.265747
vn -0.902256 -0.363244 0.232351
vn 0.110903 -0.991476 -0.068375
vn 0.110891 -0.991478 -0.068368
vn -0.452793 -0.339863 0.824301
vn -0.956418 0.121007 0.265747
vn -0.110858 0.991482 0.068362
vn -0.110895 0.991479 0.068358
vn -0.866065 0.167978 -0.470866
vn -0.814967 -0.288875 -0.502374
vn 0.110911 -0.991476 -0.068372
vn 0.110903 -0.991476 -0.068375
vn -0.902256 -0.363244 0.232351
vn -0.866065 0.167978 -0.470866
vn -0.110895 0.991479 0.068358
vn -0.110906 0.991478 0.068351
vn -0.282292 0.278049 -0.918150
vn -0.228128 -0.206192 -0.951547
vn 0.110903 -0.991476 -0.068377
vn 0.110911 -0.991476 -0.068372
vn -0.814967 -0.288875 -0.502374
vn -0.282292 0.278049 -0.918150
vn -0.110906 0.991478 0.068351
vn -0.110908 0.991475 0.068381
vn 0.452792 0.339866 -0.824300
vn 0.503892 -0.116983 -0.855808
vn 0.110892 -0.991477 -0.068385
vn 0.110903 -0.991476 -0.068377
vn -0.228128 -0.206192 -0.951547
vn 0.452792 0.339866 -0.824300
vn -0.110908 0.991475 0.068381
vn -0.110908 0.991475 0.068388
vn 0.902260 0.363237 -0.232350
vn 0.956421 -0.120987 -0.265747
vn 0.110893 -0.991477 -0.068382
vn 0.110892 -0.991477 -0.068385
vn 0.503892 -0.116983 -0.855808
vn 0.902260 0.363237 -0.232350
vn -0.110908 0.991475 0.068388
vn -0.110886 0.991477 0.068389
vn 0.814968 0.288866 0.502377
vn 0.866066 -0.167967 0.470869
vn 0.110909 -0.991476 -0.068365
vn 0.110893 -0.991477 -0.068382
vn 0.956421 -0.120987 -0.265747
vn -0.800072 0.575067 -0.170831
vn -0.369722 0.798918 0.474379
vn -0.347834 0.875092 -0.336489
vn -0.369722 0.798918 0.474379
vn 0.436932 0.823177 0.362589
vn 0.160020 0.981324 -0.106753
vn -0.369722 0.798918 0.474379
vn 0.301541 0.502188 0.810481
vn 0.436932 0.823177 0.362589
vn -0.658547 0.095926 0.746401
vn -0.146192 0.192431 0.970360
vn -0.369722 0.798918 0.474379
vn -0.930967 0.244347 0.271284
vn -0.369722 0.798918 0.474379
vn -0.800072 0.575067 -0.170831
vn -0.369722 0.798918 0.474379
vn 0.160020 0.981324 -0.106753
vn -0.347834 0.875092 -0.336489
vn -0.146192 0.192431 0.970360
vn 0.301541 0.502188 0.810481
vn -0.369722 0.798918 0.474379
vn -0.658547 0.095926 0.746401
vn -0.369722 0.798918 0.474379
vn -0.930967 0.244347 0.271284
vn 0.278587 0.928964 -0.243753
vn 0.645419 0.300529 -0.702223
vn 0.989282 0.064768 -0.130871
vn 0.599280 0.746662 0.288720
vn 0.599280 0.746662 0.288720
vn 0.989282 0.064768 -0.130871
vn 0.823784 -0.318045 0.469284
vn 0.452086 0.381155 0.806436
vn -0.298526 0.806054 -0.511037
vn 0.023246 0.128671 -0.991415
vn 0.645419 0.300529 -0.702223
vn 0.278587 0.928964 -0.243753
vn -0.821900 0.465431 -0.328412
vn -0.581043 -0.225118 -0.782119
vn 0.023246 0.128671 -0.991415
vn -0.298526 0.806054 -0.511037
vn 0.452086 0.381155 0.806436
vn 0.823784 -0.318045 0.469284
vn 0.281301 -0.713238 0.641998
vn -0.060591 0.025750 0.997831
vn -0.980077 0.086576 0.178755
vn -0.720289 -0.646978 -0.250206
vn -0.581043 -0.225118 -0.782119
vn -0.821900 0.465431 -0.328412
vn 0.660385 0.185966 -0.727536
vn 0.160020 0.981324 -0.106753
vn 0.436932 0.823177 0.362589
vn 0.988335 0.000394 -0.152292
vn 0.832403 -0.396375 0.387288
vn 0.988335 0.000394 -0.152292
vn 0.436932 0.823177 0.362589
vn 0.301541 0.502188 0.810481
vn -0.334505 -0.890155 0.309404
vn -0.658547 0.095926 0.746401
vn -0.930967 0.244347 0.271284
vn -0.664952 -0.699184 -0.262641
vn -0.664952 -0.699184 -0.262641
vn -0.930967 0.244347 0.271284
vn -0.800072 0.575067 -0.170831
vn -0.506523 -0.307803 -0.805414
vn -0.665712 -0.092440 0.740461
vn -0.400185 -0.830446 0.387571
vn -0.720289 -0.646978 -0.250206
vn -0.980077 0.086576 0.178755
vn -0.334505 -0.890155 0.309404
vn 0.283546 -0.761936 0.582285
vn -0.146192 0.192431 0.970360
vn -0.658547 0.095926 0.746401
vn -0.506523 -0.307803 -0.805414
vn -0.800072 0.575067 -0.170831
vn -0.347834 0.875092 -0.336489
vn 0.039837 0.063147 -0.997209
vn -0.665712 -0.092440 0.740461
vn -0.060591 0.025750 0.997831
vn 0.281301 -0.713238 0.641998
vn -0.400185 -0.830446 0.387571
vn 0.283546 -0.761936 0.582285
vn 0.832403 -0.396375 0.387288
vn 0.301541 0.502188 0.810481
vn -0.146192 0.192431 0.970360
vn 0.039837 0.063147 -0.997209
vn -0.347834 0.875092 -0.336489
vn 0.160020 0.981324 -0.106753
vn 0.660385 0.185966 -0.727536
vn 0.653287 -0.141072 -0.743852
vn 0.369722 -0.798920 -0.474376
vn -0.265923 -0.530032 -0.805202
vn 0.102824 -0.086700 -0.990914
vn -0.265923 -0.530032 -0.805202
vn -0.745791 0.049337 -0.664351
vn -0.135499 0.458735 -0.878181
vn 0.102824 -0.086700 -0.990914
vn -0.135499 0.458735 -0.878181
vn 0.554167 0.599411 -0.577586
vn 0.653287 -0.141072 -0.743852
vn 0.102824 -0.086700 -0.990914
vn -0.130423 -0.988769 0.072980
vn -0.537072 -0.778842 -0.323974
vn -0.265923 -0.530032 -0.805202
vn 0.369722 -0.798920 -0.474376
vn 0.653287 -0.141072 -0.743852
vn 0.963990 -0.143671 -0.223789
vn 0.788788 -0.599807 0.134332
vn 0.369722 -0.798920 -0.474376
vn 0.788788 -0.599807 0.134332
vn 0.324096 -0.835810 0.443153
vn -0.130423 -0.988769 0.072980
vn 0.369722 -0.798920 -0.474376
vn -0.265923 -0.530032 -0.805202
vn -0.537072 -0.778842 -0.323974
vn -0.919210 -0.388959 -0.061351
vn -0.745791 0.049337 -0.664351
vn -0.828749 0.476985 -0.292678
vn -0.291831 0.778488 -0.555689
vn -0.135499 0.458735 -0.878181
vn -0.745791 0.049337 -0.664351
vn -0.919210 -0.388959 -0.061351
vn -0.985221 0.032812 0.168116
vn -0.828749 0.476985 -0.292678
vn -0.745791 0.049337 -0.664351
vn -0.130423 -0.988769 0.072980
vn -0.554166 -0.599411 0.577586
vn -0.919210 -0.388959 -0.061351
vn -0.537072 -0.778842 -0.323974
vn 0.653287 -0.141072 -0.743852
vn 0.554167 0.599411 -0.577586
vn 0.919210 0.388960 0.061348
vn 0.963990 -0.143671 -0.223789
vn 0.919210 0.388960 0.061348
vn 0.745791 -0.049337 0.664350
vn 0.788788 -0.599807 0.134332
vn 0.963990 -0.143671 -0.223789
vn -0.135499 0.458735 -0.878181
vn -0.291831 0.778488 -0.555689
vn 0.261358 0.938971 -0.223666
vn 0.554167 0.599411 -0.577586
vn 0.261358 0.938971 -0.223666
vn 0.640746 0.716796 0.275044
vn 0.919210 0.388960 0.061348
vn 0.554167 0.599411 -0.577586
vn -0.130423 -0.988769 0.072980
vn 0.324096 -0.835810 0.443153
vn 0.135499 -0.458735 0.878181
vn -0.554166 -0.599411 0.577586
vn -0.554166 -0.599411 0.577586
vn -0.666151 -0.064270 0.743043
vn -0.985221 0.032812 0.168116
vn -0.919210 -0.388959 -0.061351
vn 0.135499 -0.458735 0.878181
vn -0.053425 -0.028831 0.998156
vn -0.666151 -0.064270 0.743043
vn -0.554166 -0.599411 0.577586
vn 0.788788 -0.599807 0.134332
vn 0.745791 -0.049337 0.664350
vn 0.135499 -0.458735 0.878181
vn 0.324096 -0.835810 0.443153
vn 0.919210 0.388960 0.061348
vn 0.640746 0.716796 0.275044
vn 0.418286 0.394491 0.818177
vn 0.745791 -0.049337 0.664350
vn 0.418286 0.394491 0.818177
vn -0.053425 -0.028831 0.998156
vn 0.135499 -0.458735 0.878181
vn 0.745791 -0.049337 0.664350
vn -0.400185 -0.830446 0.387571
vn -0.334505 -0.890155 0.309404
vn -0.664952 -0.699184 -0.262641
vn -0.720289 -0.646978 -0.250206
vn -0.664952 -0.699184 -0.262641
vn -0.506523 -0.307803 -0.805414
vn -0.581043 -0.225118 -0.782119
vn -0.720289 -0.646978 -0.250206
vn -0.400185 -0.830446 0.387571
vn 0.281301 -0.713238 0.641998
vn 0.283546 -0.761936 0.582285
vn -0.334505 -0.890155 0.309404
vn 0.039837 0.063147 -0.997209
vn 0.023246 0.128671 -0.991415
vn -0.581043 -0.225118 -0.782119
vn -0.506523 -0.307803 -0.805414
vn 0.823784 -0.318045 0.469284
vn 0.832403 -0.396375 0.387288
vn 0.283546 -0.761936 0.582285
vn 0.281301 -0.713238 0.641998
vn 0.039837 0.063147 -0.997209
vn 0.660385 0.185966 -0.727536
vn 0.645419 0.300529 -0.702223
vn 0.023246 0.128671 -0.991415
vn 0.823784 -0.318045 0.469284
vn 0.989282 0.064768 -0.130871
vn 0.988335 0.000394 -0.152292
vn 0.832403 -0.396375 0.387288
vn 0.988335 0.000394 -0.152292
vn 0.989282 0.064768 -0.130871
vn 0.645419 0.300529 -0.702223
vn 0.660385 0.185966 -0.727536
vn 0.640746 0.716796 0.275044
vn 0.599280 0.746662 0.288720
vn 0.452086 0.381155 0.806436
vn 0.418286 0.394491 0.818177
vn -0.053425 -0.028831 0.998156
vn -0.060591 0.025750 0.997831
vn -0.665712 -0.092440 0.740461
vn -0.666151 -0.064270 0.743043
vn -0.298526 0.806054 -0.511037
vn -0.291831 0.778488 -0.555689
vn -0.828749 0.476985 -0.292678
vn -0.821900 0.465431 -0.328412
vn -0.980077 0.086576 0.178755
vn -0.985221 0.032812 0.168116
vn -0.666151 -0.064270 0.743043
vn -0.665712 -0.092440 0.740461
vn 0.278587 0.928964 -0.243753
vn 0.599280 0.746662 0.288720
vn 0.640746 0.716796 0.275044
vn 0.261358 0.938971 -0.223666
vn -0.298526 0.806054 -0.511037
vn 0.278587 0.928964 -0.243753
vn 0.261358 0.938971 -0.223666
vn -0.291831 0.778488 -0.555689
vn -0.980077 0.086576 0.178755
vn -0.821900 0.465431 -0.328412
vn -0.828749 0.476985 -0.292678
vn -0.985221 0.032812 0.168116
vn 0.452086 0.381155 0.806436
vn -0.060591 0.025750 0.997831
vn -0.053425 -0.028831 0.998156
vn 0.418286 0.394491 0.818177
vn -0.627679 -0.386158 0.675945
vn -0.447106 -0.776361 0.444252
vn 0.217032 -0.630458 0.745265
vn 0.046676 -0.262330 0.963849
vn -0.447106 -0.776361 0.444252
vn -0.627679 -0.386158 0.675945
vn -0.979662 -0.194431 0.049586
vn -0.809300 -0.562558 -0.169001
vn -0.809300 -0.562558 -0.169001
vn -0.979662 -0.194431 0.049586
vn -0.813499 0.242944 -0.528391
vn -0.632925 -0.147254 -0.760081
vn -0.632925 -0.147254 -0.760081
vn -0.813499 0.242944 -0.528391
vn -0.217029 0.630455 -0.745269
vn -0.046680 0.262326 -0.963850
vn -0.046680 0.262326 -0.963850
vn -0.217029 0.630455 -0.745269
vn 0.447105 0.776353 -0.444267
vn 0.627676 0.386160 -0.675946
vn 0.627676 0.386160 -0.675946
vn 0.447105 0.776353 -0.444267
vn 0.809303 0.562561 0.168982
vn 0.979662 0.194430 -0.049597
vn 0.979662 0.194430 -0.049597
vn 0.809303 0.562561 0.168982
vn 0.632926 0.147252 0.760080
vn 0.813501 -0.242939 0.528391
vn 0.813501 -0.242939 0.528391
vn 0.632926 0.147252 0.760080
vn 0.046676 -0.262330 0.963849
vn 0.217032 -0.630458 0.745265
vn -0.447106 -0.776361 0.444252
vn 0.369722 -0.798924 -0.474370
vn 0.369724 -0.798926 -0.474363
vn 0.217032 -0.630458 0.745265
vn 0.046676 -0.262330 0.963849
vn -0.369728 0.798923 0.474367
vn -0.369725 0.798913 0.474385
vn -0.627679 -0.386158 0.675945
vn -0.627679 -0.386158 0.675945
vn -0.369725 0.798913 0.474385
vn -0.369735 0.798912 0.474379
vn -0.979662 -0.194431 0.049586
vn -0.809300 -0.562558 -0.169001
vn 0.369715 -0.798920 -0.474382
vn 0.369722 -0.798924 -0.474370
vn -0.447106 -0.776361 0.444252
vn -0.979662 -0.194431 0.049586
vn -0.369735 0.798912 0.474379
vn -0.369730 0.798916 0.474377
vn -0.813499 0.242944 -0.528391
vn -0.632925 -0.147254 -0.760081
vn 0.369696 -0.798914 -0.474407
vn 0.369715 -0.798920 -0.474382
vn -0.809300 -0.562558 -0.169001
vn -0.813499 0.242944 -0.528391
vn -0.369730 0.798916 0.474377
vn -0.369725 0.798908 0.474394
vn -0.217029 0.630455 -0.745269
vn -0.046680 0.262326 -0.963850
vn 0.369709 -0.798906 -0.474410
vn 0.369696 -0.798914 -0.474407
vn -0.632925 -0.147254 -0.760081
vn -0.217029 0.630455 -0.745269
vn -0.369725 0.798908 0.474394
vn -0.369730 0.798907 0.474391
vn 0.447105 0.776353 -0.444267
vn 0.627676 0.386160 -0.675946
vn 0.369717 -0.798919 -0.474382
vn 0.369709 -0.798906 -0.474410
vn -0.046680 0.262326 -0.963850
vn 0.447105 0.776353 -0.444267
vn -0.369730 0.798907 0.474391
vn -0.369736 0.798911 0.474380
vn 0.809303 0.562561 0.168982
vn 0.979662 0.194430 -0.049597
vn 0.369708 -0.798927 -0.474375
vn 0.369717 -0.798919 -0.474382
vn 0.627676 0.386160 -0.675946
vn 0.809303 0.562561 0.168982
vn -0.369736 0.798911 0.474380
vn -0.369739 0.798918 0.474366
vn 0.632926 0.147252 0.760080
vn 0.813501 -0.242939 0.528391
vn 0.369722 -0.798923 -0.474371
vn 0.369708 -0.798927 -0.474375
vn 0.979662 0.194430 -0.049597
vn 0.632926 0.147252 0.760080
vn -0.369739 0.798918 0.474366
vn -0.369728 0.798923 0.474367
vn 0.046676 -0.262330 0.963849
vn 0.217032 -0.630458 0.745265
vn 0.369724 -0.798926 -0.474363
vn 0.369722 -0.798923 -0.474371
vn 0.813501 -0.242939 0.528391
vn -0.012499 -0.122427 -0.992399
vn 0.166322 -0.138806 -0.976253
vn 0.119812 -0.263547 -0.957177
vn -0.057942 -0.206924 -0.976640
vn -0.195389 -0.120802 -0.973258
vn -0.012499 -0.122427 -0.992399
vn -0.057942 -0.206924 -0.976640
vn -0.266938 -0.173038 -0.948052
vn -0.987779 -0.145959 -0.054668
vn -0.195389 -0.120802 -0.973258
vn -0.266938 -0.173038 -0.948052
vn -0.950971 0.308009 0.028003
vn -0.156884 0.068347 0.985249
vn -0.987779 -0.145959 -0.054668
vn -0.950971 0.308009 0.028003
vn -0.031927 0.303367 0.952339
vn 0.028060 0.056479 0.998010
vn -0.156884 0.068347 0.985249
vn -0.031927 0.303367 0.952339
vn 0.131334 0.168535 0.976907
vn 0.202834 0.011429 0.979146
vn 0.028060 0.056479 0.998010
vn 0.131334 0.168535 0.976907
vn 0.273047 0.042228 0.961073
vn 0.952507 -0.301863 -0.040117
vn 0.202834 0.011429 0.979146
vn 0.273047 0.042228 0.961073
vn 0.867754 -0.496847 0.012084
vn 0.166322 -0.138806 -0.976253
vn 0.952507 -0.301863 -0.040117
vn 0.867754 -0.496847 0.012084
vn 0.119812 -0.263547 -0.957177
vn -0.057942 -0.206924 -0.976640
vn 0.119812 -0.263547 -0.957177
vn -0.014985 -0.310216 -0.950548
vn -0.121328 -0.144375 -0.982057
vn -0.266938 -0.173038 -0.948052
vn -0.057942 -0.206924 -0.976640
vn -0.121328 -0.144375 -0.982057
vn -0.250391 0.037052 -0.967435
vn -0.950971 0.308009 0.028003
vn -0.266938 -0.173038 -0.948052
vn -0.250391 0.037052 -0.967435
vn -0.528602 0.846334 0.065564
vn -0.031927 0.303367 0.952339
vn -0.950971 0.308009 0.028003
vn -0.528602 0.846334 0.065564
vn 0.036590 0.258793 0.965239
vn 0.131334 0.168535 0.976907
vn -0.031927 0.303367 0.952339
vn 0.036590 0.258793 0.965239
vn 0.107253 0.035762 0.993588
vn 0.273047 0.042228 0.961073
vn 0.131334 0.168535 0.976907
vn 0.107253 0.035762 0.993588
vn 0.174501 -0.159503 0.971652
vn 0.867754 -0.496847 0.012084
vn 0.273047 0.042228 0.961073
vn 0.174501 -0.159503 0.971652
vn 0.415976 -0.908286 0.044494
vn 0.119812 -0.263547 -0.957177
vn 0.867754 -0.496847 0.012084
vn 0.415976 -0.908286 0.044494
vn -0.014985 -0.310216 -0.950548
vn -0.121328 -0.144375 -0.982057
vn -0.014985 -0.310216 -0.950548
vn -0.126423 -0.267907 -0.955114
vn -0.119193 -0.051775 -0.991520
vn -0.250391 0.037052 -0.967435
vn -0.121328 -0.144375 -0.982057
vn -0.119193 -0.051775 -0.991520
vn -0.125866 0.179060 -0.975754
vn -0.528602 0.846334 0.065564
vn -0.250391 0.037052 -0.967435
vn -0.125866 0.179060 -0.975754
vn -0.147276 0.988204 0.041975
vn 0.036590 0.258793 0.965239
vn -0.528602 0.846334 0.065564
vn -0.147276 0.988204 0.041975
vn 0.036719 0.214906 0.975944
vn 0.107253 0.035762 0.993588
vn 0.036590 0.258793 0.965239
vn 0.036719 0.214906 0.975944
vn 0.023843 -0.018264 0.999549
vn 0.174501 -0.159503 0.971652
vn 0.107253 0.035762 0.993588
vn 0.023843 -0.018264 0.999549
vn -0.003158 -0.240179 0.970723
vn 0.415976 -0.908286 0.044494
vn 0.174501 -0.159503 0.971652
vn -0.003158 -0.240179 0.970723
vn -0.186103 -0.982278 0.022240
vn -0.014985 -0.310216 -0.950548
vn 0.415976 -0.908286 0.044494
vn -0.186103 -0.982278 0.022240
vn -0.126423 -0.267907 -0.955114
vn -0.119193 -0.051775 -0.991520
vn -0.126423 -0.267907 -0.955114
vn -0.107365 -0.184712 -0.976911
vn -0.057617 0.007703 -0.998309
vn -0.125866 0.179060 -0.975754
vn -0.119193 -0.051775 -0.991520
vn -0.057617 0.007703 -0.998309
vn 0.005113 0.194402 -0.980909
vn -0.147276 0.988204 0.041975
vn -0.125866 0.179060 -0.975754
vn 0.005113 0.194402 -0.980909
vn 0.253879 0.967189 0.009552
vn 0.036719 0.214906 0.975944
vn -0.147276 0.988204 0.041975
vn 0.253879 0.967189 0.009552
vn 0.034451 0.189968 0.981186
vn 0.023843 -0.018264 0.999549
vn 0.036719 0.214906 0.975944
vn 0.034451 0.189968 0.981186
vn -0.024622 0.003470 0.999691
vn -0.003158 -0.240179 0.970723
vn 0.023843 -0.018264 0.999549
vn -0.024622 0.003470 0.999691
vn -0.072539 -0.188891 0.979315
vn -0.186103 -0.982278 0.022240
vn -0.003158 -0.240179 0.970723
vn -0.072539 -0.188891 0.979315
vn -0.317917 -0.948059 0.010637
vn -0.126423 -0.267907 -0.955114
vn -0.186103 -0.982278 0.022240
vn -0.317917 -0.948059 0.010637
vn -0.107365 -0.184712 -0.976911
vn -0.057617 0.007703 -0.998309
vn -0.107365 -0.184712 -0.976911
vn 0.007423 -0.111261 -0.993764
vn -0.045445 0.032203 -0.998448
vn 0.005113 0.194402 -0.980909
vn -0.057617 0.007703 -0.998309
vn -0.045445 0.032203 -0.998448
vn -0.054253 0.166228 -0.984594
vn 0.253879 0.967189 0.009552
vn 0.005113 0.194402 -0.980909
vn -0.054253 0.166228 -0.984594
vn -0.178418 0.983952 0.002216
vn 0.034451 0.189968 0.981186
vn 0.253879 0.967189 0.009552
vn -0.178418 0.983952 0.002216
vn -0.059142 0.165099 0.984502
vn -0.024622 0.003470 0.999691
vn 0.034451 0.189968 0.981186
vn -0.059142 0.165099 0.984502
vn -0.051195 0.030964 0.998209
vn -0.072539 -0.188891 0.979315
vn -0.024622 0.003470 0.999691
vn -0.051195 0.030964 0.998209
vn 0.000455 -0.112685 0.993631
vn -0.317917 -0.948059 0.010637
vn -0.072539 -0.188891 0.979315
vn 0.000455 -0.112685 0.993631
vn 0.349687 -0.936865 0.001771
vn -0.107365 -0.184712 -0.976911
vn -0.317917 -0.948059 0.010637
vn 0.349687 -0.936865 0.001771
vn 0.007423 -0.111261 -0.993764
vn -0.045445 0.032203 -0.998448
vn 0.007423 -0.111261 -0.993764
vn 0.043488 -0.144243 -0.988586
vn 0.001754 -0.022369 -0.999748
vn -0.054253 0.166228 -0.984594
vn -0.045445 0.032203 -0.998448
vn 0.001754 -0.022369 -0.999748
vn -0.072246 0.099391 -0.992422
vn -0.178418 0.983952 0.002216
vn -0.054253 0.166228 -0.984594
vn -0.072246 0.099391 -0.992422
vn -0.646457 0.762950 -0.000968
vn -0.059142 0.165099 0.984502
vn -0.178418 0.983952 0.002216
vn -0.646457 0.762950 -0.000968
vn -0.079851 0.097431 0.992034
vn -0.051195 0.030964 0.998209
vn -0.059142 0.165099 0.984502
vn -0.079851 0.097431 0.992034
vn -0.006429 -0.024449 0.999680
vn 0.000455 -0.112685 0.993631
vn -0.051195 0.030964 0.998209
vn -0.006429 -0.024449 0.999680
vn 0.034802 -0.146468 0.988603
vn 0.349687 -0.936865 0.001771
vn 0.000455 -0.112685 0.993631
vn 0.034802 -0.146468 0.988603
vn 0.305903 -0.952058 -0.002962
vn 0.007423 -0.111261 -0.993764
vn 0.349687 -0.936865 0.001771
vn 0.305903 -0.952058 -0.002962
vn 0.043488 -0.144243 -0.988586
vn -0.028978 -0.040876 -0.998744
vn -0.116316 -0.282957 -0.952054
vn -0.265345 -0.199912 -0.943201
vn -0.068732 -0.004937 -0.997623
vn 0.044848 0.228912 -0.972413
vn -0.028978 -0.040876 -0.998744
vn -0.068732 -0.004937 -0.997623
vn 0.123450 0.226103 -0.966249
vn 0.142525 0.989788 0.002503
vn 0.044848 0.228912 -0.972413
vn 0.123450 0.226103 -0.966249
vn 0.503002 0.864250 -0.007806
vn 0.031384 0.235027 0.971482
vn 0.142525 0.989788 0.002503
vn 0.503002 0.864250 -0.007806
vn 0.098290 0.244802 0.964578
vn -0.041184 -0.034618 0.998552
vn 0.031384 0.235027 0.971482
vn 0.098290 0.244802 0.964578
vn -0.093208 0.012701 0.995566
vn -0.126524 -0.277471 0.952366
vn -0.041184 -0.034618 0.998552
vn -0.093208 0.012701 0.995566
vn -0.287485 -0.184331 0.939880
vn -0.367457 -0.930036 0.003054
vn -0.126524 -0.277471 0.952366
vn -0.287485 -0.184331 0.939880
vn -0.786087 -0.618067 -0.007792
vn -0.116316 -0.282957 -0.952054
vn -0.367457 -0.930036 0.003054
vn -0.786087 -0.618067 -0.007792
vn -0.265345 -0.199912 -0.943201
vn -0.068732 -0.004937 -0.997623
vn -0.265345 -0.199912 -0.943201
vn -0.459443 0.888207 -0.000000
vn 0.123450 0.226103 -0.966249
vn -0.068732 -0.004937 -0.997623
vn -0.459443 0.888207 -0.000000
vn 0.503002 0.864250 -0.007806
vn 0.123450 0.226103 -0.966249
vn -0.459443 0.888207 -0.000000
vn 0.098290 0.244802 0.964578
vn 0.503002 0.864250 -0.007806
vn -0.459443 0.888207 -0.000000
vn -0.093208 0.012701 0.995566
vn 0.098290 0.244802 0.964578
vn -0.459443 0.888207 -0.000000
vn -0.287485 -0.184331 0.939880
vn -0.093208 0.012701 0.995566
vn -0.459443 0.888207 -0.000000
vn -0.786087 -0.618067 -0.007792
vn -0.287485 -0.184331 0.939880
vn -0.459443 0.888207 -0.000000
vn -0.265345 -0.199912 -0.943201
vn -0.786087 -0.618067 -0.007792
vn -0.459443 0.888207 -0.000000
vn -0.192776 0.003571 0.981236
vn 0.002000 -0.005218 0.999984
vn -0.006483 0.027672 0.999596
vn -0.223949 0.067016 0.972294
vn -0.999046 -0.041518 0.013532
vn -0.192776 0.003571 0.981236
vn -0.223949 0.067016 0.972294
vn -0.986189 0.165444 -0.007772
vn -0.193284 -0.046582 -0.980036
vn -0.999046 -0.041518 0.013532
vn -0.986189 0.165444 -0.007772
vn -0.225784 -0.024898 -0.973859
vn 0.001989 -0.056642 -0.998393
vn -0.193284 -0.046582 -0.980036
vn -0.225784 -0.024898 -0.973859
vn -0.003747 -0.064439 -0.997915
vn 0.194418 -0.069275 -0.978470
vn 0.001989 -0.056642 -0.998393
vn -0.003747 -0.064439 -0.997915
vn 0.197546 -0.075944 -0.977347
vn 0.989457 -0.144063 0.014877
vn 0.194418 -0.069275 -0.978470
vn 0.197546 -0.075944 -0.977347
vn 0.992541 -0.108431 -0.055732
vn 0.194160 -0.017396 0.980816
vn 0.989457 -0.144063 0.014877
vn 0.992541 -0.108431 -0.055732
vn 0.197444 0.008707 0.980276
vn 0.002000 -0.005218 0.999984
vn 0.194160 -0.017396 0.980816
vn 0.197444 0.008707 0.980276
vn -0.006483 0.027672 0.999596
vn -0.223949 0.067016 0.972294
vn -0.006483 0.027672 0.999596
vn 0.018861 0.004478 0.999812
vn -0.253097 0.088781 0.963359
vn -0.986189 0.165444 -0.007772
vn -0.223949 0.067016 0.972294
vn -0.253097 0.088781 0.963359
vn -0.937303 0.348312 0.011928
vn -0.225784 -0.024898 -0.973859
vn -0.986189 0.165444 -0.007772
vn -0.937303 0.348312 0.011928
vn -0.253896 -0.001842 -0.967230
vn -0.003747 -0.064439 -0.997915
vn -0.225784 -0.024898 -0.973859
vn -0.253896 -0.001842 -0.967230
vn 0.015588 -0.078114 -0.996823
vn 0.197546 -0.075944 -0.977347
vn -0.003747 -0.064439 -0.997915
vn 0.015588 -0.078114 -0.996823
vn 0.225769 -0.104768 -0.968531
vn 0.992541 -0.108431 -0.055732
vn 0.197546 -0.075944 -0.977347
vn 0.225769 -0.104768 -0.968531
vn 0.965752 -0.226396 -0.126758
vn 0.197444 0.008707 0.980276
vn 0.992541 -0.108431 -0.055732
vn 0.965752 -0.226396 -0.126758
vn 0.238236 -0.037006 0.970502
vn -0.006483 0.027672 0.999596
vn 0.197444 0.008707 0.980276
vn 0.238236 -0.037006 0.970502
vn 0.018861 0.004478 0.999812
vn -0.987779 -0.145959 -0.054668
vn -0.156884 0.068347 0.985249
vn -0.192776 0.003571 0.981236
vn -0.999046 -0.041518 0.013532
vn -0.195389 -0.120802 -0.973258
vn -0.987779 -0.145959 -0.054668
vn -0.999046 -0.041518 0.013532
vn -0.193284 -0.046582 -0.980036
vn -0.012499 -0.122427 -0.992399
vn -0.195389 -0.120802 -0.973258
vn -0.193284 -0.046582 -0.980036
vn 0.001989 -0.056642 -0.998393
vn 0.166322 -0.138806 -0.976253
vn -0.012499 -0.122427 -0.992399
vn 0.001989 -0.056642 -0.998393
vn 0.194418 -0.069275 -0.978470
vn 0.952507 -0.301863 -0.040117
vn 0.166322 -0.138806 -0.976253
vn 0.194418 -0.069275 -0.978470
vn 0.989457 -0.144063 0.014877
vn 0.202834 0.011429 0.979146
vn 0.952507 -0.301863 -0.040117
vn 0.989457 -0.144063 0.014877
vn 0.194160 -0.017396 0.980816
vn 0.028060 0.056479 0.998010
vn 0.202834 0.011429 0.979146
vn 0.194160 -0.017396 0.980816
vn 0.002000 -0.005218 0.999984
vn -0.156884 0.068347 0.985249
vn 0.028060 0.056479 0.998010
vn 0.002000 -0.005218 0.999984
vn -0.192776 0.003571 0.981236
vn 0.001754 -0.022369 -0.999748
vn 0.043488 -0.144243 -0.988586
vn -0.066837 -0.190580 -0.979394
vn -0.020074 -0.005812 -0.999782
vn -0.072246 0.099391 -0.992422
vn 0.001754 -0.022369 -0.999748
vn -0.020074 -0.005812 -0.999782
vn -0.029037 0.169746 -0.985060
vn -0.646457 0.762950 -0.000968
vn -0.072246 0.099391 -0.992422
vn -0.029037 0.169746 -0.985060
vn -0.258228 0.966084 -0.000121
vn -0.079851 0.097431 0.992034
vn -0.646457 0.762950 -0.000968
vn -0.258228 0.966084 -0.000121
vn -0.032498 0.167701 0.985302
vn -0.006429 -0.024449 0.999680
vn -0.079851 0.097431 0.992034
vn -0.032498 0.167701 0.985302
vn -0.023702 -0.007974 0.999687
vn 0.034802 -0.146468 0.988603
vn -0.006429 -0.024449 0.999680
vn -0.023702 -0.007974 0.999687
vn -0.070483 -0.192635 0.978736
vn 0.305903 -0.952058 -0.002962
vn 0.034802 -0.146468 0.988603
vn -0.070483 -0.192635 0.978736
vn -0.391339 -0.920247 -0.000159
vn 0.043488 -0.144243 -0.988586
vn 0.305903 -0.952058 -0.002962
vn -0.391339 -0.920247 -0.000159
vn -0.066837 -0.190580 -0.979394
vn -0.013173 0.026058 -0.999574
vn 0.088107 -0.196230 -0.976592
vn 0.055876 -0.265072 -0.962608
vn 0.000480 -0.038386 -0.999263
vn -0.084992 0.237520 -0.967657
vn -0.013173 0.026058 -0.999574
vn 0.000480 -0.038386 -0.999263
vn -0.087383 0.191008 -0.977691
vn -0.294625 0.955613 -0.000579
vn -0.084992 0.237520 -0.967657
vn -0.087383 0.191008 -0.977691
vn -0.466754 0.884387 0.000181
vn -0.089793 0.235335 0.967758
vn -0.294625 0.955613 -0.000579
vn -0.466754 0.884387 0.000181
vn -0.091447 0.189606 0.977593
vn -0.018122 0.023729 0.999554
vn -0.089793 0.235335 0.967758
vn -0.091447 0.189606 0.977593
vn -0.003382 -0.039681 0.999207
vn 0.083354 -0.198557 0.976538
vn -0.018122 0.023729 0.999554
vn -0.003382 -0.039681 0.999207
vn 0.052423 -0.266245 0.962479
vn 0.438977 -0.898498 -0.000333
vn 0.083354 -0.198557 0.976538
vn 0.052423 -0.266245 0.962479
vn 0.210230 -0.977652 0.000156
vn 0.088107 -0.196230 -0.976592
vn 0.438977 -0.898498 -0.000333
vn 0.210230 -0.977652 0.000156
vn 0.055876 -0.265072 -0.962608
vn -0.005811 0.008210 -0.999950
vn -0.015022 -0.215918 -0.976296
vn 0.088107 -0.196230 -0.976592
vn -0.013173 0.026058 -0.999574
vn -0.011767 0.219754 -0.975484
vn -0.005811 0.008210 -0.999950
vn -0.013173 0.026058 -0.999574
vn -0.084992 0.237520 -0.967657
vn -0.062137 0.998067 0.000477
vn -0.011767 0.219754 -0.975484
vn -0.084992 0.237520 -0.967657
vn -0.294625 0.955613 -0.000579
vn -0.016842 0.217334 0.975952
vn -0.062137 0.998067 0.000477
vn -0.294625 0.955613 -0.000579
vn -0.089793 0.235335 0.967758
vn -0.010916 0.005672 0.999924
vn -0.016842 0.217334 0.975952
vn -0.089793 0.235335 0.967758
vn -0.018122 0.023729 0.999554
vn -0.019965 -0.218293 0.975679
vn -0.010916 0.005672 0.999924
vn -0.018122 0.023729 0.999554
vn 0.083354 -0.198557 0.976538
vn -0.124108 -0.992269 0.000302
vn -0.019965 -0.218293 0.975679
vn 0.083354 -0.198557 0.976538
vn 0.438977 -0.898498 -0.000333
vn -0.015022 -0.215918 -0.976296
vn -0.124108 -0.992269 0.000302
vn 0.438977 -0.898498 -0.000333
vn 0.088107 -0.196230 -0.976592
vn -0.020074 -0.005812 -0.999782
vn -0.066837 -0.190580 -0.979394
vn -0.015022 -0.215918 -0.976296
vn -0.005811 0.008210 -0.999950
vn -0.029037 0.169746 -0.985060
vn -0.020074 -0.005812 -0.999782
vn -0.005811 0.008210 -0.999950
vn -0.011767 0.219754 -0.975484
vn -0.258228 0.966084 -0.000121
vn -0.029037 0.169746 -0.985060
vn -0.011767 0.219754 -0.975484
vn -0.062137 0.998067 0.000477
vn -0.032498 0.167701 0.985302
vn -0.258228 0.966084 -0.000121
vn -0.062137 0.998067 0.000477
vn -0.016842 0.217334 0.975952
vn -0.023702 -0.007974 0.999687
vn -0.032498 0.167701 0.985302
vn -0.016842 0.217334 0.975952
vn -0.010916 0.005672 0.999924
vn -0.070483 -0.192635 0.978736
vn -0.023702 -0.007974 0.999687
vn -0.010916 0.005672 0.999924
vn -0.019965 -0.218293 0.975679
vn -0.391339 -0.920247 -0.000159
vn -0.070483 -0.192635 0.978736
vn -0.019965 -0.218293 0.975679
vn -0.124108 -0.992269 0.000302
vn -0.066837 -0.190580 -0.979394
vn -0.391339 -0.920247 -0.000159
vn -0.124108 -0.992269 0.000302
vn -0.015022 -0.215918 -0.976296
vn 0.000480 -0.038386 -0.999263
vn 0.055876 -0.265072 -0.962608
vn -0.116316 -0.282957 -0.952054
vn -0.028978 -0.040876 -0.998744
vn -0.087383 0.191008 -0.977691
vn 0.000480 -0.038386 -0.999263
vn -0.028978 -0.040876 -0.998744
vn 0.044848 0.228912 -0.972413
vn -0.466754 0.884387 0.000181
vn -0.087383 0.191008 -0.977691
vn 0.044848 0.228912 -0.972413
vn 0.142525 0.989788 0.002503
vn -0.091447 0.189606 0.977593
vn -0.466754 0.884387 0.000181
vn 0.142525 0.989788 0.002503
vn 0.031384 0.235027 0.971482
vn -0.003382 -0.039681 0.999207
vn -0.091447 0.189606 0.977593
vn 0.031384 0.235027 0.971482
vn -0.041184 -0.034618 0.998552
vn 0.052423 -0.266245 0.962479
vn -0.003382 -0.039681 0.999207
vn -0.041184 -0.034618 0.998552
vn -0.126524 -0.277471 0.952366
vn 0.210230 -0.977652 0.000156
vn 0.052423 -0.266245 0.962479
vn -0.126524 -0.277471 0.952366
vn -0.367457 -0.930036 0.003054
vn 0.055876 -0.265072 -0.962608
vn 0.210230 -0.977652 0.000156
vn -0.367457 -0.930036 0.003054
vn -0.116316 -0.282957 -0.952054
vn 0.814643 0.255049 0.520871
vn 0.618624 0.341662 0.707511
vn 0.708009 0.021072 0.705889
vn 0.618624 0.341662 0.707511
vn 0.649247 0.188390 0.736877
vn 0.708009 0.021072 0.705889
vn 0.649247 0.188390 0.736877
vn 0.879338 -0.000002 0.476199
vn 0.708009 0.021072 0.705889
vn 0.879338 -0.000002 0.476199
vn 0.622967 -0.328132 0.710100
vn 0.708009 0.021072 0.705889
vn 0.622967 -0.328132 0.710100
vn 0.549722 -0.515920 0.656988
vn 0.708009 0.021072 0.705889
vn 0.549722 -0.515920 0.656988
vn 0.821045 -0.294224 0.489201
vn 0.708009 0.021072 0.705889
vn 0.821045 -0.294224 0.489201
vn 0.899249 -0.040687 0.435541
vn 0.708009 0.021072 0.705889
vn 0.899249 -0.040687 0.435541
vn 0.814643 0.255049 0.520871
vn 0.708009 0.021072 0.705889
vn -0.278849 0.380274 -0.881836
vn -0.699569 -0.014144 -0.714425
vn -0.576632 0.520329 -0.629884
vn -0.576632 0.520329 -0.629884
vn -0.699569 -0.014144 -0.714425
vn -0.778177 0.400783 -0.483543
vn -0.778177 0.400783 -0.483543
vn -0.699569 -0.014144 -0.714425
vn -0.806985 0.000001 -0.590572
vn -0.806985 0.000001 -0.590572
vn -0.699569 -0.014144 -0.714425
vn -0.775316 -0.536361 -0.333470
vn -0.775316 -0.536361 -0.333470
vn -0.699569 -0.014144 -0.714425
vn -0.376185 -0.787887 -0.487564
vn -0.376185 -0.787887 -0.487564
vn -0.699569 -0.014144 -0.714425
vn -0.003254 -0.538355 -0.842712
vn -0.003254 -0.538355 -0.842712
vn -0.699569 -0.014144 -0.714425
vn -0.028601 -0.029202 -0.999164
vn -0.028601 -0.029202 -0.999164
vn -0.699569 -0.014144 -0.714425
vn -0.278849 0.380274 -0.881836
vn -0.278849 0.380274 -0.881836
vn -0.576632 0.520329 -0.629884
vn 0.618624 0.341662 0.707511
vn 0.814643 0.255049 0.520871
vn -0.576632 0.520329 -0.629884
vn -0.778177 0.400783 -0.483543
vn 0.649247 0.188390 0.736877
vn 0.618624 0.341662 0.707511
vn -0.775316 -0.536361 -0.333470
vn -0.376185 -0.787887 -0.487564
vn 0.549722 -0.515920 0.656988
vn 0.622967 -0.328132 0.710100
vn -0.376185 -0.787887 -0.487564
vn -0.003254 -0.538355 -0.842712
vn 0.821045 -0.294224 0.489201
vn 0.549722 -0.515920 0.656988
vn -0.003254 -0.538355 -0.842712
vn -0.028601 -0.029202 -0.999164
vn 0.899249 -0.040687 0.435541
vn 0.821045 -0.294224 0.489201
vn -0.028601 -0.029202 -0.999164
vn -0.278849 0.380274 -0.881836
vn 0.814643 0.255049 0.520871
vn 0.899249 -0.040687 0.435541
vn -0.142121 0.957969 0.249195
vn 0.528216 0.785942 0.321378
vn 0.585876 0.738805 0.333043
vn -0.088220 0.960221 0.264941
vn -0.639648 0.755756 0.140300
vn -0.658202 0.742453 0.124638
vn -0.142121 0.957969 0.249195
vn -0.088220 0.960221 0.264941
vn -0.990050 0.131078 -0.051186
vn -0.992107 0.085386 -0.091834
vn -0.658202 0.742453 0.124638
vn -0.639648 0.755756 0.140300
vn -0.691681 -0.700899 -0.174121
vn -0.625888 -0.750017 -0.213864
vn -0.992107 0.085386 -0.091834
vn -0.990050 0.131078 -0.051186
vn -0.269133 -0.953033 -0.138911
vn -0.215736 -0.962409 -0.165007
vn -0.625888 -0.750017 -0.213864
vn -0.691681 -0.700899 -0.174121
vn -0.269133 -0.953033 -0.138911
vn 0.343138 -0.938991 -0.023496
vn 0.330918 -0.942798 -0.040309
vn -0.215736 -0.962409 -0.165007
vn 0.972468 0.023252 0.231873
vn 0.969524 0.025140 0.243702
vn 0.585876 0.738805 0.333043
vn 0.528216 0.785942 0.321378
vn 0.835214 -0.533180 0.134674
vn 0.969524 0.025140 0.243702
vn 0.972468 0.023252 0.231873
vn 0.792338 -0.602127 0.098197
vn 0.343138 -0.938991 -0.023496
vn 0.835214 -0.533180 0.134674
vn 0.792338 -0.602127 0.098197
vn 0.330918 -0.942798 -0.040309
vn -0.408942 0.447659 -0.795216
vn -0.369706 -0.615093 -0.696404
vn -0.997321 -0.072600 -0.008941
vn -0.555298 0.459119 -0.693436
vn -0.555298 0.459119 -0.693436
vn -0.997321 -0.072600 -0.008941
vn -0.965018 0.089083 0.246587
vn -0.556649 0.451319 -0.697461
vn -0.408942 0.447659 -0.795216
vn -0.555298 0.459119 -0.693436
vn -0.556649 0.451319 -0.697461
vn -0.373559 0.540040 -0.754195
vn -0.356343 -0.512656 -0.781155
vn -0.269712 0.028196 -0.962528
vn -0.373559 0.540040 -0.754195
vn -0.556649 0.451319 -0.697461
vn 0.018236 -0.822833 -0.567990
vn 0.136450 -0.983364 -0.119906
vn 0.144088 -0.977278 -0.155455
vn -0.071107 -0.821705 -0.565461
vn -0.128290 -0.986638 -0.100438
vn 0.136450 -0.983364 -0.119906
vn 0.018236 -0.822833 -0.567990
vn -0.145761 -0.892817 -0.426182
vn 0.291834 -0.943900 0.154550
vn 0.136450 -0.983364 -0.119906
vn -0.128290 -0.986638 -0.100438
vn -0.014305 -0.851920 0.523476
vn 0.276529 -0.960066 0.042489
vn 0.144088 -0.977278 -0.155455
vn 0.136450 -0.983364 -0.119906
vn 0.291834 -0.943900 0.154550
vn 0.294981 -0.954522 -0.043287
vn 0.546981 -0.816339 -0.185479
vn 0.523625 -0.851551 -0.026029
vn 0.276529 -0.960066 0.042489
vn 0.546981 -0.816339 -0.185479
vn 0.936019 0.161122 -0.312904
vn 0.981376 0.004802 -0.192038
vn 0.523625 -0.851551 -0.026029
vn 0.517843 -0.768437 -0.375957
vn 0.887429 0.252393 -0.385705
vn 0.936019 0.161122 -0.312904
vn 0.546981 -0.816339 -0.185479
vn 0.295826 -0.907111 -0.299395
vn 0.517843 -0.768437 -0.375957
vn 0.546981 -0.816339 -0.185479
vn 0.294981 -0.954522 -0.043287
vn 0.736256 -0.580364 -0.348000
vn 0.940884 0.277954 -0.193597
vn 0.887429 0.252393 -0.385705
vn 0.517843 -0.768437 -0.375957
vn 0.310186 -0.919093 -0.243006
vn 0.144088 -0.977278 -0.155455
vn 0.276529 -0.960066 0.042489
vn 0.523625 -0.851551 -0.026029
vn 0.981376 0.004802 -0.192038
vn 0.944577 -0.194797 -0.264249
vn 0.310186 -0.919093 -0.243006
vn 0.523625 -0.851551 -0.026029
vn -0.071107 -0.821705 -0.565461
vn 0.144088 -0.977278 -0.155455
vn 0.310186 -0.919093 -0.243006
vn -0.084202 -0.764373 -0.639253
vn 0.310186 -0.919093 -0.243006
vn 0.944577 -0.194797 -0.264249
vn 0.752170 -0.260208 -0.605419
vn -0.084202 -0.764373 -0.639253
vn 0.812476 -0.566405 -0.138087
vn 0.991660 0.104604 0.075286
vn 0.940884 0.277954 -0.193597
vn 0.736256 -0.580364 -0.348000
vn 0.792338 -0.602127 0.098197
vn 0.972468 0.023252 0.231873
vn 0.991660 0.104604 0.075286
vn 0.812476 -0.566405 -0.138087
vn 0.812476 -0.566405 -0.138087
vn 0.439141 -0.878124 -0.189877
vn 0.330918 -0.942798 -0.040309
vn 0.792338 -0.602127 0.098197
vn 0.736256 -0.580364 -0.348000
vn 0.380713 -0.873319 -0.303927
vn 0.439141 -0.878124 -0.189877
vn 0.812476 -0.566405 -0.138087
vn 0.517843 -0.768437 -0.375957
vn 0.295826 -0.907111 -0.299395
vn 0.380713 -0.873319 -0.303927
vn 0.736256 -0.580364 -0.348000
vn 0.159661 -0.918579 -0.361553
vn 0.380713 -0.873319 -0.303927
vn 0.295826 -0.907111 -0.299395
vn 0.050373 -0.944057 -0.325913
vn 0.439141 -0.878124 -0.189877
vn 0.380713 -0.873319 -0.303927
vn 0.159661 -0.918579 -0.361553
vn -0.077203 -0.743030 -0.664790
vn -0.212647 -0.821707 -0.528752
vn 0.159661 -0.918579 -0.361553
vn 0.295826 -0.907111 -0.299395
vn -0.212647 -0.821707 -0.528752
vn -0.335409 -0.827987 -0.449376
vn 0.050373 -0.944057 -0.325913
vn 0.159661 -0.918579 -0.361553
vn -0.215736 -0.962409 -0.165007
vn 0.330918 -0.942798 -0.040309
vn 0.439141 -0.878124 -0.189877
vn 0.050373 -0.944057 -0.325913
vn -0.215736 -0.962409 -0.165007
vn 0.050373 -0.944057 -0.325913
vn -0.335409 -0.827987 -0.449376
vn -0.625888 -0.750017 -0.213864
vn -0.077203 -0.743030 -0.664790
vn 0.295826 -0.907111 -0.299395
vn 0.430276 -0.854743 -0.290306
vn -0.164837 -0.720317 -0.673775
vn 0.417542 -0.896927 -0.145537
vn -0.311268 -0.733769 -0.603901
vn -0.164837 -0.720317 -0.673775
vn 0.430276 -0.854743 -0.290306
vn 0.487618 -0.869847 -0.074798
vn -0.336199 -0.726873 -0.598854
vn -0.311268 -0.733769 -0.603901
vn 0.417542 -0.896927 -0.145537
vn 0.421825 -0.800919 0.424961
vn 0.487618 -0.869847 -0.074798
vn 0.417542 -0.896927 -0.145537
vn 0.479027 -0.877710 0.012557
vn 0.430276 -0.854743 -0.290306
vn 0.295826 -0.907111 -0.299395
vn 0.479027 -0.877710 0.012557
vn 0.417542 -0.896927 -0.145537
vn 0.421825 -0.800919 0.424961
vn 0.741956 -0.329826 0.583710
vn 0.583355 -0.732269 -0.351396
vn 0.487618 -0.869847 -0.074798
vn 0.583355 -0.732269 -0.351396
vn -0.091744 -0.624743 -0.775422
vn -0.336199 -0.726873 -0.598854
vn 0.487618 -0.869847 -0.074798
vn -0.506797 -0.201152 0.838269
vn -0.092867 0.253353 0.962906
vn 0.741956 -0.329826 0.583710
vn 0.421825 -0.800919 0.424961
vn 0.291834 -0.943900 0.154550
vn -0.014305 -0.851920 0.523476
vn -0.506797 -0.201152 0.838269
vn 0.421825 -0.800919 0.424961
vn -0.914608 -0.172012 0.365929
vn -0.506797 -0.201152 0.838269
vn -0.014305 -0.851920 0.523476
vn -0.014305 -0.851920 0.523476
vn -0.128290 -0.986638 -0.100438
vn -0.929157 -0.369610 -0.007467
vn -0.914608 -0.172012 0.365929
vn -0.929157 -0.369610 -0.007467
vn -0.128290 -0.986638 -0.100438
vn -0.145761 -0.892817 -0.426182
vn -0.944713 -0.317898 -0.080357
vn 0.295826 -0.907111 -0.299395
vn 0.294981 -0.954522 -0.043287
vn 0.479027 -0.877710 0.012557
vn -0.145761 -0.892817 -0.426182
vn 0.018236 -0.822833 -0.567990
vn -0.269712 0.028196 -0.962528
vn -0.356343 -0.512656 -0.781155
vn -0.944713 -0.317898 -0.080357
vn -0.145761 -0.892817 -0.426182
vn -0.356343 -0.512656 -0.781155
vn -0.995376 -0.053976 0.079459
vn -0.210989 -0.682996 0.699285
vn 0.264863 -0.769639 0.580950
vn 0.279422 -0.620693 0.732573
vn -0.170575 -0.488277 0.855856
vn -0.369706 -0.615093 -0.696404
vn 0.264863 -0.769639 0.580950
vn -0.210989 -0.682996 0.699285
vn -0.997321 -0.072600 -0.008941
vn -0.997321 -0.072600 -0.008941
vn -0.210989 -0.682996 0.699285
vn -0.170575 -0.488277 0.855856
vn -0.965018 0.089083 0.246587
vn -0.057733 0.890946 0.450424
vn -0.336162 0.830693 0.443784
vn -0.158125 0.649350 0.743869
vn 0.098048 0.652723 0.751225
vn -0.336162 0.830693 0.443784
vn -0.862612 0.431757 0.263602
vn -0.751145 0.443602 0.488874
vn -0.158125 0.649350 0.743869
vn -0.751145 0.443602 0.488874
vn -0.862612 0.431757 0.263602
vn -0.929157 -0.369610 -0.007467
vn -0.944713 -0.317898 -0.080357
vn -0.833912 0.533339 0.141920
vn -0.914608 -0.172012 0.365929
vn -0.929157 -0.369610 -0.007467
vn -0.862612 0.431757 0.263602
vn -0.833912 0.533339 0.141920
vn -0.920105 0.323303 0.221093
vn -0.506797 -0.201152 0.838269
vn -0.914608 -0.172012 0.365929
vn -0.920105 0.323303 0.221093
vn -0.802442 0.445646 0.396846
vn -0.092867 0.253353 0.962906
vn -0.506797 -0.201152 0.838269
vn -0.919064 0.376322 -0.117061
vn -0.952065 0.263631 -0.155147
vn -0.802442 0.445646 0.396846
vn -0.920105 0.323303 0.221093
vn -0.862612 0.431757 0.263602
vn -0.336162 0.830693 0.443784
vn -0.421845 0.897696 0.127236
vn -0.833912 0.533339 0.141920
vn -0.421845 0.897696 0.127236
vn -0.336162 0.830693 0.443784
vn -0.057733 0.890946 0.450424
vn -0.169011 0.975712 0.139364
vn -0.690844 0.721457 -0.047277
vn -0.833912 0.533339 0.141920
vn -0.421845 0.897696 0.127236
vn -0.448125 0.893901 0.011216
vn -0.448125 0.893901 0.011216
vn -0.421845 0.897696 0.127236
vn -0.169011 0.975712 0.139364
vn -0.224948 0.973329 0.045045
vn -0.920105 0.323303 0.221093
vn -0.833912 0.533339 0.141920
vn -0.690844 0.721457 -0.047277
vn 0.283824 0.884727 0.369733
vn -0.057733 0.890946 0.450424
vn 0.098048 0.652723 0.751225
vn 0.397779 0.648043 0.649470
vn -0.169011 0.975712 0.139364
vn -0.057733 0.890946 0.450424
vn 0.283824 0.884727 0.369733
vn 0.179640 0.977984 0.106195
vn -0.224948 0.973329 0.045045
vn -0.169011 0.975712 0.139364
vn 0.179640 0.977984 0.106195
vn 0.097192 0.994415 0.041136
vn 0.772266 0.626608 0.104730
vn 0.283824 0.884727 0.369733
vn 0.397779 0.648043 0.649470
vn 0.801729 0.533972 0.268523
vn 0.752170 -0.260208 -0.605419
vn 0.944577 -0.194797 -0.264249
vn 0.772266 0.626608 0.104730
vn 0.801729 0.533972 0.268523
vn 0.981376 0.004802 -0.192038
vn 0.783923 0.613650 -0.094337
vn 0.772266 0.626608 0.104730
vn 0.944577 -0.194797 -0.264249
vn 0.936019 0.161122 -0.312904
vn 0.763159 0.617968 -0.188955
vn 0.783923 0.613650 -0.094337
vn 0.981376 0.004802 -0.192038
vn 0.887429 0.252393 -0.385705
vn 0.300888 0.948000 -0.103737
vn 0.763159 0.617968 -0.188955
vn 0.936019 0.161122 -0.312904
vn 0.940884 0.277954 -0.193597
vn 0.258771 0.964446 0.053679
vn 0.300888 0.948000 -0.103737
vn 0.887429 0.252393 -0.385705
vn 0.991660 0.104604 0.075286
vn 0.454956 0.864391 0.214109
vn 0.258771 0.964446 0.053679
vn 0.940884 0.277954 -0.193597
vn 0.454956 0.864391 0.214109
vn -0.236261 0.956217 0.172712
vn -0.278816 0.957247 0.077075
vn 0.258771 0.964446 0.053679
vn -0.267006 0.963695 -0.000380
vn 0.300888 0.948000 -0.103737
vn 0.258771 0.964446 0.053679
vn -0.278816 0.957247 0.077075
vn -0.647669 0.760833 -0.040726
vn -0.278816 0.957247 0.077075
vn -0.236261 0.956217 0.172712
vn -0.680111 0.732356 0.033213
vn -0.658202 0.742453 0.124638
vn -0.680111 0.732356 0.033213
vn -0.236261 0.956217 0.172712
vn -0.142121 0.957969 0.249195
vn 0.528216 0.785942 0.321378
vn -0.142121 0.957969 0.249195
vn -0.236261 0.956217 0.172712
vn 0.454956 0.864391 0.214109
vn 0.972468 0.023252 0.231873
vn 0.528216 0.785942 0.321378
vn 0.454956 0.864391 0.214109
vn 0.991660 0.104604 0.075286
vn -0.919911 0.179672 -0.348542
vn -0.647669 0.760833 -0.040726
vn -0.680111 0.732356 0.033213
vn -0.952175 0.096278 -0.289988
vn -0.992107 0.085386 -0.091834
vn -0.952175 0.096278 -0.289988
vn -0.680111 0.732356 0.033213
vn -0.658202 0.742453 0.124638
vn -0.828781 0.166907 -0.534101
vn -0.601628 0.786369 -0.140238
vn -0.647669 0.760833 -0.040726
vn -0.919911 0.179672 -0.348542
vn -0.077203 -0.743030 -0.664790
vn -0.828781 0.166907 -0.534101
vn -0.919911 0.179672 -0.348542
vn -0.212647 -0.821707 -0.528752
vn -0.919911 0.179672 -0.348542
vn -0.952175 0.096278 -0.289988
vn -0.335409 -0.827987 -0.449376
vn -0.212647 -0.821707 -0.528752
vn -0.625888 -0.750017 -0.213864
vn -0.335409 -0.827987 -0.449376
vn -0.952175 0.096278 -0.289988
vn -0.992107 0.085386 -0.091834
vn -0.647669 0.760833 -0.040726
vn -0.601628 0.786369 -0.140238
vn -0.267006 0.963695 -0.000380
vn -0.278816 0.957247 0.077075
vn -0.798133 0.052293 -0.600207
vn -0.776751 0.564628 -0.279020
vn -0.601628 0.786369 -0.140238
vn -0.828781 0.166907 -0.534101
vn -0.901250 0.377170 -0.213286
vn -0.776751 0.564628 -0.279020
vn -0.798133 0.052293 -0.600207
vn -0.834270 -0.059086 -0.548181
vn -0.311268 -0.733769 -0.603901
vn -0.834270 -0.059086 -0.548181
vn -0.798133 0.052293 -0.600207
vn -0.164837 -0.720317 -0.673775
vn -0.919064 0.376322 -0.117061
vn -0.901250 0.377170 -0.213286
vn -0.834270 -0.059086 -0.548181
vn -0.863306 0.012930 -0.504516
vn -0.336199 -0.726873 -0.598854
vn -0.863306 0.012930 -0.504516
vn -0.834270 -0.059086 -0.548181
vn -0.311268 -0.733769 -0.603901
vn -0.952065 0.263631 -0.155147
vn -0.919064 0.376322 -0.117061
vn -0.863306 0.012930 -0.504516
vn -0.742362 -0.156643 -0.651430
vn -0.091744 -0.624743 -0.775422
vn -0.742362 -0.156643 -0.651430
vn -0.863306 0.012930 -0.504516
vn -0.336199 -0.726873 -0.598854
vn -0.901250 0.377170 -0.213286
vn -0.919064 0.376322 -0.117061
vn -0.920105 0.323303 0.221093
vn -0.690844 0.721457 -0.047277
vn -0.776751 0.564628 -0.279020
vn -0.901250 0.377170 -0.213286
vn -0.828781 0.166907 -0.534101
vn -0.077203 -0.743030 -0.664790
vn -0.164837 -0.720317 -0.673775
vn -0.798133 0.052293 -0.600207
vn -0.690844 0.721457 -0.047277
vn -0.448125 0.893901 0.011216
vn -0.601628 0.786369 -0.140238
vn -0.776751 0.564628 -0.279020
vn -0.267006 0.963695 -0.000380
vn -0.601628 0.786369 -0.140238
vn -0.448125 0.893901 0.011216
vn -0.224948 0.973329 0.045045
vn 0.783923 0.613650 -0.094337
vn 0.179640 0.977984 0.106195
vn 0.283824 0.884727 0.369733
vn 0.772266 0.626608 0.104730
vn 0.763159 0.617968 -0.188955
vn 0.097192 0.994415 0.041136
vn 0.179640 0.977984 0.106195
vn 0.783923 0.613650 -0.094337
vn 0.763159 0.617968 -0.188955
vn 0.300888 0.948000 -0.103737
vn 0.097192 0.994415 0.041136
vn -0.487334 0.424314 -0.763193
vn -0.213688 -0.519936 -0.827045
vn -0.369706 -0.615093 -0.696404
vn -0.408942 0.447659 -0.795216
vn -0.424957 0.231166 -0.875199
vn -0.496725 0.561077 -0.662161
vn -0.373559 0.540040 -0.754195
vn -0.269712 0.028196 -0.962528
vn -0.071107 -0.821705 -0.565461
vn -0.424957 0.231166 -0.875199
vn -0.269712 0.028196 -0.962528
vn 0.018236 -0.822833 -0.567990
vn -0.213688 -0.519936 -0.827045
vn 0.439679 -0.758992 0.480223
vn 0.264863 -0.769639 0.580950
vn -0.369706 -0.615093 -0.696404
vn 0.457613 -0.630901 0.626542
vn 0.360457 -0.034959 0.932121
vn 0.148779 0.041188 0.988012
vn 0.279422 -0.620693 0.732573
vn 0.360457 -0.034959 0.932121
vn 0.098048 0.652723 0.751225
vn -0.158125 0.649350 0.743869
vn 0.148779 0.041188 0.988012
vn 0.457613 -0.630901 0.626542
vn 0.279422 -0.620693 0.732573
vn 0.264863 -0.769639 0.580950
vn 0.439679 -0.758992 0.480223
vn -0.487334 0.424314 -0.763193
vn -0.496725 0.561077 -0.662161
vn -0.543096 0.590905 -0.596555
vn -0.540734 0.457011 -0.706221
vn -0.543096 0.590905 -0.596555
vn -0.496725 0.561077 -0.662161
vn -0.424957 0.231166 -0.875199
vn -0.635077 0.541762 -0.550610
vn -0.635077 0.541762 -0.550610
vn -0.424957 0.231166 -0.875199
vn -0.071107 -0.821705 -0.565461
vn -0.084202 -0.764373 -0.639253
vn -0.540734 0.457011 -0.706221
vn 0.007434 -0.345107 -0.938534
vn -0.213688 -0.519936 -0.827045
vn -0.487334 0.424314 -0.763193
vn -0.540734 0.457011 -0.706221
vn -0.095725 0.557218 -0.824830
vn 0.007434 -0.345107 -0.938534
vn -0.095725 0.557218 -0.824830
vn -0.540734 0.457011 -0.706221
vn -0.543096 0.590905 -0.596555
vn 0.033049 0.672283 -0.739556
vn 0.544335 0.837315 0.051022
vn -0.635077 0.541762 -0.550610
vn -0.084202 -0.764373 -0.639253
vn 0.752170 -0.260208 -0.605419
vn 0.033049 0.672283 -0.739556
vn -0.543096 0.590905 -0.596555
vn -0.635077 0.541762 -0.550610
vn 0.544335 0.837315 0.051022
vn 0.663600 -0.661822 0.348750
vn 0.007434 -0.345107 -0.938534
vn -0.095725 0.557218 -0.824830
vn 0.948888 -0.308720 0.065599
vn 0.948888 -0.308720 0.065599
vn -0.095725 0.557218 -0.824830
vn 0.033049 0.672283 -0.739556
vn 0.948859 -0.261220 0.177286
vn 0.663600 -0.661822 0.348750
vn 0.948888 -0.308720 0.065599
vn 0.948859 -0.261220 0.177286
vn 0.690578 -0.542038 0.478850
vn 0.457613 -0.630901 0.626542
vn 0.439679 -0.758992 0.480223
vn 0.663600 -0.661822 0.348750
vn 0.690578 -0.542038 0.478850
vn 0.007434 -0.345107 -0.938534
vn 0.663600 -0.661822 0.348750
vn 0.439679 -0.758992 0.480223
vn -0.213688 -0.519936 -0.827045
vn 0.801729 0.533972 0.268523
vn 0.397779 0.648043 0.649470
vn 0.595281 0.005864 0.803496
vn 0.890075 0.166079 0.424480
vn 0.544335 0.837315 0.051022
vn 0.752170 -0.260208 -0.605419
vn 0.801729 0.533972 0.268523
vn 0.890075 0.166079 0.424480
vn 0.890075 0.166079 0.424480
vn 0.595281 0.005864 0.803496
vn 0.690578 -0.542038 0.478850
vn 0.948859 -0.261220 0.177286
vn 0.033049 0.672283 -0.739556
vn 0.544335 0.837315 0.051022
vn 0.890075 0.166079 0.424480
vn 0.948859 -0.261220 0.177286
vn -0.066297 -0.130248 0.989263
vn -0.269599 -0.812133 0.517451
vn 0.468999 -0.848838 -0.243954
vn 0.505876 -0.613222 0.606670
vn 0.505876 -0.613222 0.606670
vn 0.468999 -0.848838 -0.243954
vn 0.619262 -0.696310 -0.362860
vn 0.698873 -0.369330 0.612513
vn -0.066297 -0.130248 0.989263
vn 0.505876 -0.613222 0.606670
vn 0.698873 -0.369330 0.612513
vn 0.116360 0.090445 0.989080
vn -0.269599 -0.812133 0.517451
vn -0.659239 -0.210954 -0.721736
vn -0.179407 -0.544492 -0.819355
vn 0.468999 -0.848838 -0.243954
vn 0.468999 -0.848838 -0.243954
vn -0.179407 -0.544492 -0.819355
vn -0.023806 -0.543110 -0.839324
vn 0.619262 -0.696310 -0.362860
vn -0.023806 -0.543110 -0.839324
vn -0.082415 -0.537158 -0.839446
vn 0.650482 -0.615705 -0.444726
vn 0.619262 -0.696310 -0.362860
vn 0.661496 -0.617120 -0.426130
vn 0.650482 -0.615705 -0.444726
vn -0.082415 -0.537158 -0.839446
vn -0.032382 -0.549855 -0.834632
vn 0.619262 -0.696310 -0.362860
vn 0.650482 -0.615705 -0.444726
vn 0.851957 -0.163488 0.497435
vn 0.698873 -0.369330 0.612513
vn 0.845956 -0.186061 0.499740
vn 0.851957 -0.163488 0.497435
vn 0.650482 -0.615705 -0.444726
vn 0.661496 -0.617120 -0.426130
vn 0.851957 -0.163488 0.497435
vn 0.218070 0.395037 0.892408
vn 0.116360 0.090445 0.989080
vn 0.698873 -0.369330 0.612513
vn 0.192245 0.366574 0.910311
vn 0.218070 0.395037 0.892408
vn 0.851957 -0.163488 0.497435
vn 0.845956 -0.186061 0.499740
vn 0.801792 -0.182161 0.569163
vn 0.121637 0.333982 0.934698
vn 0.192245 0.366574 0.910311
vn 0.845956 -0.186061 0.499740
vn -0.032382 -0.549855 -0.834632
vn -0.000372 -0.613502 -0.789693
vn 0.616290 -0.662045 -0.426477
vn 0.661496 -0.617120 -0.426130
vn 0.616290 -0.662045 -0.426477
vn 0.801792 -0.182161 0.569163
vn 0.845956 -0.186061 0.499740
vn 0.661496 -0.617120 -0.426130
vn 0.121637 0.333982 0.934698
vn 0.801792 -0.182161 0.569163
vn 0.741956 -0.329826 0.583710
vn -0.092867 0.253353 0.962906
vn 0.583355 -0.732269 -0.351396
vn 0.741956 -0.329826 0.583710
vn 0.801792 -0.182161 0.569163
vn 0.616290 -0.662045 -0.426477
vn -0.091744 -0.624743 -0.775422
vn 0.583355 -0.732269 -0.351396
vn 0.616290 -0.662045 -0.426477
vn -0.000372 -0.613502 -0.789693
vn -0.066297 -0.130248 0.989263
vn -0.787620 0.206895 0.580387
vn -0.269599 -0.812133 0.517451
vn -0.787620 0.206895 0.580387
vn -0.066297 -0.130248 0.989263
vn 0.116360 0.090445 0.989080
vn -0.667720 0.419659 0.614847
vn -0.659239 -0.210954 -0.721736
vn -0.269599 -0.812133 0.517451
vn -0.787620 0.206895 0.580387
vn -0.940716 0.092367 -0.326377
vn -0.940716 0.092367 -0.326377
vn -0.787620 0.206895 0.580387
vn -0.667720 0.419659 0.614847
vn -0.947038 0.234857 -0.219002
vn -0.940716 0.092367 -0.326377
vn -0.947038 0.234857 -0.219002
vn -0.623140 -0.106078 -0.774883
vn -0.659239 -0.210954 -0.721736
vn -0.623140 -0.106078 -0.774883
vn -0.023806 -0.543110 -0.839324
vn -0.179407 -0.544492 -0.819355
vn -0.659239 -0.210954 -0.721736
vn -0.943256 0.232580 -0.237013
vn -0.685195 -0.197848 -0.700973
vn -0.623140 -0.106078 -0.774883
vn -0.947038 0.234857 -0.219002
vn -0.947459 0.230755 -0.221527
vn -0.688281 -0.188973 -0.700398
vn -0.685195 -0.197848 -0.700973
vn -0.943256 0.232580 -0.237013
vn -0.623140 -0.106078 -0.774883
vn -0.685195 -0.197848 -0.700973
vn -0.082415 -0.537158 -0.839446
vn -0.023806 -0.543110 -0.839324
vn -0.032382 -0.549855 -0.834632
vn -0.082415 -0.537158 -0.839446
vn -0.685195 -0.197848 -0.700973
vn -0.688281 -0.188973 -0.700398
vn -0.643346 0.545045 0.537617
vn -0.947459 0.230755 -0.221527
vn -0.943256 0.232580 -0.237013
vn -0.607318 0.583544 0.539112
vn -0.607318 0.583544 0.539112
vn -0.943256 0.232580 -0.237013
vn -0.947038 0.234857 -0.219002
vn -0.667720 0.419659 0.614847
vn 0.192245 0.366574 0.910311
vn -0.643346 0.545045 0.537617
vn -0.607318 0.583544 0.539112
vn 0.218070 0.395037 0.892408
vn 0.116360 0.090445 0.989080
vn 0.218070 0.395037 0.892408
vn -0.607318 0.583544 0.539112
vn -0.667720 0.419659 0.614847
vn -0.726559 0.480251 0.491397
vn -0.958619 0.231746 -0.165358
vn -0.947459 0.230755 -0.221527
vn -0.643346 0.545045 0.537617
vn -0.947459 0.230755 -0.221527
vn -0.958619 0.231746 -0.165358
vn -0.718670 -0.211716 -0.662337
vn -0.688281 -0.188973 -0.700398
vn 0.121637 0.333982 0.934698
vn -0.726559 0.480251 0.491397
vn -0.643346 0.545045 0.537617
vn 0.192245 0.366574 0.910311
vn -0.688281 -0.188973 -0.700398
vn -0.718670 -0.211716 -0.662337
vn -0.000372 -0.613502 -0.789693
vn -0.032382 -0.549855 -0.834632
vn -0.958619 0.231746 -0.165358
vn -0.726559 0.480251 0.491397
vn -0.802442 0.445646 0.396846
vn -0.952065 0.263631 -0.155147
vn -0.718670 -0.211716 -0.662337
vn -0.958619 0.231746 -0.165358
vn -0.952065 0.263631 -0.155147
vn -0.742362 -0.156643 -0.651430
vn 0.121637 0.333982 0.934698
vn -0.092867 0.253353 0.962906
vn -0.802442 0.445646 0.396846
vn -0.726559 0.480251 0.491397
vn -0.091744 -0.624743 -0.775422
vn -0.000372 -0.613502 -0.789693
vn -0.718670 -0.211716 -0.662337
vn -0.742362 -0.156643 -0.651430
vn -0.378271 0.196920 0.904507
vn 0.148779 0.041188 0.988012
vn -0.158125 0.649350 0.743869
vn -0.751145 0.443602 0.488874
vn -0.944713 -0.317898 -0.080357
vn -0.995376 -0.053976 0.079459
vn -0.378271 0.196920 0.904507
vn -0.751145 0.443602 0.488874
vn -0.170575 -0.488277 0.855856
vn 0.279422 -0.620693 0.732573
vn 0.148779 0.041188 0.988012
vn -0.378271 0.196920 0.904507
vn -0.965018 0.089083 0.246587
vn -0.170575 -0.488277 0.855856
vn -0.378271 0.196920 0.904507
vn -0.995376 -0.053976 0.079459
vn -0.356343 -0.512656 -0.781155
vn -0.556649 0.451319 -0.697461
vn -0.965018 0.089083 0.246587
vn -0.995376 -0.053976 0.079459
vn -0.487334 0.424314 -0.763193
vn -0.408942 0.447659 -0.795216
vn -0.373559 0.540040 -0.754195
vn -0.496725 0.561077 -0.662161
vn 0.595281 0.005864 0.803496
vn 0.360457 -0.034959 0.932121
vn 0.457613 -0.630901 0.626542
vn 0.690578 -0.542038 0.478850
vn 0.397779 0.648043 0.649470
vn 0.098048 0.652723 0.751225
vn 0.360457 -0.034959 0.932121
vn 0.595281 0.005864 0.803496
vn 0.291834 -0.943900 0.154550
vn 0.421825 -0.800919 0.424961
vn 0.479027 -0.877710 0.012557
vn 0.291834 -0.943900 0.154550
vn 0.479027 -0.877710 0.012557
vn 0.294981 -0.954522 -0.043287
vn 0.276529 -0.960066 0.042489
vn -0.267006 0.963695 -0.000380
vn -0.224948 0.973329 0.045045
vn 0.097192 0.994415 0.041136
vn 0.300888 0.948000 -0.103737
vn -0.690844 0.721457 -0.047277
vn -0.901250 0.377170 -0.213286
vn -0.920105 0.323303 0.221093
vn 0.078989 -0.007812 0.996845
vn 0.076509 -0.177445 0.981152
vn 0.000000 -0.177967 0.984037
vn 0.000000 -0.005372 0.999986
vn -0.076511 -0.177445 0.981152
vn -0.078990 -0.007812 0.996845
vn 0.000000 -0.005372 0.999986
vn 0.000000 -0.177967 0.984037
vn 0.082870 0.157624 0.984016
vn 0.000000 0.157285 0.987553
vn 0.000000 0.182099 0.983280
vn 0.085172 0.181438 0.979707
vn 0.000000 0.157285 0.987553
vn -0.082871 0.157624 0.984016
vn -0.085172 0.181438 0.979707
vn 0.000000 0.182099 0.983280
vn 0.078989 -0.007812 0.996845
vn 0.000000 -0.005372 0.999986
vn 0.000000 0.157285 0.987553
vn 0.082870 0.157624 0.984016
vn 0.000000 -0.005372 0.999986
vn -0.078990 -0.007812 0.996845
vn -0.082871 0.157624 0.984016
vn 0.000000 0.157285 0.987553
vn 0.574563 0.757197 -0.310694
vn 0.481424 0.743941 -0.463446
vn 0.253001 -0.957957 -0.135314
vn 0.499976 -0.865005 -0.042323
vn 0.481424 0.743941 -0.463446
vn 0.362128 0.767259 -0.529317
vn 0.066163 -0.989149 -0.131177
vn 0.253001 -0.957957 -0.135314
vn 0.362128 0.767259 -0.529317
vn 0.246094 0.825005 -0.508728
vn -0.061029 -0.993272 -0.098422
vn 0.066163 -0.989149 -0.131177
vn 0.246094 0.825005 -0.508728
vn 0.191794 0.889202 -0.415373
vn -0.157832 -0.985916 -0.055308
vn -0.061029 -0.993272 -0.098422
vn 0.191794 0.889202 -0.415373
vn 0.178211 0.942361 -0.283189
vn -0.241102 -0.970500 0.000481
vn -0.157832 -0.985916 -0.055308
vn 0.178211 0.942361 -0.283189
vn 0.150372 0.968028 -0.200773
vn -0.304712 -0.949144 0.079225
vn -0.241102 -0.970500 0.000481
vn 0.150372 0.968028 -0.200773
vn 0.153989 0.974928 -0.160635
vn -0.323616 -0.939242 0.114445
vn -0.304712 -0.949144 0.079225
vn 0.153989 0.974928 -0.160635
vn 0.171658 0.977548 -0.122205
vn -0.285339 -0.955969 0.068591
vn -0.323616 -0.939242 0.114445
vn 0.171658 0.977548 -0.122205
vn 0.205809 0.970829 -0.123017
vn -0.199301 -0.979078 0.041058
vn -0.285339 -0.955969 0.068591
vn 0.205809 0.970829 -0.123017
vn 0.256826 0.966364 -0.013466
vn -0.131110 -0.980463 0.146639
vn -0.199301 -0.979078 0.041058
vn 0.256826 0.966364 -0.013466
vn 0.346758 0.907025 0.238884
vn -0.093295 -0.943356 0.318396
vn -0.131110 -0.980463 0.146639
vn 0.346758 0.907025 0.238884
vn 0.400793 0.796870 0.452067
vn -0.006751 -0.912589 0.408823
vn -0.093295 -0.943356 0.318396
vn 0.400793 0.796870 0.452067
vn 0.419086 0.736216 0.531369
vn 0.191564 -0.871741 0.450966
vn -0.006751 -0.912589 0.408823
vn 0.419086 0.736216 0.531369
vn 0.492175 0.762739 0.419516
vn 0.479153 -0.792757 0.376761
vn 0.191564 -0.871741 0.450966
vn 0.492175 0.762739 0.419516
vn 0.600910 0.799170 0.015330
vn 0.654199 -0.740443 0.154168
vn 0.479153 -0.792757 0.376761
vn 0.600910 0.799170 0.015330
vn 0.574563 0.757197 -0.310694
vn 0.499976 -0.865005 -0.042323
vn 0.654199 -0.740443 0.154168
vn 0.932657 -0.315366 -0.175202
vn 0.631384 0.364319 -0.684563
vn 0.783832 0.469260 -0.406696
vn 0.580615 -0.632819 -0.512275
vn 0.329718 -0.643571 -0.690726
vn 0.435877 0.366622 -0.821949
vn 0.631384 0.364319 -0.684563
vn 0.329718 -0.643571 -0.690726
vn 0.022750 -0.617135 -0.786528
vn 0.154195 0.384488 -0.910161
vn 0.435877 0.366622 -0.821949
vn 0.022750 -0.617135 -0.786528
vn -0.303576 -0.543103 -0.782867
vn -0.134071 0.443360 -0.886260
vn 0.154195 0.384488 -0.910161
vn -0.303576 -0.543103 -0.782867
vn -0.620305 -0.423679 -0.660089
vn -0.389140 0.530929 -0.752784
vn -0.134071 0.443360 -0.886260
vn -0.620305 -0.423679 -0.660089
vn -0.869420 -0.278512 -0.408093
vn -0.575621 0.626289 -0.525759
vn -0.389140 0.530929 -0.752784
vn -0.869420 -0.278512 -0.408093
vn -0.989603 -0.130276 -0.060942
vn -0.666231 0.714586 -0.213313
vn -0.575621 0.626289 -0.525759
vn -0.989603 -0.130276 -0.060942
vn -0.956506 -0.058522 0.285782
vn -0.677243 0.724125 0.130325
vn -0.666231 0.714586 -0.213313
vn -0.956506 -0.058522 0.285782
vn -0.747099 -0.110864 0.655402
vn -0.576015 0.665579 0.474564
vn -0.677243 0.724125 0.130325
vn -0.747099 -0.110864 0.655402
vn -0.452960 -0.256502 0.853835
vn -0.333336 0.572819 0.748843
vn -0.576015 0.665579 0.474564
vn -0.452960 -0.256502 0.853835
vn -0.136634 -0.312011 0.940202
vn -0.005145 0.496473 0.868037
vn -0.333336 0.572819 0.748843
vn -0.136634 -0.312011 0.940202
vn 0.182094 -0.331133 0.925847
vn 0.326502 0.474420 0.817510
vn -0.005145 0.496473 0.868037
vn 0.182094 -0.331133 0.925847
vn 0.469661 -0.347292 0.811669
vn 0.556469 0.448976 0.699116
vn 0.326502 0.474420 0.817510
vn 0.556469 0.448976 0.699116
vn 0.438016 -0.768304 0.466745
vn 0.898320 -0.138802 0.416840
vn 0.441623 0.868343 -0.225720
vn 0.680725 0.237170 -0.693083
vn 0.952802 0.035063 -0.301562
vn 0.631384 0.364319 -0.684563
vn 0.435877 0.366622 -0.821949
vn 0.415890 0.337611 -0.844426
vn 0.680725 0.237170 -0.693083
vn 0.435877 0.366622 -0.821949
vn 0.154195 0.384488 -0.910161
vn 0.119103 0.331733 -0.935825
vn 0.415890 0.337611 -0.844426
vn 0.154195 0.384488 -0.910161
vn -0.134071 0.443360 -0.886260
vn -0.188780 0.380706 -0.905221
vn 0.119103 0.331733 -0.935825
vn -0.134071 0.443360 -0.886260
vn -0.389140 0.530929 -0.752784
vn -0.455751 0.469427 -0.756260
vn -0.188780 0.380706 -0.905221
vn -0.389140 0.530929 -0.752784
vn -0.575621 0.626289 -0.525759
vn -0.641170 0.568718 -0.515229
vn -0.455751 0.469427 -0.756260
vn -0.575621 0.626289 -0.525759
vn -0.666231 0.714586 -0.213313
vn -0.750964 0.630427 -0.196504
vn -0.641170 0.568718 -0.515229
vn -0.666231 0.714586 -0.213313
vn -0.677243 0.724125 0.130325
vn -0.719572 0.689928 0.078835
vn -0.750964 0.630427 -0.196504
vn -0.677243 0.724125 0.130325
vn -0.576015 0.665579 0.474564
vn -0.349253 0.910690 0.220605
vn -0.719572 0.689928 0.078835
vn -0.576015 0.665579 0.474564
vn -0.333336 0.572819 0.748843
vn -0.206301 0.843918 0.495220
vn -0.349253 0.910690 0.220605
vn -0.333336 0.572819 0.748843
vn -0.005145 0.496473 0.868037
vn 0.023861 0.716522 0.697156
vn -0.206301 0.843918 0.495220
vn -0.005145 0.496473 0.868037
vn 0.326502 0.474420 0.817510
vn 0.287638 0.733750 0.615528
vn 0.023861 0.716522 0.697156
vn 0.326502 0.474420 0.817510
vn 0.556469 0.448976 0.699116
vn 0.471493 0.735680 0.486282
vn 0.287638 0.733750 0.615528
vn 0.471493 0.735680 0.486282
vn 0.435160 0.898974 -0.049815
vn 0.885055 0.274691 0.375795
vn 0.435160 0.898974 -0.049815
vn 0.424112 0.897070 -0.124073
vn 0.949247 0.311148 0.046019
vn 0.885055 0.274691 0.375795
vn 0.424112 0.897070 -0.124073
vn 0.441623 0.868343 -0.225720
vn 0.952802 0.035063 -0.301562
vn 0.949247 0.311148 0.046019
vn 0.952802 0.035063 -0.301562
vn 0.680725 0.237170 -0.693083
vn 0.653232 -0.523751 -0.546784
vn 0.783332 -0.595776 -0.177320
vn 0.680725 0.237170 -0.693083
vn 0.415890 0.337611 -0.844426
vn 0.408648 -0.380420 -0.829631
vn 0.653232 -0.523751 -0.546784
vn 0.415890 0.337611 -0.844426
vn 0.119103 0.331733 -0.935825
vn 0.089830 -0.191595 -0.977355
vn 0.408648 -0.380420 -0.829631
vn 0.119103 0.331733 -0.935825
vn -0.188780 0.380706 -0.905221
vn -0.244423 0.017099 -0.969518
vn 0.089830 -0.191595 -0.977355
vn -0.188780 0.380706 -0.905221
vn -0.455751 0.469427 -0.756260
vn -0.534469 0.218435 -0.816473
vn -0.244423 0.017099 -0.969518
vn -0.455751 0.469427 -0.756260
vn -0.641170 0.568718 -0.515229
vn -0.737418 0.388686 -0.552393
vn -0.534469 0.218435 -0.816473
vn -0.641170 0.568718 -0.515229
vn -0.750964 0.630427 -0.196504
vn -0.828521 0.514924 -0.220014
vn -0.737418 0.388686 -0.552393
vn -0.750964 0.630427 -0.196504
vn -0.719572 0.689928 0.078835
vn -0.816250 0.571802 0.082337
vn -0.828521 0.514924 -0.220014
vn -0.719572 0.689928 0.078835
vn -0.829941 -0.076248 0.552615
vn -0.693221 0.597416 0.403161
vn -0.816250 0.571802 0.082337
vn -0.829941 -0.076248 0.552615
vn -0.529434 -0.167588 0.831633
vn -0.432489 0.555541 0.710161
vn -0.693221 0.597416 0.403161
vn -0.529434 -0.167588 0.831633
vn -0.147892 -0.268327 0.951908
vn -0.068881 0.393009 0.916951
vn -0.432489 0.555541 0.710161
vn -0.147892 -0.268327 0.951908
vn 0.252063 -0.328975 0.910077
vn 0.302671 0.148587 0.941442
vn -0.068881 0.393009 0.916951
vn 0.252063 -0.328975 0.910077
vn 0.540061 -0.434270 0.720933
vn 0.597028 -0.149281 0.788209
vn 0.302671 0.148587 0.941442
vn 0.540061 -0.434270 0.720933
vn 0.885055 0.274691 0.375795
vn 0.756073 -0.401073 0.517198
vn 0.597028 -0.149281 0.788209
vn 0.885055 0.274691 0.375795
vn 0.949247 0.311148 0.046019
vn 0.808965 -0.552042 0.202053
vn 0.756073 -0.401073 0.517198
vn 0.949247 0.311148 0.046019
vn 0.952802 0.035063 -0.301562
vn 0.783332 -0.595776 -0.177320
vn 0.808965 -0.552042 0.202053
vn -0.239576 -0.965512 -0.101935
vn 0.060958 -0.781346 -0.621114
vn -0.552074 -0.653097 -0.518342
vn -0.688300 -0.715481 -0.119707
vn 0.060958 -0.781346 -0.621114
vn 0.149302 -0.428976 -0.890892
vn -0.348574 -0.462632 -0.815149
vn -0.552074 -0.653097 -0.518342
vn 0.149302 -0.428976 -0.890892
vn 0.090791 -0.095421 -0.991288
vn -0.169684 -0.183261 -0.968309
vn -0.348574 -0.462632 -0.815149
vn 0.090791 -0.095421 -0.991288
vn -0.000645 0.250070 -0.968228
vn -0.001808 0.151430 -0.988466
vn -0.169684 -0.183261 -0.968309
vn -0.000645 0.250070 -0.968228
vn -0.064357 0.579597 -0.812358
vn 0.158790 0.487640 -0.858483
vn -0.001808 0.151430 -0.988466
vn -0.064357 0.579597 -0.812358
vn -0.073807 0.833959 -0.546868
vn 0.312231 0.736061 -0.600605
vn 0.158790 0.487640 -0.858483
vn -0.073807 0.833959 -0.546868
vn -0.026375 0.970837 -0.238286
vn 0.447979 0.846646 -0.287238
vn 0.312231 0.736061 -0.600605
vn -0.026375 0.970837 -0.238286
vn 0.052356 0.998349 0.023629
vn 0.538218 0.842123 -0.033925
vn 0.447979 0.846646 -0.287238
vn 0.052356 0.998349 0.023629
vn 0.150181 0.928428 0.339804
vn 0.607467 0.753510 0.251409
vn 0.538218 0.842123 -0.033925
vn 0.150181 0.928428 0.339804
vn 0.231286 0.722451 0.651592
vn 0.625111 0.578387 0.524123
vn 0.607467 0.753510 0.251409
vn 0.231286 0.722451 0.651592
vn 0.168050 -0.133405 0.976710
vn 0.527983 0.517385 0.673459
vn 0.168050 -0.133405 0.976710
vn 0.025515 -0.310275 0.950304
vn 0.527983 0.517385 0.673459
vn 0.115919 -0.304267 0.945507
vn 0.047830 -0.589465 0.806376
vn -0.288940 -0.533920 0.794634
vn 0.025515 -0.310275 0.950304
vn 0.047830 -0.589465 0.806376
vn -0.133183 -0.810249 0.570753
vn -0.526760 -0.652606 0.544637
vn -0.288940 -0.533920 0.794634
vn -0.133183 -0.810249 0.570753
vn -0.293099 -0.906572 0.303679
vn -0.668721 -0.694965 0.264266
vn -0.526760 -0.652606 0.544637
vn -0.293099 -0.906572 0.303679
vn -0.239576 -0.965512 -0.101935
vn -0.688300 -0.715481 -0.119707
vn -0.668721 -0.694965 0.264266
vn -0.432489 0.555541 0.710161
vn -0.068881 0.393009 0.916951
vn 0.121144 0.634081 0.763718
vn -0.185893 0.827991 0.529031
vn -0.693221 0.597416 0.403161
vn -0.432489 0.555541 0.710161
vn -0.185893 0.827991 0.529031
vn -0.385468 0.895780 0.221344
vn -0.816250 0.571802 0.082337
vn -0.693221 0.597416 0.403161
vn -0.385468 0.895780 0.221344
vn -0.466053 0.882922 -0.056960
vn -0.828521 0.514924 -0.220014
vn -0.816250 0.571802 0.082337
vn -0.466053 0.882922 -0.056960
vn -0.465212 0.838675 -0.283200
vn -0.737418 0.388686 -0.552393
vn -0.828521 0.514924 -0.220014
vn -0.465212 0.838675 -0.283200
vn -0.385589 0.755909 -0.529077
vn -0.534469 0.218435 -0.816473
vn -0.737418 0.388686 -0.552393
vn -0.385589 0.755909 -0.529077
vn -0.231795 0.645494 -0.727742
vn -0.244423 0.017099 -0.969518
vn -0.534469 0.218435 -0.816473
vn -0.231795 0.645494 -0.727742
vn -0.013832 0.517457 -0.855598
vn 0.089830 -0.191595 -0.977355
vn -0.244423 0.017099 -0.969518
vn -0.013832 0.517457 -0.855598
vn 0.246509 0.379347 -0.891812
vn 0.408648 -0.380420 -0.829631
vn 0.089830 -0.191595 -0.977355
vn 0.246509 0.379347 -0.891812
vn 0.519304 0.235690 -0.821446
vn 0.653232 -0.523751 -0.546784
vn 0.408648 -0.380420 -0.829631
vn 0.519304 0.235690 -0.821446
vn 0.770736 0.074940 -0.632732
vn 0.783332 -0.595776 -0.177320
vn 0.653232 -0.523751 -0.546784
vn 0.770736 0.074940 -0.632732
vn 0.944196 -0.125116 -0.304698
vn 0.808965 -0.552042 0.202053
vn 0.783332 -0.595776 -0.177320
vn 0.944196 -0.125116 -0.304698
vn 0.940938 -0.301729 0.153609
vn 0.756073 -0.401073 0.517198
vn 0.808965 -0.552042 0.202053
vn 0.940938 -0.301729 0.153609
vn 0.844282 -0.193183 0.499868
vn 0.597028 -0.149281 0.788209
vn 0.756073 -0.401073 0.517198
vn 0.844282 -0.193183 0.499868
vn 0.683463 0.067811 0.726829
vn 0.302671 0.148587 0.941442
vn 0.597028 -0.149281 0.788209
vn 0.683463 0.067811 0.726829
vn 0.436216 0.356646 0.826147
vn -0.068881 0.393009 0.916951
vn 0.302671 0.148587 0.941442
vn 0.436216 0.356646 0.826147
vn 0.121144 0.634081 0.763718
vn -0.185893 0.827991 0.529031
vn 0.121144 0.634081 0.763718
vn 0.175098 0.477210 0.861169
vn -0.088955 0.779378 0.620207
vn -0.385468 0.895780 0.221344
vn -0.185893 0.827991 0.529031
vn -0.088955 0.779378 0.620207
vn -0.287939 0.913109 0.288657
vn -0.466053 0.882922 -0.056960
vn -0.385468 0.895780 0.221344
vn -0.287939 0.913109 0.288657
vn -0.387510 0.921769 -0.013365
vn -0.465212 0.838675 -0.283200
vn -0.466053 0.882922 -0.056960
vn -0.387510 0.921769 -0.013365
vn -0.411493 0.874186 -0.257822
vn -0.385589 0.755909 -0.529077
vn -0.465212 0.838675 -0.283200
vn -0.411493 0.874186 -0.257822
vn -0.349578 0.767740 -0.537001
vn -0.231795 0.645494 -0.727742
vn -0.385589 0.755909 -0.529077
vn -0.349578 0.767740 -0.537001
vn -0.197576 0.611386 -0.766271
vn -0.013832 0.517457 -0.855598
vn -0.231795 0.645494 -0.727742
vn -0.197576 0.611386 -0.766271
vn 0.023970 0.431328 -0.901877
vn 0.246509 0.379347 -0.891812
vn -0.013832 0.517457 -0.855598
vn 0.023970 0.431328 -0.901877
vn 0.280965 0.254394 -0.925388
vn 0.519304 0.235690 -0.821446
vn 0.246509 0.379347 -0.891812
vn 0.280965 0.254394 -0.925388
vn 0.533563 0.101386 -0.839662
vn 0.770736 0.074940 -0.632732
vn 0.519304 0.235690 -0.821446
vn 0.533563 0.101386 -0.839662
vn 0.749170 -0.047506 -0.660672
vn 0.944196 -0.125116 -0.304698
vn 0.770736 0.074940 -0.632732
vn 0.749170 -0.047506 -0.660672
vn 0.883902 -0.322973 -0.338240
vn 0.940938 -0.301729 0.153609
vn 0.944196 -0.125116 -0.304698
vn 0.883902 -0.322973 -0.338240
vn 0.717475 -0.658554 0.227017
vn 0.844282 -0.193183 0.499868
vn 0.940938 -0.301729 0.153609
vn 0.717475 -0.658554 0.227017
vn 0.583408 -0.570644 0.577928
vn 0.683463 0.067811 0.726829
vn 0.844282 -0.193183 0.499868
vn 0.583408 -0.570644 0.577928
vn 0.534512 -0.266154 0.802159
vn 0.436216 0.356646 0.826147
vn 0.683463 0.067811 0.726829
vn 0.534512 -0.266154 0.802159
vn 0.401194 0.097020 0.910841
vn 0.121144 0.634081 0.763718
vn 0.436216 0.356646 0.826147
vn 0.401194 0.097020 0.910841
vn 0.175098 0.477210 0.861169
vn -0.088955 0.779378 0.620207
vn 0.175098 0.477210 0.861169
vn 0.076215 0.128622 0.988761
vn 0.231286 0.722451 0.651592
vn -0.287939 0.913109 0.288657
vn -0.088955 0.779378 0.620207
vn 0.231286 0.722451 0.651592
vn 0.150181 0.928428 0.339804
vn -0.387510 0.921769 -0.013365
vn -0.287939 0.913109 0.288657
vn 0.150181 0.928428 0.339804
vn 0.052356 0.998349 0.023629
vn -0.411493 0.874186 -0.257822
vn -0.387510 0.921769 -0.013365
vn 0.052356 0.998349 0.023629
vn -0.026375 0.970837 -0.238286
vn -0.349578 0.767740 -0.537001
vn -0.411493 0.874186 -0.257822
vn -0.026375 0.970837 -0.238286
vn -0.073807 0.833959 -0.546868
vn -0.197576 0.611386 -0.766271
vn -0.349578 0.767740 -0.537001
vn -0.073807 0.833959 -0.546868
vn -0.064357 0.579597 -0.812358
vn 0.023970 0.431328 -0.901877
vn -0.197576 0.611386 -0.766271
vn -0.064357 0.579597 -0.812358
vn -0.000645 0.250070 -0.968228
vn 0.280965 0.254394 -0.925388
vn 0.023970 0.431328 -0.901877
vn -0.000645 0.250070 -0.968228
vn 0.090791 -0.095421 -0.991288
vn 0.533563 0.101386 -0.839662
vn 0.280965 0.254394 -0.925388
vn 0.090791 -0.095421 -0.991288
vn 0.149302 -0.428976 -0.890892
vn 0.749170 -0.047506 -0.660672
vn 0.533563 0.101386 -0.839662
vn 0.149302 -0.428976 -0.890892
vn 0.060958 -0.781346 -0.621114
vn 0.883902 -0.322973 -0.338240
vn 0.749170 -0.047506 -0.660672
vn 0.060958 -0.781346 -0.621114
vn -0.239576 -0.965512 -0.101935
vn 0.717475 -0.658554 0.227017
vn 0.883902 -0.322973 -0.338240
vn -0.239576 -0.965512 -0.101935
vn -0.293099 -0.906572 0.303679
vn 0.583408 -0.570644 0.577928
vn 0.717475 -0.658554 0.227017
vn -0.293099 -0.906572 0.303679
vn -0.133183 -0.810249 0.570753
vn 0.534512 -0.266154 0.802159
vn 0.583408 -0.570644 0.577928
vn -0.133183 -0.810249 0.570753
vn 0.047830 -0.589465 0.806376
vn 0.401194 0.097020 0.910841
vn 0.534512 -0.266154 0.802159
vn 0.047830 -0.589465 0.806376
vn 0.115919 -0.304267 0.945507
vn 0.175098 0.477210 0.861169
vn 0.401194 0.097020 0.910841
vn 0.115919 -0.304267 0.945507
vn 0.076215 0.128622 0.988761
vn -0.688300 -0.715481 -0.119707
vn -0.552074 -0.653097 -0.518342
vn -0.541571 -0.681912 -0.491627
vn -0.625099 -0.770116 -0.127172
vn -0.552074 -0.653097 -0.518342
vn -0.348574 -0.462632 -0.815149
vn -0.395743 -0.527464 -0.751778
vn -0.541571 -0.681912 -0.491627
vn -0.348574 -0.462632 -0.815149
vn -0.169684 -0.183261 -0.968309
vn -0.202521 -0.309071 -0.929226
vn -0.395743 -0.527464 -0.751778
vn -0.169684 -0.183261 -0.968309
vn -0.001808 0.151430 -0.988466
vn 0.055324 -0.035829 -0.997826
vn -0.202521 -0.309071 -0.929226
vn -0.001808 0.151430 -0.988466
vn 0.158790 0.487640 -0.858483
vn 0.331368 0.230017 -0.915034
vn 0.055324 -0.035829 -0.997826
vn 0.158790 0.487640 -0.858483
vn 0.312231 0.736061 -0.600605
vn 0.563913 0.442768 -0.697107
vn 0.331368 0.230017 -0.915034
vn 0.312231 0.736061 -0.600605
vn 0.447979 0.846646 -0.287238
vn 0.728437 0.575760 -0.371322
vn 0.563913 0.442768 -0.697107
vn 0.447979 0.846646 -0.287238
vn 0.538218 0.842123 -0.033925
vn 0.795150 0.599928 -0.088449
vn 0.728437 0.575760 -0.371322
vn 0.538218 0.842123 -0.033925
vn 0.607467 0.753510 0.251409
vn 0.812393 0.547120 0.201685
vn 0.795150 0.599928 -0.088449
vn 0.607467 0.753510 0.251409
vn 0.625111 0.578387 0.524123
vn 0.754895 0.410282 0.511666
vn 0.812393 0.547120 0.201685
vn 0.625111 0.578387 0.524123
vn 0.517087 0.242968 0.820724
vn 0.519271 0.153214 0.840764
vn 0.754895 0.410282 0.511666
vn 0.517087 0.242968 0.820724
vn 0.025515 -0.310275 0.950304
vn 0.037523 -0.248287 0.967960
vn 0.519271 0.153214 0.840764
vn 0.025515 -0.310275 0.950304
vn -0.288940 -0.533920 0.794634
vn -0.329026 -0.535999 0.777462
vn 0.037523 -0.248287 0.967960
vn -0.288940 -0.533920 0.794634
vn -0.526760 -0.652606 0.544637
vn -0.507295 -0.677431 0.532671
vn -0.329026 -0.535999 0.777462
vn -0.526760 -0.652606 0.544637
vn -0.668721 -0.694965 0.264266
vn -0.602790 -0.755699 0.256053
vn -0.507295 -0.677431 0.532671
vn -0.668721 -0.694965 0.264266
vn -0.688300 -0.715481 -0.119707
vn -0.625099 -0.770116 -0.127172
vn -0.602790 -0.755699 0.256053
vn -0.625099 -0.770116 -0.127172
vn -0.541571 -0.681912 -0.491627
vn -0.352092 -0.791897 -0.498930
vn -0.391866 -0.906752 -0.155701
vn -0.541571 -0.681912 -0.491627
vn -0.395743 -0.527464 -0.751778
vn -0.259461 -0.616906 -0.743039
vn -0.352092 -0.791897 -0.498930
vn -0.395743 -0.527464 -0.751778
vn -0.202521 -0.309071 -0.929226
vn -0.110904 -0.398512 -0.910433
vn -0.259461 -0.616906 -0.743039
vn -0.202521 -0.309071 -0.929226
vn 0.055324 -0.035829 -0.997826
vn 0.119850 -0.101013 -0.987640
vn -0.110904 -0.398512 -0.910433
vn 0.055324 -0.035829 -0.997826
vn 0.331368 0.230017 -0.915034
vn 0.348976 0.185028 -0.918684
vn 0.119850 -0.101013 -0.987640
vn 0.331368 0.230017 -0.915034
vn 0.563913 0.442768 -0.697107
vn 0.552156 0.436632 -0.710265
vn 0.348976 0.185028 -0.918684
vn 0.563913 0.442768 -0.697107
vn 0.728437 0.575760 -0.371322
vn 0.702463 0.614919 -0.358359
vn 0.552156 0.436632 -0.710265
vn 0.728437 0.575760 -0.371322
vn 0.795150 0.599928 -0.088449
vn 0.754873 0.654006 -0.049431
vn 0.702463 0.614919 -0.358359
vn 0.795150 0.599928 -0.088449
vn 0.812393 0.547120 0.201685
vn 0.757877 0.600453 0.255104
vn 0.754873 0.654006 -0.049431
vn 0.812393 0.547120 0.201685
vn 0.754895 0.410282 0.511666
vn 0.705290 0.448836 0.548736
vn 0.757877 0.600453 0.255104
vn 0.754895 0.410282 0.511666
vn 0.519271 0.153214 0.840764
vn 0.572912 0.184506 0.798580
vn 0.705290 0.448836 0.548736
vn 0.519271 0.153214 0.840764
vn 0.037523 -0.248287 0.967960
vn 0.252725 -0.283844 0.924966
vn 0.572912 0.184506 0.798580
vn 0.037523 -0.248287 0.967960
vn -0.329026 -0.535999 0.777462
vn -0.074224 -0.647058 0.758819
vn 0.252725 -0.283844 0.924966
vn -0.329026 -0.535999 0.777462
vn -0.507295 -0.677431 0.532671
vn -0.254115 -0.821320 0.510743
vn -0.074224 -0.647058 0.758819
vn -0.507295 -0.677431 0.532671
vn -0.602790 -0.755699 0.256053
vn -0.352147 -0.907773 0.227907
vn -0.254115 -0.821320 0.510743
vn -0.602790 -0.755699 0.256053
vn -0.625099 -0.770116 -0.127172
vn -0.391866 -0.906752 -0.155701
vn -0.352147 -0.907773 0.227907
vn -0.147035 -0.980124 -0.133183
vn -0.245425 -0.867612 -0.432453
vn -0.023034 -0.897666 -0.440073
vn 0.159594 -0.976890 -0.142182
vn -0.245425 -0.867612 -0.432453
vn -0.289348 -0.673109 -0.680589
vn -0.197945 -0.689161 -0.697047
vn -0.023034 -0.897666 -0.440073
vn -0.289348 -0.673109 -0.680589
vn -0.245035 -0.405174 -0.880790
vn -0.336475 -0.362681 -0.869049
vn -0.197945 -0.689161 -0.697047
vn -0.245035 -0.405174 -0.880790
vn -0.076671 -0.050173 -0.995793
vn -0.403456 0.033938 -0.914370
vn -0.336475 -0.362681 -0.869049
vn -0.076671 -0.050173 -0.995793
vn 0.175418 0.294485 -0.939419
vn -0.379193 0.421630 -0.823675
vn -0.403456 0.033938 -0.914370
vn 0.175418 0.294485 -0.939419
vn 0.431607 0.553239 -0.712490
vn -0.282289 0.730502 -0.621836
vn -0.379193 0.421630 -0.823675
vn 0.431607 0.553239 -0.712490
vn 0.621218 0.696650 -0.358841
vn -0.158910 0.934302 -0.319103
vn -0.282289 0.730502 -0.621836
vn 0.621218 0.696650 -0.358841
vn 0.694142 0.716717 -0.066964
vn -0.008152 0.999153 -0.040341
vn -0.158910 0.934302 -0.319103
vn 0.694142 0.716717 -0.066964
vn 0.717286 0.661309 0.219477
vn 0.151400 0.955816 0.251979
vn -0.008152 0.999153 -0.040341
vn 0.717286 0.661309 0.219477
vn 0.711548 0.498167 0.495509
vn 0.350480 0.758493 0.549410
vn 0.151400 0.955816 0.251979
vn 0.711548 0.498167 0.495509
vn 0.670329 0.197118 0.715405
vn 0.535032 0.357631 0.765402
vn 0.350480 0.758493 0.549410
vn 0.670329 0.197118 0.715405
vn 0.529737 -0.268505 0.804540
vn 0.607033 -0.146958 0.780970
vn 0.535032 0.357631 0.765402
vn 0.529737 -0.268505 0.804540
vn 0.307198 -0.670178 0.675641
vn 0.557729 -0.550098 0.621554
vn 0.607033 -0.146958 0.780970
vn 0.307198 -0.670178 0.675641
vn 0.128543 -0.884682 0.448124
vn 0.451988 -0.797284 0.400057
vn 0.557729 -0.550098 0.621554
vn 0.128543 -0.884682 0.448124
vn -0.004999 -0.980771 0.195097
vn 0.336218 -0.927047 0.165953
vn 0.451988 -0.797284 0.400057
vn -0.004999 -0.980771 0.195097
vn -0.147035 -0.980124 -0.133183
vn 0.159594 -0.976890 -0.142182
vn 0.336218 -0.927047 0.165953
vn 0.159594 -0.976890 -0.142182
vn -0.023034 -0.897666 -0.440073
vn 0.197708 -0.834227 -0.514759
vn 0.379184 -0.904470 -0.195331
vn -0.023034 -0.897666 -0.440073
vn -0.197945 -0.689161 -0.697047
vn -0.007747 -0.629996 -0.776560
vn 0.197708 -0.834227 -0.514759
vn -0.197945 -0.689161 -0.697047
vn -0.336475 -0.362681 -0.869049
vn -0.207672 -0.308658 -0.928226
vn -0.007747 -0.629996 -0.776560
vn -0.336475 -0.362681 -0.869049
vn -0.403456 0.033938 -0.914370
vn -0.362224 0.073817 -0.929164
vn -0.207672 -0.308658 -0.928226
vn -0.403456 0.033938 -0.914370
vn -0.379193 0.421630 -0.823675
vn -0.441269 0.436632 -0.783986
vn -0.362224 0.073817 -0.929164
vn -0.379193 0.421630 -0.823675
vn -0.282289 0.730502 -0.621836
vn -0.440163 0.719288 -0.537477
vn -0.441269 0.436632 -0.783986
vn -0.282289 0.730502 -0.621836
vn -0.158910 0.934302 -0.319103
vn -0.365832 0.902392 -0.227717
vn -0.440163 0.719288 -0.537477
vn -0.158910 0.934302 -0.319103
vn -0.008152 0.999153 -0.040341
vn -0.257293 0.965511 0.039856
vn -0.365832 0.902392 -0.227717
vn -0.008152 0.999153 -0.040341
vn 0.151400 0.955816 0.251979
vn -0.094603 0.940848 0.325354
vn -0.257293 0.965511 0.039856
vn 0.151400 0.955816 0.251979
vn 0.350480 0.758493 0.549410
vn 0.134495 0.774774 0.617767
vn -0.094603 0.940848 0.325354
vn 0.350480 0.758493 0.549410
vn 0.535032 0.357631 0.765402
vn 0.392682 0.413309 0.821570
vn 0.134495 0.774774 0.617767
vn 0.535032 0.357631 0.765402
vn 0.607033 -0.146958 0.780970
vn 0.572975 -0.053629 0.817817
vn 0.392682 0.413309 0.821570
vn 0.607033 -0.146958 0.780970
vn 0.557729 -0.550098 0.621554
vn 0.625748 -0.443014 0.642011
vn 0.572975 -0.053629 0.817817
vn 0.557729 -0.550098 0.621554
vn 0.451988 -0.797284 0.400057
vn 0.594474 -0.696886 0.401187
vn 0.625748 -0.443014 0.642011
vn 0.451988 -0.797284 0.400057
vn 0.336218 -0.927047 0.165953
vn 0.521933 -0.841537 0.139289
vn 0.594474 -0.696886 0.401187
vn 0.336218 -0.927047 0.165953
vn 0.159594 -0.976890 -0.142182
vn 0.379184 -0.904470 -0.195331
vn 0.521933 -0.841537 0.139289
vn 0.379184 -0.904470 -0.195331
vn 0.197708 -0.834227 -0.514759
vn 0.205774 -0.788121 -0.580106
vn 0.417790 -0.865174 -0.277353
vn 0.197708 -0.834227 -0.514759
vn -0.007747 -0.629996 -0.776560
vn -0.022528 -0.577526 -0.816061
vn 0.205774 -0.788121 -0.580106
vn -0.007747 -0.629996 -0.776560
vn -0.207672 -0.308658 -0.928226
vn -0.233247 -0.256377 -0.938012
vn -0.022528 -0.577526 -0.816061
vn -0.207672 -0.308658 -0.928226
vn -0.362224 0.073817 -0.929164
vn -0.384489 0.118807 -0.915452
vn -0.233247 -0.256377 -0.938012
vn -0.362224 0.073817 -0.929164
vn -0.441269 0.436632 -0.783986
vn -0.446369 0.471520 -0.760542
vn -0.384489 0.118807 -0.915452
vn -0.441269 0.436632 -0.783986
vn -0.440163 0.719288 -0.537477
vn -0.417055 0.745634 -0.519706
vn -0.446369 0.471520 -0.760542
vn -0.440163 0.719288 -0.537477
vn -0.365832 0.902392 -0.227717
vn -0.304473 0.924301 -0.230139
vn -0.417055 0.745634 -0.519706
vn -0.365832 0.902392 -0.227717
vn -0.257293 0.965511 0.039856
vn -0.168290 0.985508 0.021260
vn -0.304473 0.924301 -0.230139
vn -0.257293 0.965511 0.039856
vn -0.094603 0.940848 0.325354
vn 0.026738 0.959115 0.281750
vn -0.168290 0.985508 0.021260
vn -0.094603 0.940848 0.325354
vn 0.134495 0.774774 0.617767
vn 0.277979 0.797086 0.536079
vn 0.026738 0.959115 0.281750
vn 0.134495 0.774774 0.617767
vn 0.392682 0.413309 0.821570
vn 0.539273 0.456789 0.707480
vn 0.277979 0.797086 0.536079
vn 0.392682 0.413309 0.821570
vn 0.572975 -0.053629 0.817817
vn 0.710152 0.011290 0.703958
vn 0.539273 0.456789 0.707480
vn 0.572975 -0.053629 0.817817
vn 0.625748 -0.443014 0.642011
vn 0.747856 -0.378308 0.545523
vn 0.710152 0.011290 0.703958
vn 0.625748 -0.443014 0.642011
vn 0.594474 -0.696886 0.401187
vn 0.696824 -0.643356 0.317063
vn 0.747856 -0.378308 0.545523
vn 0.594474 -0.696886 0.401187
vn 0.521933 -0.841537 0.139289
vn 0.593554 -0.802759 0.057197
vn 0.696824 -0.643356 0.317063
vn 0.521933 -0.841537 0.139289
vn 0.379184 -0.904470 -0.195331
vn 0.417790 -0.865174 -0.277353
vn 0.593554 -0.802759 0.057197
vn 0.417790 -0.865174 -0.277353
vn 0.205774 -0.788121 -0.580106
vn 0.002022 -0.857383 -0.514675
vn 0.235399 -0.942396 -0.237650
vn 0.205774 -0.788121 -0.580106
vn -0.022528 -0.577526 -0.816061
vn -0.208595 -0.633422 -0.745161
vn 0.002022 -0.857383 -0.514675
vn -0.022528 -0.577526 -0.816061
vn -0.233247 -0.256377 -0.938012
vn -0.359589 -0.298091 -0.884216
vn -0.208595 -0.633422 -0.745161
vn -0.233247 -0.256377 -0.938012
vn -0.384489 0.118807 -0.915452
vn -0.421782 0.089541 -0.902265
vn -0.359589 -0.298091 -0.884216
vn -0.384489 0.118807 -0.915452
vn -0.446369 0.471520 -0.760542
vn -0.386973 0.457460 -0.800614
vn -0.421782 0.089541 -0.902265
vn -0.446369 0.471520 -0.760542
vn -0.417055 0.745634 -0.519706
vn -0.267616 0.748980 -0.606144
vn -0.386973 0.457460 -0.800614
vn -0.417055 0.745634 -0.519706
vn -0.304473 0.924301 -0.230139
vn -0.072892 0.938593 -0.337239
vn -0.267616 0.748980 -0.606144
vn -0.304473 0.924301 -0.230139
vn -0.168290 0.985508 0.021260
vn 0.129724 0.988099 -0.082658
vn -0.072892 0.938593 -0.337239
vn -0.168290 0.985508 0.021260
vn 0.026738 0.959115 0.281750
vn 0.350375 0.922785 0.160331
vn 0.129724 0.988099 -0.082658
vn 0.026738 0.959115 0.281750
vn 0.277979 0.797086 0.536079
vn 0.580780 0.716686 0.386078
vn 0.350375 0.922785 0.160331
vn 0.277979 0.797086 0.536079
vn 0.539273 0.456789 0.707480
vn 0.762554 0.357765 0.538995
vn 0.580780 0.716686 0.386078
vn 0.539273 0.456789 0.707480
vn 0.710152 0.011290 0.703958
vn 0.825356 -0.076258 0.559440
vn 0.762554 0.357765 0.538995
vn 0.710152 0.011290 0.703958
vn 0.747856 -0.378308 0.545523
vn 0.764995 -0.457438 0.453358
vn 0.825356 -0.076258 0.559440
vn 0.747856 -0.378308 0.545523
vn 0.696824 -0.643356 0.317063
vn 0.632047 -0.725469 0.272419
vn 0.764995 -0.457438 0.453358
vn 0.696824 -0.643356 0.317063
vn 0.593554 -0.802759 0.057197
vn 0.462632 -0.885229 0.048391
vn 0.632047 -0.725469 0.272419
vn 0.593554 -0.802759 0.057197
vn 0.417790 -0.865174 -0.277353
vn 0.235399 -0.942396 -0.237650
vn 0.462632 -0.885229 0.048391
vn 0.482902 -0.403323 0.777262
vn 0.803178 -0.252414 0.539622
vn 0.720888 -0.390762 0.572386
vn 0.469661 -0.347292 0.811669
vn 0.158505 -0.518366 0.840341
vn 0.482902 -0.403323 0.777262
vn 0.469661 -0.347292 0.811669
vn 0.182094 -0.331133 0.925847
vn -0.097267 -0.585889 0.804533
vn 0.158505 -0.518366 0.840341
vn 0.182094 -0.331133 0.925847
vn -0.136634 -0.312011 0.940202
vn -0.383407 -0.404644 0.830218
vn -0.097267 -0.585889 0.804533
vn -0.136634 -0.312011 0.940202
vn -0.452960 -0.256502 0.853835
vn -0.581221 -0.453443 0.675701
vn -0.383407 -0.404644 0.830218
vn -0.452960 -0.256502 0.853835
vn -0.747099 -0.110864 0.655402
vn -0.956506 -0.058522 0.285782
vn -0.581221 -0.453443 0.675701
vn -0.747099 -0.110864 0.655402
vn -0.675316 -0.735403 0.055952
vn -0.662398 -0.710297 0.238133
vn -0.956506 -0.058522 0.285782
vn -0.989603 -0.130276 -0.060942
vn -0.572188 -0.806070 -0.151170
vn -0.675316 -0.735403 0.055952
vn -0.989603 -0.130276 -0.060942
vn -0.869420 -0.278512 -0.408093
vn -0.403940 -0.855085 -0.325056
vn -0.572188 -0.806070 -0.151170
vn -0.869420 -0.278512 -0.408093
vn -0.620305 -0.423679 -0.660089
vn -0.205795 -0.873390 -0.441405
vn -0.403940 -0.855085 -0.325056
vn -0.620305 -0.423679 -0.660089
vn -0.303576 -0.543103 -0.782867
vn 0.018636 -0.857740 -0.513746
vn -0.205795 -0.873390 -0.441405
vn -0.303576 -0.543103 -0.782867
vn 0.022750 -0.617135 -0.786528
vn 0.282278 -0.796989 -0.533973
vn 0.018636 -0.857740 -0.513746
vn 0.022750 -0.617135 -0.786528
vn 0.329718 -0.643571 -0.690726
vn 0.598261 -0.653493 -0.463714
vn 0.282278 -0.796989 -0.533973
vn 0.329718 -0.643571 -0.690726
vn 0.580615 -0.632819 -0.512275
vn 0.878802 -0.415755 -0.234211
vn 0.598261 -0.653493 -0.463714
vn 0.580615 -0.632819 -0.512275
vn 0.772562 -0.589829 -0.235052
vn 0.966362 -0.216989 0.138057
vn 0.878802 -0.415755 -0.234211
vn 0.772562 -0.589829 -0.235052
vn 0.853937 -0.496111 0.157055
vn 0.803178 -0.252414 0.539622
vn 0.966362 -0.216989 0.138057
vn 0.853937 -0.496111 0.157055
vn 0.720888 -0.390762 0.572386
vn 0.231286 0.722451 0.651592
vn -0.054344 -0.202334 0.977808
vn 0.168050 -0.133405 0.976710
vn -0.054344 -0.202334 0.977808
vn 0.025515 -0.310275 0.950304
vn 0.168050 -0.133405 0.976710
vn 0.527983 0.517385 0.673459
vn 0.025515 -0.310275 0.950304
vn 0.517087 0.242968 0.820724
vn 0.231286 0.722451 0.651592
vn 0.527983 0.517385 0.673459
vn 0.517087 0.242968 0.820724
vn 0.625111 0.578387 0.524123
vn 0.231286 0.722451 0.651592
vn 0.076215 0.128622 0.988761
vn -0.054344 -0.202334 0.977808
vn 0.076215 0.128622 0.988761
vn 0.115919 -0.304267 0.945507
vn 0.025515 -0.310275 0.950304
vn -0.054344 -0.202334 0.977808
vn -0.956506 -0.058522 0.285782
vn -0.691451 -0.395525 0.604529
vn -0.581221 -0.453443 0.675701
vn -0.691451 -0.395525 0.604529
vn -0.477626 -0.189075 0.857977
vn -0.383407 -0.404644 0.830218
vn -0.581221 -0.453443 0.675701
vn -0.477626 -0.189075 0.857977
vn -0.097267 -0.585889 0.804533
vn -0.383407 -0.404644 0.830218
vn -0.662398 -0.710297 0.238133
vn -0.499781 -0.778307 0.380075
vn -0.691451 -0.395525 0.604529
vn -0.956506 -0.058522 0.285782
vn -0.499781 -0.778307 0.380075
vn -0.258427 -0.823118 0.505660
vn -0.477626 -0.189075 0.857977
vn -0.691451 -0.395525 0.604529
vn -0.258427 -0.823118 0.505660
vn -0.097267 -0.585889 0.804533
vn -0.477626 -0.189075 0.857977
vn -0.719572 0.689928 0.078835
vn -0.349253 0.910690 0.220605
vn -0.784912 0.015606 0.619411
vn -0.784912 0.015606 0.619411
vn -0.524295 0.176250 0.833097
vn -0.529434 -0.167588 0.831633
vn -0.829941 -0.076248 0.552615
vn -0.524295 0.176250 0.833097
vn -0.089111 0.226443 0.969940
vn -0.147892 -0.268327 0.951908
vn -0.529434 -0.167588 0.831633
vn -0.089111 0.226443 0.969940
vn 0.341225 -0.004898 0.939969
vn 0.252063 -0.328975 0.910077
vn -0.147892 -0.268327 0.951908
vn 0.341225 -0.004898 0.939969
vn 0.567804 -0.312221 0.761654
vn 0.540061 -0.434270 0.720933
vn 0.252063 -0.328975 0.910077
vn 0.567804 -0.312221 0.761654
vn 0.885055 0.274691 0.375795
vn 0.540061 -0.434270 0.720933
vn -0.349253 0.910690 0.220605
vn -0.206301 0.843918 0.495220
vn -0.447105 -0.361411 0.818217
vn -0.206301 0.843918 0.495220
vn 0.023861 0.716522 0.697156
vn -0.122190 -0.390530 0.912445
vn -0.447105 -0.361411 0.818217
vn 0.023861 0.716522 0.697156
vn 0.287638 0.733750 0.615528
vn 0.186583 -0.481377 0.856425
vn -0.122190 -0.390530 0.912445
vn 0.287638 0.733750 0.615528
vn 0.471493 0.735680 0.486282
vn 0.186583 -0.481377 0.856425
vn -0.349253 0.910690 0.220605
vn -0.447105 -0.361411 0.818217
vn -0.524295 0.176250 0.833097
vn -0.784912 0.015606 0.619411
vn -0.447105 -0.361411 0.818217
vn -0.122190 -0.390530 0.912445
vn -0.089111 0.226443 0.969940
vn -0.524295 0.176250 0.833097
vn -0.122190 -0.390530 0.912445
vn 0.186583 -0.481377 0.856425
vn 0.341225 -0.004898 0.939969
vn -0.089111 0.226443 0.969940
vn 0.186583 -0.481377 0.856425
vn 0.471493 0.735680 0.486282
vn 0.567804 -0.312221 0.761654
vn 0.341225 -0.004898 0.939969
vn 0.471493 0.735680 0.486282
vn 0.885055 0.274691 0.375795
vn 0.567804 -0.312221 0.761654
vn -0.719572 0.689928 0.078835
vn -0.784912 0.015606 0.619411
vn -0.829941 -0.076248 0.552615
vn 0.469661 -0.347292 0.811669
vn 0.720888 -0.390762 0.572386
vn 0.438016 -0.768304 0.466745
vn 0.556469 0.448976 0.699116
vn 0.720888 -0.390762 0.572386
vn 0.853937 -0.496111 0.157055
vn 0.347980 -0.918883 0.185915
vn 0.438016 -0.768304 0.466745
vn 0.853937 -0.496111 0.157055
vn 0.772562 -0.589829 -0.235052
vn 0.399697 -0.915043 -0.054216
vn 0.347980 -0.918883 0.185915
vn 0.772562 -0.589829 -0.235052
vn 0.580615 -0.632819 -0.512275
vn 0.631384 0.364319 -0.684563
vn 0.399697 -0.915043 -0.054216
vn 0.898320 -0.138802 0.416840
vn 0.970062 -0.209933 0.122098
vn 0.991498 -0.062491 0.114132
vn 0.721997 0.550054 0.419715
vn 0.970062 -0.209933 0.122098
vn 0.932657 -0.315366 -0.175202
vn 0.783832 0.469260 -0.406696
vn 0.991498 -0.062491 0.114132
vn 0.438016 -0.768304 0.466745
vn 0.347980 -0.918883 0.185915
vn 0.970062 -0.209933 0.122098
vn 0.898320 -0.138802 0.416840
vn 0.347980 -0.918883 0.185915
vn 0.399697 -0.915043 -0.054216
vn 0.932657 -0.315366 -0.175202
vn 0.970062 -0.209933 0.122098
vn 0.399697 -0.915043 -0.054216
vn 0.631384 0.364319 -0.684563
vn 0.932657 -0.315366 -0.175202
vn 0.556469 0.448976 0.699116
vn 0.898320 -0.138802 0.416840
vn 0.721997 0.550054 0.419715
vn 0.471493 0.735680 0.486282
vn 0.624150 0.725575 0.289789
vn 0.435160 0.898974 -0.049815
vn 0.424112 0.897070 -0.124073
vn 0.435160 0.898974 -0.049815
vn 0.624150 0.725575 0.289789
vn 0.856140 0.516498 -0.015952
vn 0.856140 0.516498 -0.015952
vn 0.633720 0.671036 -0.384851
vn 0.441623 0.868343 -0.225720
vn 0.424112 0.897070 -0.124073
vn 0.633720 0.671036 -0.384851
vn 0.680725 0.237170 -0.693083
vn 0.441623 0.868343 -0.225720
vn 0.556469 0.448976 0.699116
vn 0.721997 0.550054 0.419715
vn 0.624150 0.725575 0.289789
vn 0.471493 0.735680 0.486282
vn 0.856140 0.516498 -0.015952
vn 0.624150 0.725575 0.289789
vn 0.721997 0.550054 0.419715
vn 0.991498 -0.062491 0.114132
vn 0.783832 0.469260 -0.406696
vn 0.633720 0.671036 -0.384851
vn 0.856140 0.516498 -0.015952
vn 0.991498 -0.062491 0.114132
vn 0.783832 0.469260 -0.406696
vn 0.631384 0.364319 -0.684563
vn 0.680725 0.237170 -0.693083
vn 0.633720 0.671036 -0.384851
vn -0.093295 -0.943356 0.318396
vn -0.006751 -0.912589 0.408823
vn 0.158505 -0.518366 0.840341
vn -0.097267 -0.585889 0.804533
vn -0.131110 -0.980463 0.146639
vn -0.093295 -0.943356 0.318396
vn -0.097267 -0.585889 0.804533
vn -0.258427 -0.823118 0.505660
vn -0.199301 -0.979078 0.041058
vn -0.131110 -0.980463 0.146639
vn -0.258427 -0.823118 0.505660
vn -0.499781 -0.778307 0.380075
vn -0.285339 -0.955969 0.068591
vn -0.199301 -0.979078 0.041058
vn -0.499781 -0.778307 0.380075
vn -0.662398 -0.710297 0.238133
vn -0.323616 -0.939242 0.114445
vn -0.285339 -0.955969 0.068591
vn -0.662398 -0.710297 0.238133
vn -0.675316 -0.735403 0.055952
vn -0.304712 -0.949144 0.079225
vn -0.323616 -0.939242 0.114445
vn -0.675316 -0.735403 0.055952
vn -0.572188 -0.806070 -0.151170
vn -0.241102 -0.970500 0.000481
vn -0.304712 -0.949144 0.079225
vn -0.572188 -0.806070 -0.151170
vn -0.403940 -0.855085 -0.325056
vn -0.157832 -0.985916 -0.055308
vn -0.241102 -0.970500 0.000481
vn -0.403940 -0.855085 -0.325056
vn -0.205795 -0.873390 -0.441405
vn -0.061029 -0.993272 -0.098422
vn -0.157832 -0.985916 -0.055308
vn -0.205795 -0.873390 -0.441405
vn 0.018636 -0.857740 -0.513746
vn 0.066163 -0.989149 -0.131177
vn -0.061029 -0.993272 -0.098422
vn 0.018636 -0.857740 -0.513746
vn 0.282278 -0.796989 -0.533973
vn 0.253001 -0.957957 -0.135314
vn 0.066163 -0.989149 -0.131177
vn 0.282278 -0.796989 -0.533973
vn 0.598261 -0.653493 -0.463714
vn 0.499976 -0.865005 -0.042323
vn 0.253001 -0.957957 -0.135314
vn 0.598261 -0.653493 -0.463714
vn 0.878802 -0.415755 -0.234211
vn 0.654199 -0.740443 0.154168
vn 0.499976 -0.865005 -0.042323
vn 0.878802 -0.415755 -0.234211
vn 0.966362 -0.216989 0.138057
vn 0.479153 -0.792757 0.376761
vn 0.654199 -0.740443 0.154168
vn 0.966362 -0.216989 0.138057
vn 0.803178 -0.252414 0.539622
vn 0.191564 -0.871741 0.450966
vn 0.479153 -0.792757 0.376761
vn 0.803178 -0.252414 0.539622
vn 0.482902 -0.403323 0.777262
vn -0.006751 -0.912589 0.408823
vn 0.191564 -0.871741 0.450966
vn 0.482902 -0.403323 0.777262
vn 0.158505 -0.518366 0.840341
vn 0.481424 0.743941 -0.463446
vn 0.574563 0.757197 -0.310694
vn 0.602136 0.734985 -0.311818
vn 0.511193 0.720415 -0.468705
vn 0.362128 0.767259 -0.529317
vn 0.481424 0.743941 -0.463446
vn 0.511193 0.720415 -0.468705
vn 0.379366 0.737681 -0.558487
vn 0.246094 0.825005 -0.508728
vn 0.362128 0.767259 -0.529317
vn 0.379366 0.737681 -0.558487
vn 0.243565 0.783688 -0.571409
vn 0.191794 0.889202 -0.415373
vn 0.246094 0.825005 -0.508728
vn 0.243565 0.783688 -0.571409
vn 0.167132 0.834854 -0.524486
vn 0.178211 0.942361 -0.283189
vn 0.191794 0.889202 -0.415373
vn 0.167132 0.834854 -0.524486
vn 0.128804 0.902610 -0.410737
vn 0.150372 0.968028 -0.200773
vn 0.178211 0.942361 -0.283189
vn 0.128804 0.902610 -0.410737
vn 0.072163 0.959464 -0.272436
vn 0.153989 0.974928 -0.160635
vn 0.150372 0.968028 -0.200773
vn 0.072163 0.959464 -0.272436
vn 0.033052 0.988961 -0.144442
vn 0.171658 0.977548 -0.122205
vn 0.153989 0.974928 -0.160635
vn 0.033052 0.988961 -0.144442
vn 0.032035 0.998735 -0.038760
vn 0.205809 0.970829 -0.123017
vn 0.171658 0.977548 -0.122205
vn 0.032035 0.998735 -0.038760
vn 0.084049 0.995128 0.051538
vn 0.256826 0.966364 -0.013466
vn 0.205809 0.970829 -0.123017
vn 0.084049 0.995128 0.051538
vn 0.176318 0.965089 0.193687
vn 0.176318 0.965089 0.193687
vn 0.317629 0.877621 0.359017
vn 0.346758 0.907025 0.238884
vn 0.256826 0.966364 -0.013466
vn 0.400793 0.796870 0.452067
vn 0.346758 0.907025 0.238884
vn 0.317629 0.877621 0.359017
vn 0.404644 0.771613 0.490792
vn 0.419086 0.736216 0.531369
vn 0.400793 0.796870 0.452067
vn 0.404644 0.771613 0.490792
vn 0.432410 0.725690 0.535160
vn 0.492175 0.762739 0.419516
vn 0.419086 0.736216 0.531369
vn 0.432410 0.725690 0.535160
vn 0.508229 0.743676 0.434337
vn 0.600910 0.799170 0.015330
vn 0.492175 0.762739 0.419516
vn 0.508229 0.743676 0.434337
vn 0.623882 0.781450 0.010356
vn 0.574563 0.757197 -0.310694
vn 0.600910 0.799170 0.015330
vn 0.623882 0.781450 0.010356
vn 0.602136 0.734985 -0.311818
vn 0.572912 0.184506 0.798580
vn 0.252725 -0.283844 0.924966
vn 0.529737 -0.268505 0.804540
vn 0.670329 0.197118 0.715405
vn 0.705290 0.448836 0.548736
vn 0.572912 0.184506 0.798580
vn 0.670329 0.197118 0.715405
vn 0.711548 0.498167 0.495509
vn 0.757877 0.600453 0.255104
vn 0.705290 0.448836 0.548736
vn 0.711548 0.498167 0.495509
vn 0.717286 0.661309 0.219477
vn 0.754873 0.654006 -0.049431
vn 0.757877 0.600453 0.255104
vn 0.717286 0.661309 0.219477
vn 0.694142 0.716717 -0.066964
vn 0.702463 0.614919 -0.358359
vn 0.754873 0.654006 -0.049431
vn 0.694142 0.716717 -0.066964
vn 0.621218 0.696650 -0.358841
vn 0.552156 0.436632 -0.710265
vn 0.702463 0.614919 -0.358359
vn 0.621218 0.696650 -0.358841
vn 0.431607 0.553239 -0.712490
vn 0.348976 0.185028 -0.918684
vn 0.552156 0.436632 -0.710265
vn 0.431607 0.553239 -0.712490
vn 0.175418 0.294485 -0.939419
vn 0.119850 -0.101013 -0.987640
vn 0.348976 0.185028 -0.918684
vn 0.175418 0.294485 -0.939419
vn -0.076671 -0.050173 -0.995793
vn -0.110904 -0.398512 -0.910433
vn 0.119850 -0.101013 -0.987640
vn -0.076671 -0.050173 -0.995793
vn -0.245035 -0.405174 -0.880790
vn -0.259461 -0.616906 -0.743039
vn -0.110904 -0.398512 -0.910433
vn -0.245035 -0.405174 -0.880790
vn -0.289348 -0.673109 -0.680589
vn -0.352092 -0.791897 -0.498930
vn -0.259461 -0.616906 -0.743039
vn -0.289348 -0.673109 -0.680589
vn -0.245425 -0.867612 -0.432453
vn -0.391866 -0.906752 -0.155701
vn -0.352092 -0.791897 -0.498930
vn -0.245425 -0.867612 -0.432453
vn -0.147035 -0.980124 -0.133183
vn -0.352147 -0.907773 0.227907
vn -0.391866 -0.906752 -0.155701
vn -0.147035 -0.980124 -0.133183
vn -0.004999 -0.980771 0.195097
vn -0.254115 -0.821320 0.510743
vn -0.352147 -0.907773 0.227907
vn -0.004999 -0.980771 0.195097
vn 0.128543 -0.884682 0.448124
vn -0.074224 -0.647058 0.758819
vn -0.254115 -0.821320 0.510743
vn 0.128543 -0.884682 0.448124
vn 0.307198 -0.670178 0.675641
vn 0.252725 -0.283844 0.924966
vn -0.074224 -0.647058 0.758819
vn 0.307198 -0.670178 0.675641
vn 0.529737 -0.268505 0.804540
vn -0.444055 -0.891882 0.085798
vn -0.281291 -0.952847 0.113829
vn -0.312745 -0.942682 0.116367
vn -0.437781 -0.898336 0.036616
vn -0.444055 -0.891882 0.085798
vn -0.312745 -0.942682 0.116367
vn -0.294902 -0.946715 -0.129474
vn -0.437781 -0.898336 0.036616
vn -0.312745 -0.942682 0.116367
vn -0.239834 -0.956768 -0.164545
vn -0.294902 -0.946715 -0.129474
vn -0.312745 -0.942682 0.116367
vn -0.252030 -0.967717 -0.002241
vn -0.239834 -0.956768 -0.164545
vn -0.312745 -0.942682 0.116367
vn -0.290315 -0.947459 0.134305
vn -0.252030 -0.967717 -0.002241
vn -0.312745 -0.942682 0.116367
vn -0.298786 -0.945394 0.130219
vn -0.290315 -0.947459 0.134305
vn -0.312745 -0.942682 0.116367
vn -0.304389 -0.941336 0.145716
vn -0.298786 -0.945394 0.130219
vn -0.312745 -0.942682 0.116367
vn -0.279043 -0.943617 0.178105
vn -0.304389 -0.941336 0.145716
vn -0.312745 -0.942682 0.116367
vn -0.282963 -0.933751 0.219181
vn -0.279043 -0.943617 0.178105
vn -0.312745 -0.942682 0.116367
vn -0.259455 -0.950426 0.171386
vn -0.282963 -0.933751 0.219181
vn -0.312745 -0.942682 0.116367
vn -0.225556 -0.968425 0.106200
vn -0.259455 -0.950426 0.171386
vn -0.312745 -0.942682 0.116367
vn -0.213039 -0.969408 0.121913
vn -0.225556 -0.968425 0.106200
vn -0.312745 -0.942682 0.116367
vn -0.206902 -0.962288 0.176619
vn -0.213039 -0.969408 0.121913
vn -0.312745 -0.942682 0.116367
vn -0.211039 -0.959574 0.186224
vn -0.206902 -0.962288 0.176619
vn -0.312745 -0.942682 0.116367
vn -0.281291 -0.952847 0.113829
vn -0.211039 -0.959574 0.186224
vn -0.312745 -0.942682 0.116367
vn 0.426835 0.605795 0.671435
vn 0.306608 0.742356 0.595734
vn -0.444055 -0.891882 0.085798
vn -0.437781 -0.898336 0.036616
vn 0.478968 0.562138 0.674233
vn 0.426835 0.605795 0.671435
vn -0.437781 -0.898336 0.036616
vn -0.294902 -0.946715 -0.129474
vn 0.593415 0.603238 0.532882
vn 0.478968 0.562138 0.674233
vn -0.294902 -0.946715 -0.129474
vn -0.239834 -0.956768 -0.164545
vn 0.752361 0.658385 0.021966
vn 0.593415 0.603238 0.532882
vn -0.239834 -0.956768 -0.164545
vn -0.252030 -0.967717 -0.002241
vn 0.721002 0.597798 -0.350419
vn 0.752361 0.658385 0.021966
vn -0.252030 -0.967717 -0.002241
vn -0.290315 -0.947459 0.134305
vn 0.614352 0.565395 -0.550364
vn 0.721002 0.597798 -0.350419
vn -0.290315 -0.947459 0.134305
vn -0.298786 -0.945394 0.130219
vn 0.443917 0.567732 -0.693266
vn 0.614352 0.565395 -0.550364
vn -0.298786 -0.945394 0.130219
vn -0.304389 -0.941336 0.145716
vn 0.255319 0.611467 -0.748946
vn 0.443917 0.567732 -0.693266
vn -0.304389 -0.941336 0.145716
vn -0.279043 -0.943617 0.178105
vn 0.126468 0.679940 -0.722280
vn 0.255319 0.611467 -0.748946
vn -0.279043 -0.943617 0.178105
vn -0.282963 -0.933751 0.219181
vn 0.047876 0.801152 -0.596543
vn 0.126468 0.679940 -0.722280
vn -0.282963 -0.933751 0.219181
vn -0.259455 -0.950426 0.171386
vn -0.073934 0.925571 -0.371285
vn 0.047876 0.801152 -0.596543
vn -0.259455 -0.950426 0.171386
vn -0.225556 -0.968425 0.106200
vn -0.136062 0.981594 -0.134015
vn -0.073934 0.925571 -0.371285
vn -0.225556 -0.968425 0.106200
vn -0.213039 -0.969408 0.121913
vn -0.124215 0.991237 0.044949
vn -0.136062 0.981594 -0.134015
vn -0.213039 -0.969408 0.121913
vn -0.206902 -0.962288 0.176619
vn -0.051334 0.974120 0.220125
vn -0.124215 0.991237 0.044949
vn -0.206902 -0.962288 0.176619
vn -0.211039 -0.959574 0.186224
vn 0.093335 0.896731 0.432622
vn -0.051334 0.974120 0.220125
vn -0.211039 -0.959574 0.186224
vn -0.281291 -0.952847 0.113829
vn 0.306608 0.742356 0.595734
vn 0.093335 0.896731 0.432622
vn -0.281291 -0.952847 0.113829
vn -0.444055 -0.891882 0.085798
vn 0.426835 0.605795 0.671435
vn 0.404644 0.771613 0.490792
vn 0.317629 0.877621 0.359017
vn 0.306608 0.742356 0.595734
vn 0.478968 0.562138 0.674233
vn 0.432410 0.725690 0.535160
vn 0.404644 0.771613 0.490792
vn 0.426835 0.605795 0.671435
vn 0.593415 0.603238 0.532882
vn 0.508229 0.743676 0.434337
vn 0.432410 0.725690 0.535160
vn 0.478968 0.562138 0.674233
vn 0.752361 0.658385 0.021966
vn 0.623882 0.781450 0.010356
vn 0.508229 0.743676 0.434337
vn 0.593415 0.603238 0.532882
vn 0.721002 0.597798 -0.350419
vn 0.602136 0.734985 -0.311818
vn 0.623882 0.781450 0.010356
vn 0.752361 0.658385 0.021966
vn 0.614352 0.565395 -0.550364
vn 0.511193 0.720415 -0.468705
vn 0.602136 0.734985 -0.311818
vn 0.721002 0.597798 -0.350419
vn 0.443917 0.567732 -0.693266
vn 0.379366 0.737681 -0.558487
vn 0.511193 0.720415 -0.468705
vn 0.614352 0.565395 -0.550364
vn 0.255319 0.611467 -0.748946
vn 0.243565 0.783688 -0.571409
vn 0.379366 0.737681 -0.558487
vn 0.443917 0.567732 -0.693266
vn 0.126468 0.679940 -0.722280
vn 0.167132 0.834854 -0.524486
vn 0.243565 0.783688 -0.571409
vn 0.255319 0.611467 -0.748946
vn 0.047876 0.801152 -0.596543
vn 0.128804 0.902610 -0.410737
vn 0.167132 0.834854 -0.524486
vn 0.126468 0.679940 -0.722280
vn -0.073934 0.925571 -0.371285
vn 0.072163 0.959464 -0.272436
vn 0.128804 0.902610 -0.410737
vn 0.047876 0.801152 -0.596543
vn -0.136062 0.981594 -0.134015
vn 0.033052 0.988961 -0.144442
vn 0.072163 0.959464 -0.272436
vn -0.073934 0.925571 -0.371285
vn -0.124215 0.991237 0.044949
vn 0.032035 0.998735 -0.038760
vn 0.033052 0.988961 -0.144442
vn -0.136062 0.981594 -0.134015
vn -0.051334 0.974120 0.220125
vn 0.084049 0.995128 0.051538
vn 0.032035 0.998735 -0.038760
vn -0.124215 0.991237 0.044949
vn 0.093335 0.896731 0.432622
vn 0.176318 0.965089 0.193687
vn 0.084049 0.995128 0.051538
vn -0.051334 0.974120 0.220125
vn 0.306608 0.742356 0.595734
vn 0.317629 0.877621 0.359017
vn 0.176318 0.965089 0.193687
vn 0.093335 0.896731 0.432622
vn 0.012790 0.139449 -0.990147
vn -0.401281 0.088282 -0.911691
vn -0.476695 0.663883 -0.576213
vn 0.015595 0.740355 -0.672035
vn 0.000000 -0.553673 0.832734
vn -0.153386 -0.567251 0.809135
vn -0.142667 -0.922286 0.359214
vn 0.000000 -0.919070 0.394095
vn -0.153386 -0.567251 0.809135
vn -0.371158 -0.559289 0.741240
vn -0.336914 -0.894446 0.294032
vn -0.142667 -0.922286 0.359214
vn -0.371158 -0.559289 0.741240
vn -0.738716 -0.397843 0.544077
vn -0.658242 -0.743505 0.117975
vn -0.336914 -0.894446 0.294032
vn -0.738716 -0.397843 0.544077
vn -0.974339 -0.083906 0.208864
vn -0.856142 -0.479798 -0.191873
vn -0.658242 -0.743505 0.117975
vn -0.974339 -0.083906 0.208864
vn -0.966354 0.232875 -0.109221
vn -0.838951 -0.232110 -0.492225
vn -0.856142 -0.479798 -0.191873
vn -0.966354 0.232875 -0.109221
vn -0.777762 0.501272 -0.379227
vn -0.664795 -0.035600 -0.746177
vn -0.838951 -0.232110 -0.492225
vn -0.401281 0.088282 -0.911691
vn -0.664795 -0.035600 -0.746177
vn -0.777762 0.501272 -0.379227
vn -0.476695 0.663883 -0.576213
vn 0.839128 -0.231655 -0.492138
vn 0.661317 -0.031772 -0.749434
vn 0.773457 0.505359 -0.382591
vn 0.966318 0.232979 -0.109318
vn 0.856126 -0.479818 -0.191895
vn 0.839128 -0.231655 -0.492138
vn 0.966318 0.232979 -0.109318
vn 0.974339 -0.083903 0.208865
vn 0.658230 -0.743518 0.117960
vn 0.856126 -0.479818 -0.191895
vn 0.974339 -0.083903 0.208865
vn 0.738719 -0.397841 0.544074
vn 0.336915 -0.894446 0.294033
vn 0.658230 -0.743518 0.117960
vn 0.738719 -0.397841 0.544074
vn 0.371155 -0.559292 0.741240
vn 0.142665 -0.922284 0.359219
vn 0.336915 -0.894446 0.294033
vn 0.371155 -0.559292 0.741240
vn 0.153386 -0.567252 0.809134
vn 0.000000 -0.553673 0.832734
vn 0.000000 -0.919070 0.394095
vn 0.142665 -0.922284 0.359219
vn 0.153386 -0.567252 0.809134
vn 0.477245 0.664480 -0.575069
vn 0.773457 0.505359 -0.382591
vn 0.661317 -0.031772 -0.749434
vn 0.400878 0.085091 -0.912171
vn 0.012790 0.139449 -0.990147
vn 0.015595 0.740355 -0.672035
vn 0.477245 0.664480 -0.575069
vn 0.400878 0.085091 -0.912171
vn 0.006259 -0.412763 -0.910817
vn -0.203301 -0.432924 -0.878206
vn -0.401281 0.088282 -0.911691
vn 0.012790 0.139449 -0.990147
vn -0.092508 0.848942 0.520327
vn 0.002930 0.859378 0.511333
vn 0.011097 0.999081 -0.041389
vn -0.338036 0.940988 0.016558
vn 0.000000 0.432547 0.901611
vn -0.061249 0.420520 0.905214
vn -0.115401 -0.024088 0.993027
vn 0.000000 -0.010739 0.999942
vn -0.098308 -0.991420 -0.086153
vn 0.000000 -0.998415 -0.056290
vn 0.000000 -0.919070 0.394095
vn -0.142667 -0.922286 0.359214
vn -0.061249 0.420520 0.905214
vn -0.155826 0.412728 0.897426
vn -0.289248 -0.044064 0.956239
vn -0.115401 -0.024088 0.993027
vn -0.219044 -0.964060 -0.150361
vn -0.098308 -0.991420 -0.086153
vn -0.142667 -0.922286 0.359214
vn -0.336914 -0.894446 0.294032
vn -0.155826 0.412728 0.897426
vn -0.313809 0.486134 0.815597
vn -0.591252 0.075297 0.802964
vn -0.289248 -0.044064 0.956239
vn -0.411763 -0.866254 -0.282940
vn -0.219044 -0.964060 -0.150361
vn -0.336914 -0.894446 0.294032
vn -0.658242 -0.743505 0.117975
vn -0.313809 0.486134 0.815597
vn -0.377860 0.641066 0.668024
vn -0.768051 0.344825 0.539623
vn -0.591252 0.075297 0.802964
vn -0.518335 -0.706755 -0.481484
vn -0.411763 -0.866254 -0.282940
vn -0.658242 -0.743505 0.117975
vn -0.856142 -0.479798 -0.191873
vn -0.377860 0.641066 0.668024
vn -0.297339 0.767518 0.567896
vn -0.726816 0.612119 0.311527
vn -0.768051 0.344825 0.539623
vn -0.484437 -0.569306 -0.664237
vn -0.518335 -0.706755 -0.481484
vn -0.856142 -0.479798 -0.191873
vn -0.838951 -0.232110 -0.492225
vn -0.297339 0.767518 0.567896
vn -0.177947 0.827823 0.532019
vn -0.550440 0.821370 0.149556
vn -0.726816 0.612119 0.311527
vn -0.360360 -0.474392 -0.803177
vn -0.484437 -0.569306 -0.664237
vn -0.838951 -0.232110 -0.492225
vn -0.664795 -0.035600 -0.746177
vn -0.203301 -0.432924 -0.878206
vn -0.360360 -0.474392 -0.803177
vn -0.664795 -0.035600 -0.746177
vn -0.401281 0.088282 -0.911691
vn -0.177947 0.827823 0.532019
vn -0.092508 0.848942 0.520327
vn -0.338036 0.940988 0.016558
vn -0.550440 0.821370 0.149556
vn 0.484955 -0.568874 -0.664230
vn 0.358154 -0.473058 -0.804949
vn 0.661317 -0.031772 -0.749434
vn 0.839128 -0.231655 -0.492138
vn 0.175600 0.828209 0.532197
vn 0.297387 0.767490 0.567909
vn 0.726946 0.612049 0.311361
vn 0.547478 0.823780 0.147155
vn 0.518302 -0.706770 -0.481498
vn 0.484955 -0.568874 -0.664230
vn 0.839128 -0.231655 -0.492138
vn 0.856126 -0.479818 -0.191895
vn 0.297387 0.767490 0.567909
vn 0.377860 0.641067 0.668023
vn 0.768041 0.344835 0.539631
vn 0.726946 0.612049 0.311361
vn 0.411760 -0.866252 -0.282950
vn 0.518302 -0.706770 -0.481498
vn 0.856126 -0.479818 -0.191895
vn 0.658230 -0.743518 0.117960
vn 0.377860 0.641067 0.668023
vn 0.313807 0.486138 0.815595
vn 0.591245 0.075308 0.802969
vn 0.768041 0.344835 0.539631
vn 0.219046 -0.964060 -0.150357
vn 0.411760 -0.866252 -0.282950
vn 0.658230 -0.743518 0.117960
vn 0.336915 -0.894446 0.294033
vn 0.313807 0.486138 0.815595
vn 0.155822 0.412733 0.897425
vn 0.289250 -0.044061 0.956239
vn 0.591245 0.075308 0.802969
vn 0.098310 -0.991420 -0.086150
vn 0.219046 -0.964060 -0.150357
vn 0.336915 -0.894446 0.294033
vn 0.142665 -0.922284 0.359219
vn 0.155822 0.412733 0.897425
vn 0.061248 0.420522 0.905213
vn 0.115402 -0.024087 0.993027
vn 0.289250 -0.044061 0.956239
vn 0.000000 -0.998415 -0.056290
vn 0.098310 -0.991420 -0.086150
vn 0.142665 -0.922284 0.359219
vn 0.000000 -0.919070 0.394095
vn 0.061248 0.420522 0.905213
vn 0.000000 0.432547 0.901611
vn 0.000000 -0.010739 0.999942
vn 0.115402 -0.024087 0.993027
vn 0.091426 0.848164 0.521785
vn 0.175600 0.828209 0.532197
vn 0.547478 0.823780 0.147155
vn 0.336293 0.941495 0.022223
vn 0.358154 -0.473058 -0.804949
vn 0.203441 -0.432811 -0.878229
vn 0.400878 0.085091 -0.912171
vn 0.661317 -0.031772 -0.749434
vn 0.002930 0.859378 0.511333
vn 0.091426 0.848164 0.521785
vn 0.336293 0.941495 0.022223
vn 0.011097 0.999081 -0.041389
vn 0.203441 -0.432811 -0.878229
vn 0.006259 -0.412763 -0.910817
vn 0.012790 0.139449 -0.990147
vn 0.400878 0.085091 -0.912171
vn 0.336293 0.941495 0.022223
vn 0.547478 0.823780 0.147155
vn 0.773457 0.505359 -0.382591
vn 0.477245 0.664480 -0.575069
vn 0.966318 0.232979 -0.109318
vn 0.773457 0.505359 -0.382591
vn 0.547478 0.823780 0.147155
vn 0.726946 0.612049 0.311361
vn 0.974339 -0.083903 0.208865
vn 0.966318 0.232979 -0.109318
vn 0.726946 0.612049 0.311361
vn 0.768041 0.344835 0.539631
vn 0.738719 -0.397841 0.544074
vn 0.974339 -0.083903 0.208865
vn 0.768041 0.344835 0.539631
vn 0.591245 0.075308 0.802969
vn 0.371155 -0.559292 0.741240
vn 0.738719 -0.397841 0.544074
vn 0.591245 0.075308 0.802969
vn 0.289250 -0.044061 0.956239
vn 0.153386 -0.567252 0.809134
vn 0.371155 -0.559292 0.741240
vn 0.289250 -0.044061 0.956239
vn 0.115402 -0.024087 0.993027
vn 0.000000 -0.010739 0.999942
vn 0.000000 -0.553673 0.832734
vn 0.153386 -0.567252 0.809134
vn 0.115402 -0.024087 0.993027
vn 0.000000 -0.010739 0.999942
vn -0.115401 -0.024088 0.993027
vn -0.153386 -0.567251 0.809135
vn 0.000000 -0.553673 0.832734
vn -0.115401 -0.024088 0.993027
vn -0.289248 -0.044064 0.956239
vn -0.371158 -0.559289 0.741240
vn -0.153386 -0.567251 0.809135
vn -0.289248 -0.044064 0.956239
vn -0.591252 0.075297 0.802964
vn -0.738716 -0.397843 0.544077
vn -0.371158 -0.559289 0.741240
vn -0.591252 0.075297 0.802964
vn -0.768051 0.344825 0.539623
vn -0.974339 -0.083906 0.208864
vn -0.738716 -0.397843 0.544077
vn -0.768051 0.344825 0.539623
vn -0.726816 0.612119 0.311527
vn -0.966354 0.232875 -0.109221
vn -0.974339 -0.083906 0.208864
vn -0.726816 0.612119 0.311527
vn -0.550440 0.821370 0.149556
vn -0.777762 0.501272 -0.379227
vn -0.966354 0.232875 -0.109221
vn -0.476695 0.663883 -0.576213
vn -0.777762 0.501272 -0.379227
vn -0.550440 0.821370 0.149556
vn -0.338036 0.940988 0.016558
vn 0.015595 0.740355 -0.672035
vn -0.476695 0.663883 -0.576213
vn -0.338036 0.940988 0.016558
vn 0.011097 0.999081 -0.041389
vn 0.477245 0.664480 -0.575069
vn 0.015595 0.740355 -0.672035
vn 0.011097 0.999081 -0.041389
vn 0.336293 0.941495 0.022223
vn -0.333220 -0.253156 0.908227
vn -0.029959 -0.046378 0.998475
vn -0.296008 0.366316 0.882152
vn -0.438527 0.164598 0.883517
vn 0.140859 0.502560 0.852990
vn -0.061619 0.437432 0.897138
vn 0.199469 0.020868 0.979682
vn 0.497830 0.118180 0.859185
vn -0.029959 -0.046378 0.998475
vn 0.199469 0.020868 0.979682
vn -0.061619 0.437432 0.897138
vn -0.296008 0.366316 0.882152
vn 0.285177 -0.414129 0.864391
vn -0.029959 -0.046378 0.998475
vn -0.333220 -0.253156 0.908227
vn -0.017570 -0.439271 0.898183
vn 0.488998 -0.265040 0.831044
vn 0.199469 0.020868 0.979682
vn -0.029959 -0.046378 0.998475
vn 0.285177 -0.414129 0.864391
vn 0.497830 0.118180 0.859185
vn 0.199469 0.020868 0.979682
vn 0.488998 -0.265040 0.831044
vn 0.663395 -0.155633 0.731906
vn 0.555965 -0.417037 0.719016
vn 0.694969 -0.258697 0.670890
vn 0.663395 -0.155633 0.731906
vn 0.488998 -0.265040 0.831044
vn 0.286387 -0.521863 0.803518
vn 0.555965 -0.417037 0.719016
vn 0.488998 -0.265040 0.831044
vn 0.285177 -0.414129 0.864391
vn -0.066199 -0.533483 0.843216
vn 0.286387 -0.521863 0.803518
vn 0.285177 -0.414129 0.864391
vn -0.017570 -0.439271 0.898183
vn -0.419706 -0.284800 0.861821
vn -0.066199 -0.533483 0.843216
vn -0.017570 -0.439271 0.898183
vn -0.333220 -0.253156 0.908227
vn -0.535792 0.134376 0.833589
vn -0.419706 -0.284800 0.861821
vn -0.333220 -0.253156 0.908227
vn -0.438527 0.164598 0.883517
vn -0.409494 0.422364 0.808655
vn -0.535792 0.134376 0.833589
vn -0.438527 0.164598 0.883517
vn -0.296008 0.366316 0.882152
vn -0.189741 0.559003 0.807165
vn -0.409494 0.422364 0.808655
vn -0.296008 0.366316 0.882152
vn -0.061619 0.437432 0.897138
vn 0.020162 0.617493 0.786318
vn -0.189741 0.559003 0.807165
vn -0.061619 0.437432 0.897138
vn 0.140859 0.502560 0.852990
vn 0.203690 -0.467376 0.860273
vn -0.056634 -0.011931 0.998324
vn -0.687227 -0.239488 0.685831
vn -0.387234 -0.608108 0.693005
vn -0.689934 -0.131562 0.711816
vn -0.724762 -0.110003 0.680162
vn -0.168752 0.166990 0.971410
vn -0.317516 0.207713 0.925224
vn -0.056634 -0.011931 0.998324
vn -0.168752 0.166990 0.971410
vn -0.724762 -0.110003 0.680162
vn -0.687227 -0.239488 0.685831
vn 0.752255 -0.079745 0.654028
vn 0.714677 0.384657 0.584189
vn 0.591343 0.349465 0.726765
vn 0.707700 -0.009443 0.706450
vn 0.548391 0.508910 0.663534
vn 0.497195 0.458030 0.736889
vn 0.591343 0.349465 0.726765
vn 0.714677 0.384657 0.584189
vn 0.346377 0.549862 0.760050
vn 0.497195 0.458030 0.736889
vn 0.548391 0.508910 0.663534
vn 0.409769 0.575531 0.707710
vn -0.714126 -0.170407 0.678959
vn -0.790088 -0.167278 0.589728
vn -0.724762 -0.110003 0.680162
vn -0.689934 -0.131562 0.711816
vn -0.687227 -0.239488 0.685831
vn -0.724762 -0.110003 0.680162
vn -0.790088 -0.167278 0.589728
vn -0.814276 -0.308507 0.491710
vn -0.387234 -0.608108 0.693005
vn -0.687227 -0.239488 0.685831
vn -0.814276 -0.308507 0.491710
vn -0.377562 -0.695207 0.611665
vn -0.317516 0.207713 0.925224
vn -0.168752 0.166990 0.971410
vn 0.497195 0.458030 0.736889
vn 0.346377 0.549862 0.760050
vn 0.591343 0.349465 0.726765
vn 0.497195 0.458030 0.736889
vn -0.168752 0.166990 0.971410
vn -0.056634 -0.011931 0.998324
vn 0.707700 -0.009443 0.706450
vn 0.591343 0.349465 0.726765
vn -0.056634 -0.011931 0.998324
vn 0.203690 -0.467376 0.860273
vn -0.377562 -0.695207 0.611665
vn 0.309217 -0.678320 0.666533
vn 0.203690 -0.467376 0.860273
vn -0.387234 -0.608108 0.693005
vn 0.309217 -0.678320 0.666533
vn 0.752255 -0.079745 0.654028
vn 0.707700 -0.009443 0.706450
vn 0.203690 -0.467376 0.860273
vn 0.030534 -0.775586 0.630503
vn 0.544779 -0.386491 0.744205
vn 0.386456 -0.320611 0.864789
vn -0.042241 -0.667767 0.743171
vn -0.777193 -0.503646 0.377242
vn -0.660695 -0.444347 0.605011
vn -0.295135 0.042930 0.954491
vn -0.443917 0.033572 0.895439
vn -0.069566 -0.079778 0.994382
vn -0.295135 0.042930 0.954491
vn -0.660695 -0.444347 0.605011
vn -0.448028 -0.535460 0.715928
vn 0.544779 -0.386491 0.744205
vn 0.611523 0.118927 0.782238
vn 0.483070 0.223726 0.846517
vn 0.386456 -0.320611 0.864789
vn 0.188125 0.794475 0.577424
vn 0.054660 0.621209 0.781736
vn 0.201266 0.461283 0.864124
vn 0.320967 0.717324 0.618406
vn -0.093747 0.597643 0.796263
vn 0.054660 0.621209 0.781736
vn 0.188125 0.794475 0.577424
vn 0.068751 0.841146 0.536421
vn -0.772902 -0.630544 0.070969
vn -0.767757 -0.618513 0.167304
vn -0.660695 -0.444347 0.605011
vn -0.777193 -0.503646 0.377242
vn -0.448028 -0.535460 0.715928
vn -0.660695 -0.444347 0.605011
vn -0.767757 -0.618513 0.167304
vn -0.621157 -0.691143 0.369439
vn -0.621157 -0.691143 0.369439
vn 0.030534 -0.775586 0.630503
vn -0.042241 -0.667767 0.743171
vn -0.448028 -0.535460 0.715928
vn -0.443917 0.033572 0.895439
vn -0.295135 0.042930 0.954491
vn 0.054660 0.621209 0.781736
vn -0.093747 0.597643 0.796263
vn 0.201266 0.461283 0.864124
vn 0.054660 0.621209 0.781736
vn -0.295135 0.042930 0.954491
vn -0.069566 -0.079778 0.994382
vn 0.386456 -0.320611 0.864789
vn 0.483070 0.223726 0.846517
vn 0.201266 0.461283 0.864124
vn -0.069566 -0.079778 0.994382
vn -0.042241 -0.667767 0.743171
vn 0.386456 -0.320611 0.864789
vn -0.069566 -0.079778 0.994382
vn -0.448028 -0.535460 0.715928
vn 0.483070 0.223726 0.846517
vn 0.611523 0.118927 0.782238
vn 0.320967 0.717324 0.618406
vn 0.201266 0.461283 0.864124
vn -0.762191 0.255126 0.594959
vn -0.696528 -0.284101 0.658889
vn -0.632287 -0.198085 0.748983
vn -0.581495 0.313578 0.750688
vn -0.340512 0.860154 0.379719
vn -0.545189 0.686374 0.481311
vn -0.332048 0.634980 0.697528
vn -0.196612 0.849774 0.489110
vn -0.581495 0.313578 0.750688
vn -0.332048 0.634980 0.697528
vn -0.545189 0.686374 0.481311
vn -0.762191 0.255126 0.594959
vn 0.436616 -0.521448 0.733116
vn -0.087118 -0.490425 0.867118
vn -0.126801 -0.740206 0.660316
vn 0.530347 -0.566536 0.630689
vn 0.663193 0.103357 0.741278
vn 0.210167 0.356061 0.910522
vn -0.008830 0.009031 0.999920
vn 0.564063 -0.166925 0.808683
vn 0.395249 0.570051 0.720292
vn 0.210167 0.356061 0.910522
vn 0.663193 0.103357 0.741278
vn 0.689853 0.269900 0.671756
vn 0.436616 -0.521448 0.733116
vn 0.530347 -0.566536 0.630689
vn 0.732994 -0.267286 0.625522
vn 0.564063 -0.166925 0.808683
vn 0.765608 -0.001424 0.643305
vn 0.663193 0.103357 0.741278
vn 0.564063 -0.166925 0.808683
vn 0.732994 -0.267286 0.625522
vn 0.689853 0.269900 0.671756
vn 0.663193 0.103357 0.741278
vn 0.765608 -0.001424 0.643305
vn 0.740226 0.193569 0.643892
vn -0.008830 0.009031 0.999920
vn 0.210167 0.356061 0.910522
vn -0.332048 0.634980 0.697528
vn -0.581495 0.313578 0.750688
vn -0.196612 0.849774 0.489110
vn -0.332048 0.634980 0.697528
vn 0.210167 0.356061 0.910522
vn 0.395249 0.570051 0.720292
vn 0.564063 -0.166925 0.808683
vn -0.008830 0.009031 0.999920
vn -0.087118 -0.490425 0.867118
vn 0.436616 -0.521448 0.733116
vn -0.632287 -0.198085 0.748983
vn -0.087118 -0.490425 0.867118
vn -0.008830 0.009031 0.999920
vn -0.581495 0.313578 0.750688
vn -0.632287 -0.198085 0.748983
vn -0.696528 -0.284101 0.658889
vn -0.126801 -0.740206 0.660316
vn -0.087118 -0.490425 0.867118
vn -0.010789 -0.473216 0.880880
vn 0.026353 0.049139 0.998444
vn -0.535606 0.077037 0.840947
vn -0.565502 -0.331056 0.755387
vn -0.470842 0.615413 0.632120
vn -0.467066 0.450720 0.760724
vn -0.043876 0.374730 0.926095
vn -0.158483 0.590607 0.791243
vn 0.026353 0.049139 0.998444
vn -0.043876 0.374730 0.926095
vn -0.467066 0.450720 0.760724
vn -0.535606 0.077037 0.840947
vn 0.540249 -0.462943 0.702720
vn 0.720047 -0.081645 0.689106
vn 0.545111 0.022981 0.838049
vn 0.443468 -0.403784 0.800184
vn 0.751799 0.210323 0.624950
vn 0.527115 0.324388 0.785444
vn 0.545111 0.022981 0.838049
vn 0.720047 -0.081645 0.689106
vn 0.489303 0.544042 0.681617
vn 0.527115 0.324388 0.785444
vn 0.751799 0.210323 0.624950
vn 0.720063 0.474423 0.506391
vn -0.578560 0.611425 0.539841
vn -0.653153 0.382888 0.653290
vn -0.467066 0.450720 0.760724
vn -0.470842 0.615413 0.632120
vn -0.535606 0.077037 0.840947
vn -0.467066 0.450720 0.760724
vn -0.653153 0.382888 0.653290
vn -0.756503 0.040036 0.652764
vn -0.565502 -0.331056 0.755387
vn -0.535606 0.077037 0.840947
vn -0.756503 0.040036 0.652764
vn -0.676384 -0.389960 0.624849
vn -0.158483 0.590607 0.791243
vn -0.043876 0.374730 0.926095
vn 0.527115 0.324388 0.785444
vn 0.489303 0.544042 0.681617
vn 0.545111 0.022981 0.838049
vn 0.527115 0.324388 0.785444
vn -0.043876 0.374730 0.926095
vn 0.026353 0.049139 0.998444
vn 0.443468 -0.403784 0.800184
vn 0.545111 0.022981 0.838049
vn 0.026353 0.049139 0.998444
vn -0.010789 -0.473216 0.880880
vn -0.676384 -0.389960 0.624849
vn -0.032853 -0.790788 0.611208
vn -0.010789 -0.473216 0.880880
vn -0.565502 -0.331056 0.755387
vn -0.032853 -0.790788 0.611208
vn 0.540249 -0.462943 0.702720
vn 0.443468 -0.403784 0.800184
vn -0.010789 -0.473216 0.880880
vn -0.872387 -0.125628 -0.472397
vn -0.883487 -0.168068 -0.437268
vn -0.752212 -0.655623 0.065844
vn -0.780009 -0.625764 0.002449
vn -0.662581 0.341958 -0.666371
vn -0.883487 -0.168068 -0.437268
vn -0.872387 -0.125628 -0.472397
vn -0.642620 0.357446 -0.677696
vn -0.084650 0.800586 -0.593208
vn -0.662581 0.341958 -0.666371
vn -0.642620 0.357446 -0.677696
vn -0.023582 0.804466 -0.593531
vn 0.613313 0.788958 -0.037314
vn -0.084650 0.800586 -0.593208
vn -0.023582 0.804466 -0.593531
vn 0.677908 0.735144 -0.001932
vn 0.783352 0.520394 0.339925
vn 0.613313 0.788958 -0.037314
vn 0.677908 0.735144 -0.001932
vn 0.809337 0.468165 0.354676
vn 0.783352 0.520394 0.339925
vn 0.809337 0.468165 0.354676
vn 0.723056 0.026910 0.690265
vn 0.709078 0.020661 0.704827
vn -0.151866 -0.777463 0.610318
vn -0.780009 -0.625764 0.002449
vn -0.752212 -0.655623 0.065844
vn -0.161405 -0.771516 0.615395
vn 0.316984 -0.496474 0.808106
vn 0.391160 -0.447428 0.804240
vn -0.151866 -0.777463 0.610318
vn -0.161405 -0.771516 0.615395
vn 0.709078 0.020661 0.704827
vn 0.723056 0.026910 0.690265
vn 0.391160 -0.447428 0.804240
vn 0.316984 -0.496474 0.808106
vn 0.207510 -0.071124 -0.975644
vn 0.125982 0.087317 -0.988182
vn 0.034779 0.892515 -0.449675
vn 0.915782 0.299709 -0.267427
vn 0.125982 0.087317 -0.988182
vn 0.134385 0.089854 -0.986847
vn -0.257087 0.895086 -0.364319
vn 0.034779 0.892515 -0.449675
vn 0.207510 -0.071124 -0.975644
vn 0.112958 -0.120268 -0.986294
vn 0.134385 0.089854 -0.986847
vn 0.125982 0.087317 -0.988182
vn 0.899374 0.223329 -0.375832
vn 0.134385 0.089854 -0.986847
vn 0.112958 -0.120268 -0.986294
vn 0.631195 -0.103173 -0.768732
vn 0.988873 0.077648 0.126889
vn 0.984145 0.156071 0.084262
vn 0.822403 0.162662 0.545155
vn 0.802344 0.183593 0.567924
vn 0.784971 0.422378 0.453230
vn 0.938922 0.293621 0.179479
vn 0.988873 0.077648 0.126889
vn 0.802344 0.183593 0.567924
vn 0.589638 0.127940 0.797470
vn 0.262800 0.488888 0.831820
vn 0.784971 0.422378 0.453230
vn 0.802344 0.183593 0.567924
vn 0.677694 0.108678 0.727269
vn 0.589638 0.127940 0.797470
vn 0.802344 0.183593 0.567924
vn 0.822403 0.162662 0.545155
vn 0.732767 0.061351 0.677708
vn 0.677694 0.108678 0.727269
vn 0.651447 -0.168237 0.739806
vn 0.735393 -0.255364 0.627683
vn 0.735393 -0.255364 0.627683
vn 0.651447 -0.168237 0.739806
vn 0.151720 -0.923539 0.352217
vn 0.119304 -0.979851 0.160185
vn 0.830028 -0.311725 0.462473
vn 0.735393 -0.255364 0.627683
vn 0.119304 -0.979851 0.160185
vn 0.101368 -0.994204 0.035828
vn 0.873379 -0.043402 0.485103
vn 0.732767 0.061351 0.677708
vn 0.735393 -0.255364 0.627683
vn 0.830028 -0.311725 0.462473
vn 0.679093 -0.558465 0.476393
vn 0.830028 -0.311725 0.462473
vn 0.101368 -0.994204 0.035828
vn -0.047346 -0.984184 0.170704
vn 0.843895 -0.032494 0.535523
vn 0.651447 -0.168237 0.739806
vn 0.677694 0.108678 0.727269
vn 0.822403 0.162662 0.545155
vn 0.151720 -0.923539 0.352217
vn 0.651447 -0.168237 0.739806
vn 0.843895 -0.032494 0.535523
vn 0.345755 -0.846346 0.405156
vn 0.984145 0.156071 0.084262
vn 0.992491 0.122270 -0.003443
vn 0.843895 -0.032494 0.535523
vn 0.822403 0.162662 0.545155
vn 0.843895 -0.032494 0.535523
vn 0.992491 0.122270 -0.003443
vn 0.622104 -0.772100 0.129804
vn 0.345755 -0.846346 0.405156
vn 0.527208 -0.558160 0.640710
vn 0.679093 -0.558465 0.476393
vn -0.047346 -0.984184 0.170704
vn -0.103625 -0.876101 0.470859
vn 0.391160 -0.447428 0.804240
vn 0.527208 -0.558160 0.640710
vn -0.103625 -0.876101 0.470859
vn -0.151866 -0.777463 0.610318
vn 0.527208 -0.558160 0.640710
vn 0.391160 -0.447428 0.804240
vn 0.723056 0.026910 0.690265
vn 0.780829 -0.141185 0.608583
vn 0.679093 -0.558465 0.476393
vn 0.527208 -0.558160 0.640710
vn 0.780829 -0.141185 0.608583
vn 0.853905 -0.130826 0.503717
vn 0.830028 -0.311725 0.462473
vn 0.679093 -0.558465 0.476393
vn 0.853905 -0.130826 0.503717
vn 0.873379 -0.043402 0.485103
vn 0.920941 0.058198 0.385332
vn 0.873379 -0.043402 0.485103
vn 0.853905 -0.130826 0.503717
vn 0.912477 0.174630 0.369987
vn 0.920941 0.058198 0.385332
vn 0.853905 -0.130826 0.503717
vn 0.780829 -0.141185 0.608583
vn 0.994565 0.099989 -0.029038
vn 0.873379 -0.043402 0.485103
vn 0.920941 0.058198 0.385332
vn 0.955597 0.292103 0.038873
vn 0.955597 0.292103 0.038873
vn 0.920941 0.058198 0.385332
vn 0.912477 0.174630 0.369987
vn 0.902896 0.428524 0.033854
vn 0.809337 0.468165 0.354676
vn 0.912477 0.174630 0.369987
vn 0.780829 -0.141185 0.608583
vn 0.723056 0.026910 0.690265
vn 0.809337 0.468165 0.354676
vn 0.677908 0.735144 -0.001932
vn 0.902896 0.428524 0.033854
vn 0.912477 0.174630 0.369987
vn 0.994565 0.099989 -0.029038
vn 0.982015 0.165452 -0.090950
vn 0.832252 -0.175897 0.525754
vn 0.873379 -0.043402 0.485103
vn 0.763688 -0.100622 0.637696
vn 0.832252 -0.175897 0.525754
vn 0.982015 0.165452 -0.090950
vn 0.940473 0.321766 -0.109441
vn 0.697266 -0.147078 0.701561
vn 0.763688 -0.100622 0.637696
vn 0.940473 0.321766 -0.109441
vn 0.931388 0.342831 -0.122409
vn 0.303609 0.056892 0.951097
vn 0.643048 -0.107001 0.758314
vn 0.763688 -0.100622 0.637696
vn 0.697266 -0.147078 0.701561
vn 0.832252 -0.175897 0.525754
vn 0.763688 -0.100622 0.637696
vn 0.643048 -0.107001 0.758314
vn 0.873379 -0.043402 0.485103
vn 0.303609 0.056892 0.951097
vn 0.697266 -0.147078 0.701561
vn 0.788454 -0.373131 0.488993
vn -0.140679 -0.332838 0.932431
vn 0.788454 -0.373131 0.488993
vn 0.697266 -0.147078 0.701561
vn 0.931388 0.342831 -0.122409
vn 0.983627 0.033577 -0.177062
vn -0.438985 0.798714 0.411519
vn 0.303609 0.056892 0.951097
vn -0.140679 -0.332838 0.932431
vn -0.845551 0.321296 0.426395
vn 0.589638 0.127940 0.797470
vn 0.303609 0.056892 0.951097
vn -0.438985 0.798714 0.411519
vn 0.262800 0.488888 0.831820
vn -0.147105 0.983081 -0.109141
vn 0.262800 0.488888 0.831820
vn -0.438985 0.798714 0.411519
vn 0.262800 0.488888 0.831820
vn -0.147105 0.983081 -0.109141
vn 0.251981 0.937323 -0.240691
vn 0.784971 0.422378 0.453230
vn 0.251981 0.937323 -0.240691
vn 0.263743 0.907941 -0.325703
vn 0.938922 0.293621 0.179479
vn 0.784971 0.422378 0.453230
vn 0.873379 -0.043402 0.485103
vn 0.643048 -0.107001 0.758314
vn 0.732767 0.061351 0.677708
vn 0.938922 0.293621 0.179479
vn 0.899374 0.223329 -0.375832
vn 0.631195 -0.103173 -0.768732
vn 0.988873 0.077648 0.126889
vn 0.263743 0.907941 -0.325703
vn -0.039220 0.914492 -0.402698
vn 0.899374 0.223329 -0.375832
vn 0.938922 0.293621 0.179479
vn 0.014609 0.661513 0.749791
vn -0.233470 0.611672 0.755877
vn -0.041653 0.223206 0.973881
vn 0.170297 0.236181 0.956670
vn 0.915782 0.299709 -0.267427
vn 0.034779 0.892515 -0.449675
vn 0.014609 0.661513 0.749791
vn 0.170297 0.236181 0.956670
vn 0.034779 0.892515 -0.449675
vn -0.257087 0.895086 -0.364319
vn -0.233470 0.611672 0.755877
vn 0.014609 0.661513 0.749791
vn -0.959090 -0.107131 -0.262047
vn -0.987326 -0.057108 0.148075
vn -0.986070 0.165083 0.020317
vn -0.917392 0.154599 -0.366730
vn -0.917392 0.154599 -0.366730
vn -0.986070 0.165083 0.020317
vn -0.676087 0.667335 -0.312364
vn -0.516093 0.691811 -0.505020
vn -0.676087 0.667335 -0.312364
vn 0.263743 0.907941 -0.325703
vn 0.251981 0.937323 -0.240691
vn -0.516093 0.691811 -0.505020
vn -0.506238 0.589724 -0.629244
vn -0.516093 0.691811 -0.505020
vn 0.251981 0.937323 -0.240691
vn -0.147105 0.983081 -0.109141
vn -0.506238 0.589724 -0.629244
vn -0.147105 0.983081 -0.109141
vn -0.438985 0.798714 0.411519
vn -0.409337 0.765355 -0.496664
vn -0.409337 0.765355 -0.496664
vn -0.438985 0.798714 0.411519
vn -0.845551 0.321296 0.426395
vn -0.615884 0.679953 -0.397933
vn -0.216704 0.630460 -0.745359
vn -0.409337 0.765355 -0.496664
vn -0.615884 0.679953 -0.397933
vn -0.109293 0.685620 -0.719709
vn -0.516093 0.691811 -0.505020
vn -0.506238 0.589724 -0.629244
vn -0.751835 0.097863 -0.652049
vn -0.917392 0.154599 -0.366730
vn -0.751835 0.097863 -0.652049
vn -0.810861 -0.145868 -0.566769
vn -0.959090 -0.107131 -0.262047
vn -0.917392 0.154599 -0.366730
vn -0.510527 0.334561 -0.792105
vn -0.670358 0.082505 -0.737437
vn -0.751835 0.097863 -0.652049
vn -0.506238 0.589724 -0.629244
vn -0.670358 0.082505 -0.737437
vn -0.745981 -0.128433 -0.653466
vn -0.810861 -0.145868 -0.566769
vn -0.751835 0.097863 -0.652049
vn -0.409337 0.765355 -0.496664
vn -0.510527 0.334561 -0.792105
vn -0.506238 0.589724 -0.629244
vn -0.891054 -0.430531 -0.143754
vn -0.907026 -0.351743 0.231475
vn -0.987326 -0.057108 0.148075
vn -0.959090 -0.107131 -0.262047
vn -0.810861 -0.145868 -0.566769
vn -0.781346 -0.462202 -0.419366
vn -0.891054 -0.430531 -0.143754
vn -0.959090 -0.107131 -0.262047
vn -0.745981 -0.128433 -0.653466
vn -0.750843 -0.418216 -0.511206
vn -0.781346 -0.462202 -0.419366
vn -0.810861 -0.145868 -0.566769
vn -0.509727 -0.857007 0.075610
vn -0.553486 -0.794421 0.250096
vn -0.907026 -0.351743 0.231475
vn -0.891054 -0.430531 -0.143754
vn 0.622104 -0.772100 0.129804
vn -0.553486 -0.794421 0.250096
vn -0.509727 -0.857007 0.075610
vn 0.345755 -0.846346 0.405156
vn 0.151720 -0.923539 0.352217
vn 0.345755 -0.846346 0.405156
vn -0.509727 -0.857007 0.075610
vn -0.363847 -0.930624 -0.039415
vn 0.119304 -0.979851 0.160185
vn 0.151720 -0.923539 0.352217
vn -0.363847 -0.930624 -0.039415
vn -0.302788 -0.946326 -0.113080
vn 0.101368 -0.994204 0.035828
vn 0.119304 -0.979851 0.160185
vn -0.302788 -0.946326 -0.113080
vn -0.612955 -0.629196 -0.477911
vn -0.047346 -0.984184 0.170704
vn 0.101368 -0.994204 0.035828
vn -0.612955 -0.629196 -0.477911
vn -0.733629 -0.544439 -0.406662
vn -0.103625 -0.876101 0.470859
vn -0.047346 -0.984184 0.170704
vn -0.733629 -0.544439 -0.406662
vn -0.765624 -0.625885 -0.148617
vn -0.765624 -0.625885 -0.148617
vn -0.733629 -0.544439 -0.406662
vn -0.757466 -0.064869 -0.649644
vn -0.821087 -0.068987 -0.566620
vn -0.708909 -0.103875 -0.697609
vn -0.757466 -0.064869 -0.649644
vn -0.733629 -0.544439 -0.406662
vn -0.612955 -0.629196 -0.477911
vn -0.542657 0.285377 -0.789989
vn -0.573255 0.348875 -0.741394
vn -0.821087 -0.068987 -0.566620
vn -0.757466 -0.064869 -0.649644
vn -0.642620 0.357446 -0.677696
vn -0.872387 -0.125628 -0.472397
vn -0.821087 -0.068987 -0.566620
vn -0.573255 0.348875 -0.741394
vn -0.780009 -0.625764 0.002449
vn -0.765624 -0.625885 -0.148617
vn -0.821087 -0.068987 -0.566620
vn -0.872387 -0.125628 -0.472397
vn -0.151866 -0.777463 0.610318
vn -0.103625 -0.876101 0.470859
vn -0.765624 -0.625885 -0.148617
vn -0.780009 -0.625764 0.002449
vn 0.084986 0.620865 -0.779297
vn 0.104958 0.698154 -0.708213
vn -0.573255 0.348875 -0.741394
vn -0.542657 0.285377 -0.789989
vn -0.023582 0.804466 -0.593531
vn -0.642620 0.357446 -0.677696
vn -0.573255 0.348875 -0.741394
vn 0.104958 0.698154 -0.708213
vn 0.223423 0.482455 -0.846947
vn 0.084986 0.620865 -0.779297
vn -0.542657 0.285377 -0.789989
vn -0.492103 0.202300 -0.846705
vn 0.994565 0.099989 -0.029038
vn 0.955597 0.292103 0.038873
vn 0.084986 0.620865 -0.779297
vn 0.223423 0.482455 -0.846947
vn 0.084986 0.620865 -0.779297
vn 0.955597 0.292103 0.038873
vn 0.902896 0.428524 0.033854
vn 0.104958 0.698154 -0.708213
vn 0.677908 0.735144 -0.001932
vn -0.023582 0.804466 -0.593531
vn 0.104958 0.698154 -0.708213
vn 0.902896 0.428524 0.033854
vn -0.542657 0.285377 -0.789989
vn -0.757466 -0.064869 -0.649644
vn -0.708909 -0.103875 -0.697609
vn -0.492103 0.202300 -0.846705
vn 0.352950 0.473190 -0.807167
vn 0.223423 0.482455 -0.846947
vn -0.492103 0.202300 -0.846705
vn -0.239770 0.385186 -0.891147
vn -0.151075 0.581765 -0.799204
vn 0.397695 0.561397 -0.725722
vn 0.352950 0.473190 -0.807167
vn -0.239770 0.385186 -0.891147
vn 0.940473 0.321766 -0.109441
vn 0.982015 0.165452 -0.090950
vn 0.352950 0.473190 -0.807167
vn 0.397695 0.561397 -0.725722
vn -0.216704 0.630460 -0.745359
vn 0.314616 0.576481 -0.754113
vn 0.397695 0.561397 -0.725722
vn -0.151075 0.581765 -0.799204
vn 0.931388 0.342831 -0.122409
vn 0.940473 0.321766 -0.109441
vn 0.397695 0.561397 -0.725722
vn 0.314616 0.576481 -0.754113
vn -0.109293 0.685620 -0.719709
vn 0.541679 0.480037 -0.690035
vn 0.314616 0.576481 -0.754113
vn -0.216704 0.630460 -0.745359
vn 0.983627 0.033577 -0.177062
vn 0.931388 0.342831 -0.122409
vn 0.314616 0.576481 -0.754113
vn 0.541679 0.480037 -0.690035
vn -0.151075 0.581765 -0.799204
vn -0.409337 0.765355 -0.496664
vn -0.216704 0.630460 -0.745359
vn -0.510527 0.334561 -0.792105
vn -0.151075 0.581765 -0.799204
vn -0.239770 0.385186 -0.891147
vn 0.223423 0.482455 -0.846947
vn 0.352950 0.473190 -0.807167
vn 0.982015 0.165452 -0.090950
vn 0.994565 0.099989 -0.029038
vn -0.510527 0.334561 -0.792105
vn -0.239770 0.385186 -0.891147
vn -0.492103 0.202300 -0.846705
vn -0.670358 0.082505 -0.737437
vn -0.708909 -0.103875 -0.697609
vn -0.745981 -0.128433 -0.653466
vn -0.670358 0.082505 -0.737437
vn -0.492103 0.202300 -0.846705
vn -0.363847 -0.930624 -0.039415
vn -0.509727 -0.857007 0.075610
vn -0.891054 -0.430531 -0.143754
vn -0.781346 -0.462202 -0.419366
vn -0.302788 -0.946326 -0.113080
vn -0.363847 -0.930624 -0.039415
vn -0.781346 -0.462202 -0.419366
vn -0.750843 -0.418216 -0.511206
vn -0.302788 -0.946326 -0.113080
vn -0.750843 -0.418216 -0.511206
vn -0.612955 -0.629196 -0.477911
vn 0.200722 0.016368 -0.979511
vn 0.207510 -0.071124 -0.975644
vn 0.915782 0.299709 -0.267427
vn 0.939545 0.085725 -0.331522
vn 0.419685 -0.008825 -0.907627
vn 0.631195 -0.103173 -0.768732
vn 0.112958 -0.120268 -0.986294
vn 0.031675 0.011273 -0.999435
vn 0.984145 0.156071 0.084262
vn 0.988873 0.077648 0.126889
vn 0.631195 -0.103173 -0.768732
vn 0.419685 -0.008825 -0.907627
vn 0.939545 0.085725 -0.331522
vn 0.915782 0.299709 -0.267427
vn 0.170297 0.236181 0.956670
vn 0.235677 0.045535 0.970764
vn 0.042643 0.035091 0.998474
vn -0.041653 0.223206 0.973881
vn -0.702142 0.193153 0.685338
vn -0.603241 0.015980 0.797399
vn -0.603241 0.015980 0.797399
vn -0.702142 0.193153 0.685338
vn -0.986070 0.165083 0.020317
vn -0.987326 -0.057108 0.148075
vn 0.042643 0.035091 0.998474
vn 0.235677 0.045535 0.970764
vn 0.170297 0.236181 0.956670
vn -0.041653 0.223206 0.973881
vn 0.200722 0.016368 -0.979511
vn 0.136616 0.070986 -0.988077
vn -0.036071 0.063708 -0.997317
vn 0.031675 0.011273 -0.999435
vn -0.036071 0.063708 -0.997317
vn -0.033915 0.176827 -0.983658
vn 0.419685 -0.008825 -0.907627
vn 0.031675 0.011273 -0.999435
vn -0.033915 0.176827 -0.983658
vn 0.992491 0.122270 -0.003443
vn 0.984145 0.156071 0.084262
vn 0.419685 -0.008825 -0.907627
vn 0.136616 0.070986 -0.988077
vn 0.200722 0.016368 -0.979511
vn 0.939545 0.085725 -0.331522
vn 0.893705 -0.206370 -0.398374
vn 0.136616 0.070986 -0.988077
vn 0.893705 -0.206370 -0.398374
vn 0.155500 -0.392809 -0.906378
vn 0.155500 -0.392809 -0.906378
vn 0.016415 -0.516246 -0.856283
vn -0.036071 0.063708 -0.997317
vn 0.136616 0.070986 -0.988077
vn -0.632127 -0.750132 -0.194208
vn 0.622104 -0.772100 0.129804
vn 0.992491 0.122270 -0.003443
vn -0.033915 0.176827 -0.983658
vn 0.016415 -0.516246 -0.856283
vn -0.632127 -0.750132 -0.194208
vn -0.033915 0.176827 -0.983658
vn -0.036071 0.063708 -0.997317
vn 0.260195 -0.228692 0.938082
vn 0.203329 -0.697681 0.686949
vn 0.155500 -0.392809 -0.906378
vn 0.893705 -0.206370 -0.398374
vn 0.203329 -0.697681 0.686949
vn 0.092308 -0.676114 0.730992
vn 0.016415 -0.516246 -0.856283
vn 0.155500 -0.392809 -0.906378
vn 0.260195 -0.228692 0.938082
vn 0.084530 -0.249664 0.964636
vn 0.092308 -0.676114 0.730992
vn 0.203329 -0.697681 0.686949
vn 0.042643 0.035091 0.998474
vn 0.084530 -0.249664 0.964636
vn 0.260195 -0.228692 0.938082
vn 0.235677 0.045535 0.970764
vn 0.893705 -0.206370 -0.398374
vn 0.939545 0.085725 -0.331522
vn 0.235677 0.045535 0.970764
vn 0.260195 -0.228692 0.938082
vn -0.553486 -0.794421 0.250096
vn -0.389748 -0.689712 0.610241
vn -0.539323 -0.247097 0.805030
vn -0.907026 -0.351743 0.231475
vn -0.632127 -0.750132 -0.194208
vn -0.389748 -0.689712 0.610241
vn -0.553486 -0.794421 0.250096
vn 0.622104 -0.772100 0.129804
vn -0.389748 -0.689712 0.610241
vn 0.092308 -0.676114 0.730992
vn 0.084530 -0.249664 0.964636
vn -0.539323 -0.247097 0.805030
vn 0.016415 -0.516246 -0.856283
vn 0.092308 -0.676114 0.730992
vn -0.389748 -0.689712 0.610241
vn -0.632127 -0.750132 -0.194208
vn -0.583228 0.441133 0.682090
vn 0.044503 -0.019981 0.998809
vn 0.797189 -0.195935 0.571051
vn 0.231721 0.695686 0.679946
vn 0.044503 -0.019981 0.998809
vn -0.132616 -0.271603 0.953229
vn 0.770948 -0.420937 0.477966
vn 0.797189 -0.195935 0.571051
vn -0.583228 0.441133 0.682090
vn -0.739576 0.204596 0.641224
vn -0.132616 -0.271603 0.953229
vn 0.044503 -0.019981 0.998809
vn 0.231721 0.695686 0.679946
vn 0.797189 -0.195935 0.571051
vn 0.953027 0.067012 -0.295380
vn 0.631400 0.402482 -0.662829
vn 0.797189 -0.195935 0.571051
vn 0.770948 -0.420937 0.477966
vn 0.969461 -0.076052 -0.233157
vn 0.953027 0.067012 -0.295380
vn 0.969461 -0.076052 -0.233157
vn 0.770948 -0.420937 0.477966
vn 0.768931 -0.504302 0.392970
vn 0.963777 -0.027044 -0.265333
vn 0.757516 -0.507059 0.411169
vn 0.970963 -0.064605 -0.230340
vn 0.963777 -0.027044 -0.265333
vn 0.768931 -0.504302 0.392970
vn 0.770948 -0.420937 0.477966
vn -0.132616 -0.271603 0.953229
vn -0.200292 -0.516381 0.832606
vn 0.768931 -0.504302 0.392970
vn -0.185531 -0.502487 0.844444
vn 0.757516 -0.507059 0.411169
vn 0.768931 -0.504302 0.392970
vn -0.200292 -0.516381 0.832606
vn -0.200292 -0.516381 0.832606
vn -0.132616 -0.271603 0.953229
vn -0.739576 0.204596 0.641224
vn -0.893068 -0.023583 0.449304
vn -0.885196 0.015016 0.464975
vn -0.185531 -0.502487 0.844444
vn -0.200292 -0.516381 0.832606
vn -0.893068 -0.023583 0.449304
vn -0.236935 -0.441609 0.865357
vn -0.185531 -0.502487 0.844444
vn -0.885196 0.015016 0.464975
vn -0.879829 0.096331 0.465425
vn 0.970963 -0.064605 -0.230340
vn 0.757516 -0.507059 0.411169
vn 0.789405 -0.452043 0.415328
vn 0.987415 -0.054966 -0.148292
vn 0.789405 -0.452043 0.415328
vn 0.757516 -0.507059 0.411169
vn -0.185531 -0.502487 0.844444
vn -0.236935 -0.441609 0.865357
vn -0.879829 0.096331 0.465425
vn -0.845551 0.321296 0.426395
vn -0.140679 -0.332838 0.932431
vn -0.236935 -0.441609 0.865357
vn 0.788454 -0.373131 0.488993
vn 0.789405 -0.452043 0.415328
vn -0.236935 -0.441609 0.865357
vn -0.140679 -0.332838 0.932431
vn 0.983627 0.033577 -0.177062
vn 0.987415 -0.054966 -0.148292
vn 0.789405 -0.452043 0.415328
vn 0.788454 -0.373131 0.488993
vn -0.583228 0.441133 0.682090
vn 0.231721 0.695686 0.679946
vn -0.566972 0.813114 -0.131864
vn -0.566972 0.813114 -0.131864
vn -0.742761 0.645914 -0.176353
vn -0.739576 0.204596 0.641224
vn -0.583228 0.441133 0.682090
vn 0.631400 0.402482 -0.662829
vn 0.132955 0.677112 -0.723770
vn -0.566972 0.813114 -0.131864
vn 0.231721 0.695686 0.679946
vn 0.132955 0.677112 -0.723770
vn -0.044537 0.669485 -0.741490
vn -0.742761 0.645914 -0.176353
vn -0.566972 0.813114 -0.131864
vn 0.132955 0.677112 -0.723770
vn 0.631400 0.402482 -0.662829
vn 0.592147 0.316183 -0.741209
vn -0.044537 0.669485 -0.741490
vn 0.592147 0.316183 -0.741209
vn 0.631400 0.402482 -0.662829
vn 0.953027 0.067012 -0.295380
vn 0.969461 -0.076052 -0.233157
vn -0.030457 0.660837 -0.749911
vn -0.044537 0.669485 -0.741490
vn 0.592147 0.316183 -0.741209
vn 0.606993 0.427640 -0.669839
vn -0.039805 0.670437 -0.740898
vn -0.030457 0.660837 -0.749911
vn 0.606993 0.427640 -0.669839
vn 0.600069 0.427427 -0.676183
vn 0.592147 0.316183 -0.741209
vn 0.969461 -0.076052 -0.233157
vn 0.963777 -0.027044 -0.265333
vn 0.606993 0.427640 -0.669839
vn 0.970963 -0.064605 -0.230340
vn 0.600069 0.427427 -0.676183
vn 0.606993 0.427640 -0.669839
vn 0.963777 -0.027044 -0.265333
vn -0.780753 0.554495 -0.288029
vn -0.808979 0.510104 -0.292142
vn -0.030457 0.660837 -0.749911
vn -0.039805 0.670437 -0.740898
vn -0.808979 0.510104 -0.292142
vn -0.742761 0.645914 -0.176353
vn -0.044537 0.669485 -0.741490
vn -0.030457 0.660837 -0.749911
vn -0.885196 0.015016 0.464975
vn -0.893068 -0.023583 0.449304
vn -0.808979 0.510104 -0.292142
vn -0.780753 0.554495 -0.288029
vn -0.739576 0.204596 0.641224
vn -0.742761 0.645914 -0.176353
vn -0.808979 0.510104 -0.292142
vn -0.893068 -0.023583 0.449304
vn -0.703931 0.633939 -0.320316
vn -0.780753 0.554495 -0.288029
vn -0.039805 0.670437 -0.740898
vn -0.079201 0.698992 -0.710731
vn -0.039805 0.670437 -0.740898
vn 0.600069 0.427427 -0.676183
vn 0.589882 0.474871 -0.653098
vn -0.079201 0.698992 -0.710731
vn -0.879829 0.096331 0.465425
vn -0.885196 0.015016 0.464975
vn -0.780753 0.554495 -0.288029
vn -0.703931 0.633939 -0.320316
vn 0.600069 0.427427 -0.676183
vn 0.970963 -0.064605 -0.230340
vn 0.987415 -0.054966 -0.148292
vn 0.589882 0.474871 -0.653098
vn -0.079201 0.698992 -0.710731
vn -0.109293 0.685620 -0.719709
vn -0.615884 0.679953 -0.397933
vn -0.703931 0.633939 -0.320316
vn 0.589882 0.474871 -0.653098
vn 0.541679 0.480037 -0.690035
vn -0.109293 0.685620 -0.719709
vn -0.079201 0.698992 -0.710731
vn -0.879829 0.096331 0.465425
vn -0.703931 0.633939 -0.320316
vn -0.615884 0.679953 -0.397933
vn -0.845551 0.321296 0.426395
vn 0.983627 0.033577 -0.177062
vn 0.541679 0.480037 -0.690035
vn 0.589882 0.474871 -0.653098
vn 0.987415 -0.054966 -0.148292
vn -0.771405 0.570096 0.282708
vn -0.676087 0.667335 -0.312364
vn -0.986070 0.165083 0.020317
vn -0.702142 0.193153 0.685338
vn 0.263743 0.907941 -0.325703
vn -0.676087 0.667335 -0.312364
vn -0.771405 0.570096 0.282708
vn -0.039220 0.914492 -0.402698
vn -0.233470 0.611672 0.755877
vn -0.771405 0.570096 0.282708
vn -0.702142 0.193153 0.685338
vn -0.041653 0.223206 0.973881
vn -0.257087 0.895086 -0.364319
vn -0.039220 0.914492 -0.402698
vn -0.771405 0.570096 0.282708
vn -0.233470 0.611672 0.755877
vn 0.899374 0.223329 -0.375832
vn -0.039220 0.914492 -0.402698
vn -0.257087 0.895086 -0.364319
vn 0.134385 0.089854 -0.986847
vn 0.200722 0.016368 -0.979511
vn 0.031675 0.011273 -0.999435
vn 0.112958 -0.120268 -0.986294
vn 0.207510 -0.071124 -0.975644
vn -0.539323 -0.247097 0.805030
vn 0.084530 -0.249664 0.964636
vn 0.042643 0.035091 0.998474
vn -0.603241 0.015980 0.797399
vn -0.907026 -0.351743 0.231475
vn -0.539323 -0.247097 0.805030
vn -0.603241 0.015980 0.797399
vn -0.987326 -0.057108 0.148075
vn 0.589638 0.127940 0.797470
vn 0.643048 -0.107001 0.758314
vn 0.303609 0.056892 0.951097
vn 0.589638 0.127940 0.797470
vn 0.677694 0.108678 0.727269
vn 0.732767 0.061351 0.677708
vn 0.643048 -0.107001 0.758314
vn -0.708909 -0.103875 -0.697609
vn -0.612955 -0.629196 -0.477911
vn -0.750843 -0.418216 -0.511206
vn -0.745981 -0.128433 -0.653466
vn -0.510527 0.334561 -0.792105
vn -0.409337 0.765355 -0.496664
vn -0.151075 0.581765 -0.799204
vn -0.378946 0.066124 0.923053
vn -0.247798 0.063879 0.966704
vn -0.189067 -0.124921 0.973986
vn -0.360946 -0.114991 0.925470
vn -0.247798 0.063879 0.966704
vn -0.203379 0.071790 0.976465
vn 0.000000 -0.118902 0.992906
vn -0.189067 -0.124921 0.973986
vn 0.000000 -0.640586 0.767886
vn 0.000000 -0.376341 0.926481
vn -0.088789 -0.379734 0.920825
vn -0.095784 -0.644952 0.758197
vn -0.088789 -0.379734 0.920825
vn -0.279829 -0.370926 0.885500
vn -0.307012 -0.623740 0.718813
vn -0.095784 -0.644952 0.758197
vn 0.007954 0.582971 -0.812454
vn 0.003226 0.391925 -0.919991
vn -0.397928 0.385276 -0.832596
vn -0.407448 0.561453 -0.720248
vn 0.007954 0.582971 -0.812454
vn -0.407448 0.561453 -0.720248
vn -0.439530 0.238389 -0.866016
vn 0.015453 0.339101 -0.940623
vn -0.936777 0.191994 0.292552
vn -0.926623 0.359076 -0.111509
vn -0.937614 0.303820 -0.169039
vn -0.932779 0.232256 0.275645
vn 0.170203 0.283056 0.943880
vn 0.000000 0.314449 0.949274
vn 0.000000 0.464991 0.885315
vn 0.216175 0.554920 0.803325
vn -0.058879 0.638782 0.767132
vn 0.216175 0.554920 0.803325
vn 0.057095 0.776325 0.627742
vn -0.051840 0.875072 0.481208
vn -0.397928 0.385276 -0.832596
vn -0.721139 0.358565 -0.592782
vn -0.726418 0.491514 -0.480344
vn -0.407448 0.561453 -0.720248
vn -0.683521 0.135714 0.717204
vn -0.378946 0.066124 0.923053
vn -0.360946 -0.114991 0.925470
vn -0.702748 0.003620 0.711430
vn -0.279829 -0.370926 0.885500
vn -0.608191 -0.370362 0.702094
vn -0.698175 -0.485842 0.525841
vn -0.307012 -0.623740 0.718813
vn 0.057095 0.776325 0.627742
vn -0.074426 0.948423 0.308148
vn -0.130213 0.983326 0.126941
vn -0.051840 0.875072 0.481208
vn -0.345384 0.748834 -0.565647
vn -0.219269 0.955200 -0.198782
vn -0.029647 0.998735 -0.040604
vn -0.042384 0.914563 -0.402217
vn -0.926623 0.359076 -0.111509
vn -0.726418 0.491514 -0.480344
vn -0.721139 0.358565 -0.592782
vn -0.937614 0.303820 -0.169039
vn -0.687963 -0.713831 0.130967
vn 0.752221 -0.147276 -0.642240
vn -0.732236 0.612561 -0.297656
vn -0.918857 0.394119 -0.019273
vn -0.057407 0.779491 -0.623777
vn -0.440671 0.636213 -0.633279
vn -0.345384 0.748834 -0.565647
vn -0.042384 0.914563 -0.402217
vn -0.378603 -0.167242 0.910324
vn -0.461762 -0.305637 0.832683
vn -0.233160 -0.228065 0.945316
vn -0.119776 -0.098262 0.987926
vn -0.058864 -0.188716 0.980266
vn 0.026687 -0.015501 0.999524
vn -0.119776 -0.098262 0.987926
vn -0.233160 -0.228065 0.945316
vn -0.058864 -0.188716 0.980266
vn 0.000000 -0.163827 0.986489
vn 0.000000 0.050139 0.998742
vn 0.026687 -0.015501 0.999524
vn 0.000000 0.050139 0.998742
vn 0.000000 0.314449 0.949274
vn 0.170203 0.283056 0.943880
vn 0.026687 -0.015501 0.999524
vn 0.170203 0.283056 0.943880
vn -0.021199 0.333244 0.942602
vn -0.119776 -0.098262 0.987926
vn 0.026687 -0.015501 0.999524
vn -0.378603 -0.167242 0.910324
vn -0.021199 0.333244 0.942602
vn -0.526600 0.375805 0.762538
vn -0.932779 0.232256 0.275645
vn -0.683521 0.135714 0.717204
vn -0.702748 0.003620 0.711430
vn -0.936777 0.191994 0.292552
vn -0.467243 0.878224 0.102011
vn -0.528135 0.668375 0.523783
vn -0.058879 0.638782 0.767132
vn -0.051840 0.875072 0.481208
vn -0.372381 0.865348 -0.335419
vn -0.467243 0.878224 0.102011
vn -0.051840 0.875072 0.481208
vn -0.130213 0.983326 0.126941
vn -0.528135 0.668375 0.523783
vn -0.526600 0.375805 0.762538
vn -0.021199 0.333244 0.942602
vn -0.058879 0.638782 0.767132
vn -0.732236 0.612561 -0.297656
vn 0.752221 -0.147276 -0.642240
vn -0.591028 0.285712 -0.754357
vn -0.393289 0.362797 -0.844809
vn -0.352766 0.677029 -0.645900
vn -0.219269 0.955200 -0.198782
vn -0.345384 0.748834 -0.565647
vn -0.352766 0.677029 -0.645900
vn -0.372381 0.865348 -0.335419
vn -0.130213 0.983326 0.126941
vn -0.219269 0.955200 -0.198782
vn -0.287542 -0.383789 0.877511
vn -0.461762 -0.305637 0.832683
vn -0.378603 -0.167242 0.910324
vn -0.498224 -0.004760 0.867035
vn -0.687963 -0.713831 0.130967
vn -0.287542 -0.383789 0.877511
vn 0.509227 -0.069767 0.857800
vn 0.913008 -0.232818 0.334981
vn 0.913008 -0.232818 0.334981
vn 0.941648 -0.332807 0.050392
vn 0.752221 -0.147276 -0.642240
vn -0.687963 -0.713831 0.130967
vn 0.659397 -0.440821 -0.608993
vn 0.214344 -0.150282 -0.965128
vn -0.393289 0.362797 -0.844809
vn -0.591028 0.285712 -0.754357
vn 0.113820 0.158281 -0.980812
vn -0.264302 0.578522 -0.771659
vn -0.372381 0.865348 -0.335419
vn -0.352766 0.677029 -0.645900
vn -0.372381 0.865348 -0.335419
vn -0.264302 0.578522 -0.771659
vn -0.641507 0.724410 -0.252389
vn -0.467243 0.878224 0.102011
vn -0.467243 0.878224 0.102011
vn -0.641507 0.724410 -0.252389
vn -0.788436 0.573815 0.221599
vn -0.528135 0.668375 0.523783
vn -0.528135 0.668375 0.523783
vn -0.788436 0.573815 0.221599
vn -0.772460 0.382834 0.506699
vn -0.526600 0.375805 0.762538
vn -0.287542 -0.383789 0.877511
vn -0.498224 -0.004760 0.867035
vn -0.592386 0.231756 0.771601
vn 0.509227 -0.069767 0.857800
vn 0.214344 -0.150282 -0.965128
vn 0.113820 0.158281 -0.980812
vn -0.352766 0.677029 -0.645900
vn -0.393289 0.362797 -0.844809
vn -0.591028 0.285712 -0.754357
vn -0.393289 0.362797 -0.844809
vn -0.345384 0.748834 -0.565647
vn -0.440671 0.636213 -0.633279
vn 0.216175 0.554920 0.803325
vn -0.058879 0.638782 0.767132
vn -0.021199 0.333244 0.942602
vn 0.170203 0.283056 0.943880
vn -0.378603 -0.167242 0.910324
vn -0.119776 -0.098262 0.987926
vn -0.021199 0.333244 0.942602
vn 0.659397 -0.440821 -0.608993
vn -0.591028 0.285712 -0.754357
vn 0.752221 -0.147276 -0.642240
vn 0.941648 -0.332807 0.050392
vn -0.687963 -0.713831 0.130967
vn -0.833053 -0.395534 0.386751
vn -0.287542 -0.383789 0.877511
vn -0.130213 0.983326 0.126941
vn -0.074426 0.948423 0.308148
vn -0.029647 0.998735 -0.040604
vn -0.219269 0.955200 -0.198782
vn -0.833053 -0.395534 0.386751
vn -0.687963 -0.713831 0.130967
vn -0.918857 0.394119 -0.019273
vn -0.952773 -0.258585 0.159238
vn -0.608191 -0.370362 0.702094
vn -0.833053 -0.395534 0.386751
vn -0.952773 -0.258585 0.159238
vn -0.698175 -0.485842 0.525841
vn -0.592386 0.231756 0.771601
vn -0.498224 -0.004760 0.867035
vn -0.526600 0.375805 0.762538
vn -0.772460 0.382834 0.506699
vn -0.461762 -0.305637 0.832683
vn -0.608191 -0.370362 0.702094
vn -0.279829 -0.370926 0.885500
vn -0.233160 -0.228065 0.945316
vn -0.088789 -0.379734 0.920825
vn -0.058864 -0.188716 0.980266
vn -0.233160 -0.228065 0.945316
vn -0.279829 -0.370926 0.885500
vn -0.088789 -0.379734 0.920825
vn 0.000000 -0.376341 0.926481
vn 0.000000 -0.163827 0.986489
vn -0.058864 -0.188716 0.980266
vn -0.287542 -0.383789 0.877511
vn -0.833053 -0.395534 0.386751
vn -0.608191 -0.370362 0.702094
vn -0.461762 -0.305637 0.832683
vn -0.378603 -0.167242 0.910324
vn -0.526600 0.375805 0.762538
vn -0.498224 -0.004760 0.867035
vn -0.641507 0.724410 -0.252389
vn -0.264302 0.578522 -0.771659
vn 0.017257 0.184580 -0.982666
vn -0.435403 0.610428 -0.661666
vn -0.264302 0.578522 -0.771659
vn 0.113820 0.158281 -0.980812
vn 0.343134 -0.214064 -0.914569
vn 0.017257 0.184580 -0.982666
vn -0.788436 0.573815 0.221599
vn -0.641507 0.724410 -0.252389
vn -0.435403 0.610428 -0.661666
vn -0.763978 0.645192 0.008107
vn 0.509227 -0.069767 0.857800
vn -0.592386 0.231756 0.771601
vn -0.540299 0.438248 0.718342
vn 0.539807 0.007983 0.841751
vn -0.772460 0.382834 0.506699
vn -0.788436 0.573815 0.221599
vn -0.763978 0.645192 0.008107
vn -0.756745 0.524422 0.390280
vn 0.913008 -0.232818 0.334981
vn 0.509227 -0.069767 0.857800
vn 0.539807 0.007983 0.841751
vn 0.834221 -0.270796 0.480358
vn 0.941648 -0.332807 0.050392
vn 0.913008 -0.232818 0.334981
vn 0.834221 -0.270796 0.480358
vn 0.879263 -0.438255 0.186628
vn 0.214344 -0.150282 -0.965128
vn 0.659397 -0.440821 -0.608993
vn 0.696304 -0.568138 -0.438612
vn 0.456574 -0.421740 -0.783375
vn 0.659397 -0.440821 -0.608993
vn 0.941648 -0.332807 0.050392
vn 0.879263 -0.438255 0.186628
vn 0.696304 -0.568138 -0.438612
vn 0.113820 0.158281 -0.980812
vn 0.214344 -0.150282 -0.965128
vn 0.456574 -0.421740 -0.783375
vn 0.343134 -0.214064 -0.914569
vn -0.592386 0.231756 0.771601
vn -0.772460 0.382834 0.506699
vn -0.756745 0.524422 0.390280
vn -0.540299 0.438248 0.718342
vn 0.762065 0.148535 0.630234
vn 0.250607 0.813119 0.525390
vn 0.672030 0.710598 0.208391
vn 0.895689 0.108161 0.431326
vn 0.781001 -0.289496 0.553380
vn 0.762065 0.148535 0.630234
vn 0.895689 0.108161 0.431326
vn 0.850494 -0.252235 0.461560
vn 0.757236 -0.552247 0.348736
vn 0.781001 -0.289496 0.553380
vn 0.850494 -0.252235 0.461560
vn 0.762272 -0.508972 0.399861
vn 0.290455 -0.903224 -0.315948
vn 0.757236 -0.552247 0.348736
vn 0.762272 -0.508972 0.399861
vn -0.033288 -0.993654 -0.107438
vn -0.033075 -0.764290 -0.644024
vn 0.290455 -0.903224 -0.315948
vn -0.033288 -0.993654 -0.107438
vn -0.574166 -0.717658 -0.394083
vn -0.238483 -0.571925 -0.784874
vn -0.033075 -0.764290 -0.644024
vn -0.574166 -0.717658 -0.394083
vn -0.784605 -0.411149 -0.464060
vn -0.578587 -0.131206 -0.804998
vn -0.238483 -0.571925 -0.784874
vn -0.784605 -0.411149 -0.464060
vn -0.885653 -0.042353 -0.462412
vn -0.716529 0.372145 -0.589995
vn -0.578587 -0.131206 -0.804998
vn -0.885653 -0.042353 -0.462412
vn -0.846043 0.320067 -0.426343
vn -0.628983 0.758235 -0.171641
vn -0.716529 0.372145 -0.589995
vn -0.846043 0.320067 -0.426343
vn -0.586918 0.739017 -0.330729
vn -0.344133 0.919464 0.190153
vn -0.628983 0.758235 -0.171641
vn -0.586918 0.739017 -0.330729
vn 0.035419 0.993149 -0.111360
vn 0.250607 0.813119 0.525390
vn -0.344133 0.919464 0.190153
vn 0.035419 0.993149 -0.111360
vn 0.672030 0.710598 0.208391
vn 0.539807 0.007983 0.841751
vn -0.540299 0.438248 0.718342
vn 0.250607 0.813119 0.525390
vn 0.762065 0.148535 0.630234
vn 0.834221 -0.270796 0.480358
vn 0.539807 0.007983 0.841751
vn 0.762065 0.148535 0.630234
vn 0.781001 -0.289496 0.553380
vn 0.879263 -0.438255 0.186628
vn 0.834221 -0.270796 0.480358
vn 0.781001 -0.289496 0.553380
vn 0.757236 -0.552247 0.348736
vn 0.696304 -0.568138 -0.438612
vn 0.879263 -0.438255 0.186628
vn 0.757236 -0.552247 0.348736
vn 0.290455 -0.903224 -0.315948
vn 0.456574 -0.421740 -0.783375
vn 0.696304 -0.568138 -0.438612
vn 0.290455 -0.903224 -0.315948
vn -0.033075 -0.764290 -0.644024
vn 0.343134 -0.214064 -0.914569
vn 0.456574 -0.421740 -0.783375
vn -0.033075 -0.764290 -0.644024
vn -0.238483 -0.571925 -0.784874
vn 0.017257 0.184580 -0.982666
vn 0.343134 -0.214064 -0.914569
vn -0.238483 -0.571925 -0.784874
vn -0.578587 -0.131206 -0.804998
vn -0.435403 0.610428 -0.661666
vn 0.017257 0.184580 -0.982666
vn -0.578587 -0.131206 -0.804998
vn -0.716529 0.372145 -0.589995
vn -0.763978 0.645192 0.008107
vn -0.435403 0.610428 -0.661666
vn -0.716529 0.372145 -0.589995
vn -0.628983 0.758235 -0.171641
vn -0.756745 0.524422 0.390280
vn -0.763978 0.645192 0.008107
vn -0.628983 0.758235 -0.171641
vn -0.344133 0.919464 0.190153
vn -0.540299 0.438248 0.718342
vn -0.756745 0.524422 0.390280
vn -0.344133 0.919464 0.190153
vn 0.250607 0.813119 0.525390
vn -0.885653 -0.042353 -0.462412
vn -0.784605 -0.411149 -0.464060
vn -0.775559 -0.452891 -0.439771
vn -0.892667 -0.050898 -0.447834
vn -0.846043 0.320067 -0.426343
vn -0.885653 -0.042353 -0.462412
vn -0.892667 -0.050898 -0.447834
vn -0.839072 0.347331 -0.418712
vn -0.586918 0.739017 -0.330729
vn -0.846043 0.320067 -0.426343
vn -0.839072 0.347331 -0.418712
vn -0.512843 0.794544 -0.325104
vn 0.035419 0.993149 -0.111360
vn -0.586918 0.739017 -0.330729
vn -0.512843 0.794544 -0.325104
vn 0.185076 0.979551 -0.078914
vn 0.672030 0.710598 0.208391
vn 0.035419 0.993149 -0.111360
vn 0.185076 0.979551 -0.078914
vn 0.730296 0.643350 0.229714
vn 0.895689 0.108161 0.431326
vn 0.672030 0.710598 0.208391
vn 0.730296 0.643350 0.229714
vn 0.899768 0.098376 0.425135
vn 0.850494 -0.252235 0.461560
vn 0.895689 0.108161 0.431326
vn 0.899768 0.098376 0.425135
vn 0.854142 -0.246105 0.458119
vn 0.762272 -0.508972 0.399861
vn 0.850494 -0.252235 0.461560
vn 0.854142 -0.246105 0.458119
vn 0.772487 -0.488174 0.406140
vn -0.033288 -0.993654 -0.107438
vn 0.762272 -0.508972 0.399861
vn 0.772487 -0.488174 0.406140
vn 0.098871 -0.994985 -0.015140
vn -0.574166 -0.717658 -0.394083
vn -0.033288 -0.993654 -0.107438
vn 0.098871 -0.994985 -0.015140
vn -0.538988 -0.764006 -0.354665
vn -0.784605 -0.411149 -0.464060
vn -0.574166 -0.717658 -0.394083
vn -0.538988 -0.764006 -0.354665
vn -0.775559 -0.452891 -0.439771
vn 0.000000 -0.803790 0.594913
vn -0.135972 -0.825905 0.547168
vn -0.189067 -0.124921 0.973986
vn 0.000000 -0.118902 0.992906
vn -0.135972 -0.825905 0.547168
vn -0.331909 -0.840153 0.428929
vn -0.360946 -0.114991 0.925470
vn -0.189067 -0.124921 0.973986
vn -0.331909 -0.840153 0.428929
vn -0.660728 -0.722877 0.202204
vn -0.702748 0.003620 0.711430
vn -0.360946 -0.114991 0.925470
vn -0.660728 -0.722877 0.202204
vn -0.889543 -0.445734 -0.100174
vn -0.936777 0.191994 0.292552
vn -0.702748 0.003620 0.711430
vn -0.889543 -0.445734 -0.100174
vn -0.903121 -0.156660 -0.399788
vn -0.926623 0.359076 -0.111509
vn -0.936777 0.191994 0.292552
vn -0.903121 -0.156660 -0.399788
vn -0.725267 0.063897 -0.685496
vn -0.726418 0.491514 -0.480344
vn -0.926623 0.359076 -0.111509
vn -0.407448 0.561453 -0.720248
vn -0.726418 0.491514 -0.480344
vn -0.725267 0.063897 -0.685496
vn -0.439530 0.238389 -0.866016
vn -0.094944 -0.904004 0.416848
vn 0.000000 -0.894013 0.448041
vn 0.000000 -0.640586 0.767886
vn -0.095784 -0.644952 0.758197
vn -0.295704 -0.889860 0.347431
vn -0.094944 -0.904004 0.416848
vn -0.095784 -0.644952 0.758197
vn -0.307012 -0.623740 0.718813
vn -0.674994 -0.706605 0.212350
vn -0.295704 -0.889860 0.347431
vn -0.307012 -0.623740 0.718813
vn -0.698175 -0.485842 0.525841
vn -0.957583 -0.288153 0.001565
vn -0.674994 -0.706605 0.212350
vn -0.698175 -0.485842 0.525841
vn -0.952773 -0.258585 0.159238
vn -0.918857 0.394119 -0.019273
vn -0.949212 0.287956 -0.126797
vn -0.957583 -0.288153 0.001565
vn -0.952773 -0.258585 0.159238
vn -0.918857 0.394119 -0.019273
vn -0.732236 0.612561 -0.297656
vn -0.808762 0.496140 -0.315831
vn -0.949212 0.287956 -0.126797
vn -0.949212 0.287956 -0.126797
vn -0.808762 0.496140 -0.315831
vn -0.725267 0.063897 -0.685496
vn -0.903121 -0.156660 -0.399788
vn -0.957583 -0.288153 0.001565
vn -0.949212 0.287956 -0.126797
vn -0.903121 -0.156660 -0.399788
vn -0.889543 -0.445734 -0.100174
vn -0.889543 -0.445734 -0.100174
vn -0.660728 -0.722877 0.202204
vn -0.674994 -0.706605 0.212350
vn -0.957583 -0.288153 0.001565
vn -0.660728 -0.722877 0.202204
vn -0.331909 -0.840153 0.428929
vn -0.295704 -0.889860 0.347431
vn -0.674994 -0.706605 0.212350
vn -0.331909 -0.840153 0.428929
vn -0.135972 -0.825905 0.547168
vn -0.094944 -0.904004 0.416848
vn -0.295704 -0.889860 0.347431
vn -0.135972 -0.825905 0.547168
vn 0.000000 -0.803790 0.594913
vn 0.000000 -0.894013 0.448041
vn -0.094944 -0.904004 0.416848
vn -0.460938 0.710787 -0.531336
vn -0.542008 0.548203 -0.636946
vn -0.808762 0.496140 -0.315831
vn -0.732236 0.612561 -0.297656
vn -0.014084 0.719748 -0.694093
vn -0.026493 0.471997 -0.881202
vn -0.542008 0.548203 -0.636946
vn -0.460938 0.710787 -0.531336
vn -0.808762 0.496140 -0.315831
vn -0.542008 0.548203 -0.636946
vn -0.439530 0.238389 -0.866016
vn -0.725267 0.063897 -0.685496
vn -0.542008 0.548203 -0.636946
vn -0.026493 0.471997 -0.881202
vn 0.015453 0.339101 -0.940623
vn -0.439530 0.238389 -0.866016
vn 0.000343 0.188585 -0.982057
vn 0.000347 0.126863 -0.991920
vn -0.386907 0.136417 -0.911972
vn -0.381287 0.194552 -0.903753
vn -0.386907 0.136417 -0.911972
vn -0.717508 0.168622 -0.675832
vn -0.710364 0.212999 -0.670832
vn -0.381287 0.194552 -0.903753
vn -0.942583 0.241695 -0.230479
vn -0.710364 0.212999 -0.670832
vn -0.717508 0.168622 -0.675832
vn -0.945131 0.222345 -0.239354
vn -0.936782 0.251635 0.243145
vn -0.942583 0.241695 -0.230479
vn -0.945131 0.222345 -0.239354
vn -0.937607 0.256699 0.234519
vn -0.937607 0.256699 0.234519
vn -0.679068 0.244510 0.692158
vn -0.673136 0.219046 0.706333
vn -0.936782 0.251635 0.243145
vn -0.679068 0.244510 0.692158
vn -0.426727 0.222558 0.876568
vn -0.407788 0.185983 0.893935
vn -0.673136 0.219046 0.706333
vn -0.426727 0.222558 0.876568
vn -0.360534 0.237429 0.902022
vn -0.324048 0.197084 0.925284
vn -0.407788 0.185983 0.893935
vn -0.360534 0.237429 0.902022
vn -0.358941 0.256437 0.897442
vn -0.308435 0.214751 0.926688
vn -0.324048 0.197084 0.925284
vn -0.324048 0.197084 0.925284
vn -0.308435 0.214751 0.926688
vn -0.203379 0.071790 0.976465
vn -0.247798 0.063879 0.966704
vn -0.407788 0.185983 0.893935
vn -0.324048 0.197084 0.925284
vn -0.247798 0.063879 0.966704
vn -0.378946 0.066124 0.923053
vn -0.673136 0.219046 0.706333
vn -0.407788 0.185983 0.893935
vn -0.378946 0.066124 0.923053
vn -0.683521 0.135714 0.717204
vn -0.936782 0.251635 0.243145
vn -0.673136 0.219046 0.706333
vn -0.683521 0.135714 0.717204
vn -0.932779 0.232256 0.275645
vn -0.932779 0.232256 0.275645
vn -0.937614 0.303820 -0.169039
vn -0.942583 0.241695 -0.230479
vn -0.936782 0.251635 0.243145
vn -0.937614 0.303820 -0.169039
vn -0.721139 0.358565 -0.592782
vn -0.710364 0.212999 -0.670832
vn -0.942583 0.241695 -0.230479
vn -0.381287 0.194552 -0.903753
vn -0.710364 0.212999 -0.670832
vn -0.721139 0.358565 -0.592782
vn -0.397928 0.385276 -0.832596
vn 0.003226 0.391925 -0.919991
vn 0.000343 0.188585 -0.982057
vn -0.381287 0.194552 -0.903753
vn -0.397928 0.385276 -0.832596
vn 0.378946 0.066124 0.923054
vn 0.360946 -0.114990 0.925470
vn 0.189067 -0.124920 0.973986
vn 0.247798 0.063879 0.966704
vn 0.247798 0.063879 0.966704
vn 0.189067 -0.124920 0.973986
vn 0.000000 -0.118902 0.992906
vn 0.203379 0.071790 0.976465
vn 0.000000 -0.640586 0.767886
vn 0.096005 -0.645263 0.757904
vn 0.088751 -0.379634 0.920870
vn 0.000000 -0.376341 0.926481
vn 0.088751 -0.379634 0.920870
vn 0.096005 -0.645263 0.757904
vn 0.366033 -0.585290 0.723502
vn 0.335028 -0.378579 0.862806
vn 0.007954 0.582971 -0.812454
vn 0.409886 0.563803 -0.717021
vn 0.397815 0.386756 -0.831964
vn 0.003226 0.391925 -0.919991
vn 0.936777 0.191995 0.292551
vn 0.932780 0.232257 0.275643
vn 0.937614 0.303820 -0.169037
vn 0.926624 0.359075 -0.111507
vn -0.171871 0.263019 0.949358
vn -0.234268 0.522406 0.819884
vn 0.000000 0.464991 0.885315
vn 0.000000 0.314449 0.949274
vn 0.079220 0.631549 0.771278
vn 0.138407 0.833397 0.535063
vn -0.135084 0.705937 0.695273
vn -0.234268 0.522406 0.819884
vn 0.397815 0.386756 -0.831964
vn 0.409886 0.563803 -0.717021
vn 0.722562 0.495231 -0.482339
vn 0.719787 0.359712 -0.593729
vn 0.683521 0.135715 0.717203
vn 0.702749 0.003623 0.711429
vn 0.360946 -0.114990 0.925470
vn 0.378946 0.066124 0.923054
vn 0.335028 -0.378579 0.862806
vn 0.366033 -0.585290 0.723502
vn 0.715970 -0.401265 0.571291
vn 0.651471 -0.380561 0.656322
vn -0.135084 0.705937 0.695273
vn 0.138407 0.833397 0.535063
vn 0.163874 0.975540 0.146520
vn -0.012325 0.913873 0.405812
vn 0.362631 0.786556 -0.499828
vn -0.042384 0.914563 -0.402217
vn -0.029647 0.998735 -0.040604
vn 0.233935 0.953588 -0.189592
vn 0.926624 0.359075 -0.111507
vn 0.937614 0.303820 -0.169037
vn 0.719787 0.359712 -0.593729
vn 0.722562 0.495231 -0.482339
vn -0.781589 0.616268 0.096606
vn 0.660737 0.721754 0.206150
vn 0.782808 0.605703 -0.142603
vn -0.311869 0.889877 0.332951
vn 0.454024 0.670810 -0.586409
vn -0.057407 0.779491 -0.623777
vn -0.042384 0.914563 -0.402217
vn 0.362631 0.786556 -0.499828
vn 0.362989 -0.120393 0.923983
vn 0.120841 -0.098995 0.987723
vn 0.256792 -0.249195 0.933788
vn 0.523304 -0.359581 0.772564
vn 0.058968 -0.188694 0.980264
vn 0.256792 -0.249195 0.933788
vn 0.120841 -0.098995 0.987723
vn -0.026478 -0.015753 0.999525
vn 0.058968 -0.188694 0.980264
vn -0.026478 -0.015753 0.999525
vn 0.000000 0.050139 0.998742
vn 0.000000 -0.163827 0.986489
vn 0.000000 0.050139 0.998742
vn -0.026478 -0.015753 0.999525
vn -0.171871 0.263019 0.949358
vn 0.000000 0.314449 0.949274
vn -0.171871 0.263019 0.949358
vn -0.026478 -0.015753 0.999525
vn 0.120841 -0.098995 0.987723
vn 0.040710 0.305817 0.951220
vn 0.362989 -0.120393 0.923983
vn 0.473423 0.502495 0.723442
vn 0.040710 0.305817 0.951220
vn 0.932780 0.232257 0.275643
vn 0.936777 0.191995 0.292551
vn 0.702749 0.003623 0.711429
vn 0.683521 0.135715 0.717203
vn 0.546508 0.837027 0.026726
vn 0.138407 0.833397 0.535063
vn 0.079220 0.631549 0.771278
vn 0.541596 0.708019 0.453191
vn 0.459349 0.773336 -0.436978
vn 0.163874 0.975540 0.146520
vn 0.138407 0.833397 0.535063
vn 0.546508 0.837027 0.026726
vn 0.541596 0.708019 0.453191
vn 0.079220 0.631549 0.771278
vn 0.040710 0.305817 0.951220
vn 0.473423 0.502495 0.723442
vn 0.777277 0.389605 -0.494012
vn 0.782808 0.605703 -0.142603
vn 0.533835 0.701769 -0.471742
vn 0.454024 0.670810 -0.586409
vn 0.611832 0.296665 -0.733247
vn 0.362631 0.786556 -0.499828
vn 0.233935 0.953588 -0.189592
vn 0.479906 0.567313 -0.669214
vn 0.479906 0.567313 -0.669214
vn 0.233935 0.953588 -0.189592
vn 0.163874 0.975540 0.146520
vn 0.459349 0.773336 -0.436978
vn -0.027361 -0.262891 0.964437
vn 0.161650 0.237370 0.957875
vn 0.362989 -0.120393 0.923983
vn 0.523304 -0.359581 0.772564
vn -0.781589 0.616268 0.096606
vn -0.992632 0.073778 0.096113
vn -0.815129 0.218698 0.536411
vn -0.027361 -0.262891 0.964437
vn -0.992632 0.073778 0.096113
vn -0.781589 0.616268 0.096606
vn -0.311869 0.889877 0.332951
vn -0.931965 -0.264537 -0.247914
vn -0.084004 -0.598004 -0.797079
vn 0.777277 0.389605 -0.494012
vn 0.611832 0.296665 -0.733247
vn 0.184880 -0.333991 -0.924267
vn 0.323358 -0.038152 -0.945507
vn 0.479906 0.567313 -0.669214
vn 0.459349 0.773336 -0.436978
vn 0.595464 0.330848 -0.732095
vn 0.459349 0.773336 -0.436978
vn 0.546508 0.837027 0.026726
vn 0.779767 0.576692 -0.243699
vn 0.595464 0.330848 -0.732095
vn 0.546508 0.837027 0.026726
vn 0.541596 0.708019 0.453191
vn 0.765626 0.599279 0.233841
vn 0.779767 0.576692 -0.243699
vn 0.541596 0.708019 0.453191
vn 0.473423 0.502495 0.723442
vn 0.624912 0.498024 0.601213
vn 0.765626 0.599279 0.233841
vn -0.027361 -0.262891 0.964437
vn -0.815129 0.218698 0.536411
vn 0.196279 0.373123 0.906782
vn 0.161650 0.237370 0.957875
vn 0.184880 -0.333991 -0.924267
vn 0.611832 0.296665 -0.733247
vn 0.479906 0.567313 -0.669214
vn 0.323358 -0.038152 -0.945507
vn 0.777277 0.389605 -0.494012
vn 0.454024 0.670810 -0.586409
vn 0.362631 0.786556 -0.499828
vn 0.611832 0.296665 -0.733247
vn -0.234268 0.522406 0.819884
vn -0.171871 0.263019 0.949358
vn 0.040710 0.305817 0.951220
vn 0.079220 0.631549 0.771278
vn 0.362989 -0.120393 0.923983
vn 0.040710 0.305817 0.951220
vn 0.120841 -0.098995 0.987723
vn -0.084004 -0.598004 -0.797079
vn -0.931965 -0.264537 -0.247914
vn -0.311869 0.889877 0.332951
vn 0.777277 0.389605 -0.494012
vn -0.781589 0.616268 0.096606
vn -0.027361 -0.262891 0.964437
vn 0.860844 -0.275904 0.427581
vn 0.163874 0.975540 0.146520
vn 0.233935 0.953588 -0.189592
vn -0.029647 0.998735 -0.040604
vn -0.012325 0.913873 0.405812
vn 0.860844 -0.275904 0.427581
vn 0.942435 -0.177386 0.283462
vn 0.660737 0.721754 0.206150
vn -0.781589 0.616268 0.096606
vn 0.651471 -0.380561 0.656322
vn 0.715970 -0.401265 0.571291
vn 0.942435 -0.177386 0.283462
vn 0.860844 -0.275904 0.427581
vn 0.196279 0.373123 0.906782
vn 0.624912 0.498024 0.601213
vn 0.473423 0.502495 0.723442
vn 0.161650 0.237370 0.957875
vn 0.523304 -0.359581 0.772564
vn 0.256792 -0.249195 0.933788
vn 0.335028 -0.378579 0.862806
vn 0.651471 -0.380561 0.656322
vn 0.088751 -0.379634 0.920870
vn 0.335028 -0.378579 0.862806
vn 0.256792 -0.249195 0.933788
vn 0.058968 -0.188694 0.980264
vn 0.088751 -0.379634 0.920870
vn 0.058968 -0.188694 0.980264
vn 0.000000 -0.163827 0.986489
vn 0.000000 -0.376341 0.926481
vn -0.027361 -0.262891 0.964437
vn 0.523304 -0.359581 0.772564
vn 0.651471 -0.380561 0.656322
vn 0.860844 -0.275904 0.427581
vn 0.362989 -0.120393 0.923983
vn 0.161650 0.237370 0.957875
vn 0.473423 0.502495 0.723442
vn 0.779767 0.576692 -0.243699
vn 0.869514 0.331408 -0.366215
vn 0.615914 -0.039956 -0.786800
vn 0.595464 0.330848 -0.732095
vn 0.595464 0.330848 -0.732095
vn 0.615914 -0.039956 -0.786800
vn 0.172130 -0.403289 -0.898738
vn 0.323358 -0.038152 -0.945507
vn 0.765626 0.599279 0.233841
vn 0.849318 0.506098 0.150079
vn 0.869514 0.331408 -0.366215
vn 0.779767 0.576692 -0.243699
vn -0.815129 0.218698 0.536411
vn -0.760347 0.380589 0.526332
vn 0.228571 0.559194 0.796905
vn 0.196279 0.373123 0.906782
vn 0.624912 0.498024 0.601213
vn 0.669374 0.529250 0.521376
vn 0.849318 0.506098 0.150079
vn 0.765626 0.599279 0.233841
vn -0.992632 0.073778 0.096113
vn -0.986333 0.041448 0.159463
vn -0.760347 0.380589 0.526332
vn -0.815129 0.218698 0.536411
vn -0.931965 -0.264537 -0.247914
vn -0.940003 -0.297569 -0.166877
vn -0.986333 0.041448 0.159463
vn -0.992632 0.073778 0.096113
vn 0.184880 -0.333991 -0.924267
vn -0.156149 -0.585015 -0.795849
vn -0.558235 -0.601733 -0.571219
vn -0.084004 -0.598004 -0.797079
vn -0.084004 -0.598004 -0.797079
vn -0.558235 -0.601733 -0.571219
vn -0.940003 -0.297569 -0.166877
vn -0.931965 -0.264537 -0.247914
vn 0.323358 -0.038152 -0.945507
vn 0.172130 -0.403289 -0.898738
vn -0.156149 -0.585015 -0.795849
vn 0.184880 -0.333991 -0.924267
vn 0.196279 0.373123 0.906782
vn 0.228571 0.559194 0.796905
vn 0.669374 0.529250 0.521376
vn 0.624912 0.498024 0.601213
vn -0.781056 0.537515 0.317850
vn -0.741667 0.657160 0.134425
vn 0.083704 0.954201 0.287217
vn 0.095426 0.832410 0.545882
vn -0.992510 0.082939 0.089695
vn -0.990797 0.131358 -0.032673
vn -0.741667 0.657160 0.134425
vn -0.781056 0.537515 0.317850
vn -0.960946 -0.236147 -0.144284
vn -0.980334 -0.158519 -0.117549
vn -0.990797 0.131358 -0.032673
vn -0.992510 0.082939 0.089695
vn -0.581945 -0.666662 -0.465728
vn -0.533679 -0.807712 -0.250576
vn -0.980334 -0.158519 -0.117549
vn -0.960946 -0.236147 -0.144284
vn -0.144070 -0.782488 -0.605769
vn 0.050599 -0.958682 -0.279945
vn -0.533679 -0.807712 -0.250576
vn -0.581945 -0.666662 -0.465728
vn 0.262655 -0.706177 -0.657515
vn 0.512076 -0.825638 -0.236856
vn 0.050599 -0.958682 -0.279945
vn -0.144070 -0.782488 -0.605769
vn 0.767679 -0.370841 -0.522634
vn 0.893169 -0.438346 -0.100512
vn 0.512076 -0.825638 -0.236856
vn 0.262655 -0.706177 -0.657515
vn 0.977044 0.094640 -0.190863
vn 0.998115 0.032239 0.052214
vn 0.893169 -0.438346 -0.100512
vn 0.767679 -0.370841 -0.522634
vn 0.877936 0.444665 0.177486
vn 0.878959 0.439061 0.186163
vn 0.998115 0.032239 0.052214
vn 0.977044 0.094640 -0.190863
vn 0.622671 0.658092 0.423315
vn 0.594031 0.757502 0.270773
vn 0.878959 0.439061 0.186163
vn 0.877936 0.444665 0.177486
vn 0.095426 0.832410 0.545882
vn 0.083704 0.954201 0.287217
vn 0.594031 0.757502 0.270773
vn 0.622671 0.658092 0.423315
vn -0.760347 0.380589 0.526332
vn -0.781056 0.537515 0.317850
vn 0.095426 0.832410 0.545882
vn 0.228571 0.559194 0.796905
vn -0.986333 0.041448 0.159463
vn -0.992510 0.082939 0.089695
vn -0.781056 0.537515 0.317850
vn -0.760347 0.380589 0.526332
vn -0.940003 -0.297569 -0.166877
vn -0.960946 -0.236147 -0.144284
vn -0.992510 0.082939 0.089695
vn -0.986333 0.041448 0.159463
vn -0.558235 -0.601733 -0.571219
vn -0.581945 -0.666662 -0.465728
vn -0.960946 -0.236147 -0.144284
vn -0.940003 -0.297569 -0.166877
vn -0.156149 -0.585015 -0.795849
vn -0.144070 -0.782488 -0.605769
vn -0.581945 -0.666662 -0.465728
vn -0.558235 -0.601733 -0.571219
vn 0.172130 -0.403289 -0.898738
vn 0.262655 -0.706177 -0.657515
vn -0.144070 -0.782488 -0.605769
vn -0.156149 -0.585015 -0.795849
vn 0.615914 -0.039956 -0.786800
vn 0.767679 -0.370841 -0.522634
vn 0.262655 -0.706177 -0.657515
vn 0.172130 -0.403289 -0.898738
vn 0.869514 0.331408 -0.366215
vn 0.977044 0.094640 -0.190863
vn 0.767679 -0.370841 -0.522634
vn 0.615914 -0.039956 -0.786800
vn 0.849318 0.506098 0.150079
vn 0.877936 0.444665 0.177486
vn 0.977044 0.094640 -0.190863
vn 0.869514 0.331408 -0.366215
vn 0.669374 0.529250 0.521376
vn 0.622671 0.658092 0.423315
vn 0.877936 0.444665 0.177486
vn 0.849318 0.506098 0.150079
vn 0.228571 0.559194 0.796905
vn 0.095426 0.832410 0.545882
vn 0.622671 0.658092 0.423315
vn 0.669374 0.529250 0.521376
vn 0.893169 -0.438346 -0.100512
vn 0.877790 -0.476717 -0.047178
vn 0.460966 -0.870670 -0.171592
vn 0.512076 -0.825638 -0.236856
vn 0.998115 0.032239 0.052214
vn 0.995908 0.024953 0.086862
vn 0.877790 -0.476717 -0.047178
vn 0.893169 -0.438346 -0.100512
vn 0.878959 0.439061 0.186163
vn 0.857535 0.477003 0.192619
vn 0.995908 0.024953 0.086862
vn 0.998115 0.032239 0.052214
vn 0.594031 0.757502 0.270773
vn 0.521709 0.812964 0.258669
vn 0.857535 0.477003 0.192619
vn 0.878959 0.439061 0.186163
vn 0.083704 0.954201 0.287217
vn -0.075896 0.963574 0.256446
vn 0.521709 0.812964 0.258669
vn 0.594031 0.757502 0.270773
vn -0.741667 0.657160 0.134425
vn -0.812457 0.575937 0.090607
vn -0.075896 0.963574 0.256446
vn 0.083704 0.954201 0.287217
vn -0.990797 0.131358 -0.032673
vn -0.990281 0.130194 -0.048923
vn -0.812457 0.575937 0.090607
vn -0.741667 0.657160 0.134425
vn -0.980334 -0.158519 -0.117549
vn -0.984952 -0.132781 -0.110632
vn -0.990281 0.130194 -0.048923
vn -0.990797 0.131358 -0.032673
vn -0.533679 -0.807712 -0.250576
vn -0.632162 -0.745043 -0.212794
vn -0.984952 -0.132781 -0.110632
vn -0.980334 -0.158519 -0.117549
vn 0.050599 -0.958682 -0.279945
vn -0.003614 -0.975311 -0.220807
vn -0.632162 -0.745043 -0.212794
vn -0.533679 -0.807712 -0.250576
vn 0.512076 -0.825638 -0.236856
vn 0.460966 -0.870670 -0.171592
vn -0.003614 -0.975311 -0.220807
vn 0.050599 -0.958682 -0.279945
vn 0.095552 -0.903507 0.417786
vn 0.096005 -0.645263 0.757904
vn 0.000000 -0.640586 0.767886
vn 0.000000 -0.894013 0.448041
vn 0.335249 -0.855429 0.394778
vn 0.366033 -0.585290 0.723502
vn 0.096005 -0.645263 0.757904
vn 0.095552 -0.903507 0.417786
vn 0.702937 -0.642137 0.305844
vn 0.715970 -0.401265 0.571291
vn 0.366033 -0.585290 0.723502
vn 0.335249 -0.855429 0.394778
vn 0.926497 -0.376196 0.008924
vn 0.942435 -0.177386 0.283462
vn 0.715970 -0.401265 0.571291
vn 0.702937 -0.642137 0.305844
vn 0.660737 0.721754 0.206150
vn 0.942435 -0.177386 0.283462
vn 0.926497 -0.376196 0.008924
vn 0.932100 -0.085155 -0.352048
vn 0.660737 0.721754 0.206150
vn 0.932100 -0.085155 -0.352048
vn 0.757891 0.192383 -0.623370
vn 0.782808 0.605703 -0.142603
vn 0.926624 0.359075 -0.111507
vn 0.722562 0.495231 -0.482339
vn 0.721969 0.068660 -0.688510
vn 0.903117 -0.156669 -0.399794
vn 0.936777 0.191995 0.292551
vn 0.926624 0.359075 -0.111507
vn 0.903117 -0.156669 -0.399794
vn 0.889536 -0.445745 -0.100183
vn 0.702749 0.003623 0.711429
vn 0.936777 0.191995 0.292551
vn 0.889536 -0.445745 -0.100183
vn 0.660728 -0.722879 0.202199
vn 0.360946 -0.114990 0.925470
vn 0.702749 0.003623 0.711429
vn 0.660728 -0.722879 0.202199
vn 0.331907 -0.840153 0.428931
vn 0.189067 -0.124920 0.973986
vn 0.360946 -0.114990 0.925470
vn 0.331907 -0.840153 0.428931
vn 0.135972 -0.825904 0.547169
vn 0.000000 -0.803790 0.594913
vn 0.000000 -0.118902 0.992906
vn 0.189067 -0.124920 0.973986
vn 0.135972 -0.825904 0.547169
vn 0.932100 -0.085155 -0.352048
vn 0.903117 -0.156669 -0.399794
vn 0.721969 0.068660 -0.688510
vn 0.757891 0.192383 -0.623370
vn 0.926497 -0.376196 0.008924
vn 0.889536 -0.445745 -0.100183
vn 0.903117 -0.156669 -0.399794
vn 0.932100 -0.085155 -0.352048
vn 0.889536 -0.445745 -0.100183
vn 0.926497 -0.376196 0.008924
vn 0.702937 -0.642137 0.305844
vn 0.660728 -0.722879 0.202199
vn 0.660728 -0.722879 0.202199
vn 0.702937 -0.642137 0.305844
vn 0.335249 -0.855429 0.394778
vn 0.331907 -0.840153 0.428931
vn 0.331907 -0.840153 0.428931
vn 0.335249 -0.855429 0.394778
vn 0.095552 -0.903507 0.417786
vn 0.135972 -0.825904 0.547169
vn 0.135972 -0.825904 0.547169
vn 0.095552 -0.903507 0.417786
vn 0.000000 -0.894013 0.448041
vn 0.000000 -0.803790 0.594913
vn 0.533835 0.701769 -0.471742
vn 0.782808 0.605703 -0.142603
vn 0.757891 0.192383 -0.623370
vn 0.473591 0.334275 -0.814844
vn -0.014084 0.719748 -0.694093
vn 0.533835 0.701769 -0.471742
vn 0.473591 0.334275 -0.814844
vn -0.026493 0.471997 -0.881202
vn 0.757891 0.192383 -0.623370
vn 0.721969 0.068660 -0.688510
vn 0.441968 0.243364 -0.863388
vn 0.473591 0.334275 -0.814844
vn 0.473591 0.334275 -0.814844
vn 0.441968 0.243364 -0.863388
vn 0.015453 0.339101 -0.940623
vn -0.026493 0.471997 -0.881202
vn 0.441968 0.243364 -0.863388
vn 0.721969 0.068660 -0.688510
vn 0.722562 0.495231 -0.482339
vn 0.409886 0.563803 -0.717021
vn 0.007954 0.582971 -0.812454
vn 0.015453 0.339101 -0.940623
vn 0.441968 0.243364 -0.863388
vn 0.409886 0.563803 -0.717021
vn 0.000343 0.188585 -0.982057
vn 0.381197 0.194499 -0.903803
vn 0.387019 0.135718 -0.912029
vn 0.000347 0.126863 -0.991920
vn 0.387019 0.135718 -0.912029
vn 0.381197 0.194499 -0.903803
vn 0.710205 0.212901 -0.671030
vn 0.717378 0.168280 -0.676055
vn 0.942583 0.241695 -0.230478
vn 0.945131 0.222345 -0.239353
vn 0.717378 0.168280 -0.676055
vn 0.710205 0.212901 -0.671030
vn 0.936782 0.251636 0.243143
vn 0.937607 0.256699 0.234517
vn 0.945131 0.222345 -0.239353
vn 0.942583 0.241695 -0.230478
vn 0.937607 0.256699 0.234517
vn 0.936782 0.251636 0.243143
vn 0.673137 0.219046 0.706333
vn 0.679068 0.244510 0.692157
vn 0.679068 0.244510 0.692157
vn 0.673137 0.219046 0.706333
vn 0.407787 0.185983 0.893935
vn 0.426726 0.222558 0.876569
vn 0.426726 0.222558 0.876569
vn 0.407787 0.185983 0.893935
vn 0.324048 0.197083 0.925284
vn 0.360534 0.237428 0.902022
vn 0.360534 0.237428 0.902022
vn 0.324048 0.197083 0.925284
vn 0.308437 0.214750 0.926687
vn 0.358942 0.256437 0.897441
vn 0.324048 0.197083 0.925284
vn 0.247798 0.063879 0.966704
vn 0.203379 0.071790 0.976465
vn 0.308437 0.214750 0.926687
vn 0.407787 0.185983 0.893935
vn 0.378946 0.066124 0.923054
vn 0.247798 0.063879 0.966704
vn 0.324048 0.197083 0.925284
vn 0.673137 0.219046 0.706333
vn 0.683521 0.135715 0.717203
vn 0.378946 0.066124 0.923054
vn 0.407787 0.185983 0.893935
vn 0.936782 0.251636 0.243143
vn 0.932780 0.232257 0.275643
vn 0.683521 0.135715 0.717203
vn 0.673137 0.219046 0.706333
vn 0.932780 0.232257 0.275643
vn 0.936782 0.251636 0.243143
vn 0.942583 0.241695 -0.230478
vn 0.937614 0.303820 -0.169037
vn 0.937614 0.303820 -0.169037
vn 0.942583 0.241695 -0.230478
vn 0.710205 0.212901 -0.671030
vn 0.719787 0.359712 -0.593729
vn 0.381197 0.194499 -0.903803
vn 0.397815 0.386756 -0.831964
vn 0.719787 0.359712 -0.593729
vn 0.710205 0.212901 -0.671030
vn 0.003226 0.391925 -0.919991
vn 0.397815 0.386756 -0.831964
vn 0.381197 0.194499 -0.903803
vn 0.000343 0.188585 -0.982057
vn 0.533835 0.701769 -0.471742
vn -0.014084 0.719748 -0.694093
vn -0.057407 0.779491 -0.623777
vn 0.454024 0.670810 -0.586409
vn -0.460938 0.710787 -0.531336
vn -0.440671 0.636213 -0.633279
vn -0.057407 0.779491 -0.623777
vn -0.014084 0.719748 -0.694093
vn -0.591028 0.285712 -0.754357
vn -0.440671 0.636213 -0.633279
vn -0.460938 0.710787 -0.531336
vn -0.732236 0.612561 -0.297656
vn 0.782808 0.605703 -0.142603
vn 0.777277 0.389605 -0.494012
vn -0.311869 0.889877 0.332951
vn -0.118996 -0.135050 -0.983667
vn -0.065733 -0.016709 -0.997697
vn 0.675167 0.076377 -0.733700
vn 0.549311 -0.439220 -0.710875
vn -0.675568 0.232086 -0.699817
vn -0.696541 -0.108711 -0.709234
vn -0.065733 -0.016709 -0.997697
vn -0.118996 -0.135050 -0.983667
vn -0.865651 0.500506 -0.011894
vn -0.987940 -0.151027 -0.034150
vn -0.696541 -0.108711 -0.709234
vn -0.675568 0.232086 -0.699817
vn -0.470797 0.445274 0.761631
vn -0.594474 -0.076783 0.800440
vn -0.987940 -0.151027 -0.034150
vn -0.865651 0.500506 -0.011894
vn 0.226826 0.072145 0.971260
vn 0.239054 0.044126 0.970003
vn -0.594474 -0.076783 0.800440
vn -0.470797 0.445274 0.761631
vn 0.719861 -0.286730 0.632128
vn 0.793406 0.103176 0.599884
vn 0.239054 0.044126 0.970003
vn 0.226826 0.072145 0.971260
vn 0.870710 -0.491614 -0.013417
vn 0.992691 0.116173 -0.032681
vn 0.793406 0.103176 0.599884
vn 0.719861 -0.286730 0.632128
vn 0.549311 -0.439220 -0.710875
vn 0.675167 0.076377 -0.733700
vn 0.992691 0.116173 -0.032681
vn 0.870710 -0.491614 -0.013417
vn -0.065733 -0.016709 -0.997697
vn -0.206470 0.174770 -0.962718
vn 0.488653 0.468876 -0.735781
vn 0.675167 0.076377 -0.733700
vn -0.696541 -0.108711 -0.709234
vn -0.723230 -0.170307 -0.669279
vn -0.206470 0.174770 -0.962718
vn -0.065733 -0.016709 -0.997697
vn -0.987940 -0.151027 -0.034150
vn -0.886325 -0.461866 -0.033276
vn -0.723230 -0.170307 -0.669279
vn -0.696541 -0.108711 -0.709234
vn -0.594474 -0.076783 0.800440
vn -0.458236 -0.498799 0.735676
vn -0.886325 -0.461866 -0.033276
vn -0.987940 -0.151027 -0.034150
vn 0.239054 0.044126 0.970003
vn 0.277922 -0.153333 0.948287
vn -0.458236 -0.498799 0.735676
vn -0.594474 -0.076783 0.800440
vn 0.793406 0.103176 0.599884
vn 0.754437 0.229859 0.614809
vn 0.277922 -0.153333 0.948287
vn 0.239054 0.044126 0.970003
vn 0.992691 0.116173 -0.032681
vn 0.873603 0.485638 -0.031206
vn 0.754437 0.229859 0.614809
vn 0.793406 0.103176 0.599884
vn 0.675167 0.076377 -0.733700
vn 0.488653 0.468876 -0.735781
vn 0.873603 0.485638 -0.031206
vn 0.992691 0.116173 -0.032681
vn -0.206470 0.174770 -0.962718
vn -0.335113 0.247926 -0.908973
vn 0.246129 0.687153 -0.683550
vn 0.488653 0.468876 -0.735781
vn -0.723230 -0.170307 -0.669279
vn -0.694682 -0.288561 -0.658900
vn -0.335113 0.247926 -0.908973
vn -0.206470 0.174770 -0.962718
vn -0.886325 -0.461866 -0.033276
vn -0.653788 -0.756670 0.003367
vn -0.694682 -0.288561 -0.658900
vn -0.723230 -0.170307 -0.669279
vn -0.458236 -0.498799 0.735676
vn -0.096292 -0.672193 0.734087
vn -0.653788 -0.756670 0.003367
vn -0.886325 -0.461866 -0.033276
vn 0.277922 -0.153333 0.948287
vn 0.410914 -0.125775 0.902957
vn -0.096292 -0.672193 0.734087
vn -0.458236 -0.498799 0.735676
vn 0.754437 0.229859 0.614809
vn 0.672908 0.404298 0.619465
vn 0.410914 -0.125775 0.902957
vn 0.277922 -0.153333 0.948287
vn 0.873603 0.485638 -0.031206
vn 0.664723 0.747081 0.003575
vn 0.672908 0.404298 0.619465
vn 0.754437 0.229859 0.614809
vn 0.488653 0.468876 -0.735781
vn 0.246129 0.687153 -0.683550
vn 0.664723 0.747081 0.003575
vn 0.873603 0.485638 -0.031206
vn -0.335113 0.247926 -0.908973
vn -0.343606 0.087072 -0.935069
vn -0.152319 0.745446 -0.648929
vn 0.246129 0.687153 -0.683550
vn -0.694682 -0.288561 -0.658900
vn -0.288849 -0.634544 -0.716882
vn -0.343606 0.087072 -0.935069
vn -0.335113 0.247926 -0.908973
vn -0.653788 -0.756670 0.003367
vn 0.035413 -0.999324 0.009850
vn -0.288849 -0.634544 -0.716882
vn -0.694682 -0.288561 -0.658900
vn -0.096292 -0.672193 0.734087
vn 0.301701 -0.596469 0.743775
vn 0.035413 -0.999324 0.009850
vn -0.653788 -0.756670 0.003367
vn 0.410914 -0.125775 0.902957
vn 0.299528 0.145546 0.942921
vn 0.301701 -0.596469 0.743775
vn -0.096292 -0.672193 0.734087
vn 0.672908 0.404298 0.619465
vn 0.205857 0.744942 0.634574
vn 0.299528 0.145546 0.942921
vn 0.410914 -0.125775 0.902957
vn 0.664723 0.747081 0.003575
vn 0.069075 0.997558 0.010332
vn 0.205857 0.744942 0.634574
vn 0.672908 0.404298 0.619465
vn 0.246129 0.687153 -0.683550
vn -0.152319 0.745446 -0.648929
vn 0.069075 0.997558 0.010332
vn 0.664723 0.747081 0.003575
vn -0.343606 0.087072 -0.935069
vn -0.111171 -0.140332 -0.983844
vn -0.307605 0.650622 -0.694312
vn -0.152319 0.745446 -0.648929
vn -0.288849 -0.634544 -0.716882
vn 0.151576 -0.766268 -0.624387
vn -0.111171 -0.140332 -0.983844
vn -0.343606 0.087072 -0.935069
vn 0.035413 -0.999324 0.009850
vn 0.319580 -0.946823 0.037344
vn 0.151576 -0.766268 -0.624387
vn -0.288849 -0.634544 -0.716882
vn 0.301701 -0.596469 0.743775
vn 0.309495 -0.612313 0.727520
vn 0.319580 -0.946823 0.037344
vn 0.035413 -0.999324 0.009850
vn 0.299528 0.145546 0.942921
vn 0.108659 0.123456 0.986383
vn 0.309495 -0.612313 0.727520
vn 0.301701 -0.596469 0.743775
vn 0.205857 0.744942 0.634574
vn -0.125953 0.731643 0.669951
vn 0.108659 0.123456 0.986383
vn 0.299528 0.145546 0.942921
vn 0.069075 0.997558 0.010332
vn -0.287085 0.957230 0.035958
vn -0.125953 0.731643 0.669951
vn 0.205857 0.744942 0.634574
vn -0.152319 0.745446 -0.648929
vn -0.307605 0.650622 -0.694312
vn -0.287085 0.957230 0.035958
vn 0.069075 0.997558 0.010332
vn -0.111171 -0.140332 -0.983844
vn 0.099970 -0.225410 -0.969121
vn 0.027064 0.616591 -0.786819
vn -0.307605 0.650622 -0.694312
vn 0.151576 -0.766268 -0.624387
vn 0.079723 -0.792140 -0.605110
vn 0.099970 -0.225410 -0.969121
vn -0.111171 -0.140332 -0.983844
vn 0.319580 -0.946823 0.037344
vn 0.031700 -0.999391 0.014565
vn 0.079723 -0.792140 -0.605110
vn 0.151576 -0.766268 -0.624387
vn 0.309495 -0.612313 0.727520
vn -0.023468 -0.689340 0.724058
vn 0.031700 -0.999391 0.014565
vn 0.319580 -0.946823 0.037344
vn 0.108659 0.123456 0.986383
vn -0.082752 0.080048 0.993350
vn -0.023468 -0.689340 0.724058
vn 0.309495 -0.612313 0.727520
vn -0.125953 0.731643 0.669951
vn -0.118087 0.720488 0.683339
vn -0.082752 0.080048 0.993350
vn 0.108659 0.123456 0.986383
vn -0.287085 0.957230 0.035958
vn -0.090379 0.995776 0.016195
vn -0.118087 0.720488 0.683339
vn -0.125953 0.731643 0.669951
vn -0.307605 0.650622 -0.694312
vn 0.027064 0.616591 -0.786819
vn -0.090379 0.995776 0.016195
vn -0.287085 0.957230 0.035958
vn 0.099970 -0.225410 -0.969121
vn 0.004359 -0.241784 -0.970320
vn 0.412713 0.439819 -0.797639
vn 0.027064 0.616591 -0.786819
vn 0.079723 -0.792140 -0.605110
vn -0.361450 -0.688236 -0.629034
vn 0.004359 -0.241784 -0.970320
vn 0.099970 -0.225410 -0.969121
vn 0.031700 -0.999391 0.014565
vn -0.560727 -0.827994 0.003316
vn -0.361450 -0.688236 -0.629034
vn 0.079723 -0.792140 -0.605110
vn -0.023468 -0.689340 0.724058
vn -0.481012 -0.520521 0.705469
vn -0.560727 -0.827994 0.003316
vn 0.031700 -0.999391 0.014565
vn -0.082752 0.080048 0.993350
vn -0.149611 0.134366 0.979573
vn -0.481012 -0.520521 0.705469
vn -0.023468 -0.689340 0.724058
vn -0.118087 0.720488 0.683339
vn 0.219557 0.676849 0.702617
vn -0.149611 0.134366 0.979573
vn -0.082752 0.080048 0.993350
vn -0.090379 0.995776 0.016195
vn 0.493932 0.869499 0.001304
vn 0.219557 0.676849 0.702617
vn -0.118087 0.720488 0.683339
vn 0.027064 0.616591 -0.786819
vn 0.412713 0.439819 -0.797639
vn 0.493932 0.869499 0.001304
vn -0.090379 0.995776 0.016195
vn 0.004359 -0.241784 -0.970320
vn -0.015243 -0.139854 -0.990055
vn 0.540748 0.368462 -0.756193
vn 0.412713 0.439819 -0.797639
vn -0.361450 -0.688236 -0.629034
vn -0.533256 -0.499980 -0.682392
vn -0.015243 -0.139854 -0.990055
vn 0.004359 -0.241784 -0.970320
vn -0.560727 -0.827994 0.003316
vn -0.810773 -0.584063 -0.038967
vn -0.533256 -0.499980 -0.682392
vn -0.361450 -0.688236 -0.629034
vn -0.481012 -0.520521 0.705469
vn -0.653182 -0.286536 0.700893
vn -0.810773 -0.584063 -0.038967
vn -0.560727 -0.827994 0.003316
vn -0.149611 0.134366 0.979573
vn -0.075867 0.243703 0.966878
vn -0.653182 -0.286536 0.700893
vn -0.481012 -0.520521 0.705469
vn 0.219557 0.676849 0.702617
vn 0.468193 0.611946 0.637430
vn -0.075867 0.243703 0.966878
vn -0.149611 0.134366 0.979573
vn 0.493932 0.869499 0.001304
vn 0.732656 0.679405 -0.040301
vn 0.468193 0.611946 0.637430
vn 0.219557 0.676849 0.702617
vn 0.412713 0.439819 -0.797639
vn 0.540748 0.368462 -0.756193
vn 0.732656 0.679405 -0.040301
vn 0.493932 0.869499 0.001304
vn 0.705676 0.162497 -0.689649
vn 0.036366 0.088685 -0.995396
vn -0.034451 0.082985 -0.995955
vn 0.688483 0.066718 -0.722177
vn 0.036366 0.088685 -0.995396
vn -0.678382 -0.039354 -0.733655
vn -0.723664 0.050973 -0.688268
vn -0.034451 0.082985 -0.995955
vn -0.678382 -0.039354 -0.733655
vn -0.989203 -0.145283 -0.019240
vn -0.999988 -0.004877 -0.000012
vn -0.723664 0.050973 -0.688268
vn -0.989203 -0.145283 -0.019240
vn -0.690377 -0.161522 0.705188
vn -0.723384 -0.058266 0.687984
vn -0.999988 -0.004877 -0.000012
vn -0.690377 -0.161522 0.705188
vn 0.034953 -0.078171 0.996327
vn -0.034449 -0.083672 0.995898
vn -0.723384 -0.058266 0.687984
vn 0.034953 -0.078171 0.996327
vn 0.733816 0.052301 0.677332
vn 0.688796 -0.059779 0.722486
vn -0.034449 -0.083672 0.995898
vn 0.733816 0.052301 0.677332
vn 0.988689 0.148550 -0.020657
vn 0.999986 0.005224 -0.000012
vn 0.688796 -0.059779 0.722486
vn 0.988689 0.148550 -0.020657
vn 0.705676 0.162497 -0.689649
vn 0.688483 0.066718 -0.722177
vn 0.999986 0.005224 -0.000012
vn -0.710485 -0.157219 0.685925
vn -0.033925 -0.046356 0.998349
vn -0.009900 0.047987 0.998799
vn -0.706639 0.034089 0.706753
vn -0.982675 -0.185102 0.009378
vn -0.710485 -0.157219 0.685925
vn -0.706639 0.034089 0.706753
vn -0.999949 0.001294 0.010024
vn -0.722821 -0.125299 -0.679580
vn -0.982675 -0.185102 0.009378
vn -0.999949 0.001294 0.010024
vn -0.716512 -0.033100 -0.696789
vn -0.033307 0.015545 -0.999324
vn -0.722821 -0.125299 -0.679580
vn -0.716512 -0.033100 -0.696789
vn -0.009705 -0.048865 -0.998758
vn 0.686254 0.160838 -0.709356
vn -0.033307 0.015545 -0.999324
vn -0.009705 -0.048865 -0.998758
vn 0.706728 -0.034941 -0.706622
vn 0.979548 0.201021 0.008751
vn 0.686254 0.160838 -0.709356
vn 0.706728 -0.034941 -0.706622
vn 0.999952 0.000557 0.009829
vn 0.681724 0.108340 0.723543
vn 0.979548 0.201021 0.008751
vn 0.999952 0.000557 0.009829
vn 0.696741 0.034920 0.716472
vn -0.033925 -0.046356 0.998349
vn 0.681724 0.108340 0.723543
vn 0.696741 0.034920 0.716472
vn -0.009900 0.047987 0.998799
vn 0.705434 -0.129830 0.696783
vn 0.994886 -0.101005 -0.000063
vn 0.987399 0.158251 0.000652
vn 0.732738 0.072506 0.676638
vn 0.008603 -0.085130 0.996333
vn 0.705434 -0.129830 0.696783
vn 0.732738 0.072506 0.676638
vn 0.054552 -0.065012 0.996392
vn -0.702785 0.011748 0.711305
vn 0.008603 -0.085130 0.996333
vn 0.054552 -0.065012 0.996392
vn -0.669226 -0.178438 0.721316
vn -0.994705 0.102769 -0.000062
vn -0.702785 0.011748 0.711305
vn -0.669226 -0.178438 0.721316
vn -0.984468 -0.175565 0.000584
vn -0.696722 0.131088 -0.705262
vn -0.994705 0.102769 -0.000062
vn -0.984468 -0.175565 0.000584
vn -0.679805 -0.049851 -0.731696
vn 0.008605 0.081618 -0.996627
vn -0.696722 0.131088 -0.705262
vn -0.679805 -0.049851 -0.731696
vn 0.054372 0.101409 -0.993358
vn 0.711332 -0.014798 -0.702700
vn 0.008605 0.081618 -0.996627
vn 0.054372 0.101409 -0.993358
vn 0.723899 0.173954 -0.667616
vn 0.994886 -0.101005 -0.000063
vn 0.711332 -0.014798 -0.702700
vn 0.723899 0.173954 -0.667616
vn 0.987399 0.158251 0.000652
vn 0.054552 -0.065012 0.996392
vn 0.732738 0.072506 0.676638
vn 0.681724 0.108340 0.723543
vn -0.033925 -0.046356 0.998349
vn -0.669226 -0.178438 0.721316
vn 0.054552 -0.065012 0.996392
vn -0.033925 -0.046356 0.998349
vn -0.710485 -0.157219 0.685925
vn -0.984468 -0.175565 0.000584
vn -0.669226 -0.178438 0.721316
vn -0.710485 -0.157219 0.685925
vn -0.982675 -0.185102 0.009378
vn -0.679805 -0.049851 -0.731696
vn -0.984468 -0.175565 0.000584
vn -0.982675 -0.185102 0.009378
vn -0.722821 -0.125299 -0.679580
vn 0.054372 0.101409 -0.993358
vn -0.679805 -0.049851 -0.731696
vn -0.722821 -0.125299 -0.679580
vn -0.033307 0.015545 -0.999324
vn 0.723899 0.173954 -0.667616
vn 0.054372 0.101409 -0.993358
vn -0.033307 0.015545 -0.999324
vn 0.686254 0.160838 -0.709356
vn 0.987399 0.158251 0.000652
vn 0.723899 0.173954 -0.667616
vn 0.686254 0.160838 -0.709356
vn 0.979548 0.201021 0.008751
vn 0.732738 0.072506 0.676638
vn 0.987399 0.158251 0.000652
vn 0.979548 0.201021 0.008751
vn 0.681724 0.108340 0.723543
vn -0.723384 -0.058266 0.687984
vn -0.034449 -0.083672 0.995898
vn 0.008603 -0.085130 0.996333
vn -0.702785 0.011748 0.711305
vn -0.999988 -0.004877 -0.000012
vn -0.723384 -0.058266 0.687984
vn -0.702785 0.011748 0.711305
vn -0.994705 0.102769 -0.000062
vn -0.723664 0.050973 -0.688268
vn -0.999988 -0.004877 -0.000012
vn -0.994705 0.102769 -0.000062
vn -0.696722 0.131088 -0.705262
vn -0.034451 0.082985 -0.995955
vn -0.723664 0.050973 -0.688268
vn -0.696722 0.131088 -0.705262
vn 0.008605 0.081618 -0.996627
vn 0.688483 0.066718 -0.722177
vn -0.034451 0.082985 -0.995955
vn 0.008605 0.081618 -0.996627
vn 0.711332 -0.014798 -0.702700
vn 0.999986 0.005224 -0.000012
vn 0.688483 0.066718 -0.722177
vn 0.711332 -0.014798 -0.702700
vn 0.994886 -0.101005 -0.000063
vn 0.688796 -0.059779 0.722486
vn 0.999986 0.005224 -0.000012
vn 0.994886 -0.101005 -0.000063
vn 0.705434 -0.129830 0.696783
vn -0.034449 -0.083672 0.995898
vn 0.688796 -0.059779 0.722486
vn 0.705434 -0.129830 0.696783
vn 0.008603 -0.085130 0.996333
vn 0.050426 -0.051611 0.997393
vn 0.737728 -0.026446 0.674579
vn 0.715234 0.015485 0.698713
vn 0.032264 -0.087795 0.995616
vn -0.693292 -0.043380 0.719350
vn 0.050426 -0.051611 0.997393
vn 0.032264 -0.087795 0.995616
vn -0.687177 -0.137402 0.713378
vn -0.999809 -0.005101 -0.018868
vn -0.693292 -0.043380 0.719350
vn -0.687177 -0.137402 0.713378
vn -0.995240 -0.097339 0.004788
vn -0.687987 0.032415 -0.724998
vn -0.999809 -0.005101 -0.018868
vn -0.995240 -0.097339 0.004788
vn -0.725302 0.001668 -0.688429
vn 0.014169 0.048126 -0.998741
vn -0.687987 0.032415 -0.724998
vn -0.725302 0.001668 -0.688429
vn -0.043268 0.101363 -0.993908
vn 0.707272 0.039757 -0.705823
vn 0.014169 0.048126 -0.998741
vn -0.043268 0.101363 -0.993908
vn 0.684875 0.147886 -0.713496
vn 0.999769 0.011030 -0.018441
vn 0.707272 0.039757 -0.705823
vn 0.684875 0.147886 -0.713496
vn 0.993753 0.111539 0.003816
vn 0.737728 -0.026446 0.674579
vn 0.999769 0.011030 -0.018441
vn 0.993753 0.111539 0.003816
vn 0.715234 0.015485 0.698713
vn 0.684875 0.147886 -0.713496
vn -0.043268 0.101363 -0.993908
vn -0.091520 0.090656 -0.991668
vn 0.672472 0.104155 -0.732757
vn -0.043268 0.101363 -0.993908
vn -0.725302 0.001668 -0.688429
vn -0.746776 0.033629 -0.664225
vn -0.091520 0.090656 -0.991668
vn -0.725302 0.001668 -0.688429
vn -0.995240 -0.097339 0.004788
vn -0.999321 -0.033768 0.014736
vn -0.746776 0.033629 -0.664225
vn -0.995240 -0.097339 0.004788
vn -0.687177 -0.137402 0.713378
vn -0.685071 -0.077397 0.724353
vn -0.999321 -0.033768 0.014736
vn -0.687177 -0.137402 0.713378
vn 0.032264 -0.087795 0.995616
vn 0.044264 -0.066922 0.996776
vn -0.685071 -0.077397 0.724353
vn 0.032264 -0.087795 0.995616
vn 0.715234 0.015485 0.698713
vn 0.712928 -0.012005 0.701135
vn 0.044264 -0.066922 0.996776
vn 0.715234 0.015485 0.698713
vn 0.993753 0.111539 0.003816
vn 0.998248 0.057534 0.013853
vn 0.712928 -0.012005 0.701135
vn 0.993753 0.111539 0.003816
vn 0.684875 0.147886 -0.713496
vn 0.672472 0.104155 -0.732757
vn 0.998248 0.057534 0.013853
vn 0.672472 0.104155 -0.732757
vn -0.091520 0.090656 -0.991668
vn -0.047660 -0.039641 -0.998077
vn 0.705889 0.014902 -0.708165
vn -0.091520 0.090656 -0.991668
vn -0.746776 0.033629 -0.664225
vn -0.727119 -0.062497 -0.683660
vn -0.047660 -0.039641 -0.998077
vn -0.746776 0.033629 -0.664225
vn -0.999321 -0.033768 0.014736
vn -0.998760 -0.046995 0.016431
vn -0.727119 -0.062497 -0.683660
vn -0.999321 -0.033768 0.014736
vn -0.685071 -0.077397 0.724353
vn -0.650058 -0.001107 0.759884
vn -0.998760 -0.046995 0.016431
vn -0.685071 -0.077397 0.724353
vn 0.044264 -0.066922 0.996776
vn 0.113540 0.045660 0.992484
vn -0.650058 -0.001107 0.759884
vn 0.044264 -0.066922 0.996776
vn 0.712928 -0.012005 0.701135
vn 0.741953 0.067597 0.667036
vn 0.113540 0.045660 0.992484
vn 0.712928 -0.012005 0.701135
vn 0.998248 0.057534 0.013853
vn 0.998174 0.058648 0.014478
vn 0.741953 0.067597 0.667036
vn 0.998248 0.057534 0.013853
vn 0.672472 0.104155 -0.732757
vn 0.705889 0.014902 -0.708165
vn 0.998174 0.058648 0.014478
vn 0.705889 0.014902 -0.708165
vn -0.047660 -0.039641 -0.998077
vn -0.047257 -0.207320 -0.977131
vn 0.710038 0.055839 -0.701946
vn -0.047660 -0.039641 -0.998077
vn -0.727119 -0.062497 -0.683660
vn -0.697356 -0.307507 -0.647406
vn -0.047257 -0.207320 -0.977131
vn -0.727119 -0.062497 -0.683660
vn -0.998760 -0.046995 0.016431
vn -0.967073 -0.254201 0.012297
vn -0.697356 -0.307507 -0.647406
vn -0.998760 -0.046995 0.016431
vn -0.650058 -0.001107 0.759884
vn -0.658304 -0.054129 0.750804
vn -0.967073 -0.254201 0.012297
vn -0.650058 -0.001107 0.759884
vn 0.113540 0.045660 0.992484
vn 0.107558 0.178131 0.978111
vn -0.658304 -0.054129 0.750804
vn 0.113540 0.045660 0.992484
vn 0.741953 0.067597 0.667036
vn 0.713051 0.289913 0.638364
vn 0.107558 0.178131 0.978111
vn 0.741953 0.067597 0.667036
vn 0.998174 0.058648 0.014478
vn 0.964823 0.262439 0.015586
vn 0.713051 0.289913 0.638364
vn 0.998174 0.058648 0.014478
vn 0.705889 0.014902 -0.708165
vn 0.710038 0.055839 -0.701946
vn 0.964823 0.262439 0.015586
vn 0.710038 0.055839 -0.701946
vn -0.047257 -0.207320 -0.977131
vn -0.211789 -0.213235 -0.953770
vn 0.571265 -0.255944 -0.779839
vn -0.047257 -0.207320 -0.977131
vn -0.697356 -0.307507 -0.647406
vn -0.778557 -0.050734 -0.625519
vn -0.211789 -0.213235 -0.953770
vn -0.697356 -0.307507 -0.647406
vn -0.967073 -0.254201 0.012297
vn -0.994120 0.107757 0.010665
vn -0.778557 -0.050734 -0.625519
vn -0.967073 -0.254201 0.012297
vn -0.658304 -0.054129 0.750804
vn -0.675816 0.209286 0.706733
vn -0.994120 0.107757 0.010665
vn -0.658304 -0.054129 0.750804
vn 0.107558 0.178131 0.978111
vn 0.045356 0.248825 0.967486
vn -0.675816 0.209286 0.706733
vn 0.107558 0.178131 0.978111
vn 0.713051 0.289913 0.638364
vn 0.688918 0.187166 0.700258
vn 0.045356 0.248825 0.967486
vn 0.713051 0.289913 0.638364
vn 0.964823 0.262439 0.015586
vn 0.999497 -0.030272 0.009420
vn 0.688918 0.187166 0.700258
vn 0.964823 0.262439 0.015586
vn 0.710038 0.055839 -0.701946
vn 0.571265 -0.255944 -0.779839
vn 0.999497 -0.030272 0.009420
vn 0.571265 -0.255944 -0.779839
vn -0.211789 -0.213235 -0.953770
vn -0.200315 -0.084520 -0.976079
vn 0.474786 -0.454170 -0.753862
vn -0.211789 -0.213235 -0.953770
vn -0.778557 -0.050734 -0.625519
vn -0.695686 0.297591 -0.653804
vn -0.200315 -0.084520 -0.976079
vn -0.778557 -0.050734 -0.625519
vn -0.994120 0.107757 0.010665
vn -0.845491 0.533936 -0.007630
vn -0.695686 0.297591 -0.653804
vn -0.994120 0.107757 0.010665
vn -0.675816 0.209286 0.706733
vn -0.511107 0.503732 0.696436
vn -0.845491 0.533936 -0.007630
vn -0.675816 0.209286 0.706733
vn 0.045356 0.248825 0.967486
vn 0.152707 0.189269 0.969978
vn -0.511107 0.503732 0.696436
vn 0.045356 0.248825 0.967486
vn 0.688918 0.187166 0.700258
vn 0.698242 -0.208998 0.684674
vn 0.152707 0.189269 0.969978
vn 0.688918 0.187166 0.700258
vn 0.999497 -0.030272 0.009420
vn 0.866311 -0.499456 -0.007033
vn 0.698242 -0.208998 0.684674
vn 0.999497 -0.030272 0.009420
vn 0.571265 -0.255944 -0.779839
vn 0.474786 -0.454170 -0.753862
vn 0.866311 -0.499456 -0.007033
vn 0.474786 -0.454170 -0.753862
vn -0.200315 -0.084520 -0.976079
vn -0.118996 -0.135050 -0.983667
vn 0.549311 -0.439220 -0.710875
vn -0.200315 -0.084520 -0.976079
vn -0.695686 0.297591 -0.653804
vn -0.675568 0.232086 -0.699817
vn -0.118996 -0.135050 -0.983667
vn -0.695686 0.297591 -0.653804
vn -0.845491 0.533936 -0.007630
vn -0.865651 0.500506 -0.011894
vn -0.675568 0.232086 -0.699817
vn -0.845491 0.533936 -0.007630
vn -0.511107 0.503732 0.696436
vn -0.470797 0.445274 0.761631
vn -0.865651 0.500506 -0.011894
vn -0.511107 0.503732 0.696436
vn 0.152707 0.189269 0.969978
vn 0.226826 0.072145 0.971260
vn -0.470797 0.445274 0.761631
vn 0.152707 0.189269 0.969978
vn 0.698242 -0.208998 0.684674
vn 0.719861 -0.286730 0.632128
vn 0.226826 0.072145 0.971260
vn 0.698242 -0.208998 0.684674
vn 0.866311 -0.499456 -0.007033
vn 0.870710 -0.491614 -0.013417
vn 0.719861 -0.286730 0.632128
vn 0.866311 -0.499456 -0.007033
vn 0.474786 -0.454170 -0.753862
vn 0.549311 -0.439220 -0.710875
vn 0.870710 -0.491614 -0.013417
vn -0.706639 0.034089 0.706753
vn -0.009900 0.047987 0.998799
vn -0.005384 0.084233 0.996432
vn -0.706254 0.101288 0.700676
vn -0.999949 0.001294 0.010024
vn -0.706639 0.034089 0.706753
vn -0.706254 0.101288 0.700676
vn -0.998174 0.060399 -0.000186
vn -0.716512 -0.033100 -0.696789
vn -0.999949 0.001294 0.010024
vn -0.998174 0.060399 -0.000186
vn -0.709642 -0.015418 -0.704394
vn -0.009705 -0.048865 -0.998758
vn -0.716512 -0.033100 -0.696789
vn -0.709642 -0.015418 -0.704394
vn -0.005387 -0.082914 -0.996542
vn 0.706728 -0.034941 -0.706622
vn -0.009705 -0.048865 -0.998758
vn -0.005387 -0.082914 -0.996542
vn 0.700620 -0.102328 -0.706159
vn 0.999952 0.000557 0.009829
vn 0.706728 -0.034941 -0.706622
vn 0.700620 -0.102328 -0.706159
vn 0.998131 -0.061103 -0.000184
vn 0.696741 0.034920 0.716472
vn 0.999952 0.000557 0.009829
vn 0.998131 -0.061103 -0.000184
vn 0.704394 0.017103 0.709603
vn -0.009900 0.047987 0.998799
vn 0.696741 0.034920 0.716472
vn 0.704394 0.017103 0.709603
vn -0.005384 0.084233 0.996432
vn -0.706254 0.101288 0.700676
vn -0.005384 0.084233 0.996432
vn -0.007700 0.070506 0.997482
vn -0.707768 0.142283 0.691969
vn -0.998174 0.060399 -0.000186
vn -0.706254 0.101288 0.700676
vn -0.707768 0.142283 0.691969
vn -0.991256 0.131713 -0.007954
vn -0.709642 -0.015418 -0.704394
vn -0.998174 0.060399 -0.000186
vn -0.991256 0.131713 -0.007954
vn -0.706893 0.049087 -0.705615
vn -0.005387 -0.082914 -0.996542
vn -0.709642 -0.015418 -0.704394
vn -0.706893 0.049087 -0.705615
vn -0.009562 -0.063215 -0.997954
vn 0.700620 -0.102328 -0.706159
vn -0.005387 -0.082914 -0.996542
vn -0.009562 -0.063215 -0.997954
vn 0.691481 -0.142007 -0.708299
vn 0.998131 -0.061103 -0.000184
vn 0.700620 -0.102328 -0.706159
vn 0.691481 -0.142007 -0.708299
vn 0.990463 -0.137573 -0.007575
vn 0.704394 0.017103 0.709603
vn 0.998131 -0.061103 -0.000184
vn 0.990463 -0.137573 -0.007575
vn 0.706182 -0.048105 0.706395
vn -0.005384 0.084233 0.996432
vn 0.704394 0.017103 0.709603
vn 0.706182 -0.048105 0.706395
vn -0.007700 0.070506 0.997482
vn -0.707768 0.142283 0.691969
vn -0.007700 0.070506 0.997482
vn 0.050426 -0.051611 0.997393
vn -0.693292 -0.043380 0.719350
vn -0.991256 0.131713 -0.007954
vn -0.707768 0.142283 0.691969
vn -0.693292 -0.043380 0.719350
vn -0.999809 -0.005101 -0.018868
vn -0.706893 0.049087 -0.705615
vn -0.991256 0.131713 -0.007954
vn -0.999809 -0.005101 -0.018868
vn -0.687987 0.032415 -0.724998
vn -0.009562 -0.063215 -0.997954
vn -0.706893 0.049087 -0.705615
vn -0.687987 0.032415 -0.724998
vn 0.014169 0.048126 -0.998741
vn 0.691481 -0.142007 -0.708299
vn -0.009562 -0.063215 -0.997954
vn 0.014169 0.048126 -0.998741
vn 0.707272 0.039757 -0.705823
vn 0.990463 -0.137573 -0.007575
vn 0.691481 -0.142007 -0.708299
vn 0.707272 0.039757 -0.705823
vn 0.999769 0.011030 -0.018441
vn 0.706182 -0.048105 0.706395
vn 0.990463 -0.137573 -0.007575
vn 0.999769 0.011030 -0.018441
vn 0.737728 -0.026446 0.674579
vn -0.007700 0.070506 0.997482
vn 0.706182 -0.048105 0.706395
vn 0.737728 -0.026446 0.674579
vn 0.050426 -0.051611 0.997393
vn -0.576792 -0.579804 -0.575447
vn 0.000000 -0.710089 -0.704112
vn 0.000000 -1.000000 0.000000
vn -0.706937 -0.707277 0.000000
vn 0.000000 -0.710089 -0.704112
vn 0.576794 -0.579803 -0.575446
vn 0.706937 -0.707277 0.000000
vn 0.000000 -1.000000 0.000000
vn 0.000000 -1.000000 0.000000
vn 0.706937 -0.707277 0.000000
vn 0.576794 -0.579802 0.575446
vn 0.000000 -0.710088 0.704113
vn -0.706937 -0.707277 0.000000
vn 0.000000 -1.000000 0.000000
vn 0.000000 -0.710088 0.704113
vn -0.576792 -0.579804 0.575447
vn -0.576792 -0.579804 0.575447
vn 0.000000 -0.710088 0.704113
vn 0.000000 0.134920 0.990857
vn -0.652818 0.085032 0.752727
vn 0.000000 -0.710088 0.704113
vn 0.576794 -0.579802 0.575446
vn 0.652818 0.085032 0.752727
vn 0.000000 0.134920 0.990857
vn 0.000000 0.134920 0.990857
vn 0.652818 0.085032 0.752727
vn 0.496337 0.492439 0.714950
vn 0.000000 0.718840 0.695175
vn -0.652818 0.085032 0.752727
vn 0.000000 0.134920 0.990857
vn 0.000000 0.718840 0.695175
vn -0.496335 0.492439 0.714951
vn -0.496335 0.492439 0.714951
vn 0.000000 0.718840 0.695175
vn -0.000001 1.000000 0.000001
vn -0.859112 0.511788 -0.000000
vn 0.000000 0.718840 0.695175
vn 0.496337 0.492439 0.714950
vn 0.859113 0.511786 0.000000
vn -0.000001 1.000000 0.000001
vn -0.000001 1.000000 0.000001
vn 0.859113 0.511786 0.000000
vn 0.496336 0.492439 -0.714950
vn 0.000000 0.718840 -0.695175
vn -0.859112 0.511788 -0.000000
vn -0.000001 1.000000 0.000001
vn 0.000000 0.718840 -0.695175
vn -0.496334 0.492439 -0.714952
vn -0.496334 0.492439 -0.714952
vn 0.000000 0.718840 -0.695175
vn -0.000000 0.134920 -0.990857
vn -0.652818 0.085032 -0.752727
vn 0.000000 0.718840 -0.695175
vn 0.496336 0.492439 -0.714950
vn 0.652818 0.085032 -0.752727
vn -0.000000 0.134920 -0.990857
vn -0.000000 0.134920 -0.990857
vn 0.652818 0.085032 -0.752727
vn 0.576794 -0.579803 -0.575446
vn 0.000000 -0.710089 -0.704112
vn -0.652818 0.085032 -0.752727
vn -0.000000 0.134920 -0.990857
vn 0.000000 -0.710089 -0.704112
vn -0.576792 -0.579804 -0.575447
vn 0.576794 -0.579803 -0.575446
vn 0.652818 0.085032 -0.752727
vn 0.999685 0.025108 0.000000
vn 0.706937 -0.707277 0.000000
vn 0.652818 0.085032 -0.752727
vn 0.496336 0.492439 -0.714950
vn 0.859113 0.511786 0.000000
vn 0.999685 0.025108 0.000000
vn 0.999685 0.025108 0.000000
vn 0.859113 0.511786 0.000000
vn 0.496337 0.492439 0.714950
vn 0.652818 0.085032 0.752727
vn 0.706937 -0.707277 0.000000
vn 0.999685 0.025108 0.000000
vn 0.652818 0.085032 0.752727
vn 0.576794 -0.579802 0.575446
vn -0.496334 0.492439 -0.714952
vn -0.652818 0.085032 -0.752727
vn -0.999685 0.025109 -0.000000
vn -0.859112 0.511788 -0.000000
vn -0.652818 0.085032 -0.752727
vn -0.576792 -0.579804 -0.575447
vn -0.706937 -0.707277 0.000000
vn -0.999685 0.025109 -0.000000
vn -0.999685 0.025109 -0.000000
vn -0.706937 -0.707277 0.000000
vn -0.576792 -0.579804 0.575447
vn -0.652818 0.085032 0.752727
vn -0.859112 0.511788 -0.000000
vn -0.999685 0.025109 -0.000000
vn -0.652818 0.085032 0.752727
vn -0.496335 0.492439 0.714951
vn -0.720569 -0.683433 -0.117043
vn -0.732530 -0.675363 0.085353
vn -0.918857 -0.364195 0.151865
vn -0.924267 -0.368785 -0.098628
vn -0.996347 0.064586 -0.055872
vn -0.970232 0.078679 0.229043
vn -0.944928 0.218367 0.243778
vn -0.978400 0.201063 -0.048034
vn -0.978400 0.201063 -0.048034
vn -0.944928 0.218367 0.243778
vn -0.924344 0.292237 0.245327
vn -0.952513 0.300382 -0.049904
vn -0.856762 0.509814 -0.077772
vn -0.855797 0.494913 0.150573
vn -0.644489 0.756745 0.109410
vn -0.655738 0.748454 -0.099118
vn -0.952513 0.300382 -0.049904
vn -0.924344 0.292237 0.245327
vn -0.892576 0.399240 0.209562
vn -0.903917 0.423642 -0.058843
vn -0.221569 -0.969292 0.106675
vn -0.210528 -0.974177 -0.081594
vn -0.098769 -0.992919 -0.066010
vn -0.113285 -0.989121 0.093847
vn -0.056013 0.885143 0.461936
vn -0.154320 0.872836 0.462971
vn -0.153013 0.531919 0.832856
vn -0.009521 0.531536 0.846982
vn -0.788131 -0.426047 0.444222
vn -0.699084 -0.651004 0.295761
vn -0.456702 -0.779963 0.427880
vn -0.517289 -0.514464 0.683915
vn -0.812691 0.095245 0.574858
vn -0.458978 0.185977 0.868764
vn -0.421142 0.377685 0.824617
vn -0.771841 0.267822 0.576657
vn -0.771841 0.267822 0.576657
vn -0.421142 0.377685 0.824617
vn -0.475788 0.196249 0.857387
vn -0.777359 0.258201 0.573625
vn -0.710939 0.539868 0.450675
vn -0.425281 0.508040 0.749020
vn -0.342031 0.838472 0.424241
vn -0.622561 0.714606 0.318994
vn -0.644489 0.756745 0.109410
vn -0.344115 0.926033 0.155070
vn -0.345235 0.934650 -0.085101
vn -0.655738 0.748454 -0.099118
vn -0.720569 -0.683433 -0.117043
vn -0.377897 -0.919905 -0.104730
vn -0.380585 -0.921355 0.079119
vn -0.732530 -0.675363 0.085353
vn -0.777359 0.258201 0.573625
vn -0.475788 0.196249 0.857387
vn -0.443716 0.147893 0.883880
vn -0.776842 0.305526 0.550609
vn -0.181744 0.981188 -0.065107
vn -0.165973 0.968121 0.187601
vn -0.074147 0.977585 0.197053
vn -0.079783 0.995220 -0.056312
vn -0.075395 -0.424143 0.902451
vn 0.000000 -0.464295 0.885681
vn 0.000000 -0.851869 0.523754
vn -0.190045 -0.702437 0.685905
vn -0.651294 -0.585379 0.482854
vn 0.000000 -0.842725 0.538345
vn 0.000000 0.788353 0.615223
vn -0.598962 0.658201 0.456087
vn -0.354536 0.426677 0.832016
vn -0.540182 0.713925 0.445549
vn 0.000000 0.870638 0.491924
vn 0.000000 0.533829 0.845593
vn -0.096808 0.580413 0.808548
vn 0.000000 0.530132 0.847915
vn 0.000000 0.879342 0.476191
vn -0.354536 0.426677 0.832016
vn 0.000000 0.533829 0.845593
vn 0.000000 0.365546 0.930793
vn -0.171091 0.356744 0.918402
vn -0.190045 -0.702437 0.685905
vn 0.000000 -0.851869 0.523754
vn 0.000000 -0.967011 0.254735
vn -0.487906 -0.834518 0.255985
vn -0.936222 -0.146717 0.319315
vn -0.651294 -0.585379 0.482854
vn -0.598962 0.658201 0.456087
vn -0.834137 0.448457 0.321094
vn -0.190045 -0.702437 0.685905
vn -0.487906 -0.834518 0.255985
vn -0.802051 -0.500250 0.326289
vn -0.090137 -0.416717 0.904556
vn -0.075395 -0.424143 0.902451
vn -0.190045 -0.702437 0.685905
vn -0.217063 -0.347981 0.912027
vn -0.113285 -0.989121 0.093847
vn -0.098769 -0.992919 -0.066010
vn 0.000000 -0.997951 -0.063982
vn 0.000000 -0.997894 0.064874
vn -0.009521 0.531536 0.846982
vn 0.010978 0.557231 0.830285
vn -0.056013 0.885143 0.461936
vn -0.499501 0.012099 0.866229
vn -0.511201 0.212062 0.832888
vn -0.077262 0.254131 0.964079
vn -0.112943 0.056883 0.991972
vn -0.417683 0.504964 0.755349
vn -0.753915 0.470232 0.458797
vn -0.511201 0.212062 0.832888
vn -0.499501 0.012099 0.866229
vn -0.380585 -0.921355 0.079119
vn -0.377897 -0.919905 -0.104730
vn -0.210528 -0.974177 -0.081594
vn -0.221569 -0.969292 0.106675
vn -0.456702 -0.779963 0.427880
vn -0.277814 -0.849423 0.448666
vn -0.243141 -0.496690 0.833176
vn -0.517289 -0.514464 0.683915
vn -0.069710 0.548778 0.833056
vn -0.007952 0.537845 0.843006
vn -0.027780 -0.016187 0.999483
vn -0.103252 0.051611 0.993315
vn -0.027780 -0.016187 0.999483
vn -0.075408 -0.335927 0.938865
vn -0.132304 -0.233646 0.963278
vn -0.103252 0.051611 0.993315
vn -0.342031 0.838472 0.424241
vn -0.425281 0.508040 0.749020
vn -0.153013 0.531919 0.832856
vn -0.154320 0.872836 0.462971
vn -0.345235 0.934650 -0.085101
vn -0.344115 0.926033 0.155070
vn -0.165973 0.968121 0.187601
vn -0.181744 0.981188 -0.065107
vn -0.903917 0.423642 -0.058843
vn -0.892576 0.399240 0.209562
vn -0.855797 0.494913 0.150573
vn -0.856762 0.509814 -0.077772
vn -0.776842 0.305526 0.550609
vn -0.443716 0.147893 0.883880
vn -0.425281 0.508040 0.749020
vn -0.710939 0.539868 0.450675
vn -0.153013 0.531919 0.832856
vn -0.425281 0.508040 0.749020
vn -0.443716 0.147893 0.883880
vn -0.165891 0.017443 0.985990
vn -0.009521 0.531536 0.846982
vn -0.153013 0.531919 0.832856
vn -0.165891 0.017443 0.985990
vn -0.112943 0.056883 0.991972
vn -0.112943 0.056883 0.991972
vn -0.077262 0.254131 0.964079
vn 0.010978 0.557231 0.830285
vn -0.009521 0.531536 0.846982
vn -0.171091 0.356744 0.918402
vn 0.000000 0.365546 0.930793
vn 0.000000 0.530132 0.847915
vn -0.096808 0.580413 0.808548
vn -0.007952 0.537845 0.843006
vn -0.091896 0.475027 0.875160
vn -0.280270 -0.033249 0.959345
vn -0.027780 -0.016187 0.999483
vn -0.540182 0.713925 0.445549
vn -0.753915 0.470232 0.458797
vn -0.834137 0.448457 0.321094
vn -0.598962 0.658201 0.456087
vn 0.000000 0.870638 0.491924
vn -0.540182 0.713925 0.445549
vn -0.598962 0.658201 0.456087
vn 0.000000 0.788353 0.615223
vn -0.081816 0.232072 0.969252
vn -0.458978 0.185977 0.868764
vn -0.539706 -0.211082 0.814961
vn -0.124295 -0.175573 0.976588
vn -0.243141 -0.496690 0.833176
vn -0.090137 -0.416717 0.904556
vn -0.217063 -0.347981 0.912027
vn -0.051405 0.543571 0.837787
vn -0.421142 0.377685 0.824617
vn -0.458978 0.185977 0.868764
vn -0.081816 0.232072 0.969252
vn -0.051405 0.543571 0.837787
vn -0.081816 0.232072 0.969252
vn -0.464906 0.434213 0.771571
vn -0.417683 0.504964 0.755349
vn -0.464906 0.434213 0.771571
vn -0.081816 0.232072 0.969252
vn -0.124295 -0.175573 0.976588
vn -0.531880 -0.020441 0.846573
vn -0.834137 0.448457 0.321094
vn -0.464906 0.434213 0.771571
vn -0.531880 -0.020441 0.846573
vn -0.936222 -0.146717 0.319315
vn -0.511201 0.212062 0.832888
vn -0.753915 0.470232 0.458797
vn -0.540182 0.713925 0.445549
vn -0.354536 0.426677 0.832016
vn -0.511201 0.212062 0.832888
vn -0.354536 0.426677 0.832016
vn -0.171091 0.356744 0.918402
vn -0.077262 0.254131 0.964079
vn -0.096808 0.580413 0.808548
vn 0.010978 0.557231 0.830285
vn -0.077262 0.254131 0.964079
vn -0.171091 0.356744 0.918402
vn -0.056013 0.885143 0.461936
vn 0.010978 0.557231 0.830285
vn -0.096808 0.580413 0.808548
vn 0.000000 0.879342 0.476191
vn -0.079783 0.995220 -0.056312
vn -0.074147 0.977585 0.197053
vn 0.000000 0.981025 0.193881
vn 0.000000 0.998524 -0.054305
vn -0.464906 0.434213 0.771571
vn -0.834137 0.448457 0.321094
vn -0.753915 0.470232 0.458797
vn -0.417683 0.504964 0.755349
vn -0.458978 0.185977 0.868764
vn -0.812691 0.095245 0.574858
vn -0.821353 -0.177415 0.542129
vn -0.539706 -0.211082 0.814961
vn -0.970232 0.078679 0.229043
vn -0.996347 0.064586 -0.055872
vn -0.991034 -0.113089 -0.071156
vn -0.972157 -0.113863 0.204805
vn -0.124295 -0.175573 0.976588
vn -0.243141 -0.496690 0.833176
vn -0.217063 -0.347981 0.912027
vn -0.531880 -0.020441 0.846573
vn -0.517289 -0.514464 0.683915
vn -0.243141 -0.496690 0.833176
vn -0.124295 -0.175573 0.976588
vn -0.539706 -0.211082 0.814961
vn -0.821353 -0.177415 0.542129
vn -0.788131 -0.426047 0.444222
vn -0.517289 -0.514464 0.683915
vn -0.539706 -0.211082 0.814961
vn -0.924267 -0.368785 -0.098628
vn -0.918857 -0.364195 0.151865
vn -0.972157 -0.113863 0.204805
vn -0.991034 -0.113089 -0.071156
vn -0.936222 -0.146717 0.319315
vn -0.531880 -0.020441 0.846573
vn -0.217063 -0.347981 0.912027
vn -0.802051 -0.500250 0.326289
vn -0.802051 -0.500250 0.326289
vn -0.487906 -0.834518 0.255985
vn -0.651294 -0.585379 0.482854
vn -0.936222 -0.146717 0.319315
vn 0.000000 -0.967011 0.254735
vn 0.000000 -0.842725 0.538345
vn -0.651294 -0.585379 0.482854
vn -0.487906 -0.834518 0.255985
vn 0.000000 -0.815765 0.578384
vn -0.088664 -0.878190 0.470022
vn 0.000000 -0.997894 0.064874
vn -0.154585 -0.894809 0.418832
vn -0.113285 -0.989121 0.093847
vn 0.000000 -0.997894 0.064874
vn -0.088664 -0.878190 0.470022
vn -0.277814 -0.849423 0.448666
vn -0.221569 -0.969292 0.106675
vn -0.113285 -0.989121 0.093847
vn -0.154585 -0.894809 0.418832
vn -0.456702 -0.779963 0.427880
vn -0.380585 -0.921355 0.079119
vn -0.221569 -0.969292 0.106675
vn -0.277814 -0.849423 0.448666
vn -0.732530 -0.675363 0.085353
vn -0.380585 -0.921355 0.079119
vn -0.456702 -0.779963 0.427880
vn -0.699084 -0.651004 0.295761
vn -0.918857 -0.364195 0.151865
vn -0.732530 -0.675363 0.085353
vn -0.699084 -0.651004 0.295761
vn -0.788131 -0.426047 0.444222
vn -0.972157 -0.113863 0.204805
vn -0.918857 -0.364195 0.151865
vn -0.788131 -0.426047 0.444222
vn -0.821353 -0.177415 0.542129
vn -0.812691 0.095245 0.574858
vn -0.970232 0.078679 0.229043
vn -0.972157 -0.113863 0.204805
vn -0.821353 -0.177415 0.542129
vn -0.944928 0.218367 0.243778
vn -0.970232 0.078679 0.229043
vn -0.812691 0.095245 0.574858
vn -0.771841 0.267822 0.576657
vn -0.924344 0.292237 0.245327
vn -0.944928 0.218367 0.243778
vn -0.771841 0.267822 0.576657
vn -0.777359 0.258201 0.573625
vn -0.892576 0.399240 0.209562
vn -0.924344 0.292237 0.245327
vn -0.777359 0.258201 0.573625
vn -0.776842 0.305526 0.550609
vn -0.855797 0.494913 0.150573
vn -0.892576 0.399240 0.209562
vn -0.776842 0.305526 0.550609
vn -0.710939 0.539868 0.450675
vn -0.644489 0.756745 0.109410
vn -0.855797 0.494913 0.150573
vn -0.710939 0.539868 0.450675
vn -0.622561 0.714606 0.318994
vn -0.622561 0.714606 0.318994
vn -0.342031 0.838472 0.424241
vn -0.344115 0.926033 0.155070
vn -0.644489 0.756745 0.109410
vn -0.165973 0.968121 0.187601
vn -0.344115 0.926033 0.155070
vn -0.342031 0.838472 0.424241
vn -0.154320 0.872836 0.462971
vn -0.165973 0.968121 0.187601
vn -0.154320 0.872836 0.462971
vn -0.056013 0.885143 0.461936
vn -0.074147 0.977585 0.197053
vn 0.000000 0.879342 0.476191
vn 0.000000 0.981025 0.193881
vn -0.074147 0.977585 0.197053
vn -0.056013 0.885143 0.461936
vn -0.720569 -0.683433 -0.117043
vn -0.924267 -0.368785 -0.098628
vn -0.862652 -0.359882 -0.355410
vn -0.670690 -0.661602 -0.335346
vn -0.996347 0.064586 -0.055872
vn -0.978400 0.201063 -0.048034
vn -0.914097 0.194844 -0.355616
vn -0.931490 0.059533 -0.358862
vn -0.978400 0.201063 -0.048034
vn -0.952513 0.300382 -0.049904
vn -0.888034 0.292634 -0.354628
vn -0.914097 0.194844 -0.355616
vn -0.856762 0.509814 -0.077772
vn -0.655738 0.748454 -0.099118
vn -0.643886 0.700172 -0.308497
vn -0.799844 0.489253 -0.347680
vn -0.952513 0.300382 -0.049904
vn -0.903917 0.423642 -0.058843
vn -0.842011 0.409517 -0.351161
vn -0.888034 0.292634 -0.354628
vn -0.211582 -0.939288 -0.270133
vn -0.093563 -0.958847 -0.268063
vn -0.098769 -0.992919 -0.066010
vn -0.210528 -0.974177 -0.081594
vn -0.643886 0.700172 -0.308497
vn -0.655738 0.748454 -0.099118
vn -0.345235 0.934650 -0.085101
vn -0.361951 0.900803 -0.239888
vn -0.720569 -0.683433 -0.117043
vn -0.670690 -0.661602 -0.335346
vn -0.373849 -0.880889 -0.290297
vn -0.377897 -0.919905 -0.104730
vn -0.181744 0.981188 -0.065107
vn -0.079783 0.995220 -0.056312
vn -0.075837 0.974235 -0.212401
vn -0.182374 0.960548 -0.209970
vn -0.093563 -0.958847 -0.268063
vn 0.000000 -0.963008 -0.269473
vn 0.000000 -0.997951 -0.063982
vn -0.098769 -0.992919 -0.066010
vn -0.373849 -0.880889 -0.290297
vn -0.211582 -0.939288 -0.270133
vn -0.210528 -0.974177 -0.081594
vn -0.377897 -0.919905 -0.104730
vn -0.345235 0.934650 -0.085101
vn -0.181744 0.981188 -0.065107
vn -0.182374 0.960548 -0.209970
vn -0.361951 0.900803 -0.239888
vn -0.903917 0.423642 -0.058843
vn -0.856762 0.509814 -0.077772
vn -0.799844 0.489253 -0.347680
vn -0.842011 0.409517 -0.351161
vn -0.079783 0.995220 -0.056312
vn 0.000000 0.998524 -0.054305
vn -0.000000 0.976002 -0.217761
vn -0.075837 0.974235 -0.212401
vn -0.931490 0.059533 -0.358862
vn -0.925043 -0.112334 -0.362873
vn -0.991034 -0.113089 -0.071156
vn -0.996347 0.064586 -0.055872
vn -0.924267 -0.368785 -0.098628
vn -0.991034 -0.113089 -0.071156
vn -0.925043 -0.112334 -0.362873
vn -0.862652 -0.359882 -0.355410
vn -0.093563 -0.958847 -0.268063
vn -0.091329 -0.854513 -0.511339
vn 0.000000 -0.859791 -0.510646
vn 0.000000 -0.963008 -0.269473
vn -0.211582 -0.939288 -0.270133
vn -0.189602 -0.839163 -0.509762
vn -0.091329 -0.854513 -0.511339
vn -0.093563 -0.958847 -0.268063
vn -0.373849 -0.880889 -0.290297
vn -0.326616 -0.808580 -0.489409
vn -0.189602 -0.839163 -0.509762
vn -0.211582 -0.939288 -0.270133
vn -0.670690 -0.661602 -0.335346
vn -0.526951 -0.591900 -0.609899
vn -0.326616 -0.808580 -0.489409
vn -0.373849 -0.880889 -0.290297
vn -0.862652 -0.359882 -0.355410
vn -0.678874 -0.324053 -0.658877
vn -0.526951 -0.591900 -0.609899
vn -0.670690 -0.661602 -0.335346
vn -0.925043 -0.112334 -0.362873
vn -0.719363 -0.113971 -0.685221
vn -0.678874 -0.324053 -0.658877
vn -0.862652 -0.359882 -0.355410
vn -0.931490 0.059533 -0.358862
vn -0.736661 0.044902 -0.674770
vn -0.719363 -0.113971 -0.685221
vn -0.925043 -0.112334 -0.362873
vn -0.914097 0.194844 -0.355616
vn -0.727935 0.182861 -0.660812
vn -0.736661 0.044902 -0.674770
vn -0.931490 0.059533 -0.358862
vn -0.888034 0.292634 -0.354628
vn -0.704208 0.274839 -0.654641
vn -0.727935 0.182861 -0.660812
vn -0.914097 0.194844 -0.355616
vn -0.842011 0.409517 -0.351161
vn -0.667110 0.372056 -0.645398
vn -0.704208 0.274839 -0.654641
vn -0.888034 0.292634 -0.354628
vn -0.799844 0.489253 -0.347680
vn -0.619811 0.435248 -0.652988
vn -0.667110 0.372056 -0.645398
vn -0.842011 0.409517 -0.351161
vn -0.643886 0.700172 -0.308497
vn -0.531646 0.585153 -0.612330
vn -0.619811 0.435248 -0.652988
vn -0.799844 0.489253 -0.347680
vn -0.361951 0.900803 -0.239888
vn -0.352100 0.810684 -0.467779
vn -0.531646 0.585153 -0.612330
vn -0.643886 0.700172 -0.308497
vn -0.182374 0.960548 -0.209970
vn -0.197583 0.845956 -0.495298
vn -0.352100 0.810684 -0.467779
vn -0.361951 0.900803 -0.239888
vn -0.075837 0.974235 -0.212401
vn -0.094326 0.859354 -0.502606
vn -0.197583 0.845956 -0.495298
vn -0.182374 0.960548 -0.209970
vn -0.000000 0.976002 -0.217761
vn -0.000000 0.865607 -0.500723
vn -0.094326 0.859354 -0.502606
vn -0.075837 0.974235 -0.212401
vn -0.275816 0.553157 -0.786093
vn -0.122981 0.592085 -0.796436
vn -0.153448 0.362042 -0.919445
vn -0.332677 0.377170 -0.864331
vn -0.678874 -0.324053 -0.658877
vn -0.302261 -0.281477 -0.910719
vn -0.254630 -0.543763 -0.799678
vn -0.526951 -0.591900 -0.609899
vn -0.719363 -0.113971 -0.685221
vn -0.323268 -0.137152 -0.936316
vn -0.302261 -0.281477 -0.910719
vn -0.678874 -0.324053 -0.658877
vn -0.736661 0.044902 -0.674770
vn -0.341989 -0.019716 -0.939497
vn -0.323268 -0.137152 -0.936316
vn -0.719363 -0.113971 -0.685221
vn -0.727935 0.182861 -0.660812
vn -0.359586 0.118281 -0.925585
vn -0.341989 -0.019716 -0.939497
vn -0.736661 0.044902 -0.674770
vn -0.704208 0.274839 -0.654641
vn -0.359337 0.220005 -0.906904
vn -0.359586 0.118281 -0.925585
vn -0.727935 0.182861 -0.660812
vn -0.667110 0.372056 -0.645398
vn -0.351225 0.307792 -0.884254
vn -0.359337 0.220005 -0.906904
vn -0.704208 0.274839 -0.654641
vn -0.619811 0.435248 -0.652988
vn -0.332677 0.377170 -0.864331
vn -0.351225 0.307792 -0.884254
vn -0.667110 0.372056 -0.645398
vn -0.323268 -0.137152 -0.936316
vn -0.122972 -0.160713 -0.979311
vn -0.115337 -0.278985 -0.953344
vn -0.302261 -0.281477 -0.910719
vn -0.341989 -0.019716 -0.939497
vn -0.135267 -0.081459 -0.987455
vn -0.122972 -0.160713 -0.979311
vn -0.323268 -0.137152 -0.936316
vn -0.359586 0.118281 -0.925585
vn -0.150712 0.054774 -0.987059
vn -0.135267 -0.081459 -0.987455
vn -0.341989 -0.019716 -0.939497
vn -0.359337 0.220005 -0.906904
vn -0.157192 0.178827 -0.971242
vn -0.150712 0.054774 -0.987059
vn -0.359586 0.118281 -0.925585
vn -0.351225 0.307792 -0.884254
vn -0.157596 0.272432 -0.949181
vn -0.157192 0.178827 -0.971242
vn -0.359337 0.220005 -0.906904
vn -0.332677 0.377170 -0.864331
vn -0.153448 0.362042 -0.919445
vn -0.157596 0.272432 -0.949181
vn -0.351225 0.307792 -0.884254
vn -0.531646 0.585153 -0.612330
vn -0.275816 0.553157 -0.786093
vn -0.332677 0.377170 -0.864331
vn -0.619811 0.435248 -0.652988
vn -0.197583 0.845956 -0.495298
vn -0.275816 0.553157 -0.786093
vn -0.531646 0.585153 -0.612330
vn -0.352100 0.810684 -0.467779
vn -0.122972 -0.160713 -0.979311
vn 0.000000 -0.172086 -0.985082
vn 0.000000 -0.281004 -0.959707
vn -0.115337 -0.278985 -0.953344
vn -0.135267 -0.081459 -0.987455
vn 0.000000 -0.107236 -0.994234
vn 0.000000 -0.172086 -0.985082
vn -0.122972 -0.160713 -0.979311
vn -0.150712 0.054774 -0.987059
vn -0.000000 0.029291 -0.999571
vn 0.000000 -0.107236 -0.994234
vn -0.135267 -0.081459 -0.987455
vn -0.157192 0.178827 -0.971242
vn 0.000000 0.164501 -0.986377
vn -0.000000 0.029291 -0.999571
vn -0.150712 0.054774 -0.987059
vn -0.157596 0.272432 -0.949181
vn 0.000000 0.261740 -0.965138
vn 0.000000 0.164501 -0.986377
vn -0.157192 0.178827 -0.971242
vn -0.153448 0.362042 -0.919445
vn 0.000000 0.359141 -0.933283
vn 0.000000 0.261740 -0.965138
vn -0.157596 0.272432 -0.949181
vn -0.122981 0.592085 -0.796436
vn -0.000000 0.607256 -0.794506
vn 0.000000 0.359141 -0.933283
vn -0.153448 0.362042 -0.919445
vn -0.000000 0.865607 -0.500723
vn -0.000000 0.607256 -0.794506
vn -0.122981 0.592085 -0.796436
vn -0.094326 0.859354 -0.502606
vn -0.094326 0.859354 -0.502606
vn -0.122981 0.592085 -0.796436
vn -0.275816 0.553157 -0.786093
vn -0.197583 0.845956 -0.495298
vn -0.302261 -0.281477 -0.910719
vn -0.115337 -0.278985 -0.953344
vn -0.114101 -0.539906 -0.833956
vn -0.254630 -0.543763 -0.799678
vn -0.115337 -0.278985 -0.953344
vn 0.000000 -0.281004 -0.959707
vn 0.000000 -0.533982 -0.845496
vn -0.114101 -0.539906 -0.833956
vn -0.091329 -0.854513 -0.511339
vn -0.114101 -0.539906 -0.833956
vn 0.000000 -0.533982 -0.845496
vn 0.000000 -0.859791 -0.510646
vn -0.189602 -0.839163 -0.509762
vn -0.254630 -0.543763 -0.799678
vn -0.114101 -0.539906 -0.833956
vn -0.091329 -0.854513 -0.511339
vn -0.326616 -0.808580 -0.489409
vn -0.526951 -0.591900 -0.609899
vn -0.254630 -0.543763 -0.799678
vn -0.189602 -0.839163 -0.509762
vn -0.090137 -0.416717 0.904556
vn -0.277814 -0.849423 0.448666
vn -0.154585 -0.894809 0.418832
vn -0.154585 -0.894809 0.418832
vn -0.088664 -0.878190 0.470022
vn -0.075395 -0.424143 0.902451
vn -0.090137 -0.416717 0.904556
vn -0.088664 -0.878190 0.470022
vn 0.000000 -0.815765 0.578384
vn 0.000000 -0.464295 0.885681
vn -0.075395 -0.424143 0.902451
vn -0.243141 -0.496690 0.833176
vn -0.277814 -0.849423 0.448666
vn -0.090137 -0.416717 0.904556
vn -0.190045 -0.702437 0.685905
vn -0.802051 -0.500250 0.326289
vn -0.217063 -0.347981 0.912027
vn -0.443716 0.147893 0.883880
vn -0.475788 0.196249 0.857387
vn -0.103252 0.051611 0.993315
vn -0.132304 -0.233646 0.963278
vn -0.421142 0.377685 0.824617
vn -0.051405 0.543571 0.837787
vn -0.007952 0.537845 0.843006
vn -0.069710 0.548778 0.833056
vn -0.417683 0.504964 0.755349
vn -0.499501 0.012099 0.866229
vn -0.280270 -0.033249 0.959345
vn -0.091896 0.475027 0.875160
vn -0.214964 -0.366008 0.905444
vn -0.112943 0.056883 0.991972
vn -0.165891 0.017443 0.985990
vn -0.075408 -0.335927 0.938865
vn -0.443716 0.147893 0.883880
vn -0.132304 -0.233646 0.963278
vn -0.075408 -0.335927 0.938865
vn -0.165891 0.017443 0.985990
vn -0.421142 0.377685 0.824617
vn -0.069710 0.548778 0.833056
vn -0.103252 0.051611 0.993315
vn -0.475788 0.196249 0.857387
vn -0.417683 0.504964 0.755349
vn -0.091896 0.475027 0.875160
vn -0.007952 0.537845 0.843006
vn -0.051405 0.543571 0.837787
vn -0.499501 0.012099 0.866229
vn -0.112943 0.056883 0.991972
vn -0.214964 -0.366008 0.905444
vn -0.280270 -0.033249 0.959345
vn -0.027780 -0.016187 0.999483
vn -0.280270 -0.033249 0.959345
vn -0.214964 -0.366008 0.905444
vn -0.075408 -0.335927 0.938865
vn 0.720569 -0.683433 -0.117043
vn 0.924267 -0.368785 -0.098628
vn 0.918857 -0.364195 0.151865
vn 0.732530 -0.675363 0.085353
vn 0.996347 0.064586 -0.055872
vn 0.978400 0.201063 -0.048034
vn 0.944927 0.218367 0.243779
vn 0.970231 0.078680 0.229043
vn 0.978400 0.201063 -0.048034
vn 0.952513 0.300382 -0.049904
vn 0.924344 0.292237 0.245327
vn 0.944927 0.218367 0.243779
vn 0.856762 0.509814 -0.077772
vn 0.655739 0.748453 -0.099117
vn 0.644489 0.756745 0.109410
vn 0.855797 0.494913 0.150573
vn 0.952513 0.300382 -0.049904
vn 0.903917 0.423642 -0.058844
vn 0.892576 0.399240 0.209562
vn 0.924344 0.292237 0.245327
vn 0.221569 -0.969292 0.106675
vn 0.113285 -0.989121 0.093847
vn 0.098768 -0.992919 -0.066010
vn 0.210528 -0.974177 -0.081594
vn 0.056013 0.885143 0.461936
vn 0.009521 0.531536 0.846982
vn 0.153012 0.531919 0.832856
vn 0.154320 0.872836 0.462971
vn 0.788131 -0.426047 0.444222
vn 0.517289 -0.514464 0.683915
vn 0.456702 -0.779963 0.427880
vn 0.699084 -0.651004 0.295761
vn 0.812691 0.095245 0.574858
vn 0.771841 0.267822 0.576657
vn 0.421142 0.377685 0.824617
vn 0.458978 0.185977 0.868764
vn 0.771841 0.267822 0.576657
vn 0.777359 0.258201 0.573625
vn 0.475789 0.196248 0.857387
vn 0.421142 0.377685 0.824617
vn 0.710939 0.539868 0.450675
vn 0.622561 0.714606 0.318994
vn 0.342031 0.838472 0.424241
vn 0.425281 0.508040 0.749020
vn 0.644489 0.756745 0.109410
vn 0.655739 0.748453 -0.099117
vn 0.345235 0.934650 -0.085101
vn 0.344116 0.926034 0.155069
vn 0.720569 -0.683433 -0.117043
vn 0.732530 -0.675363 0.085353
vn 0.380585 -0.921355 0.079119
vn 0.377897 -0.919905 -0.104730
vn 0.777359 0.258201 0.573625
vn 0.776842 0.305526 0.550609
vn 0.443716 0.147893 0.883880
vn 0.475789 0.196248 0.857387
vn 0.181744 0.981188 -0.065107
vn 0.079783 0.995220 -0.056311
vn 0.074147 0.977585 0.197053
vn 0.165973 0.968121 0.187601
vn 0.075395 -0.424143 0.902451
vn 0.190045 -0.702437 0.685905
vn 0.000000 -0.851869 0.523754
vn 0.000000 -0.464295 0.885681
vn 0.651294 -0.585378 0.482854
vn 0.598962 0.658201 0.456087
vn 0.000000 0.788353 0.615223
vn 0.000000 -0.842725 0.538345
vn 0.354536 0.426677 0.832016
vn 0.000000 0.533829 0.845593
vn 0.000000 0.870638 0.491924
vn 0.540182 0.713925 0.445550
vn 0.096808 0.580413 0.808548
vn 0.000000 0.879342 0.476191
vn 0.000000 0.530132 0.847915
vn 0.354536 0.426677 0.832016
vn 0.171090 0.356744 0.918402
vn 0.000000 0.365546 0.930793
vn 0.000000 0.533829 0.845593
vn 0.190045 -0.702437 0.685905
vn 0.487906 -0.834518 0.255985
vn 0.000000 -0.967011 0.254735
vn 0.000000 -0.851869 0.523754
vn 0.936222 -0.146717 0.319315
vn 0.834137 0.448457 0.321094
vn 0.598962 0.658201 0.456087
vn 0.651294 -0.585378 0.482854
vn 0.190045 -0.702437 0.685905
vn 0.802051 -0.500250 0.326289
vn 0.487906 -0.834518 0.255985
vn 0.090137 -0.416717 0.904556
vn 0.217063 -0.347981 0.912027
vn 0.190045 -0.702437 0.685905
vn 0.075395 -0.424143 0.902451
vn 0.113285 -0.989121 0.093847
vn 0.000000 -0.997894 0.064874
vn 0.000000 -0.997951 -0.063982
vn 0.098768 -0.992919 -0.066010
vn 0.009521 0.531536 0.846982
vn 0.056013 0.885143 0.461936
vn -0.010979 0.557231 0.830285
vn 0.499502 0.012099 0.866228
vn 0.112943 0.056883 0.991972
vn 0.077262 0.254131 0.964079
vn 0.511202 0.212062 0.832888
vn 0.417683 0.504964 0.755349
vn 0.499502 0.012099 0.866228
vn 0.511202 0.212062 0.832888
vn 0.753914 0.470232 0.458797
vn 0.380585 -0.921355 0.079119
vn 0.221569 -0.969292 0.106675
vn 0.210528 -0.974177 -0.081594
vn 0.377897 -0.919905 -0.104730
vn 0.456702 -0.779963 0.427880
vn 0.517289 -0.514464 0.683915
vn 0.243141 -0.496690 0.833176
vn 0.277814 -0.849423 0.448666
vn 0.069709 0.548778 0.833057
vn 0.103251 0.051611 0.993315
vn 0.027780 -0.016187 0.999483
vn 0.007952 0.537845 0.843006
vn 0.027780 -0.016187 0.999483
vn 0.103251 0.051611 0.993315
vn 0.132303 -0.233645 0.963279
vn 0.075408 -0.335927 0.938865
vn 0.342031 0.838472 0.424241
vn 0.154320 0.872836 0.462971
vn 0.153012 0.531919 0.832856
vn 0.425281 0.508040 0.749020
vn 0.345235 0.934650 -0.085101
vn 0.181744 0.981188 -0.065107
vn 0.165973 0.968121 0.187601
vn 0.344116 0.926034 0.155069
vn 0.903917 0.423642 -0.058844
vn 0.856762 0.509814 -0.077772
vn 0.855797 0.494913 0.150573
vn 0.892576 0.399240 0.209562
vn 0.776842 0.305526 0.550609
vn 0.710939 0.539868 0.450675
vn 0.425281 0.508040 0.749020
vn 0.443716 0.147893 0.883880
vn 0.153012 0.531919 0.832856
vn 0.165891 0.017443 0.985990
vn 0.443716 0.147893 0.883880
vn 0.425281 0.508040 0.749020
vn 0.009521 0.531536 0.846982
vn 0.112943 0.056883 0.991972
vn 0.165891 0.017443 0.985990
vn 0.153012 0.531919 0.832856
vn 0.112943 0.056883 0.991972
vn 0.009521 0.531536 0.846982
vn -0.010979 0.557231 0.830285
vn 0.077262 0.254131 0.964079
vn 0.171090 0.356744 0.918402
vn 0.096808 0.580413 0.808548
vn 0.000000 0.530132 0.847915
vn 0.000000 0.365546 0.930793
vn 0.007952 0.537845 0.843006
vn 0.027780 -0.016187 0.999483
vn 0.280270 -0.033249 0.959345
vn 0.091896 0.475028 0.875159
vn 0.540182 0.713925 0.445550
vn 0.598962 0.658201 0.456087
vn 0.834137 0.448457 0.321094
vn 0.753914 0.470232 0.458797
vn 0.000000 0.870638 0.491924
vn 0.000000 0.788353 0.615223
vn 0.598962 0.658201 0.456087
vn 0.540182 0.713925 0.445550
vn 0.081816 0.232072 0.969252
vn 0.124295 -0.175573 0.976588
vn 0.539706 -0.211082 0.814962
vn 0.458978 0.185977 0.868764
vn 0.243141 -0.496690 0.833176
vn 0.217063 -0.347981 0.912027
vn 0.090137 -0.416717 0.904556
vn 0.051405 0.543572 0.837787
vn 0.081816 0.232072 0.969252
vn 0.458978 0.185977 0.868764
vn 0.421142 0.377685 0.824617
vn 0.051405 0.543572 0.837787
vn 0.417683 0.504964 0.755349
vn 0.464906 0.434213 0.771571
vn 0.081816 0.232072 0.969252
vn 0.464906 0.434213 0.771571
vn 0.531880 -0.020441 0.846573
vn 0.124295 -0.175573 0.976588
vn 0.081816 0.232072 0.969252
vn 0.834137 0.448457 0.321094
vn 0.936222 -0.146717 0.319315
vn 0.531880 -0.020441 0.846573
vn 0.464906 0.434213 0.771571
vn 0.511202 0.212062 0.832888
vn 0.354536 0.426677 0.832016
vn 0.540182 0.713925 0.445550
vn 0.753914 0.470232 0.458797
vn 0.511202 0.212062 0.832888
vn 0.077262 0.254131 0.964079
vn 0.171090 0.356744 0.918402
vn 0.354536 0.426677 0.832016
vn 0.096808 0.580413 0.808548
vn 0.171090 0.356744 0.918402
vn 0.077262 0.254131 0.964079
vn -0.010979 0.557231 0.830285
vn 0.056013 0.885143 0.461936
vn 0.000000 0.879342 0.476191
vn 0.096808 0.580413 0.808548
vn -0.010979 0.557231 0.830285
vn 0.079783 0.995220 -0.056311
vn 0.000000 0.998524 -0.054305
vn 0.000000 0.981025 0.193881
vn 0.074147 0.977585 0.197053
vn 0.464906 0.434213 0.771571
vn 0.417683 0.504964 0.755349
vn 0.753914 0.470232 0.458797
vn 0.834137 0.448457 0.321094
vn 0.458978 0.185977 0.868764
vn 0.539706 -0.211082 0.814962
vn 0.821353 -0.177415 0.542129
vn 0.812691 0.095245 0.574858
vn 0.970231 0.078680 0.229043
vn 0.972157 -0.113863 0.204805
vn 0.991034 -0.113089 -0.071156
vn 0.996347 0.064586 -0.055872
vn 0.124295 -0.175573 0.976588
vn 0.531880 -0.020441 0.846573
vn 0.217063 -0.347981 0.912027
vn 0.243141 -0.496690 0.833176
vn 0.517289 -0.514464 0.683915
vn 0.539706 -0.211082 0.814962
vn 0.124295 -0.175573 0.976588
vn 0.243141 -0.496690 0.833176
vn 0.821353 -0.177415 0.542129
vn 0.539706 -0.211082 0.814962
vn 0.517289 -0.514464 0.683915
vn 0.788131 -0.426047 0.444222
vn 0.924267 -0.368785 -0.098628
vn 0.991034 -0.113089 -0.071156
vn 0.972157 -0.113863 0.204805
vn 0.918857 -0.364195 0.151865
vn 0.936222 -0.146717 0.319315
vn 0.802051 -0.500250 0.326289
vn 0.217063 -0.347981 0.912027
vn 0.531880 -0.020441 0.846573
vn 0.802051 -0.500250 0.326289
vn 0.936222 -0.146717 0.319315
vn 0.651294 -0.585378 0.482854
vn 0.487906 -0.834518 0.255985
vn 0.000000 -0.967011 0.254735
vn 0.487906 -0.834518 0.255985
vn 0.651294 -0.585378 0.482854
vn 0.000000 -0.842725 0.538345
vn 0.000000 -0.815765 0.578384
vn 0.000000 -0.997894 0.064874
vn 0.088664 -0.878190 0.470022
vn 0.154585 -0.894809 0.418832
vn 0.088664 -0.878190 0.470022
vn 0.000000 -0.997894 0.064874
vn 0.113285 -0.989121 0.093847
vn 0.277814 -0.849423 0.448666
vn 0.154585 -0.894809 0.418832
vn 0.113285 -0.989121 0.093847
vn 0.221569 -0.969292 0.106675
vn 0.456702 -0.779963 0.427880
vn 0.277814 -0.849423 0.448666
vn 0.221569 -0.969292 0.106675
vn 0.380585 -0.921355 0.079119
vn 0.732530 -0.675363 0.085353
vn 0.699084 -0.651004 0.295761
vn 0.456702 -0.779963 0.427880
vn 0.380585 -0.921355 0.079119
vn 0.918857 -0.364195 0.151865
vn 0.788131 -0.426047 0.444222
vn 0.699084 -0.651004 0.295761
vn 0.732530 -0.675363 0.085353
vn 0.972157 -0.113863 0.204805
vn 0.821353 -0.177415 0.542129
vn 0.788131 -0.426047 0.444222
vn 0.918857 -0.364195 0.151865
vn 0.812691 0.095245 0.574858
vn 0.821353 -0.177415 0.542129
vn 0.972157 -0.113863 0.204805
vn 0.970231 0.078680 0.229043
vn 0.944927 0.218367 0.243779
vn 0.771841 0.267822 0.576657
vn 0.812691 0.095245 0.574858
vn 0.970231 0.078680 0.229043
vn 0.924344 0.292237 0.245327
vn 0.777359 0.258201 0.573625
vn 0.771841 0.267822 0.576657
vn 0.944927 0.218367 0.243779
vn 0.892576 0.399240 0.209562
vn 0.776842 0.305526 0.550609
vn 0.777359 0.258201 0.573625
vn 0.924344 0.292237 0.245327
vn 0.855797 0.494913 0.150573
vn 0.710939 0.539868 0.450675
vn 0.776842 0.305526 0.550609
vn 0.892576 0.399240 0.209562
vn 0.644489 0.756745 0.109410
vn 0.622561 0.714606 0.318994
vn 0.710939 0.539868 0.450675
vn 0.855797 0.494913 0.150573
vn 0.622561 0.714606 0.318994
vn 0.644489 0.756745 0.109410
vn 0.344116 0.926034 0.155069
vn 0.342031 0.838472 0.424241
vn 0.165973 0.968121 0.187601
vn 0.154320 0.872836 0.462971
vn 0.342031 0.838472 0.424241
vn 0.344116 0.926034 0.155069
vn 0.165973 0.968121 0.187601
vn 0.074147 0.977585 0.197053
vn 0.056013 0.885143 0.461936
vn 0.154320 0.872836 0.462971
vn 0.000000 0.879342 0.476191
vn 0.056013 0.885143 0.461936
vn 0.074147 0.977585 0.197053
vn 0.000000 0.981025 0.193881
vn 0.720569 -0.683433 -0.117043
vn 0.670690 -0.661602 -0.335346
vn 0.862652 -0.359882 -0.355410
vn 0.924267 -0.368785 -0.098628
vn 0.996347 0.064586 -0.055872
vn 0.931490 0.059533 -0.358862
vn 0.914097 0.194844 -0.355616
vn 0.978400 0.201063 -0.048034
vn 0.978400 0.201063 -0.048034
vn 0.914097 0.194844 -0.355616
vn 0.888034 0.292635 -0.354628
vn 0.952513 0.300382 -0.049904
vn 0.856762 0.509814 -0.077772
vn 0.799844 0.489253 -0.347680
vn 0.643886 0.700172 -0.308496
vn 0.655739 0.748453 -0.099117
vn 0.952513 0.300382 -0.049904
vn 0.888034 0.292635 -0.354628
vn 0.842010 0.409517 -0.351161
vn 0.903917 0.423642 -0.058844
vn 0.211582 -0.939288 -0.270133
vn 0.210528 -0.974177 -0.081594
vn 0.098768 -0.992919 -0.066010
vn 0.093563 -0.958847 -0.268063
vn 0.643886 0.700172 -0.308496
vn 0.361951 0.900803 -0.239888
vn 0.345235 0.934650 -0.085101
vn 0.655739 0.748453 -0.099117
vn 0.720569 -0.683433 -0.117043
vn 0.377897 -0.919905 -0.104730
vn 0.373848 -0.880889 -0.290296
vn 0.670690 -0.661602 -0.335346
vn 0.181744 0.981188 -0.065107
vn 0.182374 0.960548 -0.209970
vn 0.075837 0.974235 -0.212401
vn 0.079783 0.995220 -0.056311
vn 0.093563 -0.958847 -0.268063
vn 0.098768 -0.992919 -0.066010
vn 0.000000 -0.997951 -0.063982
vn 0.000000 -0.963008 -0.269473
vn 0.373848 -0.880889 -0.290296
vn 0.377897 -0.919905 -0.104730
vn 0.210528 -0.974177 -0.081594
vn 0.211582 -0.939288 -0.270133
vn 0.345235 0.934650 -0.085101
vn 0.361951 0.900803 -0.239888
vn 0.182374 0.960548 -0.209970
vn 0.181744 0.981188 -0.065107
vn 0.903917 0.423642 -0.058844
vn 0.842010 0.409517 -0.351161
vn 0.799844 0.489253 -0.347680
vn 0.856762 0.509814 -0.077772
vn 0.079783 0.995220 -0.056311
vn 0.075837 0.974235 -0.212401
vn -0.000000 0.976002 -0.217761
vn 0.000000 0.998524 -0.054305
vn 0.931490 0.059533 -0.358862
vn 0.996347 0.064586 -0.055872
vn 0.991034 -0.113089 -0.071156
vn 0.925043 -0.112334 -0.362873
vn 0.924267 -0.368785 -0.098628
vn 0.862652 -0.359882 -0.355410
vn 0.925043 -0.112334 -0.362873
vn 0.991034 -0.113089 -0.071156
vn 0.093563 -0.958847 -0.268063
vn 0.000000 -0.963008 -0.269473
vn 0.000000 -0.859791 -0.510646
vn 0.091329 -0.854513 -0.511338
vn 0.211582 -0.939288 -0.270133
vn 0.093563 -0.958847 -0.268063
vn 0.091329 -0.854513 -0.511338
vn 0.189602 -0.839163 -0.509761
vn 0.373848 -0.880889 -0.290296
vn 0.211582 -0.939288 -0.270133
vn 0.189602 -0.839163 -0.509761
vn 0.326616 -0.808580 -0.489408
vn 0.670690 -0.661602 -0.335346
vn 0.373848 -0.880889 -0.290296
vn 0.326616 -0.808580 -0.489408
vn 0.526951 -0.591900 -0.609899
vn 0.862652 -0.359882 -0.355410
vn 0.670690 -0.661602 -0.335346
vn 0.526951 -0.591900 -0.609899
vn 0.678874 -0.324053 -0.658878
vn 0.925043 -0.112334 -0.362873
vn 0.862652 -0.359882 -0.355410
vn 0.678874 -0.324053 -0.658878
vn 0.719362 -0.113971 -0.685222
vn 0.931490 0.059533 -0.358862
vn 0.925043 -0.112334 -0.362873
vn 0.719362 -0.113971 -0.685222
vn 0.736661 0.044902 -0.674770
vn 0.914097 0.194844 -0.355616
vn 0.931490 0.059533 -0.358862
vn 0.736661 0.044902 -0.674770
vn 0.727935 0.182861 -0.660812
vn 0.888034 0.292635 -0.354628
vn 0.914097 0.194844 -0.355616
vn 0.727935 0.182861 -0.660812
vn 0.704207 0.274839 -0.654641
vn 0.842010 0.409517 -0.351161
vn 0.888034 0.292635 -0.354628
vn 0.704207 0.274839 -0.654641
vn 0.667109 0.372056 -0.645399
vn 0.799844 0.489253 -0.347680
vn 0.842010 0.409517 -0.351161
vn 0.667109 0.372056 -0.645399
vn 0.619811 0.435248 -0.652988
vn 0.643886 0.700172 -0.308496
vn 0.799844 0.489253 -0.347680
vn 0.619811 0.435248 -0.652988
vn 0.531646 0.585153 -0.612331
vn 0.361951 0.900803 -0.239888
vn 0.643886 0.700172 -0.308496
vn 0.531646 0.585153 -0.612331
vn 0.352100 0.810684 -0.467779
vn 0.182374 0.960548 -0.209970
vn 0.361951 0.900803 -0.239888
vn 0.352100 0.810684 -0.467779
vn 0.197583 0.845956 -0.495298
vn 0.075837 0.974235 -0.212401
vn 0.182374 0.960548 -0.209970
vn 0.197583 0.845956 -0.495298
vn 0.094326 0.859354 -0.502606
vn -0.000000 0.976002 -0.217761
vn 0.075837 0.974235 -0.212401
vn 0.094326 0.859354 -0.502606
vn -0.000000 0.865607 -0.500723
vn 0.275816 0.553157 -0.786093
vn 0.332677 0.377170 -0.864331
vn 0.153448 0.362042 -0.919445
vn 0.122981 0.592085 -0.796436
vn 0.678874 -0.324053 -0.658878
vn 0.526951 -0.591900 -0.609899
vn 0.254630 -0.543763 -0.799678
vn 0.302261 -0.281476 -0.910719
vn 0.719362 -0.113971 -0.685222
vn 0.678874 -0.324053 -0.658878
vn 0.302261 -0.281476 -0.910719
vn 0.323268 -0.137152 -0.936316
vn 0.736661 0.044902 -0.674770
vn 0.719362 -0.113971 -0.685222
vn 0.323268 -0.137152 -0.936316
vn 0.341989 -0.019716 -0.939497
vn 0.727935 0.182861 -0.660812
vn 0.736661 0.044902 -0.674770
vn 0.341989 -0.019716 -0.939497
vn 0.359586 0.118281 -0.925585
vn 0.704207 0.274839 -0.654641
vn 0.727935 0.182861 -0.660812
vn 0.359586 0.118281 -0.925585
vn 0.359337 0.220005 -0.906904
vn 0.667109 0.372056 -0.645399
vn 0.704207 0.274839 -0.654641
vn 0.359337 0.220005 -0.906904
vn 0.351225 0.307792 -0.884254
vn 0.619811 0.435248 -0.652988
vn 0.667109 0.372056 -0.645399
vn 0.351225 0.307792 -0.884254
vn 0.332677 0.377170 -0.864331
vn 0.323268 -0.137152 -0.936316
vn 0.302261 -0.281476 -0.910719
vn 0.115337 -0.278984 -0.953344
vn 0.122972 -0.160713 -0.979311
vn 0.341989 -0.019716 -0.939497
vn 0.323268 -0.137152 -0.936316
vn 0.122972 -0.160713 -0.979311
vn 0.135267 -0.081459 -0.987455
vn 0.359586 0.118281 -0.925585
vn 0.341989 -0.019716 -0.939497
vn 0.135267 -0.081459 -0.987455
vn 0.150712 0.054774 -0.987059
vn 0.359337 0.220005 -0.906904
vn 0.359586 0.118281 -0.925585
vn 0.150712 0.054774 -0.987059
vn 0.157192 0.178827 -0.971242
vn 0.351225 0.307792 -0.884254
vn 0.359337 0.220005 -0.906904
vn 0.157192 0.178827 -0.971242
vn 0.157596 0.272432 -0.949181
vn 0.332677 0.377170 -0.864331
vn 0.351225 0.307792 -0.884254
vn 0.157596 0.272432 -0.949181
vn 0.153448 0.362042 -0.919445
vn 0.531646 0.585153 -0.612331
vn 0.619811 0.435248 -0.652988
vn 0.332677 0.377170 -0.864331
vn 0.275816 0.553157 -0.786093
vn 0.197583 0.845956 -0.495298
vn 0.352100 0.810684 -0.467779
vn 0.531646 0.585153 -0.612331
vn 0.275816 0.553157 -0.786093
vn 0.122972 -0.160713 -0.979311
vn 0.115337 -0.278984 -0.953344
vn 0.000000 -0.281004 -0.959707
vn 0.000000 -0.172086 -0.985082
vn 0.135267 -0.081459 -0.987455
vn 0.122972 -0.160713 -0.979311
vn 0.000000 -0.172086 -0.985082
vn 0.000000 -0.107236 -0.994234
vn 0.150712 0.054774 -0.987059
vn 0.135267 -0.081459 -0.987455
vn 0.000000 -0.107236 -0.994234
vn -0.000000 0.029291 -0.999571
vn 0.157192 0.178827 -0.971242
vn 0.150712 0.054774 -0.987059
vn -0.000000 0.029291 -0.999571
vn 0.000000 0.164501 -0.986377
vn 0.157596 0.272432 -0.949181
vn 0.157192 0.178827 -0.971242
vn 0.000000 0.164501 -0.986377
vn 0.000000 0.261740 -0.965138
vn 0.153448 0.362042 -0.919445
vn 0.157596 0.272432 -0.949181
vn 0.000000 0.261740 -0.965138
vn 0.000000 0.359141 -0.933283
vn 0.122981 0.592085 -0.796436
vn 0.153448 0.362042 -0.919445
vn 0.000000 0.359141 -0.933283
vn -0.000000 0.607256 -0.794506
vn -0.000000 0.865607 -0.500723
vn 0.094326 0.859354 -0.502606
vn 0.122981 0.592085 -0.796436
vn -0.000000 0.607256 -0.794506
vn 0.094326 0.859354 -0.502606
vn 0.197583 0.845956 -0.495298
vn 0.275816 0.553157 -0.786093
vn 0.122981 0.592085 -0.796436
vn 0.302261 -0.281476 -0.910719
vn 0.254630 -0.543763 -0.799678
vn 0.114101 -0.539906 -0.833956
vn 0.115337 -0.278984 -0.953344
vn 0.115337 -0.278984 -0.953344
vn 0.114101 -0.539906 -0.833956
vn 0.000000 -0.533982 -0.845496
vn 0.000000 -0.281004 -0.959707
vn 0.091329 -0.854513 -0.511338
vn 0.000000 -0.859791 -0.510646
vn 0.000000 -0.533982 -0.845496
vn 0.114101 -0.539906 -0.833956
vn 0.189602 -0.839163 -0.509761
vn 0.091329 -0.854513 -0.511338
vn 0.114101 -0.539906 -0.833956
vn 0.254630 -0.543763 -0.799678
vn 0.326616 -0.808580 -0.489408
vn 0.189602 -0.839163 -0.509761
vn 0.254630 -0.543763 -0.799678
vn 0.526951 -0.591900 -0.609899
vn 0.090137 -0.416717 0.904556
vn 0.154585 -0.894809 0.418832
vn 0.277814 -0.849423 0.448666
vn 0.154585 -0.894809 0.418832
vn 0.090137 -0.416717 0.904556
vn 0.075395 -0.424143 0.902451
vn 0.088664 -0.878190 0.470022
vn 0.088664 -0.878190 0.470022
vn 0.075395 -0.424143 0.902451
vn 0.000000 -0.464295 0.885681
vn 0.000000 -0.815765 0.578384
vn 0.243141 -0.496690 0.833176
vn 0.090137 -0.416717 0.904556
vn 0.277814 -0.849423 0.448666
vn 0.190045 -0.702437 0.685905
vn 0.217063 -0.347981 0.912027
vn 0.802051 -0.500250 0.326289
vn 0.443716 0.147893 0.883880
vn 0.132303 -0.233645 0.963279
vn 0.103251 0.051611 0.993315
vn 0.475789 0.196248 0.857387
vn 0.421142 0.377685 0.824617
vn 0.069709 0.548778 0.833057
vn 0.007952 0.537845 0.843006
vn 0.051405 0.543572 0.837787
vn 0.417683 0.504964 0.755349
vn 0.091896 0.475028 0.875159
vn 0.280270 -0.033249 0.959345
vn 0.499502 0.012099 0.866228
vn 0.214964 -0.366008 0.905444
vn 0.075408 -0.335927 0.938865
vn 0.165891 0.017443 0.985990
vn 0.112943 0.056883 0.991972
vn 0.443716 0.147893 0.883880
vn 0.165891 0.017443 0.985990
vn 0.075408 -0.335927 0.938865
vn 0.132303 -0.233645 0.963279
vn 0.421142 0.377685 0.824617
vn 0.475789 0.196248 0.857387
vn 0.103251 0.051611 0.993315
vn 0.069709 0.548778 0.833057
vn 0.417683 0.504964 0.755349
vn 0.051405 0.543572 0.837787
vn 0.007952 0.537845 0.843006
vn 0.091896 0.475028 0.875159
vn 0.499502 0.012099 0.866228
vn 0.280270 -0.033249 0.959345
vn 0.214964 -0.366008 0.905444
vn 0.112943 0.056883 0.991972
vn 0.027780 -0.016187 0.999483
vn 0.075408 -0.335927 0.938865
vn 0.214964 -0.366008 0.905444
vn 0.280270 -0.033249 0.959345
vn -0.814643 0.255049 0.520871
vn -0.708009 0.021072 0.705889
vn -0.618624 0.341662 0.707511
vn -0.618624 0.341662 0.707511
vn -0.708009 0.021072 0.705889
vn -0.649247 0.188390 0.736877
vn -0.649247 0.188390 0.736877
vn -0.708009 0.021072 0.705889
vn -0.879338 -0.000002 0.476199
vn -0.879338 -0.000002 0.476199
vn -0.708009 0.021072 0.705889
vn -0.622967 -0.328132 0.710100
vn -0.622967 -0.328132 0.710100
vn -0.708009 0.021072 0.705889
vn -0.549722 -0.515920 0.656988
vn -0.549722 -0.515920 0.656988
vn -0.708009 0.021072 0.705889
vn -0.821045 -0.294224 0.489201
vn -0.821045 -0.294224 0.489201
vn -0.708009 0.021072 0.705889
vn -0.899249 -0.040687 0.435541
vn -0.899249 -0.040687 0.435541
vn -0.708009 0.021072 0.705889
vn -0.814643 0.255049 0.520871
vn 0.278849 0.380274 -0.881836
vn 0.576632 0.520329 -0.629884
vn 0.699569 -0.014144 -0.714425
vn 0.576632 0.520329 -0.629884
vn 0.778177 0.400783 -0.483543
vn 0.699569 -0.014144 -0.714425
vn 0.778177 0.400783 -0.483543
vn 0.806985 0.000001 -0.590572
vn 0.699569 -0.014144 -0.714425
vn 0.806985 0.000001 -0.590572
vn 0.775316 -0.536361 -0.333470
vn 0.699569 -0.014144 -0.714425
vn 0.775316 -0.536361 -0.333470
vn 0.376185 -0.787887 -0.487564
vn 0.699569 -0.014144 -0.714425
vn 0.376185 -0.787887 -0.487564
vn 0.003254 -0.538355 -0.842712
vn 0.699569 -0.014144 -0.714425
vn 0.003254 -0.538355 -0.842712
vn 0.028601 -0.029202 -0.999164
vn 0.699569 -0.014144 -0.714425
vn 0.028601 -0.029202 -0.999164
vn 0.278849 0.380274 -0.881836
vn 0.699569 -0.014144 -0.714425
vn 0.278849 0.380274 -0.881836
vn -0.814643 0.255049 0.520871
vn -0.618624 0.341662 0.707511
vn 0.576632 0.520329 -0.629884
vn 0.576632 0.520329 -0.629884
vn -0.618624 0.341662 0.707511
vn -0.649247 0.188390 0.736877
vn 0.778177 0.400783 -0.483543
vn 0.775316 -0.536361 -0.333470
vn -0.622967 -0.328132 0.710100
vn -0.549722 -0.515920 0.656988
vn 0.376185 -0.787887 -0.487564
vn 0.376185 -0.787887 -0.487564
vn -0.549722 -0.515920 0.656988
vn -0.821045 -0.294224 0.489201
vn 0.003254 -0.538355 -0.842712
vn 0.003254 -0.538355 -0.842712
vn -0.821045 -0.294224 0.489201
vn -0.899249 -0.040687 0.435541
vn 0.028601 -0.029202 -0.999164
vn 0.028601 -0.029202 -0.999164
vn -0.899249 -0.040687 0.435541
vn -0.814643 0.255049 0.520871
vn 0.278849 0.380274 -0.881836
s off
g Lake_Pope:Lake_Pope
usemtl Lake_Pope:mofa_PopeSG
f 1/1/1 8/2/2 13/3/3 11/4/4
f 8/5/5 2/6/6 9/7/7 13/8/8
f 13/8/9 9/7/10 4/9/11 10/10/12
f 11/4/13 13/3/14 10/11/15 3/12/16
f 3/12/17 10/11/18 14/13/19 5/14/20
f 10/10/21 4/9/22 12/15/23 14/16/24
f 15/17/25 6/18/26 2/6/27 8/5/28
f 7/19/29 15/20/30 8/2/31 1/1/32
f 2/6/33 6/18/34 16/21/35 9/7/36
f 9/7/37 16/21/38 12/15/39 4/9/40
f 7/19/41 1/1/42 11/4/43 17/22/44
f 17/22/45 11/4/46 3/12/47 5/14/48
f 19/23/49 18/24/50 26/25/51 27/26/52
f 18/24/53 20/27/54 28/28/55 26/25/56
f 21/29/57 22/30/58 30/31/59 29/32/60
f 23/33/61 21/29/62 29/32/63 31/34/64
f 24/35/65 23/33/66 31/34/67 32/36/68
f 20/27/69 24/35/70 32/36/71 28/28/72
f 22/30/73 25/37/74 33/38/75 30/31/76
f 25/37/77 19/23/78 27/26/79 33/38/80
f 27/26/81 26/25/82 34/39/83 35/40/84
f 26/25/85 28/28/86 36/41/87 34/39/88
f 29/32/89 30/31/90 38/42/91 37/43/92
f 31/34/93 29/32/94 37/43/95 39/44/96
f 32/36/97 31/34/98 39/44/99 40/45/100
f 28/28/101 32/36/102 40/45/103 36/41/104
f 30/31/105 33/38/106 41/46/107 38/42/108
f 33/38/109 27/26/110 35/40/111 41/46/112
f 35/40/113 34/39/114 42/47/115
f 34/39/116 36/41/117 42/47/118
f 37/43/119 38/42/120 42/47/121
f 39/44/122 37/43/123 42/47/124
f 40/45/125 39/44/126 42/47/127
f 36/41/128 40/45/129 42/47/130
f 38/42/131 41/46/132 42/47/133
f 41/46/134 35/40/135 42/47/136
f 43/48/137 44/49/138 57/50/139 58/51/140
f 44/52/141 43/53/142 46/54/143 45/55/144
f 45/55/145 46/54/146 48/56/147 47/57/148
f 47/57/149 48/56/150 50/58/151 49/59/152
f 49/59/153 50/58/154 52/60/155 51/61/156
f 51/62/157 52/63/158 54/64/159 53/65/160
f 53/65/161 54/64/162 56/66/163 55/67/164
f 55/67/165 56/66/166 58/51/167 57/50/168
f 5/14/169 14/13/170 44/52/171 45/55/172
f 14/16/173 12/15/174 57/50/175 44/49/176
f 15/20/177 7/19/178 49/59/179 51/61/180
f 6/18/181 15/17/182 51/62/183 53/65/184
f 16/21/185 6/18/186 53/65/187 55/67/188
f 12/15/189 16/21/190 55/67/191 57/50/192
f 7/19/193 17/22/194 47/57/195 49/59/196
f 17/22/197 5/14/198 45/55/199 47/57/200
f 46/54/201 43/53/202 18/68/203 19/69/204
f 48/56/205 46/54/206 19/69/207 25/70/208
f 50/58/209 48/56/210 25/70/211 22/71/212
f 52/60/213 50/58/214 22/71/215 21/72/216
f 54/64/217 52/63/218 21/73/219 23/74/220
f 56/66/221 54/64/222 23/74/223 24/75/224
f 58/51/225 56/66/226 24/75/227 20/76/228
f 43/48/229 58/51/230 20/76/231 18/77/232
f 59/78/233 60/79/234 61/80/235 62/81/236
f 60/79/237 59/78/238 63/82/239 64/83/240
f 64/84/241 63/85/242 65/86/243 66/87/244
f 66/87/245 65/86/246 67/88/247 68/89/248
f 68/89/249 67/88/250 69/90/251 70/91/252
f 70/91/253 69/90/254 71/92/255 72/93/256
f 72/93/257 71/92/258 73/94/259 74/95/260
f 74/95/261 73/94/262 62/81/263 61/80/264
f 60/79/265 76/96/266 77/97/267 61/80/268
f 62/81/269 78/98/270 75/99/271 59/78/272
f 59/78/273 75/99/274 79/100/275 63/82/276
f 64/83/277 80/101/278 76/96/279 60/79/280
f 63/85/281 79/102/282 81/103/283 65/86/284
f 66/87/285 82/104/286 80/105/287 64/84/288
f 65/86/289 81/103/290 83/106/291 67/88/292
f 68/89/293 84/107/294 82/104/295 66/87/296
f 67/88/297 83/106/298 85/108/299 69/90/300
f 70/91/301 86/109/302 84/107/303 68/89/304
f 69/90/305 85/108/306 87/110/307 71/92/308
f 72/93/309 88/111/310 86/109/311 70/91/312
f 71/92/313 87/110/314 89/112/315 73/94/316
f 74/95/317 90/113/318 88/111/319 72/93/320
f 73/94/321 89/112/322 78/98/323 62/81/324
f 61/80/325 77/97/326 90/113/327 74/95/328
f 131/114/329 136/115/330 138/116/331
f 136/115/332 146/117/333 143/118/334
f 136/115/335 141/119/336 146/117/337
f 129/120/338 135/121/339 136/115/340
f 130/122/341 136/115/342 131/114/343
f 136/115/344 143/118/345 138/116/346
f 135/121/347 141/119/348 136/115/349
f 129/120/350 136/115/351 130/122/352
f 116/123/353 147/124/354 148/125/355 122/126/356
f 122/126/357 148/125/358 144/127/359 123/128/360
f 112/129/361 139/130/362 147/124/363 116/123/364
f 111/131/365 132/132/366 139/130/367 112/129/368
f 123/133/369 144/134/370 133/135/371 121/136/372
f 119/137/373 124/138/374 132/139/375 111/140/376
f 142/141/377 143/118/378 146/117/379 145/142/380
f 140/143/381 145/142/382 146/117/383 141/119/384
f 125/144/385 129/120/386 130/122/387 126/145/388
f 126/145/389 130/122/390 131/114/391 127/146/392
f 118/147/393 128/148/394 124/138/395 119/137/396
f 125/144/397 134/149/398 135/121/399 129/120/400
f 127/146/401 131/114/402 138/116/403 137/150/404
f 118/147/405 121/136/406 133/135/407 128/148/408
f 134/149/409 140/143/410 141/119/411 135/121/412
f 137/150/413 138/116/414 143/118/415 142/141/416
f 95/151/417 92/152/418 93/153/419 91/154/420
f 93/153/421 94/155/422 97/156/423 91/154/424
f 97/156/425 99/157/426 95/151/427 91/154/428
f 100/158/429 96/159/430 93/160/431 92/161/432
f 95/151/433 98/162/434 103/163/435 92/152/436
f 103/164/437 105/165/438 100/158/439 92/161/440
f 93/160/441 96/159/442 101/166/443 94/167/444
f 107/168/445 102/169/446 97/156/447 94/155/448
f 101/166/449 106/170/450 107/171/451 94/167/452
f 100/158/453 104/172/454 101/166/455 96/159/456
f 95/151/457 99/157/458 108/173/459 98/162/460
f 108/173/461 109/174/462 103/163/463 98/162/464
f 97/156/465 102/169/466 110/175/467 99/157/468
f 110/175/469 113/176/470 108/173/471 99/157/472
f 100/158/473 105/165/474 114/177/475 104/172/476
f 104/172/477 115/178/478 106/170/479 101/166/480
f 114/177/481 117/179/482 115/178/483 104/172/484
f 103/164/485 109/180/486 114/177/487 105/165/488
f 108/173/489 113/176/490 120/181/491 109/174/492
f 120/182/493 117/179/494 114/177/495 109/180/496
f 128/183/497 125/144/498 126/145/499 124/184/500
f 126/145/501 127/146/502 132/185/503 124/184/504
f 128/183/505 133/186/506 134/149/507 125/144/508
f 137/150/509 139/187/510 132/185/511 127/146/512
f 144/188/513 140/143/514 134/149/515 133/186/516
f 137/150/517 142/141/518 147/189/519 139/187/520
f 144/188/521 148/190/522 145/142/523 140/143/524
f 145/142/525 148/190/526 147/189/527 142/141/528
f 113/176/529 122/126/530 123/128/531 120/181/532
f 117/179/533 121/136/534 118/147/535 115/178/536
f 112/129/537 102/169/538 107/168/539 111/131/540
f 119/137/541 106/170/542 115/178/543 118/147/544
f 116/123/545 122/126/546 113/176/547 110/175/548
f 112/129/549 116/123/550 110/175/551 102/169/552
f 119/137/553 111/140/554 107/171/555 106/170/556
f 123/133/557 121/136/558 117/179/559 120/182/560
f 149/191/561 150/192/562 151/193/563 152/194/564
f 150/195/565 149/196/566 153/197/567 154/198/568
f 154/198/569 153/197/570 155/199/571 156/200/572
f 156/200/573 155/199/574 157/201/575 158/202/576
f 158/202/577 157/201/578 159/203/579 160/204/580
f 160/204/581 159/203/582 161/205/583 162/206/584
f 162/206/585 161/205/586 163/207/587 164/208/588
f 164/208/589 163/207/590 152/194/591 151/193/592
f 150/192/593 166/209/594 167/210/595 151/193/596
f 152/194/597 168/211/598 165/212/599 149/191/600
f 149/196/601 165/213/602 169/214/603 153/197/604
f 154/198/605 170/215/606 166/216/607 150/195/608
f 153/197/609 169/214/610 171/217/611 155/199/612
f 156/200/613 172/218/614 170/215/615 154/198/616
f 155/199/617 171/217/618 173/219/619 157/201/620
f 158/202/621 174/220/622 172/218/623 156/200/624
f 157/201/625 173/219/626 175/221/627 159/203/628
f 160/204/629 176/222/630 174/220/631 158/202/632
f 159/203/633 175/221/634 177/223/635 161/205/636
f 162/206/637 178/224/638 176/222/639 160/204/640
f 161/205/641 177/223/642 179/225/643 163/207/644
f 164/208/645 180/226/646 178/224/647 162/206/648
f 163/207/649 179/225/650 168/211/651 152/194/652
f 151/193/653 167/210/654 180/226/655 164/208/656
f 265/227/657 266/228/658 189/229/659 190/230/660
f 264/231/661 265/227/662 190/230/663 191/232/664
f 263/233/665 264/231/666 191/232/667 192/234/668
f 262/235/669 263/236/670 192/237/671 193/238/672
f 269/239/673 262/235/674 193/238/675 194/240/676
f 268/241/677 269/239/678 194/240/679 195/242/680
f 267/243/681 268/241/682 195/242/683 196/244/684
f 266/228/685 267/245/686 196/246/687 189/229/688
f 190/230/689 189/229/690 197/247/691 198/248/692
f 191/232/693 190/230/694 198/248/695 199/249/696
f 192/234/697 191/232/698 199/249/699 200/250/700
f 193/238/701 192/237/702 200/251/703 201/252/704
f 194/240/705 193/238/706 201/252/707 202/253/708
f 195/242/709 194/240/710 202/253/711 203/254/712
f 196/244/713 195/242/714 203/254/715 204/255/716
f 189/229/717 196/246/718 204/256/719 197/247/720
f 198/248/721 197/247/722 205/257/723 206/258/724
f 199/249/725 198/248/726 206/258/727 207/259/728
f 200/250/729 199/249/730 207/259/731 208/260/732
f 201/252/733 200/251/734 208/261/735 209/262/736
f 202/253/737 201/252/738 209/262/739 210/263/740
f 203/254/741 202/253/742 210/263/743 211/264/744
f 204/255/745 203/254/746 211/264/747 212/265/748
f 197/247/749 204/256/750 212/266/751 205/257/752
f 206/258/753 205/257/754 213/267/755 214/268/756
f 207/259/757 206/258/758 214/268/759 215/269/760
f 208/260/761 207/259/762 215/269/763 216/270/764
f 209/262/765 208/261/766 216/271/767 217/272/768
f 210/263/769 209/262/770 217/272/771 218/273/772
f 211/264/773 210/263/774 218/273/775 219/274/776
f 212/265/777 211/264/778 219/274/779 220/275/780
f 205/257/781 212/266/782 220/276/783 213/267/784
f 214/268/785 213/267/786 221/277/787 222/278/788
f 215/269/789 214/268/790 222/278/791 223/279/792
f 216/270/793 215/269/794 223/279/795 224/280/796
f 217/272/797 216/271/798 224/281/799 225/282/800
f 218/273/801 217/272/802 225/282/803 226/283/804
f 219/274/805 218/273/806 226/283/807 227/284/808
f 220/275/809 219/274/810 227/284/811 228/285/812
f 213/267/813 220/276/814 228/286/815 221/277/816
f 222/278/817 221/277/818 270/287/819 271/288/820
f 223/279/821 222/278/822 271/288/823 272/289/824
f 224/280/825 223/279/826 272/289/827 273/290/828
f 225/282/829 224/281/830 273/291/831 274/292/832
f 226/283/833 225/282/834 274/292/835 275/293/836
f 227/284/837 226/283/838 275/293/839 276/294/840
f 228/285/841 227/284/842 276/294/843 277/295/844
f 221/277/845 228/286/846 277/296/847 270/287/848
f 230/297/849 229/298/850 237/299/851 238/300/852
f 231/301/853 230/297/854 238/300/855 239/302/856
f 232/303/857 231/301/858 239/302/859 240/304/860
f 233/305/861 232/306/862 240/307/863 241/308/864
f 234/309/865 233/305/866 241/308/867 242/310/868
f 235/311/869 234/309/870 242/310/871 243/312/872
f 236/313/873 235/311/874 243/312/875 244/314/876
f 229/298/877 236/315/878 244/316/879 237/299/880
f 238/300/881 237/299/882 245/317/883
f 239/302/884 238/300/885 245/317/886
f 240/304/887 239/302/888 245/317/889
f 241/308/890 240/307/891 245/318/892
f 242/310/893 241/308/894 245/318/895
f 243/312/896 242/310/897 245/318/898
f 244/314/899 243/312/900 245/318/901
f 237/299/902 244/316/903 245/317/904
f 247/319/905 246/320/906 254/321/907 255/322/908
f 248/323/909 247/319/910 255/322/911 256/324/912
f 249/325/913 248/326/914 256/327/915 257/328/916
f 250/329/917 249/325/918 257/328/919 258/330/920
f 251/331/921 250/329/922 258/330/923 259/332/924
f 252/333/925 251/331/926 259/332/927 260/334/928
f 253/335/929 252/336/930 260/337/931 261/338/932
f 246/320/933 253/335/934 261/338/935 254/321/936
f 255/322/937 254/321/938 186/339/939 185/340/940
f 256/324/941 255/322/942 185/340/943 184/341/944
f 257/328/945 256/327/946 184/342/947 183/343/948
f 258/330/949 257/328/950 183/343/951 182/344/952
f 259/332/953 258/330/954 182/344/955 181/345/956
f 260/334/957 259/332/958 181/345/959 188/346/960
f 261/338/961 260/337/962 188/347/963 187/348/964
f 254/321/965 261/338/966 187/348/967 186/339/968
f 263/236/969 262/235/970 247/319/971 248/323/972
f 264/231/973 263/233/974 248/326/975 249/325/976
f 265/227/977 264/231/978 249/325/979 250/329/980
f 266/228/981 265/227/982 250/329/983 251/331/984
f 267/245/985 266/228/986 251/331/987 252/333/988
f 268/241/989 267/243/990 252/336/991 253/335/992
f 269/239/993 268/241/994 253/335/995 246/320/996
f 262/235/997 269/239/998 246/320/999 247/319/1000
f 271/288/1001 270/287/1002 294/349/1003 295/350/1004
f 272/289/1005 271/288/1006 295/350/1007 296/351/1008
f 273/290/1009 272/289/1010 296/351/1011 297/352/1012
f 274/292/1013 273/291/1014 297/353/1015 298/354/1016
f 275/293/1017 274/292/1018 298/354/1019 299/355/1020
f 276/294/1021 275/293/1022 299/355/1023 300/356/1024
f 277/295/1025 276/294/1026 300/356/1027 301/357/1028
f 270/287/1029 277/296/1030 301/358/1031 294/349/1032
f 279/359/1033 278/360/1034 302/361/1035 303/362/1036
f 280/363/1037 279/359/1038 303/362/1039 304/364/1040
f 281/365/1041 280/363/1042 304/364/1043 305/366/1044
f 282/367/1045 281/368/1046 305/369/1047 306/370/1048
f 283/371/1049 282/367/1050 306/370/1051 307/372/1052
f 284/373/1053 283/371/1054 307/372/1055 308/374/1056
f 285/375/1057 284/373/1058 308/374/1059 309/376/1060
f 278/360/1061 285/377/1062 309/378/1063 302/361/1064
f 287/379/1065 286/380/1066 278/360/1067 279/359/1068
f 288/381/1069 287/379/1070 279/359/1071 280/363/1072
f 289/382/1073 288/381/1074 280/363/1075 281/365/1076
f 290/383/1077 289/384/1078 281/368/1079 282/367/1080
f 291/385/1081 290/383/1082 282/367/1083 283/371/1084
f 292/386/1085 291/385/1086 283/371/1087 284/373/1088
f 293/387/1089 292/386/1090 284/373/1091 285/375/1092
f 286/380/1093 293/388/1094 285/377/1095 278/360/1096
f 295/350/1097 294/349/1098 286/380/1099 287/379/1100
f 296/351/1101 295/350/1102 287/379/1103 288/381/1104
f 297/352/1105 296/351/1106 288/381/1107 289/382/1108
f 298/354/1109 297/353/1110 289/384/1111 290/383/1112
f 299/355/1113 298/354/1114 290/383/1115 291/385/1116
f 300/356/1117 299/355/1118 291/385/1119 292/386/1120
f 301/357/1121 300/356/1122 292/386/1123 293/387/1124
f 294/349/1125 301/358/1126 293/388/1127 286/380/1128
f 303/362/1129 302/361/1130 229/298/1131 230/297/1132
f 304/364/1133 303/362/1134 230/297/1135 231/301/1136
f 305/366/1137 304/364/1138 231/301/1139 232/303/1140
f 306/370/1141 305/369/1142 232/306/1143 233/305/1144
f 307/372/1145 306/370/1146 233/305/1147 234/309/1148
f 308/374/1149 307/372/1150 234/309/1151 235/311/1152
f 309/376/1153 308/374/1154 235/311/1155 236/313/1156
f 302/361/1157 309/378/1158 236/315/1159 229/298/1160
f 319/389/1161 320/390/1162 321/391/1163
f 320/390/1164 322/392/1165 321/391/1166
f 322/392/1167 323/393/1168 321/391/1169
f 323/393/1170 324/394/1171 321/391/1172
f 324/394/1173 325/395/1174 321/391/1175
f 325/395/1176 326/396/1177 321/391/1178
f 326/396/1179 327/397/1180 321/391/1181
f 327/397/1182 319/389/1183 321/391/1184
f 310/398/1185 318/399/1186 311/400/1187
f 311/400/1188 318/399/1189 312/401/1190
f 312/401/1191 318/399/1192 313/402/1193
f 313/402/1194 318/399/1195 314/403/1196
f 314/403/1197 318/399/1198 315/404/1199
f 315/404/1200 318/399/1201 316/405/1202
f 316/405/1203 318/399/1204 317/406/1205
f 317/406/1206 318/399/1207 310/398/1208
f 310/407/1209 311/408/1210 320/390/1211 319/389/1212
f 311/408/1213 312/409/1214 322/392/1215 320/390/1216
f 314/410/1217 315/411/1218 325/395/1219 324/394/1220
f 315/411/1221 316/412/1222 326/396/1223 325/395/1224
f 316/412/1225 317/413/1226 327/397/1227 326/396/1228
f 317/413/1229 310/407/1230 319/389/1231 327/397/1232
f 328/414/1233 329/415/1234 330/416/1235 331/417/1236
f 332/418/1237 333/419/1238 328/414/1239 331/417/1240
f 334/420/1241 335/421/1242 333/419/1243 332/418/1244
f 336/422/1245 337/423/1246 335/424/1247 334/425/1248
f 338/426/1249 339/427/1250 337/423/1251 336/422/1252
f 338/426/1253 340/428/1254 341/429/1255 339/427/1256
f 342/430/1257 343/431/1258 330/416/1259 329/415/1260
f 344/432/1261 343/433/1262 342/434/1263 345/435/1264
f 340/428/1265 344/432/1266 345/435/1267 341/429/1268
f 346/436/1269 347/437/1270 348/438/1271 349/439/1272
f 349/439/1273 348/438/1274 350/440/1275 351/441/1276
f 346/436/1277 349/439/1278 351/441/1279 352/442/1280
f 353/443/1281 354/444/1282 352/442/1283 351/441/1284
f 355/445/1285 356/446/1286 357/447/1287 358/448/1288
f 359/449/1289 356/446/1290 355/445/1291 360/450/1292
f 361/451/1293 356/446/1294 359/449/1295 362/452/1296
f 363/453/1297 357/447/1298 356/446/1299 361/451/1300
f 364/454/1301 365/455/1302 366/456/1303 363/453/1304
f 365/455/1305 367/457/1306 368/458/1307 366/456/1308
f 369/459/1309 370/460/1310 367/457/1311 365/455/1312
f 371/461/1313 369/459/1314 365/455/1315 364/454/1316
f 372/462/1317 373/463/1318 370/460/1319 369/459/1320
f 374/464/1321 357/447/1322 363/453/1323 366/456/1324
f 368/458/1325 375/465/1326 374/464/1327 366/456/1328
f 358/448/1329 357/447/1330 374/464/1331 376/466/1332
f 374/464/1333 375/465/1334 377/467/1335 376/466/1336
f 378/468/1337 379/469/1338 373/463/1339 372/462/1340
f 345/435/1341 342/434/1342 379/469/1343 378/468/1344
f 378/468/1345 380/470/1346 341/429/1347 345/435/1348
f 372/462/1349 381/471/1350 380/470/1351 378/468/1352
f 369/459/1353 371/461/1354 381/471/1355 372/462/1356
f 382/472/1357 381/471/1358 371/461/1359
f 383/473/1360 380/470/1361 381/471/1362 382/472/1363
f 384/474/1364 385/475/1365 382/472/1366 371/461/1367
f 385/475/1368 386/476/1369 383/473/1370 382/472/1371
f 339/427/1372 341/429/1373 380/470/1374 383/473/1375
f 339/427/1376 383/473/1377 386/476/1378 337/423/1379
f 384/474/1380 371/461/1381 387/477/1382 388/478/1383
f 389/479/1384 390/480/1385 388/478/1386 387/477/1387
f 391/481/1388 392/482/1389 390/480/1390 389/479/1391
f 393/483/1392 391/481/1393 389/479/1394 394/484/1395
f 387/477/1396 371/461/1397 394/484/1398 389/479/1399
f 393/483/1400 395/485/1401 396/486/1402 391/481/1403
f 396/486/1404 397/487/1405 392/482/1406 391/481/1407
f 398/488/1408 399/489/1409 395/485/1410 393/483/1411
f 361/451/1412 362/452/1413 398/488/1414 393/483/1415
f 400/490/1416 398/488/1417 362/452/1418
f 362/452/1419 359/449/1420 401/491/1421 400/490/1422
f 401/491/1423 359/449/1424 360/450/1425 402/492/1426
f 371/461/1427 364/454/1428 394/484/1429
f 360/450/1430 355/445/1431 354/444/1432 353/443/1433
f 402/492/1434 360/450/1435 353/443/1436 403/493/1437
f 404/494/1438 405/495/1439 406/496/1440 407/497/1441
f 347/498/1442 405/495/1443 404/494/1444 348/499/1445
f 348/499/1446 404/494/1447 407/497/1448 350/500/1449
f 408/501/1450 409/502/1451 410/503/1452 411/504/1453
f 409/502/1454 412/505/1455 413/506/1456 410/503/1457
f 413/506/1458 412/505/1459 401/507/1460 402/508/1461
f 414/509/1462 400/510/1463 401/507/1464 412/505/1465
f 414/509/1466 415/511/1467 398/512/1468 400/510/1469
f 415/511/1470 416/513/1471 399/514/1472 398/512/1473
f 417/515/1474 418/516/1475 416/513/1476 415/511/1477
f 412/505/1478 409/502/1479 419/517/1480 414/509/1481
f 419/517/1482 409/502/1483 408/501/1484 420/518/1485
f 421/519/1486 414/509/1487 419/517/1488 422/520/1489
f 422/520/1490 419/517/1491 420/518/1492 423/521/1493
f 415/511/1494 414/509/1495 421/519/1496
f 424/522/1497 408/501/1498 411/504/1499 425/523/1500
f 420/518/1501 408/501/1502 424/522/1503 426/524/1504
f 423/521/1505 420/518/1506 426/524/1507 427/525/1508
f 428/526/1509 424/522/1510 425/523/1511 429/527/1512
f 377/528/1513 375/529/1514 428/526/1515 429/527/1516
f 368/530/1517 430/531/1518 428/526/1519 375/529/1520
f 367/532/1521 431/533/1522 430/531/1523 368/530/1524
f 370/534/1525 432/535/1526 431/533/1527 367/532/1528
f 373/536/1529 433/537/1530 432/535/1531 370/534/1532
f 379/538/1533 434/539/1534 433/537/1535 373/536/1536
f 434/539/1537 435/540/1538 436/541/1539 433/537/1540
f 437/542/1541 432/535/1542 433/537/1543 436/541/1544
f 438/543/1545 436/541/1546 435/540/1547 439/544/1548
f 333/419/1549 439/544/1550 435/540/1551 328/414/1552
f 329/415/1553 328/414/1554 435/540/1555 434/539/1556
f 342/430/1557 329/415/1558 434/539/1559 379/538/1560
f 440/545/1561 438/543/1562 439/544/1563 441/546/1564
f 335/421/1565 441/546/1566 439/544/1567 333/419/1568
f 442/547/1569 443/548/1570 438/543/1571 440/545/1572
f 384/474/1573 442/549/1574 440/550/1575 385/475/1576
f 440/550/1577 441/551/1578 386/476/1579 385/475/1580
f 337/423/1581 386/476/1582 441/551/1583 335/424/1584
f 438/543/1585 443/548/1586 437/542/1587 436/541/1588
f 444/552/1589 445/553/1590 443/548/1591 442/547/1592
f 446/554/1593 445/553/1594 444/552/1595 447/555/1596
f 390/480/1597 447/556/1598 444/557/1599 388/478/1600
f 417/515/1601 446/554/1602 447/555/1603 448/558/1604
f 392/482/1605 448/559/1606 447/556/1607 390/480/1608
f 418/516/1609 417/515/1610 448/558/1611 449/560/1612
f 397/487/1613 449/561/1614 448/559/1615 392/482/1616
f 446/554/1617 417/515/1618 415/511/1619
f 421/519/1620 445/553/1621 446/554/1622
f 442/549/1623 384/474/1624 388/478/1625 444/557/1626
f 421/519/1627 422/520/1628 443/548/1629 445/553/1630
f 437/542/1631 443/548/1632 422/520/1633 423/521/1634
f 430/531/1635 426/524/1636 424/522/1637 428/526/1638
f 431/533/1639 427/525/1640 426/524/1641 430/531/1642
f 431/533/1643 432/535/1644 427/525/1645
f 450/562/1646 451/563/1647 347/437/1648 346/436/1649
f 452/564/1650 453/565/1651 352/442/1652 354/444/1653
f 358/448/1654 452/564/1655 354/444/1656 355/445/1657
f 451/566/1658 454/567/1659 405/495/1660 347/498/1661
f 455/568/1662 456/569/1663 457/570/1664 406/496/1665
f 456/569/1666 411/504/1667 410/503/1668 457/570/1669
f 455/568/1670 406/496/1671 405/495/1672 454/567/1673
f 450/562/1674 453/565/1675 458/571/1676 459/572/1677
f 458/571/1678 453/565/1679 452/564/1680 460/573/1681
f 460/573/1682 452/564/1683 358/448/1684 376/466/1685
f 459/572/1686 461/574/1687 451/563/1688 450/562/1689
f 459/572/1690 462/575/1691 461/574/1692
f 462/575/1693 459/572/1694 458/571/1695 463/576/1696
f 464/577/1697 460/573/1698 376/466/1699 377/467/1700
f 463/576/1701 458/571/1702 460/573/1703 464/577/1704
f 465/578/1705 461/579/1706 462/580/1707 466/581/1708
f 466/581/1709 462/580/1710 463/582/1711 467/583/1712
f 465/578/1713 466/581/1714 467/583/1715 468/584/1716
f 455/568/1717 454/567/1718 465/578/1719 468/584/1720
f 461/579/1721 465/578/1722 454/567/1723 451/566/1724
f 429/527/1725 425/523/1726 469/585/1727 470/586/1728
f 464/587/1729 377/528/1730 429/527/1731 470/586/1732
f 470/586/1733 469/585/1734 468/584/1735 467/583/1736
f 463/582/1737 464/587/1738 470/586/1739 467/583/1740
f 471/588/1741 472/589/1742 473/590/1743 474/591/1744
f 474/591/1745 473/590/1746 475/592/1747 476/593/1748
f 471/588/1749 474/591/1750 476/593/1751 477/594/1752
f 472/589/1753 478/595/1754 479/596/1755 473/590/1756
f 473/590/1757 479/596/1758 480/597/1759 475/592/1760
f 480/597/1761 481/598/1762 482/599/1763 475/592/1764
f 483/600/1765 482/599/1766 481/598/1767 484/601/1768
f 475/592/1769 482/599/1770 485/602/1771 476/593/1772
f 486/603/1773 485/602/1774 482/599/1775 483/600/1776
f 485/602/1777 487/604/1778 477/594/1779 476/593/1780
f 488/605/1781 487/604/1782 485/602/1783 486/603/1784
f 489/606/1785 490/607/1786 488/605/1787 486/603/1788
f 484/601/1789 491/608/1790 492/609/1791 483/600/1792
f 492/609/1793 489/606/1794 486/603/1795 483/600/1796
f 490/607/1797 489/606/1798 395/485/1799 399/489/1800
f 396/486/1801 395/485/1802 489/606/1803 492/609/1804
f 397/487/1805 396/486/1806 492/609/1807 491/608/1808
f 471/610/1809 493/611/1810 472/612/1811
f 493/611/1812 471/610/1813 477/613/1814 494/614/1815
f 478/615/1816 472/612/1817 493/611/1818 495/616/1819
f 495/616/1820 493/611/1821 494/614/1822 496/617/1823
f 495/616/1824 496/617/1825 497/618/1826 478/615/1827
f 497/619/1828 480/597/1829 479/596/1830 478/595/1831
f 498/620/1832 499/621/1833 497/618/1834 496/617/1835
f 500/622/1836 501/623/1837 499/621/1838 498/620/1839
f 497/619/1840 499/624/1841 481/598/1842 480/597/1843
f 484/601/1844 481/598/1845 499/624/1846 501/625/1847
f 502/626/1848 500/622/1849 498/620/1850 503/627/1851
f 503/627/1852 498/620/1853 496/617/1854 494/614/1855
f 488/628/1856 502/626/1857 503/627/1858 487/629/1859
f 477/613/1860 487/629/1861 503/627/1862 494/614/1863
f 504/630/1864 505/631/1865 500/622/1866 502/626/1867
f 500/622/1868 505/631/1869 506/632/1870 501/623/1871
f 490/633/1872 504/630/1873 502/626/1874 488/628/1875
f 501/625/1876 506/634/1877 491/608/1878 484/601/1879
f 505/631/1880 504/630/1881 416/513/1882 418/516/1883
f 506/632/1884 505/631/1885 418/516/1886 449/560/1887
f 490/633/1888 399/514/1889 416/513/1890 504/630/1891
f 397/487/1892 491/608/1893 506/634/1894 449/561/1895
f 507/635/1896 457/570/1897 410/503/1898 413/506/1899
f 402/508/1900 403/636/1901 507/635/1902 413/506/1903
f 407/497/1904 406/496/1905 457/570/1906 507/635/1907
f 350/500/1908 407/497/1909 507/635/1910 403/636/1911
f 353/443/1912 351/441/1913 350/440/1914 403/493/1915
f 450/562/1916 346/436/1917 352/442/1918 453/565/1919
f 469/585/1920 456/569/1921 455/568/1922 468/584/1923
f 425/523/1924 411/504/1925 456/569/1926 469/585/1927
f 361/451/1928 393/483/1929 394/484/1930
f 361/451/1931 394/484/1932 364/454/1933 363/453/1934
f 437/542/1935 423/521/1936 427/525/1937 432/535/1938
f 421/519/1939 446/554/1940 415/511/1941
f 518/637/1942 510/638/1943 508/639/1944 517/640/1945
f 509/641/1946 519/642/1947 517/640/1948 508/639/1949
f 515/643/1950 514/644/1951 511/645/1952 513/646/1953
f 514/644/1954 516/647/1955 512/648/1956 511/645/1957
f 518/637/1958 517/640/1959 514/644/1960 515/643/1961
f 517/640/1962 519/642/1963 516/647/1964 514/644/1965
f 520/649/1966 521/650/1967 819/651/1968 820/652/1969
f 521/650/1970 522/653/1971 818/654/1972 819/651/1973
f 522/653/1974 523/655/1975 817/656/1976 818/654/1977
f 523/655/1978 524/657/1979 816/658/1980 817/656/1981
f 524/657/1982 525/659/1983 815/660/1984 816/658/1985
f 525/659/1986 526/661/1987 814/662/1988 815/660/1989
f 526/661/1990 527/663/1991 813/664/1992 814/662/1993
f 527/665/1994 528/666/1995 812/667/1996 813/668/1997
f 528/666/1998 529/669/1999 811/670/2000 812/667/2001
f 529/669/2002 530/671/2003 810/672/2004 811/670/2005
f 530/671/2006 531/673/2007 809/674/2008 810/672/2009
f 531/673/2010 532/675/2011 808/676/2012 809/674/2013
f 532/675/2014 533/677/2015 823/678/2016 808/676/2017
f 533/677/2018 534/679/2019 822/680/2020 823/678/2021
f 534/679/2022 535/681/2023 821/682/2024 822/680/2025
f 535/683/2026 520/649/2027 820/652/2028 821/684/2029
f 801/685/2030 553/686/2031 552/687/2032
f 537/688/2033 538/689/2034 554/690/2035 553/686/2036
f 538/689/2037 539/691/2038 555/692/2039 554/690/2040
f 539/691/2041 540/693/2042 556/694/2043 555/692/2044
f 540/693/2045 541/695/2046 557/696/2047 556/694/2048
f 541/695/2049 542/697/2050 558/698/2051 557/696/2052
f 542/697/2053 543/699/2054 559/700/2055 558/698/2056
f 543/701/2057 544/702/2058 560/703/2059 559/704/2060
f 544/702/2061 545/705/2062 561/706/2063 560/703/2064
f 545/705/2065 546/707/2066 562/708/2067 561/706/2068
f 546/707/2069 547/709/2070 563/710/2071 562/708/2072
f 547/709/2073 548/711/2074 564/712/2075 563/710/2076
f 548/711/2077 549/713/2078 565/714/2079 564/712/2080
f 565/714/2081 795/715/2082 799/716/2083
f 804/717/2084 568/718/2085 567/719/2086
f 553/686/2087 554/690/2088 569/720/2089 568/718/2090
f 554/690/2091 555/692/2092 570/721/2093 569/720/2094
f 555/692/2095 556/694/2096 571/722/2097 570/721/2098
f 556/694/2099 557/696/2100 572/723/2101 571/722/2102
f 557/696/2103 558/698/2104 573/724/2105 572/723/2106
f 558/698/2107 559/700/2108 574/725/2109 573/724/2110
f 559/704/2111 560/703/2112 575/726/2113 574/727/2114
f 560/703/2115 561/706/2116 576/728/2117 575/726/2118
f 561/706/2119 562/708/2120 577/729/2121 576/728/2122
f 562/708/2123 563/710/2124 578/730/2125 577/729/2126
f 563/710/2127 564/712/2128 579/731/2129 578/730/2130
f 564/712/2131 565/714/2132 580/732/2133 579/731/2134
f 580/732/2135 802/733/2136 581/734/2137
f 802/733/2138 803/735/2139 582/736/2140 581/734/2141
f 803/737/2142 804/717/2143 567/719/2144 582/738/2145
f 567/719/2146 568/718/2147 625/739/2148 626/740/2149
f 568/718/2150 569/720/2151 624/741/2152 625/739/2153
f 569/720/2154 570/721/2155 623/742/2156 624/741/2157
f 570/721/2158 571/722/2159 622/743/2160 623/742/2161
f 571/722/2162 572/723/2163 621/744/2164 622/743/2165
f 572/723/2166 573/724/2167 620/745/2168 621/744/2169
f 573/724/2170 574/725/2171 619/746/2172 620/745/2173
f 574/727/2174 575/726/2175 618/747/2176 619/748/2177
f 575/726/2178 782/749/2179 617/750/2180 618/747/2181
f 782/749/2182 783/751/2183 616/752/2184 617/750/2185
f 783/751/2186 784/753/2187 615/754/2188 616/752/2189
f 784/753/2190 785/755/2191 630/756/2192 615/754/2193
f 785/755/2194 786/757/2195 629/758/2196 630/756/2197
f 786/757/2198 581/734/2199 628/759/2200 629/758/2201
f 581/734/2202 582/736/2203 627/760/2204 628/759/2205
f 582/738/2206 567/719/2207 626/740/2208 627/761/2209
f 583/762/2210 584/763/2211 600/764/2212 599/765/2213
f 584/763/2214 585/766/2215 601/767/2216 600/764/2217
f 585/766/2218 586/768/2219 602/769/2220 601/767/2221
f 586/768/2222 587/770/2223 603/771/2224 602/769/2225
f 587/770/2226 588/772/2227 604/773/2228 603/771/2229
f 588/772/2230 589/774/2231 605/775/2232 604/773/2233
f 589/774/2234 590/776/2235 606/777/2236 605/775/2237
f 590/778/2238 591/779/2239 607/780/2240 606/781/2241
f 591/779/2242 592/782/2243 608/783/2244 607/780/2245
f 592/782/2246 593/784/2247 609/785/2248 608/783/2249
f 593/784/2250 775/786/2251 776/787/2252
f 775/786/2253 611/788/2254 776/787/2255
f 595/789/2256 596/790/2257 612/791/2258 611/788/2259
f 596/790/2260 597/792/2261 613/793/2262 612/791/2263
f 597/792/2264 598/794/2265 614/795/2266 613/793/2267
f 598/796/2268 583/762/2269 599/765/2270 614/797/2271
f 616/752/2272 615/754/2273 631/798/2274 632/799/2275
f 617/750/2276 616/752/2277 632/799/2278 633/800/2279
f 618/747/2280 617/750/2281 633/800/2282 634/801/2283
f 619/748/2284 618/747/2285 634/801/2286 635/802/2287
f 620/745/2288 619/746/2289 635/803/2290 636/804/2291
f 621/744/2292 620/745/2293 636/804/2294 637/805/2295
f 622/743/2296 621/744/2297 637/805/2298 638/806/2299
f 623/742/2300 622/743/2301 638/806/2302 639/807/2303
f 624/741/2304 623/742/2305 639/807/2306 640/808/2307
f 625/739/2308 624/741/2309 640/808/2310 641/809/2311
f 626/740/2312 625/739/2313 641/809/2314 642/810/2315
f 627/761/2316 626/740/2317 642/810/2318 643/811/2319
f 628/759/2320 627/760/2321 643/812/2322 644/813/2323
f 629/758/2324 628/759/2325 644/813/2326 645/814/2327
f 630/756/2328 629/758/2329 645/814/2330 646/815/2331
f 615/754/2332 630/756/2333 646/815/2334 631/798/2335
f 632/799/2336 631/798/2337 647/816/2338 648/817/2339
f 633/800/2340 632/799/2341 648/817/2342 649/818/2343
f 634/801/2344 633/800/2345 649/818/2346 650/819/2347
f 635/802/2348 634/801/2349 650/819/2350 651/820/2351
f 636/804/2352 635/803/2353 651/821/2354 652/822/2355
f 637/805/2356 636/804/2357 652/822/2358 653/823/2359
f 638/806/2360 637/805/2361 653/823/2362 654/824/2363
f 639/807/2364 638/806/2365 654/824/2366 655/825/2367
f 640/808/2368 639/807/2369 655/825/2370 656/826/2371
f 641/809/2372 640/808/2373 656/826/2374 657/827/2375
f 642/810/2376 641/809/2377 657/827/2378 658/828/2379
f 643/811/2380 642/810/2381 658/828/2382 659/829/2383
f 644/813/2384 643/812/2385 659/830/2386 660/831/2387
f 645/814/2388 644/813/2389 660/831/2390 661/832/2391
f 646/815/2392 645/814/2393 661/832/2394 662/833/2395
f 631/798/2396 646/815/2397 662/833/2398 647/816/2399
f 648/817/2400 647/816/2401 594/834/2402 593/784/2403
f 649/818/2404 648/817/2405 593/784/2406 592/782/2407
f 650/819/2408 649/818/2409 592/782/2410 591/779/2411
f 651/820/2412 650/819/2413 591/779/2414 590/778/2415
f 652/822/2416 651/821/2417 590/776/2418 589/774/2419
f 653/823/2420 652/822/2421 589/774/2422 588/772/2423
f 654/824/2424 653/823/2425 588/772/2426 587/770/2427
f 655/825/2428 654/824/2429 587/770/2430 586/768/2431
f 656/826/2432 655/825/2433 586/768/2434 585/766/2435
f 657/827/2436 656/826/2437 585/766/2438 584/763/2439
f 658/828/2440 657/827/2441 584/763/2442 583/762/2443
f 659/829/2444 658/828/2445 583/762/2446 598/796/2447
f 660/831/2448 659/830/2449 598/794/2450 597/792/2451
f 661/832/2452 660/831/2453 597/792/2454 596/790/2455
f 662/833/2456 661/832/2457 596/790/2458 595/789/2459
f 647/816/2460 662/833/2461 595/789/2462 594/834/2463
f 599/765/2464 600/764/2465 664/835/2466 663/836/2467
f 600/764/2468 601/767/2469 665/837/2470 664/835/2471
f 601/767/2472 602/769/2473 666/838/2474 665/837/2475
f 602/769/2476 603/771/2477 667/839/2478 666/838/2479
f 603/771/2480 604/773/2481 668/840/2482 667/839/2483
f 604/773/2484 605/775/2485 669/841/2486 668/840/2487
f 605/775/2488 606/777/2489 670/842/2490 669/841/2491
f 606/781/2492 607/780/2493 671/843/2494 670/844/2495
f 607/780/2496 608/783/2497 672/845/2498 671/843/2499
f 608/783/2500 609/785/2501 673/846/2502 672/845/2503
f 609/785/2504 610/847/2505 674/848/2506 673/846/2507
f 610/847/2508 611/788/2509 675/849/2510 674/848/2511
f 611/788/2512 612/791/2513 676/850/2514 675/849/2515
f 612/791/2516 613/793/2517 677/851/2518 676/850/2519
f 613/793/2520 614/795/2521 678/852/2522 677/851/2523
f 614/797/2524 599/765/2525 663/836/2526 678/853/2527
f 663/836/2528 664/835/2529 835/854/2530 836/855/2531
f 664/835/2532 665/837/2533 834/856/2534 835/854/2535
f 665/837/2536 666/838/2537 833/857/2538 834/856/2539
f 666/838/2540 667/839/2541 832/858/2542 833/857/2543
f 667/839/2544 668/840/2545 831/859/2546 832/858/2547
f 668/840/2548 669/841/2549 830/860/2550 831/859/2551
f 669/841/2552 670/842/2553 829/861/2554 830/860/2555
f 670/844/2556 671/843/2557 828/862/2558 829/863/2559
f 671/843/2560 672/845/2561 827/864/2562 828/862/2563
f 672/845/2564 673/846/2565 826/865/2566 827/864/2567
f 673/846/2568 674/848/2569 825/866/2570 826/865/2571
f 674/848/2572 675/849/2573 824/867/2574 825/866/2575
f 675/849/2576 676/850/2577 839/868/2578 824/867/2579
f 676/850/2580 677/851/2581 838/869/2582 839/868/2583
f 677/851/2584 678/852/2585 837/870/2586 838/869/2587
f 678/853/2588 663/836/2589 836/855/2590 837/871/2591
f 679/872/2592 680/873/2593 696/874/2594 695/875/2595
f 680/873/2596 681/876/2597 697/877/2598 696/874/2599
f 681/876/2600 682/878/2601 698/879/2602 697/877/2603
f 682/878/2604 683/880/2605 699/881/2606 698/879/2607
f 683/880/2608 684/882/2609 700/883/2610 699/881/2611
f 684/882/2612 685/884/2613 701/885/2614 700/883/2615
f 685/884/2616 686/886/2617 702/887/2618 701/885/2619
f 686/888/2620 687/889/2621 703/890/2622 702/891/2623
f 687/889/2624 688/892/2625 704/893/2626 703/890/2627
f 688/892/2628 689/894/2629 705/895/2630 704/893/2631
f 689/894/2632 690/896/2633 706/897/2634 705/895/2635
f 690/896/2636 691/898/2637 707/899/2638 706/897/2639
f 691/898/2640 692/900/2641 708/901/2642 707/899/2643
f 692/900/2644 693/902/2645 709/903/2646 708/901/2647
f 693/902/2648 694/904/2649 710/905/2650 709/903/2651
f 694/906/2652 679/872/2653 695/875/2654 710/907/2655
f 695/875/2656 696/874/2657 712/908/2658 711/909/2659
f 696/874/2660 697/877/2661 713/910/2662 712/908/2663
f 697/877/2664 698/879/2665 714/911/2666 713/910/2667
f 698/879/2668 699/881/2669 715/912/2670 714/911/2671
f 699/881/2672 700/883/2673 716/913/2674 715/912/2675
f 700/883/2676 701/885/2677 717/914/2678 716/913/2679
f 701/885/2680 702/887/2681 718/915/2682 717/914/2683
f 702/891/2684 703/890/2685 719/916/2686 718/917/2687
f 703/890/2688 704/893/2689 720/918/2690 719/916/2691
f 704/893/2692 705/895/2693 721/919/2694 720/918/2695
f 705/895/2696 706/897/2697 722/920/2698 721/919/2699
f 706/897/2700 707/899/2701 723/921/2702 722/920/2703
f 707/899/2704 708/901/2705 724/922/2706 723/921/2707
f 708/901/2708 709/903/2709 725/923/2710 724/922/2711
f 709/903/2712 710/905/2713 726/924/2714 725/923/2715
f 710/907/2716 695/875/2717 711/909/2718 726/925/2719
f 711/909/2720 712/908/2721 728/926/2722 727/927/2723
f 712/908/2724 713/910/2725 729/928/2726 728/926/2727
f 713/910/2728 714/911/2729 730/929/2730 729/928/2731
f 714/911/2732 715/912/2733 731/930/2734 730/929/2735
f 715/912/2736 716/913/2737 732/931/2738 731/930/2739
f 716/913/2740 717/914/2741 733/932/2742 732/931/2743
f 717/914/2744 718/915/2745 734/933/2746 733/932/2747
f 718/917/2748 719/916/2749 735/934/2750 734/935/2751
f 719/916/2752 720/918/2753 736/936/2754 735/934/2755
f 720/918/2756 721/919/2757 737/937/2758 736/936/2759
f 721/919/2760 722/920/2761 738/938/2762 737/937/2763
f 722/920/2764 723/921/2765 739/939/2766 738/938/2767
f 723/921/2768 724/922/2769 740/940/2770 739/939/2771
f 724/922/2772 725/923/2773 741/941/2774 740/940/2775
f 725/923/2776 726/924/2777 742/942/2778 741/941/2779
f 726/925/2780 711/909/2781 727/927/2782 742/943/2783
f 727/927/2784 728/926/2785 744/944/2786 743/945/2787
f 728/926/2788 729/928/2789 745/946/2790 744/944/2791
f 729/928/2792 730/929/2793 746/947/2794 745/946/2795
f 730/929/2796 731/930/2797 747/948/2798 746/947/2799
f 731/930/2800 732/931/2801 748/949/2802 747/948/2803
f 732/931/2804 733/932/2805 749/950/2806 748/949/2807
f 733/932/2808 734/933/2809 750/951/2810 749/950/2811
f 734/935/2812 735/934/2813 751/952/2814 750/953/2815
f 735/934/2816 736/936/2817 752/954/2818 751/952/2819
f 736/936/2820 737/937/2821 753/955/2822 752/954/2823
f 737/937/2824 738/938/2825 754/956/2826 753/955/2827
f 738/938/2828 739/939/2829 755/957/2830 754/956/2831
f 739/939/2832 740/940/2833 756/958/2834 755/957/2835
f 740/940/2836 741/941/2837 757/959/2838 756/958/2839
f 741/941/2840 742/942/2841 758/960/2842 757/959/2843
f 742/943/2844 727/927/2845 743/945/2846 758/961/2847
f 760/962/2848 759/963/2849 550/964/2850 549/713/2851
f 761/965/2852 760/962/2853 549/713/2854 548/711/2855
f 762/966/2856 761/965/2857 548/711/2858 547/709/2859
f 779/967/2860 762/966/2861 547/709/2862 546/707/2863
f 778/968/2864 779/967/2865 546/707/2866 545/705/2867
f 544/702/2868 778/968/2869 545/705/2870
f 766/969/2871 765/970/2872 544/702/2873 543/701/2874
f 767/971/2875 766/972/2876 543/699/2877 542/697/2878
f 768/973/2879 767/971/2880 542/697/2881 541/695/2882
f 769/974/2883 768/973/2884 541/695/2885 540/693/2886
f 770/975/2887 769/974/2888 540/693/2889 539/691/2890
f 771/976/2891 770/975/2892 539/691/2893 538/689/2894
f 772/977/2895 771/976/2896 538/689/2897 537/688/2898
f 773/978/2899 772/977/2900 537/688/2901 536/979/2902
f 774/980/2903 773/978/2904 536/979/2905 551/981/2906
f 759/963/2907 774/982/2908 551/983/2909 550/964/2910
f 593/784/2911 777/984/2912 775/786/2913
f 777/984/2914 611/788/2915 775/786/2916
f 776/787/2917 611/788/2918 610/847/2919
f 593/784/2920 776/787/2921 610/847/2922 609/785/2923
f 593/784/2924 594/834/2925 777/984/2926
f 594/834/2927 595/789/2928 611/788/2929 777/984/2930
f 544/702/2931 780/985/2932 778/968/2933
f 780/985/2934 781/986/2935 779/967/2936 778/968/2937
f 781/986/2938 762/966/2939 779/967/2940
f 765/970/2941 764/987/2942 780/985/2943 544/702/2944
f 764/987/2945 763/988/2946 781/986/2947 780/985/2948
f 763/988/2949 762/966/2950 781/986/2951
f 575/726/2952 576/728/2953 790/989/2954
f 790/989/2955 791/990/2956 783/751/2957 782/749/2958
f 791/990/2959 792/991/2960 784/753/2961 783/751/2962
f 792/991/2963 793/992/2964 785/755/2965 784/753/2966
f 793/992/2967 794/993/2968 786/757/2969 785/755/2970
f 794/993/2971 581/734/2972 786/757/2973
f 576/728/2974 577/729/2975 787/994/2976
f 577/729/2977 578/730/2978 788/995/2979 787/994/2980
f 578/730/2981 579/731/2982 789/996/2983 788/995/2984
f 579/731/2985 580/732/2986 789/996/2987
f 576/728/2988 787/994/2989 791/990/2990 790/989/2991
f 787/994/2992 788/995/2993 792/991/2994 791/990/2995
f 788/995/2996 789/996/2997 793/992/2998 792/991/2999
f 789/996/3000 580/732/3001 794/993/3002 793/992/3003
f 580/732/3004 581/734/3005 794/993/3006
f 575/726/3007 790/989/3008 782/749/3009
f 549/713/3010 550/964/3011 795/715/3012 565/714/3013
f 550/964/3014 551/983/3015 796/997/3016 795/715/3017
f 551/981/3018 536/979/3019 797/998/3020 796/999/3021
f 536/979/3022 537/688/3023 553/686/3024 797/998/3025
f 799/716/3026 800/1000/3027 798/1001/3028 566/1002/3029
f 800/1003/3030 801/685/3031 552/687/3032 798/1004/3033
f 795/715/3034 796/997/3035 800/1000/3036 799/716/3037
f 796/999/3038 797/998/3039 801/685/3040 800/1003/3041
f 797/998/3042 553/686/3043 801/685/3044
f 565/714/3045 799/716/3046 566/1002/3047
f 580/732/3048 805/1005/3049 802/733/3050
f 803/735/3051 802/733/3052 805/1005/3053 806/1006/3054
f 806/1007/3055 807/1008/3056 804/717/3057 803/737/3058
f 807/1008/3059 568/718/3060 804/717/3061
f 565/714/3062 566/1002/3063 805/1005/3064 580/732/3065
f 806/1006/3066 805/1005/3067 566/1002/3068 798/1001/3069
f 552/687/3070 807/1008/3071 806/1007/3072 798/1004/3073
f 552/687/3074 553/686/3075 568/718/3076 807/1008/3077
f 809/674/3078 808/676/3079 761/965/3080 762/966/3081
f 810/672/3082 809/674/3083 762/966/3084 763/988/3085
f 811/670/3086 810/672/3087 763/988/3088 764/987/3089
f 812/667/3090 811/670/3091 764/987/3092 765/970/3093
f 813/668/3094 812/667/3095 765/970/3096 766/969/3097
f 814/662/3098 813/664/3099 766/972/3100 767/971/3101
f 815/660/3102 814/662/3103 767/971/3104 768/973/3105
f 816/658/3106 815/660/3107 768/973/3108 769/974/3109
f 817/656/3110 816/658/3111 769/974/3112 770/975/3113
f 818/654/3114 817/656/3115 770/975/3116 771/976/3117
f 819/651/3118 818/654/3119 771/976/3120 772/977/3121
f 820/652/3122 819/651/3123 772/977/3124 773/978/3125
f 821/684/3126 820/652/3127 773/978/3128 774/980/3129
f 822/680/3130 821/682/3131 774/982/3132 759/963/3133
f 823/678/3134 822/680/3135 759/963/3136 760/962/3137
f 808/676/3138 823/678/3139 760/962/3140 761/965/3141
f 521/650/3142 520/649/3143 878/1009/3144 879/1010/3145
f 522/653/3146 521/650/3147 879/1010/3148 880/1011/3149
f 523/655/3150 522/653/3151 880/1011/3152 881/1012/3153
f 524/657/3154 523/655/3155 881/1012/3156 882/1013/3157
f 525/659/3158 524/657/3159 882/1013/3160 883/1014/3161
f 526/661/3162 525/659/3163 883/1014/3164 884/1015/3165
f 527/663/3166 526/661/3167 884/1015/3168 885/1016/3169
f 528/666/3170 527/665/3171 885/1017/3172 886/1018/3173
f 529/669/3174 528/666/3175 886/1018/3176 887/1019/3177
f 530/671/3178 529/669/3179 887/1019/3180 888/1020/3181
f 888/1020/3182 873/1021/3183 531/673/3184 530/671/3185
f 532/675/3186 531/673/3187 873/1021/3188 874/1022/3189
f 533/677/3190 532/675/3191 874/1022/3192 875/1023/3193
f 534/679/3194 533/677/3195 875/1023/3196 876/1024/3197
f 535/681/3198 534/679/3199 876/1024/3200 877/1025/3201
f 520/649/3202 535/683/3203 877/1026/3204 878/1009/3205
f 825/866/3206 824/867/3207 691/898/3208 690/896/3209
f 826/865/3210 825/866/3211 690/896/3212 689/894/3213
f 827/864/3214 826/865/3215 689/894/3216 688/892/3217
f 828/862/3218 827/864/3219 688/892/3220 687/889/3221
f 829/863/3222 828/862/3223 687/889/3224 686/888/3225
f 830/860/3226 829/861/3227 686/886/3228 685/884/3229
f 831/859/3230 830/860/3231 685/884/3232 684/882/3233
f 832/858/3234 831/859/3235 684/882/3236 683/880/3237
f 833/857/3238 832/858/3239 683/880/3240 682/878/3241
f 834/856/3242 833/857/3243 682/878/3244 681/876/3245
f 835/854/3246 834/856/3247 681/876/3248 680/873/3249
f 836/855/3250 835/854/3251 680/873/3252 679/872/3253
f 837/871/3254 836/855/3255 679/872/3256 694/906/3257
f 838/869/3258 837/870/3259 694/904/3260 693/902/3261
f 839/868/3262 838/869/3263 693/902/3264 692/900/3265
f 824/867/3266 839/868/3267 692/900/3268 691/898/3269
f 841/1027/3270 840/1028/3271 856/1029/3272
f 842/1030/3273 841/1027/3274 856/1029/3275
f 843/1031/3276 842/1030/3277 856/1029/3278
f 844/1032/3279 843/1031/3280 856/1029/3281
f 845/1033/3282 844/1032/3283 856/1029/3284
f 846/1034/3285 845/1033/3286 856/1029/3287
f 847/1035/3288 846/1034/3289 856/1029/3290
f 848/1036/3291 847/1035/3292 856/1029/3293
f 849/1037/3294 848/1036/3295 856/1029/3296
f 850/1038/3297 849/1037/3298 856/1029/3299
f 851/1039/3300 850/1038/3301 856/1029/3302
f 852/1040/3303 851/1039/3304 856/1029/3305
f 853/1041/3306 852/1040/3307 856/1029/3308
f 854/1042/3309 853/1041/3310 856/1029/3311
f 855/1043/3312 854/1042/3313 856/1029/3314
f 840/1028/3315 855/1043/3316 856/1029/3317
f 858/1044/3318 857/1045/3319 841/1046/3320 842/1047/3321
f 859/1048/3322 858/1044/3323 842/1047/3324 843/1049/3325
f 860/1050/3326 859/1048/3327 843/1049/3328 844/1051/3329
f 861/1052/3330 860/1050/3331 844/1051/3332 845/1053/3333
f 862/1054/3334 861/1055/3335 845/1056/3336 846/1057/3337
f 863/1058/3338 862/1054/3339 846/1057/3340 847/1059/3341
f 864/1060/3342 863/1058/3343 847/1059/3344 848/1061/3345
f 865/1062/3346 864/1060/3347 848/1061/3348 849/1063/3349
f 866/1064/3350 865/1062/3351 849/1063/3352 850/1065/3353
f 867/1066/3354 866/1064/3355 850/1065/3356 851/1067/3357
f 868/1068/3358 867/1066/3359 851/1067/3360 852/1069/3361
f 869/1070/3362 868/1068/3363 852/1069/3364 853/1071/3365
f 870/1072/3366 869/1073/3367 853/1074/3368 854/1075/3369
f 871/1076/3370 870/1072/3371 854/1075/3372 855/1077/3373
f 872/1078/3374 871/1076/3375 855/1077/3376 840/1079/3377
f 857/1045/3378 872/1078/3379 840/1079/3380 841/1046/3381
f 858/1044/3382 874/1022/3383 873/1021/3384 857/1045/3385
f 859/1048/3386 875/1023/3387 874/1022/3388 858/1044/3389
f 860/1050/3390 876/1024/3391 875/1023/3392 859/1048/3393
f 861/1052/3394 877/1025/3395 876/1024/3396 860/1050/3397
f 862/1054/3398 878/1009/3399 877/1026/3400 861/1055/3401
f 863/1058/3402 879/1010/3403 878/1009/3404 862/1054/3405
f 864/1060/3406 880/1011/3407 879/1010/3408 863/1058/3409
f 865/1062/3410 881/1012/3411 880/1011/3412 864/1060/3413
f 866/1064/3414 882/1013/3415 881/1012/3416 865/1062/3417
f 867/1066/3418 883/1014/3419 882/1013/3420 866/1064/3421
f 868/1068/3422 884/1015/3423 883/1014/3424 867/1066/3425
f 869/1070/3426 885/1016/3427 884/1015/3428 868/1068/3429
f 870/1072/3430 886/1018/3431 885/1017/3432 869/1073/3433
f 871/1076/3434 887/1019/3435 886/1018/3436 870/1072/3437
f 872/1078/3438 888/1020/3439 887/1019/3440 871/1076/3441
f 857/1045/3442 873/1021/3443 888/1020/3444 872/1078/3445
f 921/1080/3446 922/1081/3447 967/1082/3448 968/1083/3449
f 960/1084/3450 961/1085/3451 927/1086/3452 928/1087/3453
f 961/1085/3454 962/1088/3455 930/1089/3456 927/1086/3457
f 962/1088/3458 963/1090/3459 932/1091/3460 930/1089/3461
f 963/1090/3462 964/1092/3463 934/1093/3464 932/1091/3465
f 964/1092/3466 965/1094/3467 936/1095/3468 934/1093/3469
f 965/1094/3470 966/1096/3471 938/1097/3472 936/1095/3473
f 922/1081/3474 938/1097/3475 966/1096/3476 967/1082/3477
f 939/1098/3478 940/1099/3479 954/1100/3480 955/1101/3481
f 943/1102/3482 939/1098/3483 955/1101/3484 956/1103/3485
f 945/1104/3486 943/1102/3487 956/1103/3488 957/1105/3489
f 947/1106/3490 945/1104/3491 957/1105/3492 958/1107/3493
f 949/1108/3494 947/1106/3495 958/1107/3496 959/1109/3497
f 960/1084/3498 928/1087/3499 949/1108/3500 959/1109/3501
f 953/1110/3502 954/1100/3503 940/1099/3504 952/1111/3505
f 921/1112/3506 968/1113/3507 953/1110/3508 952/1111/3509
f 889/1114/3510 890/1115/3511 922/1081/3512 921/1080/3513
f 891/1116/3514 892/1117/3515 924/1118/3516 923/1119/3517
f 893/1120/3518 894/1121/3519 926/1122/3520 925/1123/3521
f 895/1124/3522 896/1125/3523 928/1087/3524 927/1086/3525
f 894/1121/3526 897/1126/3527 929/1127/3528 926/1122/3529
f 898/1128/3530 895/1124/3531 927/1086/3532 930/1089/3533
f 897/1126/3534 899/1129/3535 931/1130/3536 929/1127/3537
f 900/1131/3538 898/1128/3539 930/1089/3540 932/1091/3541
f 899/1129/3542 901/1132/3543 933/1133/3544 931/1130/3545
f 902/1134/3546 900/1131/3547 932/1091/3548 934/1093/3549
f 901/1132/3550 903/1135/3551 935/1136/3552 933/1133/3553
f 904/1137/3554 902/1134/3555 934/1093/3556 936/1095/3557
f 903/1135/3558 905/1138/3559 937/1139/3560 935/1136/3561
f 906/1140/3562 904/1137/3563 936/1095/3564 938/1097/3565
f 890/1115/3566 906/1140/3567 938/1097/3568 922/1081/3569
f 905/1138/3570 891/1116/3571 923/1119/3572 937/1139/3573
f 907/1141/3574 908/1142/3575 940/1099/3576 939/1098/3577
f 909/1143/3578 910/1144/3579 942/1145/3580 941/1146/3581
f 911/1147/3582 907/1141/3583 939/1098/3584 943/1102/3585
f 910/1144/3586 912/1148/3587 944/1149/3588 942/1145/3589
f 913/1150/3590 911/1147/3591 943/1102/3592 945/1104/3593
f 912/1148/3594 914/1151/3595 946/1152/3596 944/1149/3597
f 915/1153/3598 913/1150/3599 945/1104/3600 947/1106/3601
f 914/1151/3602 916/1154/3603 948/1155/3604 946/1152/3605
f 917/1156/3606 915/1153/3607 947/1106/3608 949/1108/3609
f 916/1154/3610 918/1157/3611 950/1158/3612 948/1155/3613
f 896/1125/3614 917/1156/3615 949/1108/3616 928/1087/3617
f 918/1157/3618 893/1120/3619 925/1123/3620 950/1158/3621
f 919/1159/3622 909/1143/3623 941/1146/3624 951/1160/3625
f 908/1142/3626 920/1161/3627 952/1111/3628 940/1099/3629
f 892/1162/3630 919/1159/3631 951/1160/3632 924/1163/3633
f 920/1161/3634 889/1164/3635 921/1112/3636 952/1111/3637
f 951/1160/3638 941/1146/3639 954/1100/3640 953/1110/3641
f 955/1101/3642 954/1100/3643 941/1146/3644 942/1145/3645
f 956/1103/3646 955/1101/3647 942/1145/3648 944/1149/3649
f 957/1105/3650 956/1103/3651 944/1149/3652 946/1152/3653
f 958/1107/3654 957/1105/3655 946/1152/3656 948/1155/3657
f 959/1109/3658 958/1107/3659 948/1155/3660 950/1158/3661
f 925/1123/3662 960/1084/3663 959/1109/3664 950/1158/3665
f 925/1123/3666 926/1122/3667 961/1085/3668 960/1084/3669
f 926/1122/3670 929/1127/3671 962/1088/3672 961/1085/3673
f 929/1127/3674 931/1130/3675 963/1090/3676 962/1088/3677
f 931/1130/3678 933/1133/3679 964/1092/3680 963/1090/3681
f 933/1133/3682 935/1136/3683 965/1094/3684 964/1092/3685
f 935/1136/3686 937/1139/3687 966/1096/3688 965/1094/3689
f 967/1082/3690 966/1096/3691 937/1139/3692 923/1119/3693
f 968/1083/3694 967/1082/3695 923/1119/3696 924/1118/3697
f 953/1110/3698 968/1113/3699 924/1163/3700 951/1160/3701
f 969/1165/3702 970/1166/3703 971/1167/3704 972/1168/3705
f 973/1169/3706 974/1170/3707 975/1171/3708 976/1172/3709
f 970/1166/3710 975/1171/3711 974/1170/3712 971/1167/3713
f 977/1173/3714 970/1166/3715 969/1165/3716 978/1174/3717
f 979/1175/3718 975/1171/3719 970/1166/3720 977/1173/3721
f 976/1172/3722 975/1171/3723 979/1175/3724 980/1176/3725
f 982/1177/3726 981/1178/3727 980/1176/3728 979/1175/3729
f 983/1179/3730 982/1177/3731 979/1175/3732 977/1173/3733
f 984/1180/3734 983/1179/3735 977/1173/3736 978/1174/3737
f 985/1181/3738 984/1180/3739 978/1174/3740 969/1165/3741
f 986/1182/3742 985/1181/3743 969/1165/3744 972/1168/3745
f 987/1183/3746 986/1182/3747 972/1168/3748 971/1167/3749
f 988/1184/3750 987/1183/3751 971/1167/3752 974/1170/3753
f 989/1185/3754 988/1184/3755 974/1170/3756 973/1169/3757
f 1009/1186/3758 999/1187/3759 1004/1188/3760 1008/1189/3761
f 1002/1190/3762 1003/1191/3763 1000/1192/3764 1001/1193/3765
f 999/1187/3766 1000/1192/3767 1003/1191/3768 1004/1188/3769
f 994/1194/3770 995/1195/3771 1007/1196/3772 1010/1197/3773
f 997/1198/3774 1006/1199/3775 1007/1196/3776 995/1195/3777
f 1005/1200/3778 1006/1199/3779 997/1198/3780 996/1201/3781
f 990/1202/3782 991/1203/3783 1003/1191/3784 1002/1190/3785
f 1004/1188/3786 1003/1191/3787 991/1203/3788 998/1204/3789
f 1008/1189/3790 1004/1188/3791 998/1204/3792 992/1205/3793
f 1001/1193/3794 1000/1192/3795 1006/1199/3796 1005/1200/3797
f 1007/1196/3798 1006/1199/3799 1000/1192/3800 999/1187/3801
f 1010/1197/3802 1007/1196/3803 999/1187/3804 1009/1186/3805
f 992/1205/3806 993/1206/3807 1009/1186/3808 1008/1189/3809
f 993/1206/3810 994/1194/3811 1010/1197/3812 1009/1186/3813
f 1013/1207/3814 1014/1208/3815 1030/1209/3816 1031/1210/3817
f 1023/1211/3818 1024/1212/3819 1021/1213/3820 1022/1214/3821
f 1020/1215/3822 1021/1213/3823 1024/1212/3824 1025/1216/3825
f 1014/1208/3826 1015/1217/3827 1029/1218/3828 1030/1209/3829
f 1018/1219/3830 1027/1220/3831 1028/1221/3832 1016/1222/3833
f 1026/1223/3834 1027/1220/3835 1018/1219/3836 1017/1224/3837
f 1011/1225/3838 1012/1226/3839 1024/1212/3840 1023/1211/3841
f 1025/1216/3842 1024/1212/3843 1012/1226/3844 1019/1227/3845
f 1019/1227/3846 1013/1207/3847 1031/1210/3848 1025/1216/3849
f 1022/1214/3850 1021/1213/3851 1027/1220/3852 1026/1223/3853
f 1028/1221/3854 1027/1220/3855 1021/1213/3856 1020/1215/3857
f 1030/1209/3858 1029/1218/3859 1028/1221/3860 1020/1215/3861
f 1031/1210/3862 1030/1209/3863 1020/1215/3864 1025/1216/3865
f 1029/1218/3866 1015/1217/3867 1016/1222/3868 1028/1221/3869
f 1040/1228/3870 1034/1229/3871 1052/1230/3872 1047/1231/3873
f 1032/1232/3874 1033/1233/3875 1048/1234/3876 1049/1235/3877
f 1047/1231/3878 1048/1234/3879 1033/1233/3880 1040/1228/3881
f 1050/1236/3882 1051/1237/3883 1035/1238/3884 1036/1239/3885
f 1045/1240/3886 1042/1241/3887 1041/1242/3888 1044/1243/3889
f 1043/1244/3890 1042/1241/3891 1045/1240/3892 1046/1245/3893
f 1050/1236/3894 1036/1239/3895 1037/1246/3896 1044/1243/3897
f 1039/1247/3898 1045/1240/3899 1044/1243/3900 1037/1246/3901
f 1046/1245/3902 1045/1240/3903 1039/1247/3904 1038/1248/3905
f 1041/1242/3906 1042/1241/3907 1048/1234/3908 1047/1231/3909
f 1049/1235/3910 1048/1234/3911 1042/1241/3912 1043/1244/3913
f 1044/1243/3914 1041/1242/3915 1051/1237/3916 1050/1236/3917
f 1052/1230/3918 1051/1237/3919 1041/1242/3920 1047/1231/3921
f 1052/1230/3922 1034/1229/3923 1035/1238/3924 1051/1237/3925
f 1072/1249/3926 1062/1250/3927 1067/1251/3928 1071/1252/3929
f 1065/1253/3930 1066/1254/3931 1063/1255/3932 1064/1256/3933
f 1062/1250/3934 1063/1255/3935 1066/1254/3936 1067/1251/3937
f 1057/1257/3938 1058/1258/3939 1070/1259/3940 1073/1260/3941
f 1060/1261/3942 1069/1262/3943 1070/1259/3944 1058/1258/3945
f 1068/1263/3946 1069/1262/3947 1060/1261/3948 1059/1264/3949
f 1053/1265/3950 1054/1266/3951 1066/1254/3952 1065/1253/3953
f 1067/1251/3954 1066/1254/3955 1054/1266/3956 1061/1267/3957
f 1071/1252/3958 1067/1251/3959 1061/1267/3960 1055/1268/3961
f 1064/1256/3962 1063/1255/3963 1069/1262/3964 1068/1263/3965
f 1070/1259/3966 1069/1262/3967 1063/1255/3968 1062/1250/3969
f 1073/1260/3970 1070/1259/3971 1062/1250/3972 1072/1249/3973
f 1055/1268/3974 1056/1269/3975 1072/1249/3976 1071/1252/3977
f 1056/1269/3978 1057/1257/3979 1073/1260/3980 1072/1249/3981
f 1074/1270/3982 1077/1271/3983 1076/1272/3984 1075/1273/3985
f 1078/1274/3986 1077/1271/3987 1074/1270/3988 1079/1275/3989
f 1080/1276/3990 1078/1274/3991 1079/1275/3992 1081/1277/3993
f 1082/1278/3994 1080/1279/3995 1081/1280/3996 1083/1281/3997
f 1084/1282/3998 1082/1278/3999 1083/1281/4000 1085/1283/4001
f 1084/1282/4002 1085/1283/4003 1087/1284/4004 1086/1285/4005
f 1088/1286/4006 1075/1273/4007 1076/1272/4008 1089/1287/4009
f 1090/1288/4010 1091/1289/4011 1088/1290/4012 1089/1291/4013
f 1086/1285/4014 1087/1284/4015 1091/1289/4016 1090/1288/4017
f 1092/1292/4018 1095/1293/4019 1094/1294/4020 1093/1295/4021
f 1095/1293/4022 1097/1296/4023 1096/1297/4024 1094/1294/4025
f 1092/1292/4026 1098/1298/4027 1097/1296/4028 1095/1293/4029
f 1099/1299/4030 1097/1296/4031 1098/1298/4032 1100/1300/4033
f 1101/1301/4034 1104/1302/4035 1103/1303/4036 1102/1304/4037
f 1105/1305/4038 1106/1306/4039 1101/1301/4040 1102/1304/4041
f 1107/1307/4042 1108/1308/4043 1105/1305/4044 1102/1304/4045
f 1109/1309/4046 1107/1307/4047 1102/1304/4048 1103/1303/4049
f 1110/1310/4050 1109/1309/4051 1112/1311/4052 1111/1312/4053
f 1111/1312/4054 1112/1311/4055 1114/1313/4056 1113/1314/4057
f 1115/1315/4058 1111/1312/4059 1113/1314/4060 1116/1316/4061
f 1117/1317/4062 1110/1310/4063 1111/1312/4064 1115/1315/4065
f 1118/1318/4066 1115/1315/4067 1116/1316/4068 1119/1319/4069
f 1120/1320/4070 1112/1311/4071 1109/1309/4072 1103/1303/4073
f 1114/1313/4074 1112/1311/4075 1120/1320/4076 1121/1321/4077
f 1104/1302/4078 1122/1322/4079 1120/1320/4080 1103/1303/4081
f 1120/1320/4082 1122/1322/4083 1123/1323/4084 1121/1321/4085
f 1124/1324/4086 1118/1318/4087 1119/1319/4088 1125/1325/4089
f 1091/1289/4090 1124/1324/4091 1125/1325/4092 1088/1290/4093
f 1124/1324/4094 1091/1289/4095 1087/1284/4096 1126/1326/4097
f 1118/1318/4098 1124/1324/4099 1126/1326/4100 1127/1327/4101
f 1115/1315/4102 1118/1318/4103 1127/1327/4104 1117/1317/4105
f 1128/1328/4106 1117/1317/4107 1127/1327/4108
f 1129/1329/4109 1128/1328/4110 1127/1327/4111 1126/1326/4112
f 1130/1330/4113 1117/1317/4114 1128/1328/4115 1131/1331/4116
f 1131/1331/4117 1128/1328/4118 1129/1329/4119 1132/1332/4120
f 1085/1283/4121 1129/1329/4122 1126/1326/4123 1087/1284/4124
f 1085/1283/4125 1083/1281/4126 1132/1332/4127 1129/1329/4128
f 1130/1330/4129 1134/1333/4130 1133/1334/4131 1117/1317/4132
f 1135/1335/4133 1133/1334/4134 1134/1333/4135 1136/1336/4136
f 1137/1337/4137 1135/1335/4138 1136/1336/4139 1138/1338/4140
f 1139/1339/4141 1140/1340/4142 1135/1335/4143 1137/1337/4144
f 1133/1334/4145 1135/1335/4146 1140/1340/4147 1117/1317/4148
f 1139/1339/4149 1137/1337/4150 1142/1341/4151 1141/1342/4152
f 1142/1341/4153 1137/1337/4154 1138/1338/4155 1143/1343/4156
f 1144/1344/4157 1139/1339/4158 1141/1342/4159 1145/1345/4160
f 1107/1307/4161 1139/1339/4162 1144/1344/4163 1108/1308/4164
f 1146/1346/4165 1108/1308/4166 1144/1344/4167
f 1108/1308/4168 1146/1346/4169 1147/1347/4170 1105/1305/4171
f 1147/1347/4172 1148/1348/4173 1106/1306/4174 1105/1305/4175
f 1117/1317/4176 1140/1340/4177 1110/1310/4178
f 1106/1306/4179 1099/1299/4180 1100/1300/4181 1101/1301/4182
f 1148/1348/4183 1149/1349/4184 1099/1299/4185 1106/1306/4186
f 1150/1350/4187 1153/1351/4188 1152/1352/4189 1151/1353/4190
f 1093/1354/4191 1094/1355/4192 1150/1350/4193 1151/1353/4194
f 1094/1355/4195 1096/1356/4196 1153/1351/4197 1150/1350/4198
f 1154/1357/4199 1157/1358/4200 1156/1359/4201 1155/1360/4202
f 1155/1360/4203 1156/1359/4204 1159/1361/4205 1158/1362/4206
f 1159/1361/4207 1148/1363/4208 1147/1364/4209 1158/1362/4210
f 1160/1365/4211 1158/1362/4212 1147/1364/4213 1146/1366/4214
f 1160/1365/4215 1146/1366/4216 1144/1367/4217 1161/1368/4218
f 1161/1368/4219 1144/1367/4220 1145/1369/4221 1162/1370/4222
f 1163/1371/4223 1161/1368/4224 1162/1370/4225 1164/1372/4226
f 1158/1362/4227 1160/1365/4228 1165/1373/4229 1155/1360/4230
f 1165/1373/4231 1166/1374/4232 1154/1357/4233 1155/1360/4234
f 1167/1375/4235 1168/1376/4236 1165/1373/4237 1160/1365/4238
f 1168/1376/4239 1169/1377/4240 1166/1374/4241 1165/1373/4242
f 1161/1368/4243 1167/1375/4244 1160/1365/4245
f 1170/1378/4246 1171/1379/4247 1157/1358/4248 1154/1357/4249
f 1166/1374/4250 1172/1380/4251 1170/1378/4252 1154/1357/4253
f 1169/1377/4254 1173/1381/4255 1172/1380/4256 1166/1374/4257
f 1174/1382/4258 1175/1383/4259 1171/1379/4260 1170/1378/4261
f 1123/1384/4262 1175/1383/4263 1174/1382/4264 1121/1385/4265
f 1114/1386/4266 1121/1385/4267 1174/1382/4268 1176/1387/4269
f 1113/1388/4270 1114/1386/4271 1176/1387/4272 1177/1389/4273
f 1116/1390/4274 1113/1388/4275 1177/1389/4276 1178/1391/4277
f 1119/1392/4278 1116/1390/4279 1178/1391/4280 1179/1393/4281
f 1125/1394/4282 1119/1392/4283 1179/1393/4284 1180/1395/4285
f 1180/1395/4286 1179/1393/4287 1182/1396/4288 1181/1397/4289
f 1183/1398/4290 1182/1396/4291 1179/1393/4292 1178/1391/4293
f 1184/1399/4294 1185/1400/4295 1181/1397/4296 1182/1396/4297
f 1079/1275/4298 1074/1270/4299 1181/1397/4300 1185/1400/4301
f 1075/1273/4302 1180/1395/4303 1181/1397/4304 1074/1270/4305
f 1088/1286/4306 1125/1394/4307 1180/1395/4308 1075/1273/4309
f 1186/1401/4310 1187/1402/4311 1185/1400/4312 1184/1399/4313
f 1081/1277/4314 1079/1275/4315 1185/1400/4316 1187/1402/4317
f 1188/1403/4318 1186/1401/4319 1184/1399/4320 1189/1404/4321
f 1130/1330/4322 1131/1331/4323 1186/1405/4324 1188/1406/4325
f 1186/1405/4326 1131/1331/4327 1132/1332/4328 1187/1407/4329
f 1083/1281/4330 1081/1280/4331 1187/1407/4332 1132/1332/4333
f 1184/1399/4334 1182/1396/4335 1183/1398/4336 1189/1404/4337
f 1190/1408/4338 1188/1403/4339 1189/1404/4340 1191/1409/4341
f 1192/1410/4342 1193/1411/4343 1190/1408/4344 1191/1409/4345
f 1136/1336/4346 1134/1333/4347 1190/1412/4348 1193/1413/4349
f 1163/1371/4350 1194/1414/4351 1193/1411/4352 1192/1410/4353
f 1138/1338/4354 1136/1336/4355 1193/1413/4356 1194/1415/4357
f 1164/1372/4358 1195/1416/4359 1194/1414/4360 1163/1371/4361
f 1143/1343/4362 1138/1338/4363 1194/1415/4364 1195/1417/4365
f 1192/1410/4366 1161/1368/4367 1163/1371/4368
f 1167/1375/4369 1192/1410/4370 1191/1409/4371
f 1188/1406/4372 1190/1412/4373 1134/1333/4374 1130/1330/4375
f 1167/1375/4376 1191/1409/4377 1189/1404/4378 1168/1376/4379
f 1183/1398/4380 1169/1377/4381 1168/1376/4382 1189/1404/4383
f 1176/1387/4384 1174/1382/4385 1170/1378/4386 1172/1380/4387
f 1177/1389/4388 1176/1387/4389 1172/1380/4390 1173/1381/4391
f 1177/1389/4392 1173/1381/4393 1178/1391/4394
f 1196/1418/4395 1092/1292/4396 1093/1295/4397 1197/1419/4398
f 1198/1420/4399 1100/1300/4400 1098/1298/4401 1199/1421/4402
f 1104/1302/4403 1101/1301/4404 1100/1300/4405 1198/1420/4406
f 1197/1422/4407 1093/1354/4408 1151/1353/4409 1200/1423/4410
f 1201/1424/4411 1152/1352/4412 1203/1425/4413 1202/1426/4414
f 1202/1426/4415 1203/1425/4416 1156/1359/4417 1157/1358/4418
f 1201/1424/4419 1200/1423/4420 1151/1353/4421 1152/1352/4422
f 1196/1418/4423 1205/1427/4424 1204/1428/4425 1199/1421/4426
f 1204/1428/4427 1206/1429/4428 1198/1420/4429 1199/1421/4430
f 1206/1429/4431 1122/1322/4432 1104/1302/4433 1198/1420/4434
f 1205/1427/4435 1196/1418/4436 1197/1419/4437 1207/1430/4438
f 1205/1427/4439 1207/1430/4440 1208/1431/4441
f 1208/1431/4442 1209/1432/4443 1204/1428/4444 1205/1427/4445
f 1210/1433/4446 1123/1323/4447 1122/1322/4448 1206/1429/4449
f 1209/1432/4450 1210/1433/4451 1206/1429/4452 1204/1428/4453
f 1211/1434/4454 1212/1435/4455 1208/1436/4456 1207/1437/4457
f 1212/1435/4458 1213/1438/4459 1209/1439/4460 1208/1436/4461
f 1211/1434/4462 1214/1440/4463 1213/1438/4464 1212/1435/4465
f 1201/1424/4466 1214/1440/4467 1211/1434/4468 1200/1423/4469
f 1207/1437/4470 1197/1422/4471 1200/1423/4472 1211/1434/4473
f 1175/1383/4474 1216/1441/4475 1215/1442/4476 1171/1379/4477
f 1210/1443/4478 1216/1441/4479 1175/1383/4480 1123/1384/4481
f 1216/1441/4482 1213/1438/4483 1214/1440/4484 1215/1442/4485
f 1209/1439/4486 1213/1438/4487 1216/1441/4488 1210/1443/4489
f 1217/1444/4490 1220/1445/4491 1219/1446/4492 1218/1447/4493
f 1220/1445/4494 1222/1448/4495 1221/1449/4496 1219/1446/4497
f 1217/1444/4498 1223/1450/4499 1222/1448/4500 1220/1445/4501
f 1218/1447/4502 1219/1446/4503 1225/1451/4504 1224/1452/4505
f 1219/1446/4506 1221/1449/4507 1226/1453/4508 1225/1451/4509
f 1226/1453/4510 1221/1449/4511 1228/1454/4512 1227/1455/4513
f 1229/1456/4514 1230/1457/4515 1227/1455/4516 1228/1454/4517
f 1221/1449/4518 1222/1448/4519 1231/1458/4520 1228/1454/4521
f 1232/1459/4522 1229/1456/4523 1228/1454/4524 1231/1458/4525
f 1231/1458/4526 1222/1448/4527 1223/1450/4528 1233/1460/4529
f 1234/1461/4530 1232/1459/4531 1231/1458/4532 1233/1460/4533
f 1235/1462/4534 1232/1459/4535 1234/1461/4536 1236/1463/4537
f 1230/1457/4538 1229/1456/4539 1238/1464/4540 1237/1465/4541
f 1238/1464/4542 1229/1456/4543 1232/1459/4544 1235/1462/4545
f 1236/1463/4546 1145/1345/4547 1141/1342/4548 1235/1462/4549
f 1142/1341/4550 1238/1464/4551 1235/1462/4552 1141/1342/4553
f 1143/1343/4554 1237/1465/4555 1238/1464/4556 1142/1341/4557
f 1217/1466/4558 1218/1467/4559 1239/1468/4560
f 1239/1468/4561 1240/1469/4562 1223/1470/4563 1217/1466/4564
f 1224/1471/4565 1241/1472/4566 1239/1468/4567 1218/1467/4568
f 1241/1472/4569 1242/1473/4570 1240/1469/4571 1239/1468/4572
f 1241/1472/4573 1224/1471/4574 1243/1474/4575 1242/1473/4576
f 1243/1475/4577 1224/1452/4578 1225/1451/4579 1226/1453/4580
f 1244/1476/4581 1242/1473/4582 1243/1474/4583 1245/1477/4584
f 1246/1478/4585 1244/1476/4586 1245/1477/4587 1247/1479/4588
f 1243/1475/4589 1226/1453/4590 1227/1455/4591 1245/1480/4592
f 1230/1457/4593 1247/1481/4594 1245/1480/4595 1227/1455/4596
f 1248/1482/4597 1249/1483/4598 1244/1476/4599 1246/1478/4600
f 1249/1483/4601 1240/1469/4602 1242/1473/4603 1244/1476/4604
f 1234/1484/4605 1233/1485/4606 1249/1483/4607 1248/1482/4608
f 1223/1470/4609 1240/1469/4610 1249/1483/4611 1233/1485/4612
f 1250/1486/4613 1248/1482/4614 1246/1478/4615 1251/1487/4616
f 1246/1478/4617 1247/1479/4618 1252/1488/4619 1251/1487/4620
f 1236/1489/4621 1234/1484/4622 1248/1482/4623 1250/1486/4624
f 1247/1481/4625 1230/1457/4626 1237/1465/4627 1252/1490/4628
f 1251/1487/4629 1164/1372/4630 1162/1370/4631 1250/1486/4632
f 1252/1488/4633 1195/1416/4634 1164/1372/4635 1251/1487/4636
f 1236/1489/4637 1250/1486/4638 1162/1370/4639 1145/1369/4640
f 1143/1343/4641 1195/1417/4642 1252/1490/4643 1237/1465/4644
f 1253/1491/4645 1159/1361/4646 1156/1359/4647 1203/1425/4648
f 1148/1363/4649 1159/1361/4650 1253/1491/4651 1149/1492/4652
f 1153/1351/4653 1253/1491/4654 1203/1425/4655 1152/1352/4656
f 1096/1356/4657 1149/1492/4658 1253/1491/4659 1153/1351/4660
f 1099/1299/4661 1149/1349/4662 1096/1297/4663 1097/1296/4664
f 1196/1418/4665 1199/1421/4666 1098/1298/4667 1092/1292/4668
f 1215/1442/4669 1214/1440/4670 1201/1424/4671 1202/1426/4672
f 1171/1379/4673 1215/1442/4674 1202/1426/4675 1157/1358/4676
f 1107/1307/4677 1140/1340/4678 1139/1339/4679
f 1107/1307/4680 1109/1309/4681 1110/1310/4682 1140/1340/4683
f 1183/1398/4684 1178/1391/4685 1173/1381/4686 1169/1377/4687
f 1167/1375/4688 1161/1368/4689 1192/1410/4690
f 1398/1493/4691 1399/1494/4692 1368/1495/4693 1369/1496/4694
f 1399/1494/4695 1400/1497/4696 1367/1498/4697 1368/1495/4698
f 1257/1499/4699 1258/1500/4700 1259/1501/4701 1260/1502/4702
f 1259/1501/4703 1262/1503/4704 1261/1504/4705 1260/1502/4706
f 1266/1505/4707 1392/1506/4708 1393/1507/4709 1267/1508/4710
f 1266/1505/4711 1267/1508/4712 1390/1509/4713 1391/1510/4714
f 1371/1511/4715 1372/1512/4716 1395/1513/4717 1396/1514/4718
f 1271/1515/4719 1272/1516/4720 1273/1517/4721 1274/1518/4722
f 1275/1519/4723 1274/1518/4724 1276/1520/4725 1277/1521/4726
f 1393/1507/4727 1394/1522/4728 1373/1523/4729 1267/1508/4730
f 1397/1524/4731 1398/1493/4732 1369/1496/4733 1370/1525/4734
f 1262/1503/4735 1280/1526/4736 1279/1527/4737 1261/1504/4738
f 1276/1528/4739 1282/1529/4740 1281/1530/4741 1277/1531/4742
f 1283/1532/4743 1284/1533/4744 1285/1534/4745 1286/1535/4746
f 1372/1512/4747 1373/1523/4748 1394/1522/4749 1395/1513/4750
f 1290/1536/4751 1287/1537/4752 1288/1538/4753 1289/1539/4754
f 1549/1540/4755 1550/1541/4756 1283/1532/4757 1286/1535/4758
f 1291/1542/4759 1319/1543/4760 1320/1544/4761 1292/1545/4762
f 1321/1546/4763 1293/1547/4764 1292/1545/4765 1320/1544/4766
f 1321/1546/4767 1322/1548/4768 1294/1549/4769 1293/1547/4770
f 1294/1549/4771 1272/1516/4772 1271/1515/4773 1293/1547/4774
f 1271/1515/4775 1295/1550/4776 1292/1545/4777 1293/1547/4778
f 1291/1542/4779 1295/1550/4780 1296/1551/4781
f 1396/1552/4782 1397/1524/4783 1370/1525/4784 1371/1553/4785
f 1297/1554/4786 1298/1555/4787 1275/1519/4788 1277/1521/4789
f 1299/1556/4790 1297/1557/4791 1277/1531/4792 1281/1530/4793
f 1298/1555/4794 1296/1551/4795 1295/1550/4796 1275/1519/4797
f 1288/1538/4798 1287/1537/4799 1300/1558/4800
f 1301/1559/4801 1302/1560/4802 1284/1533/4803 1283/1532/4804
f 1302/1560/4805 1299/1556/4806 1281/1530/4807 1284/1533/4808
f 1303/1561/4809 1319/1543/4810 1291/1542/4811 1317/1562/4812
f 1290/1563/4813 1303/1564/4814 1308/1565/4815 1311/1566/4816
f 1311/1566/4817 1312/1567/4818 1287/1568/4819 1290/1563/4820
f 1313/1569/4821 1314/1570/4822 1301/1571/4823 1300/1572/4824
f 1306/1573/4825 1305/1574/4826 1299/1575/4827 1302/1576/4828
f 1299/1575/4829 1305/1574/4830 1304/1577/4831 1297/1578/4832
f 1297/1578/4833 1304/1577/4834 1307/1579/4835 1298/1580/4836
f 1298/1580/4837 1307/1579/4838 1309/1581/4839 1296/1582/4840
f 1303/1564/4841 1317/1583/4842 1318/1584/4843 1308/1565/4844
f 1314/1585/4845 1306/1573/4846 1302/1576/4847 1301/1586/4848
f 1300/1558/4849 1301/1559/4850 1283/1532/4851 1550/1541/4852
f 1274/1518/4853 1275/1519/4854 1295/1550/4855 1271/1515/4856
f 1291/1542/4857 1292/1545/4858 1295/1550/4859
f 1313/1569/4860 1300/1572/4861 1287/1568/4862 1312/1567/4863
f 1290/1563/4864 1316/1587/4865 1303/1564/4866
f 1281/1530/4867 1282/1529/4868 1285/1534/4869 1284/1533/4870
f 1316/1588/4871 1290/1536/4872 1289/1539/4873 1310/1589/4874
f 1280/1526/4875 1316/1590/4876 1310/1591/4877 1279/1527/4878
f 1318/1584/4879 1317/1583/4880 1296/1582/4881 1309/1581/4882
f 1319/1543/4883 1280/1526/4884 1262/1503/4885 1320/1544/4886
f 1259/1501/4887 1321/1546/4888 1320/1544/4889 1262/1503/4890
f 1259/1501/4891 1258/1500/4892 1322/1548/4893 1321/1546/4894
f 1303/1561/4895 1316/1590/4896 1280/1526/4897 1319/1543/4898
f 1291/1542/4899 1296/1551/4900 1317/1562/4901
f 1304/1577/4902 1305/1574/4903 1352/1592/4904 1353/1593/4905
f 1305/1574/4906 1306/1573/4907 1351/1594/4908 1352/1592/4909
f 1307/1579/4910 1304/1577/4911 1353/1593/4912 1354/1595/4913
f 1308/1565/4914 1318/1584/4915 1345/1596/4916 1346/1597/4917
f 1309/1581/4918 1307/1579/4919 1354/1595/4920 1355/1598/4921
f 1311/1566/4922 1308/1565/4923 1346/1597/4924 1347/1599/4925
f 1312/1567/4926 1311/1566/4927 1347/1599/4928 1348/1600/4929
f 1314/1570/4930 1313/1569/4931 1349/1601/4932 1350/1602/4933
f 1313/1569/4934 1312/1567/4935 1348/1600/4936 1349/1601/4937
f 1306/1573/4938 1314/1585/4939 1350/1603/4940 1351/1594/4941
f 1318/1584/4942 1309/1581/4943 1355/1598/4944 1345/1596/4945
f 1335/1604/4946 1334/1605/4947 1361/1606/4948 1362/1607/4949
f 1336/1608/4950 1335/1604/4951 1362/1607/4952 1363/1609/4953
f 1337/1610/4954 1336/1608/4955 1363/1609/4956 1364/1611/4957
f 1338/1612/4958 1337/1610/4959 1364/1611/4960 1365/1613/4961
f 1339/1614/4962 1338/1612/4963 1365/1613/4964 1366/1615/4965
f 1340/1616/4966 1339/1617/4967 1366/1618/4968 1356/1619/4969
f 1341/1620/4970 1340/1616/4971 1356/1619/4972 1357/1621/4973
f 1342/1622/4974 1341/1620/4975 1357/1621/4976 1358/1623/4977
f 1343/1624/4978 1342/1622/4979 1358/1623/4980 1359/1625/4981
f 1344/1626/4982 1343/1624/4983 1359/1625/4984 1360/1627/4985
f 1334/1605/4986 1344/1626/4987 1360/1627/4988 1361/1606/4989
f 1346/1597/4990 1345/1596/4991 1334/1605/4992 1335/1604/4993
f 1347/1599/4994 1346/1597/4995 1335/1604/4996 1336/1608/4997
f 1348/1600/4998 1347/1599/4999 1336/1608/5000 1337/1610/5001
f 1349/1601/5002 1348/1600/5003 1337/1610/5004 1338/1612/5005
f 1350/1602/5006 1349/1601/5007 1338/1612/5008 1339/1614/5009
f 1351/1594/5010 1350/1603/5011 1339/1617/5012 1340/1616/5013
f 1352/1592/5014 1351/1594/5015 1340/1616/5016 1341/1620/5017
f 1353/1593/5018 1352/1592/5019 1341/1620/5020 1342/1622/5021
f 1354/1595/5022 1353/1593/5023 1342/1622/5024 1343/1624/5025
f 1355/1598/5026 1354/1595/5027 1343/1624/5028 1344/1626/5029
f 1345/1596/5030 1355/1598/5031 1344/1626/5032 1334/1605/5033
f 1357/1621/5034 1356/1619/5035 1325/1628/5036 1324/1629/5037
f 1358/1623/5038 1357/1621/5039 1324/1629/5040 1323/1630/5041
f 1359/1625/5042 1358/1623/5043 1323/1630/5044 1326/1631/5045
f 1360/1627/5046 1359/1625/5047 1326/1631/5048 1329/1632/5049
f 1361/1606/5050 1360/1627/5051 1329/1632/5052 1328/1633/5053
f 1362/1607/5054 1361/1606/5055 1328/1633/5056 1327/1634/5057
f 1363/1609/5058 1362/1607/5059 1327/1634/5060 1330/1635/5061
f 1364/1611/5062 1363/1609/5063 1330/1635/5064 1331/1636/5065
f 1365/1613/5066 1364/1611/5067 1331/1636/5068 1332/1637/5069
f 1366/1615/5070 1365/1613/5071 1332/1637/5072 1333/1638/5073
f 1356/1619/5074 1366/1618/5075 1333/1639/5076 1325/1628/5077
f 1374/1640/5078 1375/1641/5079 1368/1495/5080 1367/1498/5081
f 1375/1641/5082 1376/1642/5083 1369/1496/5084 1368/1495/5085
f 1376/1642/5086 1377/1643/5087 1370/1525/5088 1369/1496/5089
f 1377/1643/5090 1378/1644/5091 1371/1553/5092 1370/1525/5093
f 1378/1645/5094 1379/1646/5095 1372/1512/5096 1371/1511/5097
f 1379/1646/5098 1380/1647/5099 1373/1523/5100 1372/1512/5101
f 1267/1508/5102 1373/1523/5103 1380/1647/5104 1390/1509/5105
f 1386/1648/5106 1387/1649/5107 1257/1499/5108 1260/1502/5109
f 1385/1650/5110 1386/1648/5111 1260/1502/5112 1261/1504/5113
f 1384/1651/5114 1385/1650/5115 1261/1504/5116 1279/1527/5117
f 1383/1652/5118 1384/1651/5119 1279/1527/5120 1310/1591/5121
f 1289/1539/5122 1382/1653/5123 1383/1654/5124 1310/1589/5125
f 1289/1539/5126 1288/1538/5127 1381/1655/5128 1382/1653/5129
f 1382/1653/5130 1381/1655/5131 1380/1647/5132 1379/1646/5133
f 1383/1654/5134 1382/1653/5135 1379/1646/5136 1378/1645/5137
f 1378/1644/5138 1377/1643/5139 1384/1651/5140 1383/1652/5141
f 1377/1643/5142 1376/1642/5143 1385/1650/5144 1384/1651/5145
f 1376/1642/5146 1375/1641/5147 1386/1648/5148 1385/1650/5149
f 1375/1641/5150 1374/1640/5151 1387/1649/5152 1386/1648/5153
f 1268/1656/5154 1388/1657/5155 1381/1655/5156 1288/1538/5157
f 1265/1658/5158 1389/1659/5159 1388/1657/5160 1268/1656/5161
f 1381/1655/5162 1388/1657/5163 1390/1509/5164 1380/1647/5165
f 1388/1657/5166 1389/1659/5167 1391/1510/5168 1390/1509/5169
f 1409/1660/5170 1264/1661/5171 1263/1662/5172 1408/1663/5173
f 1263/1662/5174 1270/1664/5175 1407/1665/5176 1408/1663/5177
f 1406/1666/5178 1407/1665/5179 1270/1664/5180 1315/1667/5181
f 1405/1668/5182 1406/1666/5183 1315/1667/5184 1269/1669/5185
f 1269/1670/5186 1278/1671/5187 1404/1672/5188 1405/1673/5189
f 1278/1671/5190 1254/1674/5191 1403/1675/5192 1404/1672/5193
f 1254/1674/5194 1255/1676/5195 1402/1677/5196 1403/1675/5197
f 1255/1676/5198 1256/1678/5199 1401/1679/5200 1402/1677/5201
f 1402/1677/5202 1401/1679/5203 1400/1497/5204 1399/1494/5205
f 1403/1675/5206 1402/1677/5207 1399/1494/5208 1398/1493/5209
f 1404/1672/5210 1403/1675/5211 1398/1493/5212 1397/1524/5213
f 1405/1673/5214 1404/1672/5215 1397/1524/5216 1396/1552/5217
f 1396/1514/5218 1395/1513/5219 1406/1666/5220 1405/1668/5221
f 1395/1513/5222 1394/1522/5223 1407/1665/5224 1406/1666/5225
f 1408/1663/5226 1407/1665/5227 1394/1522/5228 1393/1507/5229
f 1392/1506/5230 1409/1660/5231 1408/1663/5232 1393/1507/5233
f 1537/1680/5234 1513/1681/5235 1512/1682/5236 1538/1683/5237
f 1538/1683/5238 1512/1682/5239 1367/1684/5240 1539/1685/5241
f 1257/1686/5242 1414/1687/5243 1413/1688/5244 1258/1689/5245
f 1413/1688/5246 1414/1687/5247 1415/1690/5248 1416/1691/5249
f 1266/1692/5250 1418/1693/5251 1532/1694/5252 1392/1695/5253
f 1515/1696/5254 1535/1697/5255 1534/1698/5256 1516/1699/5257
f 1422/1700/5258 1423/1701/5259 1273/1702/5260 1272/1703/5261
f 1424/1704/5262 1426/1705/5263 1425/1706/5264 1423/1701/5265
f 1532/1694/5266 1418/1693/5267 1517/1707/5268 1533/1708/5269
f 1536/1709/5270 1514/1710/5271 1513/1681/5272 1537/1680/5273
f 1416/1691/5274 1415/1690/5275 1428/1711/5276 1429/1712/5277
f 1425/1713/5278 1426/1714/5279 1430/1715/5280 1431/1716/5281
f 1432/1717/5282 1286/1718/5283 1285/1719/5284 1433/1720/5285
f 1516/1699/5286 1534/1698/5287 1533/1708/5288 1517/1707/5289
f 1437/1721/5290 1436/1722/5291 1435/1723/5292 1434/1724/5293
f 1548/1725/5294 1549/1726/5295 1286/1718/5296 1432/1717/5297
f 1438/1727/5298 1439/1728/5299 1466/1729/5300 1465/1730/5301
f 1467/1731/5302 1466/1729/5303 1439/1728/5304 1440/1732/5305
f 1467/1731/5306 1440/1732/5307 1294/1733/5308 1322/1734/5309
f 1294/1733/5310 1440/1732/5311 1422/1700/5312 1272/1703/5313
f 1422/1700/5314 1440/1732/5315 1439/1728/5316 1441/1735/5317
f 1438/1727/5318 1442/1736/5319 1441/1735/5320
f 1535/1737/5321 1515/1738/5322 1514/1710/5323 1536/1709/5324
f 1443/1739/5325 1426/1705/5326 1424/1704/5327 1444/1740/5328
f 1445/1741/5329 1430/1715/5330 1426/1714/5331 1443/1742/5332
f 1444/1740/5333 1424/1704/5334 1441/1735/5335 1442/1736/5336
f 1446/1743/5337 1435/1723/5338 1419/1744/5339 1548/1725/5340
f 1447/1745/5341 1432/1717/5342 1433/1720/5343 1448/1746/5344
f 1448/1746/5345 1433/1720/5346 1430/1715/5347 1445/1741/5348
f 1449/1747/5349 1463/1748/5350 1438/1727/5351 1465/1730/5352
f 1437/1749/5353 1457/1750/5354 1454/1751/5355 1449/1752/5356
f 1457/1750/5357 1437/1749/5358 1434/1753/5359 1458/1754/5360
f 1459/1755/5361 1446/1756/5362 1447/1757/5363 1460/1758/5364
f 1452/1759/5365 1448/1760/5366 1445/1761/5367 1451/1762/5368
f 1445/1761/5369 1443/1763/5370 1450/1764/5371 1451/1762/5372
f 1443/1763/5373 1444/1765/5374 1453/1766/5375 1450/1764/5376
f 1444/1765/5377 1442/1767/5378 1455/1768/5379 1453/1766/5380
f 1449/1752/5381 1454/1751/5382 1464/1769/5383 1463/1770/5384
f 1460/1771/5385 1447/1772/5386 1448/1760/5387 1452/1759/5388
f 1446/1743/5389 1548/1725/5390 1432/1717/5391 1447/1745/5392
f 1423/1701/5393 1422/1700/5394 1441/1735/5395 1424/1704/5396
f 1438/1727/5397 1441/1735/5398 1439/1728/5399
f 1459/1755/5400 1458/1754/5401 1434/1753/5402 1446/1756/5403
f 1437/1749/5404 1449/1752/5405 1462/1773/5406
f 1430/1715/5407 1433/1720/5408 1285/1719/5409 1431/1716/5410
f 1462/1774/5411 1456/1775/5412 1436/1722/5413 1437/1721/5414
f 1429/1712/5415 1428/1711/5416 1456/1776/5417 1462/1777/5418
f 1464/1769/5419 1455/1768/5420 1442/1767/5421 1463/1770/5422
f 1465/1730/5423 1466/1729/5424 1416/1691/5425 1429/1712/5426
f 1413/1688/5427 1416/1691/5428 1466/1729/5429 1467/1731/5430
f 1413/1688/5431 1467/1731/5432 1322/1734/5433 1258/1689/5434
f 1449/1747/5435 1465/1730/5436 1429/1712/5437 1462/1777/5438
f 1438/1727/5439 1463/1748/5440 1442/1736/5441
f 1450/1764/5442 1498/1778/5443 1497/1779/5444 1451/1762/5445
f 1451/1762/5446 1497/1779/5447 1496/1780/5448 1452/1759/5449
f 1453/1766/5450 1499/1781/5451 1498/1778/5452 1450/1764/5453
f 1454/1751/5454 1491/1782/5455 1490/1783/5456 1464/1769/5457
f 1455/1768/5458 1500/1784/5459 1499/1781/5460 1453/1766/5461
f 1457/1750/5462 1492/1785/5463 1491/1782/5464 1454/1751/5465
f 1458/1754/5466 1493/1786/5467 1492/1785/5468 1457/1750/5469
f 1460/1758/5470 1495/1787/5471 1494/1788/5472 1459/1755/5473
f 1459/1755/5474 1494/1788/5475 1493/1786/5476 1458/1754/5477
f 1452/1759/5478 1496/1780/5479 1495/1789/5480 1460/1771/5481
f 1464/1769/5482 1490/1783/5483 1500/1784/5484 1455/1768/5485
f 1480/1790/5486 1507/1791/5487 1506/1792/5488 1479/1793/5489
f 1481/1794/5490 1508/1795/5491 1507/1791/5492 1480/1790/5493
f 1482/1796/5494 1509/1797/5495 1508/1795/5496 1481/1794/5497
f 1483/1798/5498 1510/1799/5499 1509/1797/5500 1482/1796/5501
f 1484/1800/5502 1511/1801/5503 1510/1799/5504 1483/1798/5505
f 1485/1802/5506 1501/1803/5507 1511/1804/5508 1484/1805/5509
f 1486/1806/5510 1502/1807/5511 1501/1803/5512 1485/1802/5513
f 1487/1808/5514 1503/1809/5515 1502/1807/5516 1486/1806/5517
f 1488/1810/5518 1504/1811/5519 1503/1809/5520 1487/1808/5521
f 1489/1812/5522 1505/1813/5523 1504/1811/5524 1488/1810/5525
f 1479/1793/5526 1506/1792/5527 1505/1813/5528 1489/1812/5529
f 1491/1782/5530 1480/1790/5531 1479/1793/5532 1490/1783/5533
f 1492/1785/5534 1481/1794/5535 1480/1790/5536 1491/1782/5537
f 1493/1786/5538 1482/1796/5539 1481/1794/5540 1492/1785/5541
f 1494/1788/5542 1483/1798/5543 1482/1796/5544 1493/1786/5545
f 1495/1787/5546 1484/1800/5547 1483/1798/5548 1494/1788/5549
f 1496/1780/5550 1485/1802/5551 1484/1805/5552 1495/1789/5553
f 1497/1779/5554 1486/1806/5555 1485/1802/5556 1496/1780/5557
f 1498/1778/5558 1487/1808/5559 1486/1806/5560 1497/1779/5561
f 1499/1781/5562 1488/1810/5563 1487/1808/5564 1498/1778/5565
f 1500/1784/5566 1489/1812/5567 1488/1810/5568 1499/1781/5569
f 1490/1783/5570 1479/1793/5571 1489/1812/5572 1500/1784/5573
f 1502/1807/5574 1469/1814/5575 1470/1815/5576 1501/1803/5577
f 1503/1809/5578 1468/1816/5579 1469/1814/5580 1502/1807/5581
f 1504/1811/5582 1471/1817/5583 1468/1816/5584 1503/1809/5585
f 1505/1813/5586 1474/1818/5587 1471/1817/5588 1504/1811/5589
f 1506/1792/5590 1473/1819/5591 1474/1818/5592 1505/1813/5593
f 1507/1791/5594 1472/1820/5595 1473/1819/5596 1506/1792/5597
f 1508/1795/5598 1475/1821/5599 1472/1820/5600 1507/1791/5601
f 1509/1797/5602 1476/1822/5603 1475/1821/5604 1508/1795/5605
f 1510/1799/5606 1477/1823/5607 1476/1822/5608 1509/1797/5609
f 1511/1801/5610 1478/1824/5611 1477/1823/5612 1510/1799/5613
f 1501/1803/5614 1470/1815/5615 1478/1825/5616 1511/1804/5617
f 1529/1826/5618 1414/1687/5619 1257/1686/5620 1387/1827/5621
f 1528/1828/5622 1415/1690/5623 1414/1687/5624 1529/1826/5625
f 1527/1829/5626 1428/1711/5627 1415/1690/5628 1528/1828/5629
f 1526/1830/5630 1456/1776/5631 1428/1711/5632 1527/1829/5633
f 1436/1722/5634 1456/1775/5635 1526/1831/5636 1525/1832/5637
f 1436/1722/5638 1525/1832/5639 1524/1833/5640 1435/1723/5641
f 1516/1699/5642 1517/1707/5643 1523/1834/5644 1522/1835/5645
f 1515/1696/5646 1516/1699/5647 1522/1835/5648 1521/1836/5649
f 1514/1710/5650 1515/1738/5651 1521/1837/5652 1520/1838/5653
f 1513/1681/5654 1514/1710/5655 1520/1838/5656 1519/1839/5657
f 1512/1682/5658 1513/1681/5659 1519/1839/5660 1518/1840/5661
f 1374/1841/5662 1367/1684/5663 1512/1682/5664 1518/1840/5665
f 1525/1832/5666 1522/1835/5667 1523/1834/5668 1524/1833/5669
f 1526/1831/5670 1521/1836/5671 1522/1835/5672 1525/1832/5673
f 1521/1837/5674 1526/1830/5675 1527/1829/5676 1520/1838/5677
f 1520/1838/5678 1527/1829/5679 1528/1828/5680 1519/1839/5681
f 1519/1839/5682 1528/1828/5683 1529/1826/5684 1518/1840/5685
f 1518/1840/5686 1529/1826/5687 1387/1827/5688 1374/1841/5689
f 1419/1744/5690 1435/1723/5691 1524/1833/5692 1530/1842/5693
f 1265/1843/5694 1419/1744/5695 1530/1842/5696 1389/1844/5697
f 1524/1833/5698 1523/1834/5699 1531/1845/5700 1530/1842/5701
f 1530/1842/5702 1531/1845/5703 1391/1846/5704 1389/1844/5705
f 1531/1845/5706 1523/1834/5707 1517/1707/5708 1418/1693/5709
f 1266/1692/5710 1391/1846/5711 1531/1845/5712 1418/1693/5713
f 1409/1847/5714 1547/1848/5715 1417/1849/5716 1264/1850/5717
f 1417/1849/5718 1547/1848/5719 1546/1851/5720 1421/1852/5721
f 1545/1853/5722 1461/1854/5723 1421/1852/5724 1546/1851/5725
f 1544/1855/5726 1420/1856/5727 1461/1854/5728 1545/1853/5729
f 1420/1857/5730 1544/1858/5731 1543/1859/5732 1427/1860/5733
f 1427/1860/5734 1543/1859/5735 1542/1861/5736 1410/1862/5737
f 1410/1862/5738 1542/1861/5739 1541/1863/5740 1411/1864/5741
f 1411/1864/5742 1541/1863/5743 1540/1865/5744 1412/1866/5745
f 1541/1863/5746 1538/1683/5747 1539/1685/5748 1540/1865/5749
f 1542/1861/5750 1537/1680/5751 1538/1683/5752 1541/1863/5753
f 1543/1859/5754 1536/1709/5755 1537/1680/5756 1542/1861/5757
f 1544/1858/5758 1535/1737/5759 1536/1709/5760 1543/1859/5761
f 1535/1697/5762 1544/1855/5763 1545/1853/5764 1534/1698/5765
f 1534/1698/5766 1545/1853/5767 1546/1851/5768 1533/1708/5769
f 1547/1848/5770 1532/1694/5771 1533/1708/5772 1546/1851/5773
f 1392/1695/5774 1532/1694/5775 1547/1848/5776 1409/1847/5777
f 1419/1744/5778 1265/1843/5779 1549/1726/5780 1548/1725/5781
f 1268/1656/5782 1550/1541/5783 1549/1540/5784 1265/1658/5785
f 1300/1558/5786 1550/1541/5787 1268/1656/5788 1288/1538/5789
f 1435/1723/5790 1446/1743/5791 1434/1724/5792
f 1551/1867/5793 1554/1868/5794 1553/1869/5795 1552/1870/5796
f 1555/1871/5797 1556/1872/5798 1554/1868/5799 1551/1867/5800
f 1557/1873/5801 1558/1874/5802 1556/1872/5803 1555/1871/5804
f 1559/1875/5805 1560/1876/5806 1558/1877/5807 1557/1878/5808
f 1561/1879/5809 1562/1880/5810 1560/1876/5811 1559/1875/5812
f 1563/1881/5813 1564/1882/5814 1562/1880/5815 1561/1879/5816
f 1565/1883/5817 1566/1884/5818 1564/1882/5819 1563/1881/5820
f 1552/1870/5821 1553/1869/5822 1566/1884/5823 1565/1883/5824
f 1554/1868/5825 1568/1885/5826 1567/1886/5827 1553/1869/5828
f 1556/1872/5829 1569/1887/5830 1568/1885/5831 1554/1868/5832
f 1558/1874/5833 1570/1888/5834 1569/1887/5835 1556/1872/5836
f 1560/1876/5837 1571/1889/5838 1570/1890/5839 1558/1877/5840
f 1562/1880/5841 1572/1891/5842 1571/1889/5843 1560/1876/5844
f 1564/1882/5845 1573/1892/5846 1572/1891/5847 1562/1880/5848
f 1566/1884/5849 1574/1893/5850 1573/1892/5851 1564/1882/5852
f 1553/1869/5853 1567/1886/5854 1574/1893/5855 1566/1884/5856
f 1568/1885/5857 1576/1894/5858 1575/1895/5859 1567/1886/5860
f 1569/1887/5861 1577/1896/5862 1576/1894/5863 1568/1885/5864
f 1570/1888/5865 1578/1897/5866 1577/1896/5867 1569/1887/5868
f 1571/1889/5869 1579/1898/5870 1578/1899/5871 1570/1890/5872
f 1572/1891/5873 1580/1900/5874 1579/1898/5875 1571/1889/5876
f 1573/1892/5877 1581/1901/5878 1580/1900/5879 1572/1891/5880
f 1574/1893/5881 1582/1902/5882 1581/1901/5883 1573/1892/5884
f 1567/1886/5885 1575/1895/5886 1582/1902/5887 1574/1893/5888
f 1576/1894/5889 1584/1903/5890 1583/1904/5891 1575/1895/5892
f 1577/1896/5893 1585/1905/5894 1584/1903/5895 1576/1894/5896
f 1578/1897/5897 1586/1906/5898 1585/1905/5899 1577/1896/5900
f 1579/1898/5901 1587/1907/5902 1586/1908/5903 1578/1899/5904
f 1580/1900/5905 1588/1909/5906 1587/1907/5907 1579/1898/5908
f 1581/1901/5909 1589/1910/5910 1588/1909/5911 1580/1900/5912
f 1582/1902/5913 1590/1911/5914 1589/1910/5915 1581/1901/5916
f 1575/1895/5917 1583/1904/5918 1590/1911/5919 1582/1902/5920
f 1584/1903/5921 1592/1912/5922 1591/1913/5923 1583/1904/5924
f 1585/1905/5925 1593/1914/5926 1592/1912/5927 1584/1903/5928
f 1586/1906/5929 1594/1915/5930 1593/1914/5931 1585/1905/5932
f 1587/1907/5933 1595/1916/5934 1594/1917/5935 1586/1908/5936
f 1588/1909/5937 1596/1918/5938 1595/1916/5939 1587/1907/5940
f 1589/1910/5941 1597/1919/5942 1596/1918/5943 1588/1909/5944
f 1590/1911/5945 1598/1920/5946 1597/1919/5947 1589/1910/5948
f 1583/1904/5949 1591/1913/5950 1598/1920/5951 1590/1911/5952
f 1592/1912/5953 1600/1921/5954 1599/1922/5955 1591/1913/5956
f 1593/1914/5957 1601/1923/5958 1600/1921/5959 1592/1912/5960
f 1594/1915/5961 1602/1924/5962 1601/1923/5963 1593/1914/5964
f 1595/1916/5965 1603/1925/5966 1602/1926/5967 1594/1917/5968
f 1596/1918/5969 1604/1927/5970 1603/1925/5971 1595/1916/5972
f 1597/1919/5973 1605/1928/5974 1604/1927/5975 1596/1918/5976
f 1598/1920/5977 1606/1929/5978 1605/1928/5979 1597/1919/5980
f 1591/1913/5981 1599/1922/5982 1606/1929/5983 1598/1920/5984
f 1600/1921/5985 1608/1930/5986 1607/1931/5987 1599/1922/5988
f 1601/1923/5989 1609/1932/5990 1608/1930/5991 1600/1921/5992
f 1602/1924/5993 1610/1933/5994 1609/1932/5995 1601/1923/5996
f 1603/1925/5997 1611/1934/5998 1610/1935/5999 1602/1926/6000
f 1604/1927/6001 1612/1936/6002 1611/1934/6003 1603/1925/6004
f 1605/1928/6005 1613/1937/6006 1612/1936/6007 1604/1927/6008
f 1606/1929/6009 1614/1938/6010 1613/1937/6011 1605/1928/6012
f 1599/1922/6013 1607/1931/6014 1614/1938/6015 1606/1929/6016
f 1608/1930/6017 1616/1939/6018 1615/1940/6019 1607/1931/6020
f 1609/1932/6021 1617/1941/6022 1616/1939/6023 1608/1930/6024
f 1610/1933/6025 1618/1942/6026 1617/1941/6027 1609/1932/6028
f 1611/1934/6029 1619/1943/6030 1618/1944/6031 1610/1935/6032
f 1612/1936/6033 1620/1945/6034 1619/1943/6035 1611/1934/6036
f 1613/1937/6037 1621/1946/6038 1620/1945/6039 1612/1936/6040
f 1614/1938/6041 1622/1947/6042 1621/1946/6043 1613/1937/6044
f 1607/1931/6045 1615/1940/6046 1622/1947/6047 1614/1938/6048
f 1623/1948/6049 1624/1949/6050 1667/1950/6051 1668/1951/6052
f 1624/1949/6053 1625/1952/6054 1666/1953/6055 1667/1950/6056
f 1625/1952/6057 1626/1954/6058 1665/1955/6059 1666/1953/6060
f 1626/1956/6061 1627/1957/6062 1664/1958/6063 1665/1959/6064
f 1627/1957/6065 1628/1960/6066 1663/1961/6067 1664/1958/6068
f 1628/1960/6069 1629/1962/6070 1670/1963/6071 1663/1961/6072
f 1629/1962/6073 1630/1964/6074 1669/1965/6075 1670/1963/6076
f 1630/1964/6077 1623/1948/6078 1668/1951/6079 1669/1965/6080
f 1640/1966/6081 1639/1967/6082 1719/1968/6083 1720/1969/6084
f 1641/1970/6085 1640/1966/6086 1720/1969/6087 1721/1971/6088
f 1642/1972/6089 1641/1973/6090 1721/1974/6091 1722/1975/6092
f 1643/1976/6093 1642/1972/6094 1722/1975/6095 1723/1977/6096
f 1644/1978/6097 1643/1976/6098 1723/1977/6099 1724/1979/6100
f 1645/1980/6101 1644/1978/6102 1724/1979/6103 1725/1981/6104
f 1646/1982/6105 1645/1980/6106 1725/1981/6107 1726/1983/6108
f 1639/1967/6109 1646/1982/6110 1726/1983/6111 1719/1968/6112
f 1648/1984/6113 1647/1985/6114 1662/1986/6115 1655/1987/6116
f 1649/1988/6117 1648/1984/6118 1655/1987/6119 1656/1989/6120
f 1650/1990/6121 1649/1988/6122 1656/1989/6123 1657/1991/6124
f 1651/1992/6125 1650/1990/6126 1657/1991/6127 1658/1993/6128
f 1652/1994/6129 1651/1995/6130 1658/1996/6131 1659/1997/6132
f 1653/1998/6133 1652/1994/6134 1659/1997/6135 1660/1999/6136
f 1654/2000/6137 1653/1998/6138 1660/1999/6139 1661/2001/6140
f 1647/1985/6141 1654/2000/6142 1661/2001/6143 1662/1986/6144
f 1656/1989/6145 1655/1987/6146 1646/1982/6147 1639/1967/6148
f 1657/1991/6149 1656/1989/6150 1639/1967/6151 1640/1966/6152
f 1658/1993/6153 1657/1991/6154 1640/1966/6155 1641/1970/6156
f 1659/1997/6157 1658/1996/6158 1641/1973/6159 1642/1972/6160
f 1660/1999/6161 1659/1997/6162 1642/1972/6163 1643/1976/6164
f 1661/2001/6165 1660/1999/6166 1643/1976/6167 1644/1978/6168
f 1662/1986/6169 1661/2001/6170 1644/1978/6171 1645/1980/6172
f 1655/1987/6173 1662/1986/6174 1645/1980/6175 1646/1982/6176
f 1664/1958/6177 1663/1961/6178 1649/1988/6179 1650/1990/6180
f 1665/1959/6181 1664/1958/6182 1650/1990/6183 1651/1992/6184
f 1666/1953/6185 1665/1955/6186 1651/1995/6187 1652/1994/6188
f 1667/1950/6189 1666/1953/6190 1652/1994/6191 1653/1998/6192
f 1668/1951/6193 1667/1950/6194 1653/1998/6195 1654/2000/6196
f 1669/1965/6197 1668/1951/6198 1654/2000/6199 1647/1985/6200
f 1670/1963/6201 1669/1965/6202 1647/1985/6203 1648/1984/6204
f 1663/1961/6205 1670/1963/6206 1648/1984/6207 1649/1988/6208
f 1672/2002/6209 1671/2003/6210 1637/2004/6211 1636/2005/6212
f 1673/2006/6213 1672/2002/6214 1636/2005/6215 1635/2007/6216
f 1674/2008/6217 1673/2006/6218 1635/2007/6219 1634/2009/6220
f 1675/2010/6221 1674/2011/6222 1634/2012/6223 1633/2013/6224
f 1676/2014/6225 1675/2010/6226 1633/2013/6227 1632/2015/6228
f 1677/2016/6229 1676/2014/6230 1632/2015/6231 1631/2017/6232
f 1678/2018/6233 1677/2016/6234 1631/2017/6235 1638/2019/6236
f 1671/2003/6237 1678/2018/6238 1638/2019/6239 1637/2004/6240
f 1631/2017/6241 1632/2015/6242 1679/2020/6243 1680/2021/6244
f 1632/2015/6245 1633/2013/6246 1681/2022/6247 1679/2020/6248
f 1633/2013/6249 1634/2012/6250 1682/2023/6251 1681/2022/6252
f 1634/2009/6253 1635/2007/6254 1683/2024/6255 1682/2025/6256
f 1635/2007/6257 1636/2005/6258 1684/2026/6259 1683/2024/6260
f 1636/2005/6261 1637/2004/6262 1685/2027/6263 1684/2026/6264
f 1637/2004/6265 1638/2019/6266 1686/2028/6267 1685/2027/6268
f 1638/2019/6269 1631/2017/6270 1680/2021/6271 1686/2028/6272
f 1680/2021/6273 1679/2020/6274 1687/2029/6275 1688/2030/6276
f 1679/2020/6277 1681/2022/6278 1689/2031/6279 1687/2029/6280
f 1681/2022/6281 1682/2023/6282 1690/2032/6283 1689/2031/6284
f 1682/2025/6285 1683/2024/6286 1691/2033/6287 1690/2034/6288
f 1683/2024/6289 1684/2026/6290 1692/2035/6291 1691/2033/6292
f 1684/2026/6293 1685/2027/6294 1693/2036/6295 1692/2035/6296
f 1685/2027/6297 1686/2028/6298 1694/2037/6299 1693/2036/6300
f 1686/2028/6301 1680/2021/6302 1688/2030/6303 1694/2037/6304
f 1688/2030/6305 1687/2029/6306 1695/2038/6307 1696/2039/6308
f 1687/2029/6309 1689/2031/6310 1697/2040/6311 1695/2038/6312
f 1689/2031/6313 1690/2032/6314 1698/2041/6315 1697/2040/6316
f 1690/2034/6317 1691/2033/6318 1699/2042/6319 1698/2043/6320
f 1691/2033/6321 1692/2035/6322 1700/2044/6323 1699/2042/6324
f 1692/2035/6325 1693/2036/6326 1701/2045/6327 1700/2044/6328
f 1693/2036/6329 1694/2037/6330 1702/2046/6331 1701/2045/6332
f 1694/2037/6333 1688/2030/6334 1696/2039/6335 1702/2046/6336
f 1696/2039/6337 1695/2038/6338 1703/2047/6339 1704/2048/6340
f 1695/2038/6341 1697/2040/6342 1705/2049/6343 1703/2047/6344
f 1697/2040/6345 1698/2041/6346 1706/2050/6347 1705/2049/6348
f 1698/2043/6349 1699/2042/6350 1707/2051/6351 1706/2052/6352
f 1699/2042/6353 1700/2044/6354 1708/2053/6355 1707/2051/6356
f 1700/2044/6357 1701/2045/6358 1709/2054/6359 1708/2053/6360
f 1701/2045/6361 1702/2046/6362 1710/2055/6363 1709/2054/6364
f 1702/2046/6365 1696/2039/6366 1704/2048/6367 1710/2055/6368
f 1704/2048/6369 1703/2047/6370 1711/2056/6371 1712/2057/6372
f 1703/2047/6373 1705/2049/6374 1713/2058/6375 1711/2056/6376
f 1705/2049/6377 1706/2050/6378 1714/2059/6379 1713/2058/6380
f 1706/2052/6381 1707/2051/6382 1715/2060/6383 1714/2061/6384
f 1707/2051/6385 1708/2053/6386 1716/2062/6387 1715/2060/6388
f 1708/2053/6389 1709/2054/6390 1717/2063/6391 1716/2062/6392
f 1709/2054/6393 1710/2055/6394 1718/2064/6395 1717/2063/6396
f 1710/2055/6397 1704/2048/6398 1712/2057/6399 1718/2064/6400
f 1712/2057/6401 1711/2056/6402 1551/1867/6403 1552/1870/6404
f 1711/2056/6405 1713/2058/6406 1555/1871/6407 1551/1867/6408
f 1713/2058/6409 1714/2059/6410 1557/1873/6411 1555/1871/6412
f 1714/2061/6413 1715/2060/6414 1559/1875/6415 1557/1878/6416
f 1715/2060/6417 1716/2062/6418 1561/1879/6419 1559/1875/6420
f 1716/2062/6421 1717/2063/6422 1563/1881/6423 1561/1879/6424
f 1717/2063/6425 1718/2064/6426 1565/1883/6427 1563/1881/6428
f 1718/2064/6429 1712/2057/6430 1552/1870/6431 1565/1883/6432
f 1720/1969/6433 1719/1968/6434 1727/2065/6435 1728/2066/6436
f 1721/1971/6437 1720/1969/6438 1728/2066/6439 1729/2067/6440
f 1722/1975/6441 1721/1974/6442 1729/2068/6443 1730/2069/6444
f 1723/1977/6445 1722/1975/6446 1730/2069/6447 1731/2070/6448
f 1724/1979/6449 1723/1977/6450 1731/2070/6451 1732/2071/6452
f 1725/1981/6453 1724/1979/6454 1732/2071/6455 1733/2072/6456
f 1726/1983/6457 1725/1981/6458 1733/2072/6459 1734/2073/6460
f 1719/1968/6461 1726/1983/6462 1734/2073/6463 1727/2065/6464
f 1728/2066/6465 1727/2065/6466 1735/2074/6467 1736/2075/6468
f 1729/2067/6469 1728/2066/6470 1736/2075/6471 1737/2076/6472
f 1730/2069/6473 1729/2068/6474 1737/2077/6475 1738/2078/6476
f 1731/2070/6477 1730/2069/6478 1738/2078/6479 1739/2079/6480
f 1732/2071/6481 1731/2070/6482 1739/2079/6483 1740/2080/6484
f 1733/2072/6485 1732/2071/6486 1740/2080/6487 1741/2081/6488
f 1734/2073/6489 1733/2072/6490 1741/2081/6491 1742/2082/6492
f 1727/2065/6493 1734/2073/6494 1742/2082/6495 1735/2074/6496
f 1736/2075/6497 1735/2074/6498 1672/2002/6499 1673/2006/6500
f 1737/2076/6501 1736/2075/6502 1673/2006/6503 1674/2008/6504
f 1738/2078/6505 1737/2077/6506 1674/2011/6507 1675/2010/6508
f 1739/2079/6509 1738/2078/6510 1675/2010/6511 1676/2014/6512
f 1740/2080/6513 1739/2079/6514 1676/2014/6515 1677/2016/6516
f 1741/2081/6517 1740/2080/6518 1677/2016/6519 1678/2018/6520
f 1742/2082/6521 1741/2081/6522 1678/2018/6523 1671/2003/6524
f 1735/2074/6525 1742/2082/6526 1671/2003/6527 1672/2002/6528
f 1743/2083/6529 1757/2084/6530 1763/2085/6531 1760/2086/6532
f 1757/2084/6533 1744/2087/6534 1758/2088/6535 1763/2085/6536
f 1763/2089/6537 1758/2090/6538 1746/2091/6539 1759/2092/6540
f 1760/2093/6541 1763/2089/6542 1759/2092/6543 1745/2094/6544
f 1745/2094/6545 1759/2092/6546 1764/2095/6547 1751/2096/6548
f 1759/2092/6549 1746/2091/6550 1761/2097/6551 1764/2095/6552
f 1764/2095/6553 1761/2097/6554 1748/2098/6555 1762/2099/6556
f 1751/2096/6557 1764/2095/6558 1762/2099/6559 1747/2100/6560
f 1747/2100/6561 1762/2099/6562 1765/2101/6563 1754/2102/6564
f 1762/2099/6565 1748/2098/6566 1752/2103/6567 1765/2101/6568
f 1765/2104/6569 1752/2105/6570 1750/2106/6571 1753/2107/6572
f 1754/2108/6573 1765/2104/6574 1753/2107/6575 1749/2109/6576
f 1749/2109/6577 1753/2107/6578 1766/2110/6579 1756/2111/6580
f 1753/2107/6581 1750/2106/6582 1755/2112/6583 1766/2110/6584
f 1766/2110/6585 1755/2112/6586 1744/2087/6587 1757/2084/6588
f 1756/2111/6589 1766/2110/6590 1757/2084/6591 1743/2083/6592
f 1744/2087/6593 1755/2112/6594 1767/2113/6595 1758/2088/6596
f 1755/2112/6597 1750/2106/6598 1752/2105/6599 1767/2113/6600
f 1767/2114/6601 1752/2103/6602 1748/2098/6603 1761/2097/6604
f 1758/2090/6605 1767/2114/6606 1761/2097/6607 1746/2091/6608
f 1749/2109/6609 1756/2111/6610 1768/2115/6611 1754/2108/6612
f 1756/2111/6613 1743/2083/6614 1760/2086/6615 1768/2115/6616
f 1768/2116/6617 1760/2093/6618 1745/2094/6619 1751/2096/6620
f 1754/2102/6621 1768/2116/6622 1751/2096/6623 1747/2100/6624
f 1803/2117/6625 1866/2118/6626 1867/2119/6627 1859/2120/6628
f 1818/2121/6629 1869/2122/6630 1870/2123/6631 1800/2124/6632
f 1800/2124/6633 1870/2123/6634 1871/2125/6635 1805/2126/6636
f 1834/2127/6637 1873/2128/6638 1874/2129/6639 1802/2130/6640
f 1805/2126/6641 1871/2125/6642 1872/2131/6643 1799/2132/6644
f 1864/2133/6645 1812/2134/6646 1817/2135/6647 1863/2136/6648
f 1810/2137/6649 1809/2138/6650 1837/2139/6651 1838/2140/6652
f 1858/2141/6653 1796/2142/6654 1827/2143/6655 1857/2144/6656
f 1819/2145/6657 1828/2146/6658 1829/2147/6659 1798/2148/6660
f 1798/2148/6661 1829/2147/6662 1830/2149/6663 1804/2150/6664
f 1835/2151/6665 1836/2152/6666 1832/2153/6667 1797/2154/6668
f 1874/2129/6669 1875/2155/6670 1833/2156/6671 1802/2130/6672
f 1803/2117/6673 1826/2157/6674 1865/2158/6675 1866/2118/6676
f 1804/2150/6677 1830/2149/6678 1831/2159/6679 1801/2160/6680
f 1811/2161/6681 1876/2162/6682 1877/2163/6683 1816/2164/6684
f 1927/2165/6685 1928/2166/6686 1770/2167/6687 1823/2168/6688
f 1862/2169/6689 1780/2170/6690 1771/2171/6691 1821/2172/6692
f 1825/2173/6693 1841/2174/6694 1778/2175/6695 1772/2176/6696
f 1839/2177/6697 1777/2178/6698 1773/2179/6699
f 1825/2173/6700 1772/2176/6701 1779/2180/6702 1844/2181/6703
f 1823/2168/6704 1770/2167/6705 1776/2182/6706 1822/2183/6707
f 1861/2184/6708 1862/2169/6709 1821/2172/6710 1848/2185/6711
f 1823/2168/6712 1822/2183/6713 1820/2186/6714
f 1926/2187/6715 1927/2165/6716 1823/2168/6717 1846/2188/6718
f 1863/2136/6719 1817/2135/6720 1775/2189/6721 1781/2190/6722
f 1838/2140/6723 1852/2191/6724 1810/2137/6725
f 1815/2192/6726 1850/2193/6727 1851/2194/6728 1843/2195/6729
f 1840/2196/6730 1849/2197/6731 1850/2193/6732 1815/2192/6733
f 1865/2158/6734 1826/2157/6735 1812/2134/6736 1864/2133/6737
f 1827/2143/6738 1806/2198/6739 1856/2199/6740 1857/2144/6741
f 1934/2200/6742 1930/2201/6743 1808/2202/6744 1929/2203/6745
f 1808/2202/6746 1932/2204/6747 1933/2205/6748 1929/2203/6749
f 1832/2153/6750 1836/2152/6751 1837/2139/6752 1809/2138/6753
f 1833/2156/6754 1875/2155/6755 1876/2162/6756 1811/2161/6757
f 1799/2132/6758 1872/2131/6759 1873/2128/6760 1834/2127/6761
f 1801/2160/6762 1831/2159/6763 1836/2152/6764 1835/2151/6765
f 1837/2139/6766 1836/2152/6767 1831/2159/6768 1842/2206/6769
f 1838/2140/6770 1837/2139/6771 1842/2206/6772 1843/2195/6773
f 1843/2195/6774 1851/2194/6775 1852/2191/6776 1838/2140/6777
f 1844/2181/6778 1779/2180/6779 1777/2178/6780 1839/2177/6781
f 1930/2201/6782 1935/2207/6783 1931/2208/6784 1808/2202/6785
f 1841/2174/6786 1849/2197/6787 1848/2185/6788 1821/2172/6789
f 1778/2175/6790 1841/2174/6791 1821/2172/6792 1771/2171/6793
f 1845/2209/6794 1828/2146/6795 1853/2210/6796 1847/2211/6797
f 1856/2199/6798 1926/2187/6799 1846/2188/6800
f 1807/2212/6801 1829/2147/6802 1828/2146/6803 1845/2209/6804
f 1807/2212/6805 1845/2209/6806 1814/2213/6807 1840/2196/6808
f 1814/2213/6809 1845/2209/6810 1847/2211/6811 1860/2214/6812
f 1848/2185/6813 1814/2213/6814 1860/2214/6815 1861/2184/6816
f 1850/2193/6817 1849/2197/6818 1841/2174/6819 1825/2173/6820
f 1850/2193/6821 1825/2173/6822 1844/2181/6823 1851/2194/6824
f 1839/2177/6825 1852/2191/6826 1851/2194/6827 1844/2181/6828
f 1810/2137/6829 1852/2191/6830 1839/2177/6831 1773/2179/6832
f 1816/2164/6833 1877/2163/6834 1782/2215/6835 1774/2216/6836
f 1814/2213/6837 1848/2185/6838 1849/2197/6839 1840/2196/6840
f 1828/2146/6841 1819/2145/6842 1854/2217/6843 1853/2210/6844
f 1869/2122/6845 1818/2121/6846 1855/2218/6847 1868/2219/6848
f 1847/2211/6849 1856/2199/6850 1846/2188/6851 1860/2214/6852
f 1857/2144/6853 1856/2199/6854 1847/2211/6855 1853/2210/6856
f 1854/2217/6857 1858/2141/6858 1857/2144/6859 1853/2210/6860
f 1859/2120/6861 1867/2119/6862 1868/2219/6863 1855/2218/6864
f 1861/2184/6865 1860/2214/6866 1846/2188/6867 1820/2186/6868
f 1820/2186/6869 1822/2183/6870 1862/2169/6871 1861/2184/6872
f 1776/2182/6873 1780/2170/6874 1862/2169/6875 1822/2183/6876
f 1769/2220/6877 1824/2221/6878 1781/2222/6879
f 1813/2223/6880 1863/2224/6881 1781/2222/6882 1824/2221/6883
f 1806/2198/6884 1864/2225/6885 1863/2224/6886 1813/2223/6887
f 1827/2143/6888 1865/2226/6889 1864/2225/6890 1806/2198/6891
f 1866/2227/6892 1865/2226/6893 1827/2143/6894 1796/2142/6895
f 1867/2228/6896 1866/2229/6897 1796/2142/6898 1858/2141/6899
f 1868/2230/6900 1867/2228/6901 1858/2141/6902 1854/2217/6903
f 1819/2145/6904 1869/2231/6905 1868/2230/6906 1854/2217/6907
f 1870/2232/6908 1869/2231/6909 1819/2145/6910 1798/2148/6911
f 1871/2233/6912 1870/2232/6913 1798/2148/6914 1804/2150/6915
f 1872/2234/6916 1871/2233/6917 1804/2150/6918 1801/2160/6919
f 1873/2235/6920 1872/2234/6921 1801/2160/6922 1835/2151/6923
f 1874/2236/6924 1873/2235/6925 1835/2151/6926 1797/2154/6927
f 1797/2154/6928 1832/2153/6929 1875/2237/6930 1874/2238/6931
f 1876/2239/6932 1875/2237/6933 1832/2153/6934 1809/2138/6935
f 1876/2239/6936 1809/2138/6937 1810/2137/6938 1877/2240/6939
f 1773/2179/6940 1782/2241/6941 1877/2240/6942 1810/2137/6943
f 1803/2117/6944 1859/2120/6945 1882/2242/6946 1881/2243/6947
f 1818/2121/6948 1800/2124/6949 1885/2244/6950 1884/2245/6951
f 1800/2124/6952 1805/2126/6953 1886/2246/6954 1885/2244/6955
f 1834/2127/6956 1802/2130/6957 1889/2247/6958 1888/2248/6959
f 1805/2126/6960 1799/2132/6961 1887/2249/6962 1886/2246/6963
f 1879/2250/6964 1878/2251/6965 1817/2135/6966 1812/2134/6967
f 1889/2247/6968 1802/2130/6969 1833/2156/6970 1890/2252/6971
f 1803/2117/6972 1881/2243/6973 1880/2253/6974 1826/2157/6975
f 1811/2161/6976 1816/2164/6977 1892/2254/6978 1891/2255/6979
f 1878/2251/6980 1783/2256/6981 1775/2189/6982 1817/2135/6983
f 1880/2253/6984 1879/2250/6985 1812/2134/6986 1826/2157/6987
f 1833/2156/6988 1811/2161/6989 1891/2255/6990 1890/2252/6991
f 1799/2132/6992 1834/2127/6993 1888/2248/6994 1887/2249/6995
f 1816/2164/6996 1774/2216/6997 1784/2257/6998 1892/2254/6999
f 1884/2245/7000 1883/2258/7001 1855/2218/7002 1818/2121/7003
f 1859/2120/7004 1855/2218/7005 1883/2258/7006 1882/2242/7007
f 1878/2251/7008 1893/2259/7009 1785/2260/7010 1783/2256/7011
f 1879/2250/7012 1894/2261/7013 1893/2259/7014 1878/2251/7015
f 1880/2253/7016 1895/2262/7017 1894/2261/7018 1879/2250/7019
f 1881/2243/7020 1896/2263/7021 1895/2262/7022 1880/2253/7023
f 1882/2242/7024 1897/2264/7025 1896/2263/7026 1881/2243/7027
f 1883/2258/7028 1898/2265/7029 1897/2264/7030 1882/2242/7031
f 1884/2245/7032 1899/2266/7033 1898/2265/7034 1883/2258/7035
f 1885/2244/7036 1900/2267/7037 1899/2266/7038 1884/2245/7039
f 1886/2246/7040 1901/2268/7041 1900/2267/7042 1885/2244/7043
f 1887/2249/7044 1902/2269/7045 1901/2268/7046 1886/2246/7047
f 1888/2248/7048 1903/2270/7049 1902/2269/7050 1887/2249/7051
f 1889/2247/7052 1904/2271/7053 1903/2270/7054 1888/2248/7055
f 1890/2252/7056 1905/2272/7057 1904/2271/7058 1889/2247/7059
f 1891/2255/7060 1906/2273/7061 1905/2272/7062 1890/2252/7063
f 1892/2254/7064 1907/2274/7065 1906/2273/7066 1891/2255/7067
f 1784/2257/7068 1786/2275/7069 1907/2274/7070 1892/2254/7071
f 1915/2276/7072 1923/2277/7073 1922/2278/7074 1914/2279/7075
f 1897/2264/7076 1908/2280/7077 1924/2281/7078 1896/2263/7079
f 1898/2265/7080 1909/2282/7081 1908/2280/7082 1897/2264/7083
f 1899/2266/7084 1910/2283/7085 1909/2282/7086 1898/2265/7087
f 1900/2267/7088 1911/2284/7089 1910/2283/7090 1899/2266/7091
f 1901/2268/7092 1912/2285/7093 1911/2284/7094 1900/2267/7095
f 1902/2269/7096 1913/2286/7097 1912/2285/7098 1901/2268/7099
f 1903/2270/7100 1914/2279/7101 1913/2286/7102 1902/2269/7103
f 1909/2282/7104 1917/2287/7105 1916/2288/7106 1908/2280/7107
f 1910/2283/7108 1918/2289/7109 1917/2287/7110 1909/2282/7111
f 1911/2284/7112 1919/2290/7113 1918/2289/7114 1910/2283/7115
f 1912/2285/7116 1920/2291/7117 1919/2290/7118 1911/2284/7119
f 1913/2286/7120 1921/2292/7121 1920/2291/7122 1912/2285/7123
f 1914/2279/7124 1922/2278/7125 1921/2292/7126 1913/2286/7127
f 1904/2271/7128 1915/2276/7129 1914/2279/7130 1903/2270/7131
f 1906/2273/7132 1915/2276/7133 1904/2271/7134 1905/2272/7135
f 1917/2287/7136 1791/2293/7137 1790/2294/7138 1916/2288/7139
f 1918/2289/7140 1792/2295/7141 1791/2293/7142 1917/2287/7143
f 1919/2290/7144 1793/2296/7145 1792/2295/7146 1918/2289/7147
f 1920/2291/7148 1794/2297/7149 1793/2296/7150 1919/2290/7151
f 1921/2292/7152 1795/2298/7153 1794/2297/7154 1920/2291/7155
f 1922/2278/7156 1787/2299/7157 1795/2298/7158 1921/2292/7159
f 1923/2277/7160 1788/2300/7161 1787/2299/7162 1922/2278/7163
f 1786/2275/7164 1788/2300/7165 1923/2277/7166 1907/2274/7167
f 1907/2274/7168 1923/2277/7169 1915/2276/7170 1906/2273/7171
f 1908/2280/7172 1916/2288/7173 1925/2301/7174 1924/2281/7175
f 1916/2288/7176 1790/2294/7177 1789/2302/7178 1925/2301/7179
f 1893/2259/7180 1925/2301/7181 1789/2302/7182 1785/2260/7183
f 1894/2261/7184 1924/2281/7185 1925/2301/7186 1893/2259/7187
f 1895/2262/7188 1896/2263/7189 1924/2281/7190 1894/2261/7191
f 1926/2187/7192 1806/2198/7193 1813/2223/7194
f 1813/2223/7195 1824/2221/7196 1927/2165/7197 1926/2187/7198
f 1824/2221/7199 1769/2220/7200 1928/2166/7201 1927/2165/7202
f 1856/2199/7203 1806/2198/7204 1926/2187/7205
f 1823/2168/7206 1820/2186/7207 1846/2188/7208
f 1831/2159/7209 1830/2149/7210 1929/2203/7211 1933/2205/7212
f 1829/2147/7213 1807/2212/7214 1930/2201/7215 1934/2200/7216
f 1840/2196/7217 1815/2192/7218 1931/2208/7219 1935/2207/7220
f 1936/2303/7221 1843/2195/7222 1842/2206/7223 1932/2204/7224
f 1831/2159/7225 1933/2205/7226 1932/2204/7227 1842/2206/7228
f 1829/2147/7229 1934/2200/7230 1929/2203/7231 1830/2149/7232
f 1840/2196/7233 1935/2207/7234 1930/2201/7235 1807/2212/7236
f 1815/2192/7237 1843/2195/7238 1936/2303/7239 1931/2208/7240
f 1808/2202/7241 1931/2208/7242 1936/2303/7243 1932/2204/7244
f 1944/2304/7245 2000/2305/7246 2008/2306/7247 2007/2307/7248
f 1959/2308/7249 1941/2309/7250 2011/2310/7251 2010/2311/7252
f 1941/2309/7253 1946/2312/7254 2012/2313/7255 2011/2310/7256
f 1975/2314/7257 1943/2315/7258 2015/2316/7259 2014/2317/7260
f 1946/2312/7261 1940/2318/7262 2013/2319/7263 2012/2313/7264
f 2005/2320/7265 2004/2321/7266 1958/2322/7267 1953/2323/7268
f 1951/2324/7269 1979/2325/7270 1978/2326/7271 1950/2327/7272
f 1999/2328/7273 1998/2329/7274 1968/2330/7275 1937/2331/7276
f 1960/2332/7277 1939/2333/7278 1970/2334/7279 1969/2335/7280
f 1939/2333/7281 1945/2336/7282 1971/2337/7283 1970/2334/7284
f 1976/2338/7285 1938/2339/7286 1973/2340/7287 1977/2341/7288
f 2015/2316/7289 1943/2315/7290 1974/2342/7291 2016/2343/7292
f 1944/2304/7293 2007/2307/7294 2006/2344/7295 1967/2345/7296
f 1945/2336/7297 1942/2346/7298 1972/2347/7299 1971/2337/7300
f 1952/2348/7301 1957/2349/7302 2018/2350/7303 2017/2351/7304
f 2068/2352/7305 1964/2353/7306 1770/2167/7307 1928/2166/7308
f 2003/2354/7309 1962/2355/7310 1771/2171/7311 1780/2170/7312
f 1966/2356/7313 1772/2176/7314 1778/2175/7315 1982/2357/7316
f 1980/2358/7317 1773/2179/7318 1777/2178/7319
f 1966/2356/7320 1985/2359/7321 1779/2180/7322 1772/2176/7323
f 1964/2353/7324 1963/2360/7325 1776/2182/7326 1770/2167/7327
f 2002/2361/7328 1989/2362/7329 1962/2355/7330 2003/2354/7331
f 1964/2353/7332 1961/2363/7333 1963/2360/7334
f 2067/2364/7335 1987/2365/7336 1964/2353/7337 2068/2352/7338
f 2004/2321/7339 1781/2366/7340 1775/2367/7341 1958/2322/7342
f 1979/2325/7343 1951/2324/7344 1993/2368/7345
f 1956/2369/7346 1984/2370/7347 1992/2371/7348 1991/2372/7349
f 1981/2373/7350 1956/2369/7351 1991/2372/7352 1990/2374/7353
f 2006/2344/7354 2005/2320/7355 1953/2323/7356 1967/2345/7357
f 1968/2330/7358 1998/2329/7359 1997/2375/7360 1947/2376/7361
f 2074/2377/7362 2069/2378/7363 1949/2379/7364 2070/2380/7365
f 1949/2379/7366 2069/2378/7367 2073/2381/7368 2072/2382/7369
f 1973/2340/7370 1950/2327/7371 1978/2326/7372 1977/2341/7373
f 1974/2342/7374 1952/2348/7375 2017/2351/7376 2016/2343/7377
f 1940/2318/7378 1975/2314/7379 2014/2317/7380 2013/2319/7381
f 1942/2346/7382 1976/2338/7383 1977/2341/7384 1972/2347/7385
f 1978/2326/7386 1983/2383/7387 1972/2347/7388 1977/2341/7389
f 1979/2325/7390 1984/2370/7391 1983/2383/7392 1978/2326/7393
f 1984/2370/7394 1979/2325/7395 1993/2368/7396 1992/2371/7397
f 1985/2359/7398 1980/2358/7399 1777/2178/7400 1779/2180/7401
f 2070/2380/7402 1949/2379/7403 2071/2384/7404 2075/2385/7405
f 1982/2357/7406 1962/2355/7407 1989/2362/7408 1990/2374/7409
f 1778/2175/7410 1771/2171/7411 1962/2355/7412 1982/2357/7413
f 1986/2386/7414 1988/2387/7415 1994/2388/7416 1969/2335/7417
f 1997/2375/7418 1987/2365/7419 2067/2364/7420
f 1948/2389/7421 1986/2386/7422 1969/2335/7423 1970/2334/7424
f 1948/2389/7425 1981/2373/7426 1955/2390/7427 1986/2386/7428
f 1955/2390/7429 2001/2391/7430 1988/2387/7431 1986/2386/7432
f 1989/2362/7433 2002/2361/7434 2001/2391/7435 1955/2390/7436
f 1991/2372/7437 1966/2356/7438 1982/2357/7439 1990/2374/7440
f 1991/2372/7441 1992/2371/7442 1985/2359/7443 1966/2356/7444
f 1980/2358/7445 1985/2359/7446 1992/2371/7447 1993/2368/7448
f 1951/2324/7449 1773/2179/7450 1980/2358/7451 1993/2368/7452
f 1957/2349/7453 1774/2392/7454 1782/2393/7455 2018/2350/7456
f 1955/2390/7457 1981/2373/7458 1990/2374/7459 1989/2362/7460
f 1969/2335/7461 1994/2388/7462 1995/2394/7463 1960/2332/7464
f 2010/2311/7465 2009/2395/7466 1996/2396/7467 1959/2308/7468
f 1988/2387/7469 2001/2391/7470 1987/2365/7471 1997/2375/7472
f 1998/2329/7473 1994/2388/7474 1988/2387/7475 1997/2375/7476
f 1995/2394/7477 1994/2388/7478 1998/2329/7479 1999/2328/7480
f 2000/2305/7481 1996/2396/7482 2009/2395/7483 2008/2306/7484
f 2002/2361/7485 1961/2363/7486 1987/2365/7487 2001/2391/7488
f 1961/2363/7489 2002/2361/7490 2003/2354/7491 1963/2360/7492
f 1776/2182/7493 1963/2360/7494 2003/2354/7495 1780/2170/7496
f 1769/2220/7497 1781/2222/7498 1965/2397/7499
f 1954/2398/7500 1965/2397/7501 1781/2222/7502 2004/2399/7503
f 1947/2376/7504 1954/2398/7505 2004/2399/7506 2005/2400/7507
f 1968/2330/7508 1947/2376/7509 2005/2400/7510 2006/2401/7511
f 2007/2402/7512 1937/2331/7513 1968/2330/7514 2006/2401/7515
f 2008/2403/7516 1999/2328/7517 1937/2331/7518 2007/2404/7519
f 2009/2405/7520 1995/2394/7521 1999/2328/7522 2008/2403/7523
f 1960/2332/7524 1995/2394/7525 2009/2405/7526 2010/2406/7527
f 2011/2407/7528 1939/2333/7529 1960/2332/7530 2010/2406/7531
f 2012/2408/7532 1945/2336/7533 1939/2333/7534 2011/2407/7535
f 2013/2409/7536 1942/2346/7537 1945/2336/7538 2012/2408/7539
f 2014/2410/7540 1976/2338/7541 1942/2346/7542 2013/2409/7543
f 2015/2411/7544 1938/2339/7545 1976/2338/7546 2014/2410/7547
f 1938/2339/7548 2015/2412/7549 2016/2413/7550 1973/2340/7551
f 2017/2414/7552 1950/2327/7553 1973/2340/7554 2016/2413/7555
f 2017/2414/7556 2018/2415/7557 1951/2324/7558 1950/2327/7559
f 1773/2179/7560 1951/2324/7561 2018/2415/7562 1782/2241/7563
f 1944/2304/7564 2022/2416/7565 2023/2417/7566 2000/2305/7567
f 1959/2308/7568 2025/2418/7569 2026/2419/7570 1941/2309/7571
f 1941/2309/7572 2026/2419/7573 2027/2420/7574 1946/2312/7575
f 1975/2314/7576 2029/2421/7577 2030/2422/7578 1943/2315/7579
f 1946/2312/7580 2027/2420/7581 2028/2423/7582 1940/2318/7583
f 2020/2424/7584 1953/2323/7585 1958/2322/7586 2019/2425/7587
f 2030/2422/7588 2031/2426/7589 1974/2342/7590 1943/2315/7591
f 1944/2304/7592 1967/2345/7593 2021/2427/7594 2022/2416/7595
f 1952/2348/7596 2032/2428/7597 2033/2429/7598 1957/2349/7599
f 2019/2425/7600 1958/2322/7601 1775/2367/7602 1783/2430/7603
f 2021/2427/7604 1967/2345/7605 1953/2323/7606 2020/2424/7607
f 1974/2342/7608 2031/2426/7609 2032/2428/7610 1952/2348/7611
f 1940/2318/7612 2028/2423/7613 2029/2421/7614 1975/2314/7615
f 1957/2349/7616 2033/2429/7617 1784/2431/7618 1774/2392/7619
f 2025/2418/7620 1959/2308/7621 1996/2396/7622 2024/2432/7623
f 2000/2305/7624 2023/2417/7625 2024/2432/7626 1996/2396/7627
f 2019/2425/7628 1783/2430/7629 1785/2433/7630 2034/2434/7631
f 2020/2424/7632 2019/2425/7633 2034/2434/7634 2035/2435/7635
f 2021/2427/7636 2020/2424/7637 2035/2435/7638 2036/2436/7639
f 2022/2416/7640 2021/2427/7641 2036/2436/7642 2037/2437/7643
f 2023/2417/7644 2022/2416/7645 2037/2437/7646 2038/2438/7647
f 2024/2432/7648 2023/2417/7649 2038/2438/7650 2039/2439/7651
f 2025/2418/7652 2024/2432/7653 2039/2439/7654 2040/2440/7655
f 2026/2419/7656 2025/2418/7657 2040/2440/7658 2041/2441/7659
f 2027/2420/7660 2026/2419/7661 2041/2441/7662 2042/2442/7663
f 2028/2423/7664 2027/2420/7665 2042/2442/7666 2043/2443/7667
f 2029/2421/7668 2028/2423/7669 2043/2443/7670 2044/2444/7671
f 2030/2422/7672 2029/2421/7673 2044/2444/7674 2045/2445/7675
f 2031/2426/7676 2030/2422/7677 2045/2445/7678 2046/2446/7679
f 2032/2428/7680 2031/2426/7681 2046/2446/7682 2047/2447/7683
f 2033/2429/7684 2032/2428/7685 2047/2447/7686 2048/2448/7687
f 1784/2431/7688 2033/2429/7689 2048/2448/7690 1786/2449/7691
f 2056/2450/7692 2055/2451/7693 2063/2452/7694 2064/2453/7695
f 2038/2438/7696 2037/2437/7697 2065/2454/7698 2049/2455/7699
f 2039/2439/7700 2038/2438/7701 2049/2455/7702 2050/2456/7703
f 2040/2440/7704 2039/2439/7705 2050/2456/7706 2051/2457/7707
f 2041/2441/7708 2040/2440/7709 2051/2457/7710 2052/2458/7711
f 2042/2442/7712 2041/2441/7713 2052/2458/7714 2053/2459/7715
f 2043/2443/7716 2042/2442/7717 2053/2459/7718 2054/2460/7719
f 2044/2444/7720 2043/2443/7721 2054/2460/7722 2055/2451/7723
f 2050/2456/7724 2049/2455/7725 2057/2461/7726 2058/2462/7727
f 2051/2457/7728 2050/2456/7729 2058/2462/7730 2059/2463/7731
f 2052/2458/7732 2051/2457/7733 2059/2463/7734 2060/2464/7735
f 2053/2459/7736 2052/2458/7737 2060/2464/7738 2061/2465/7739
f 2054/2460/7740 2053/2459/7741 2061/2465/7742 2062/2466/7743
f 2055/2451/7744 2054/2460/7745 2062/2466/7746 2063/2452/7747
f 2045/2445/7748 2044/2444/7749 2055/2451/7750 2056/2450/7751
f 2047/2447/7752 2046/2446/7753 2045/2445/7754 2056/2450/7755
f 2058/2462/7756 2057/2461/7757 1790/2467/7758 1791/2468/7759
f 2059/2463/7760 2058/2462/7761 1791/2468/7762 1792/2469/7763
f 2060/2464/7764 2059/2463/7765 1792/2469/7766 1793/2470/7767
f 2061/2465/7768 2060/2464/7769 1793/2470/7770 1794/2471/7771
f 2062/2466/7772 2061/2465/7773 1794/2471/7774 1795/2472/7775
f 2063/2452/7776 2062/2466/7777 1795/2472/7778 1787/2473/7779
f 2064/2453/7780 2063/2452/7781 1787/2473/7782 1788/2474/7783
f 1786/2449/7784 2048/2448/7785 2064/2453/7786 1788/2474/7787
f 2048/2448/7788 2047/2447/7789 2056/2450/7790 2064/2453/7791
f 2049/2455/7792 2065/2454/7793 2066/2475/7794 2057/2461/7795
f 2057/2461/7796 2066/2475/7797 1789/2476/7798 1790/2467/7799
f 2034/2434/7800 1785/2433/7801 1789/2476/7802 2066/2475/7803
f 2035/2435/7804 2034/2434/7805 2066/2475/7806 2065/2454/7807
f 2036/2436/7808 2035/2435/7809 2065/2454/7810 2037/2437/7811
f 2067/2364/7812 1954/2398/7813 1947/2376/7814
f 1954/2398/7815 2067/2364/7816 2068/2352/7817 1965/2397/7818
f 1965/2397/7819 2068/2352/7820 1928/2166/7821 1769/2220/7822
f 1997/2375/7823 2067/2364/7824 1947/2376/7825
f 1964/2353/7826 1987/2365/7827 1961/2363/7828
f 1972/2347/7829 2073/2381/7830 2069/2378/7831 1971/2337/7832
f 1970/2334/7833 2074/2377/7834 2070/2380/7835 1948/2389/7836
f 1981/2373/7837 2075/2385/7838 2071/2384/7839 1956/2369/7840
f 2076/2477/7841 2072/2382/7842 1983/2383/7843 1984/2370/7844
f 1972/2347/7845 1983/2383/7846 2072/2382/7847 2073/2381/7848
f 1970/2334/7849 1971/2337/7850 2069/2378/7851 2074/2377/7852
f 1981/2373/7853 1948/2389/7854 2070/2380/7855 2075/2385/7856
f 1956/2369/7857 2071/2384/7858 2076/2477/7859 1984/2370/7860
f 1949/2379/7861 2072/2382/7862 2076/2477/7863 2071/2384/7864
f 2077/2478/7865 2079/2480/7866 2078/2479/7867
f 2078/2479/7868 2079/2480/7869 2080/2481/7870
f 2080/2481/7871 2079/2480/7872 2081/2482/7873
f 2081/2482/7874 2079/2480/7875 2082/2483/7876
f 2082/2483/7877 2079/2480/7878 2083/2484/7879
f 2083/2484/7880 2079/2480/7881 2084/2485/7882
f 2084/2485/7883 2079/2480/7884 2085/2486/7885
f 2085/2486/7886 2079/2480/7887 2077/2478/7888
f 2086/2487/7889 2088/2489/7890 2087/2488/7891
f 2088/2489/7892 2089/2490/7893 2087/2488/7894
f 2089/2490/7895 2090/2491/7896 2087/2488/7897
f 2090/2491/7898 2091/2492/7899 2087/2488/7900
f 2091/2492/7901 2092/2493/7902 2087/2488/7903
f 2092/2493/7904 2093/2494/7905 2087/2488/7906
f 2093/2494/7907 2094/2495/7908 2087/2488/7909
f 2094/2495/7910 2086/2487/7911 2087/2488/7912
f 2086/2496/7913 2077/2478/7914 2078/2479/7915 2088/2497/7916
f 2088/2497/7917 2078/2479/7918 2080/2481/7919 2089/2498/7920
f 2091/2499/7921 2082/2483/7922 2083/2484/7923 2092/2500/7924
f 2092/2500/7925 2083/2484/7926 2084/2485/7927 2093/2501/7928
f 2093/2501/7929 2084/2485/7930 2085/2486/7931 2094/2502/7932
f 2094/2502/7933 2085/2486/7934 2077/2478/7935 2086/2496/7936
