# This file uses centimeters as units for non-parametric coordinates.

mtllib Lake_Missionary.mtl
g default
v 5.107605 128.715637 37.785965
v 0.000000 128.715637 36.897415
v -5.107605 128.715637 37.785965
v -7.223206 128.715637 39.931129
v -5.107605 128.715637 42.076286
v 0.000000 128.715637 42.964828
v 5.107605 128.715637 42.076286
v 7.223206 128.715637 39.931129
v 24.575195 270.024719 -0.407393
v 0.000000 270.024719 -3.899973
v -24.575195 270.024719 -0.407393
v -34.754639 270.024719 8.024417
v -24.575195 270.024719 16.456234
v 0.000000 270.024719 19.948807
v 24.575195 270.024719 16.456234
v 34.754578 270.024719 8.024417
v 5.107605 120.719627 40.005989
v 0.000000 120.719627 39.117439
v -5.107605 120.719627 40.005989
v -7.223206 120.719627 42.151146
v -5.107605 120.719627 44.296307
v 0.000000 120.719627 45.184856
v 5.107605 120.719627 44.296307
v 7.223206 120.719627 42.151146
v 6.386169 113.628723 41.827087
v 0.000000 113.628723 40.716095
v -6.386230 113.628723 41.827087
v -9.031494 113.628723 44.509277
v -6.386230 113.628723 47.191467
v 0.000000 113.628723 48.302460
v 6.386169 113.628723 47.191467
v 9.031372 113.628723 44.509277
v 6.161987 97.033226 46.721169
v -3.470032 97.033226 45.045509
v -13.101990 97.033226 46.721169
v -17.091736 97.033226 50.766556
v -13.101990 97.033226 54.811977
v -3.470032 97.033226 56.487625
v 6.161987 97.033226 54.811977
v 10.151672 97.033226 50.766556
v -1.532288 78.627235 52.882877
v -11.164307 78.627235 51.207214
v -20.796387 78.627235 52.882877
v -24.786011 78.627235 56.928276
v -20.796387 78.627235 60.973698
v -11.164307 78.627235 62.649345
v -1.532288 78.627235 60.973698
v 2.457397 78.627235 56.928276
v -5.102844 67.977211 54.530426
v -12.297302 67.977211 53.278828
v -19.491821 67.977211 54.530426
v -22.471802 67.977211 57.552086
v -19.491821 67.977211 60.573769
v -12.297302 67.977211 61.825367
v -5.102844 67.977211 60.573769
v -2.122742 67.977211 57.552086
v 3.203003 58.346874 55.823936
v -2.440430 58.346874 54.842167
v -8.083740 58.346874 55.823936
v -10.421326 58.346874 58.194118
v -8.083740 58.346874 60.564327
v -2.440430 58.346874 61.546078
v 3.203003 58.346874 60.564327
v 5.540588 58.346874 58.194118
v 13.626404 48.263332 56.391998
v 7.983093 48.263332 55.410236
v 2.339661 48.263332 56.391998
v 0.002197 48.263332 58.762188
v 2.339661 48.263332 61.132385
v 7.983093 48.263332 62.114136
v 13.626404 48.263332 61.132385
v 15.963867 48.263332 58.762188
v 15.380859 35.800533 57.417068
v 12.175110 35.800533 56.859356
v 8.969299 35.800533 57.417068
v 7.641357 35.800533 58.763508
v 8.969299 35.800533 60.109966
v 12.175110 35.800533 60.667679
v 15.380859 35.800533 60.109966
v 16.708862 35.800533 58.763508
v 14.154663 27.643055 57.501667
v 11.835205 27.643055 57.098167
v 9.515686 27.643055 57.501667
v 8.554993 27.643055 58.475838
v 9.515686 27.643055 59.450016
v 11.835205 27.643055 59.853527
v 14.154663 27.643055 59.450016
v 15.115356 27.643055 58.475838
v 5.786560 20.847343 57.785336
v 4.924011 21.298365 57.615997
v 4.061462 21.749384 57.785336
v 3.704163 21.936193 58.194126
v 4.061462 21.749384 58.602917
v 4.924011 21.298365 58.772247
v 5.786560 20.847343 58.602917
v 6.143799 20.660515 58.194126
v 4.924011 21.298374 58.194126
v 0.000000 200.812225 40.792419
v -15.040100 200.812225 38.575287
v -21.269897 200.812225 33.222637
v -15.040100 200.812225 27.869995
v 0.000000 200.812225 25.652859
v 15.040100 200.812225 27.869995
v 21.269897 200.812225 33.222637
v 15.040100 200.812225 38.575287
v 0.000000 235.418518 30.552250
v -19.807739 235.418518 28.826672
v -28.012329 235.418518 24.660755
v -19.807739 235.418518 20.494841
v 0.000000 235.418518 18.769262
v 19.807556 235.418518 20.494841
v 28.012207 235.418518 24.660755
v 19.807556 235.418518 28.826672
v -10.073792 164.763916 38.213688
v -14.246521 164.763916 34.464787
v -10.073792 164.763916 30.715887
v 0.000000 164.763916 29.163046
v 10.073792 164.763916 30.715887
v 14.246460 164.763916 34.464787
v 10.073792 164.763916 38.213688
v 0.000000 164.763916 39.766537
v 26.849609 134.263031 31.407907
v 33.350708 133.040619 31.484667
v 26.880310 134.840424 37.998039
v 33.381409 133.618011 38.074799
v 26.360168 138.393311 38.851326
v 35.095215 135.963623 30.058277
v 26.318665 137.613831 29.954649
v 29.880371 132.417511 30.393299
v 34.289368 131.982117 34.893456
v 29.921875 133.197021 39.289986
v 25.513000 133.632416 34.789825
v 35.136658 136.743011 38.954956
v 29.625671 131.350220 34.970589
v 30.755371 137.698120 40.385925
v 30.700012 136.658813 28.523684
v 36.578674 136.078217 34.523888
v 24.876770 138.278625 34.385719
v 38.580811 179.084625 36.723335
v 34.185669 179.779938 35.188747
v 42.962097 178.129639 35.292377
v 38.525513 178.045319 24.861097
v 34.144104 179.000427 26.292063
v 42.920593 177.350128 26.395691
v 44.404114 177.464813 30.861307
v 32.702209 179.665222 30.723133
v 38.740173 180.156433 40.294258
v 31.947083 181.195221 37.518898
v 45.508057 178.645325 37.679016
v 38.650879 178.479736 21.156893
v 31.882874 179.990814 23.772133
v 45.443909 177.440918 23.932251
v 48.134888 177.543121 30.837027
v 29.256165 181.093018 30.614120
v 39.482300 184.081329 39.946915
v 32.689209 185.120117 37.171555
v 46.250305 182.570221 37.331676
v 39.393005 182.404633 20.809547
v 32.625061 183.915710 23.424788
v 46.186096 181.365814 23.584908
v 48.877014 181.468018 30.489687
v 29.998291 185.017914 30.266777
v 39.437561 183.242920 30.378231
v 35.807983 164.420135 38.021107
v 35.191895 161.161621 38.309467
v 30.796814 161.856934 36.774876
v 31.412903 165.115326 36.486519
v 29.313293 161.742218 32.309265
v 29.929382 165.000610 32.020908
v 30.755188 161.077423 27.878193
v 31.371399 164.335815 27.589832
v 35.136475 160.122314 26.447227
v 35.752563 163.380829 26.158867
v 39.531677 159.427124 27.981821
v 40.147766 162.685516 27.693460
v 41.015198 159.541809 32.447437
v 41.631287 162.800232 32.159077
v 39.573181 160.206635 36.878494
v 40.189270 163.465027 36.590149
v 35.895813 164.964630 39.263718
v 35.116211 160.841614 39.628597
v 40.443604 159.680237 37.888607
v 41.223206 163.803314 37.523727
v 30.551392 165.810028 37.397717
v 29.771790 161.686920 37.762596
v 28.747559 165.670532 31.967728
v 27.967957 161.547516 32.332596
v 30.500916 164.862213 26.579727
v 29.721313 160.739136 26.944607
v 35.828369 163.700928 24.839733
v 35.048767 159.577820 25.204613
v 41.172668 162.855530 26.705734
v 40.393066 158.732422 27.070614
v 42.976562 162.994934 32.135727
v 42.196960 158.871918 32.500607
v 35.888916 164.834930 37.782887
v 35.109314 160.711823 38.147766
v 39.342773 159.789032 36.765038
v 40.122498 163.912018 36.400169
v 31.641907 165.506714 36.300026
v 30.862305 161.383636 36.664909
v 30.208374 165.395813 31.984978
v 29.428772 161.272827 32.349857
v 31.601807 164.753510 27.703293
v 30.822205 160.630432 28.068171
v 35.835266 163.830627 26.320572
v 35.055664 159.707520 26.685452
v 40.082275 163.158813 27.803425
v 39.302673 159.035736 28.168304
v 41.515808 163.269623 32.118488
v 40.736206 159.146637 32.483368
v 31.718567 251.422516 30.020687
v 50.739563 264.962402 17.077721
v 29.542358 280.267303 19.499134
v 23.383972 280.619629 23.749313
v 66.077698 339.257721 -32.327042
v 53.093262 337.810730 -46.336464
v 33.467957 337.862305 -56.042107
v 10.199707 339.465729 -59.949142
v -13.138489 342.510803 -57.417870
v -32.966187 346.676422 -48.790924
v -46.255798 351.393127 -35.365353
v -50.992798 355.877228 -19.201134
v -46.329529 356.464203 -3.647392
v -33.139343 355.504517 9.407617
v -13.436401 353.001129 17.836140
v 9.786072 349.513306 20.523434
v 33.002380 345.963531 17.419510
v 52.683289 343.260010 9.327187
v 65.836365 341.939514 -2.401512
v 70.456604 342.038727 -16.128143
v 74.014771 352.345123 -45.569061
v 58.945557 348.135101 -67.494934
v 34.770264 346.239716 -82.308983
v 6.218811 346.387604 -87.855782
v -22.337891 348.622711 -83.250984
v -46.547913 352.725128 -69.172806
v -62.725830 358.127014 -47.757286
v -68.408691 363.951111 -22.272514
v -62.635925 366.897217 3.999517
v -46.406128 368.539307 26.079739
v -22.199402 368.531708 40.468407
v 6.309570 366.993927 45.139839
v 34.799866 364.425201 39.735435
v 58.933289 361.511719 25.388882
v 73.967712 359.270905 4.109697
v 79.467407 357.174622 -20.279385
v 79.450500 358.378906 -48.271042
v 64.481812 354.700806 -71.153130
v 39.684814 353.168610 -86.705986
v 10.439758 353.997314 -92.752983
v -18.759644 357.178223 -88.304787
v -43.456238 362.425415 -73.995834
v -59.889587 369.034607 -51.990494
v -65.559937 375.908813 -25.654034
v -59.612610 380.657410 3.556227
v -42.985840 383.239105 27.996250
v -18.225220 383.097412 43.714268
v 10.916382 380.457123 48.595779
v 40.031860 376.174103 42.488754
v 64.687500 371.393921 26.844753
v 79.540100 366.984314 4.005257
v 62.295105 371.330811 -45.048836
v 50.087585 368.026215 -61.701691
v 31.897766 366.303802 -73.027885
v 10.486389 366.486023 -77.305260
v -10.862000 368.566223 -73.848572
v -28.890137 372.296631 -63.165176
v -40.855103 377.151428 -46.878021
v -44.933289 382.347931 -27.469723
v -40.575928 386.704315 -5.271402
v -28.390625 389.666016 13.436775
v -10.241638 390.714630 25.700909
v 11.116882 389.771729 29.772194
v 32.442566 387.191101 25.285988
v 50.480286 383.612122 13.152830
v 62.498901 379.622620 -4.677834
v 66.672974 375.721222 -25.589703
v 84.730164 396.594025 -43.642776
v 78.205566 396.293213 -53.938065
v 68.557861 398.024231 -61.493034
v 57.270691 401.559631 -65.133224
v 46.097595 406.453217 -64.247383
v 36.774902 412.051025 -58.913010
v 30.735779 417.540802 -49.919174
v 28.882263 422.056610 -38.661232
v 31.149109 426.416718 -23.042591
v 37.506714 427.980316 -9.704313
v 46.991272 426.350403 -0.831753
v 58.158508 421.938019 2.396606
v 69.304993 415.791718 -0.118683
v 78.730164 409.210602 -7.616163
v 84.997009 403.340210 -18.807472
v 87.149658 398.926514 -32.153332
v 102.172668 407.499115 -48.568047
v 94.722107 406.812225 -60.332291
v 83.737976 408.498901 -68.964905
v 70.911865 412.348206 -73.120667
v 58.332886 417.239319 -73.471474
v 47.844666 423.174225 -69.174774
v 41.010315 429.581818 -60.555473
v 38.874756 435.364319 -48.821182
v 41.436768 440.851105 -31.103313
v 48.661804 443.489929 -14.207333
v 59.457397 442.782318 -0.593113
v 72.158569 438.658112 6.426177
v 84.796509 431.446411 3.223186
v 95.471863 423.502228 -5.918163
v 102.556702 416.218414 -19.419071
v 104.971069 410.511719 -35.435635
v 14.131592 407.865509 36.913239
v -8.992432 410.681915 32.292728
v -28.660828 410.145020 17.619049
v -41.895630 406.136108 -5.145542
v -46.665894 399.430206 -32.299583
v -42.416443 392.567322 -53.960060
v -29.582092 385.733521 -71.935081
v -10.116089 380.062622 -83.474182
v 13.016785 376.326111 -86.835083
v 36.269714 374.932526 -81.560486
v 56.063599 375.970825 -68.519302
v 69.377869 379.208130 -49.716995
v 74.207397 384.186401 -27.983433
v 69.711670 389.841827 -3.751293
v 56.720459 396.231323 17.005995
v 37.206360 402.616730 31.357697
v 25.746765 415.693726 27.713249
v 6.277893 420.065704 23.455658
v -10.283325 420.760406 10.063517
v -21.429199 417.428406 -10.734373
v -25.447998 410.778107 -35.498585
v -21.997437 404.128418 -54.202660
v -11.282532 396.965302 -69.500534
v 5.070984 390.484528 -79.041611
v 24.565674 385.573212 -81.396782
v 44.162964 382.883728 -76.310181
v 60.873657 382.550415 -64.601715
v 72.129456 384.571320 -48.092255
v 76.239502 388.696411 -29.258465
v 72.467102 394.391815 -7.979713
v 61.546692 401.424927 10.216607
v 45.139160 408.985626 22.831329
v 44.132812 417.370026 8.090217
v 31.247986 421.406921 4.714558
v 20.276672 422.667328 -4.974564
v 12.888367 420.786926 -19.689224
v 10.242981 416.112610 -36.989231
v 12.461060 411.241730 -49.754379
v 19.521057 405.533417 -60.043076
v 30.326416 399.997223 -66.296227
v 43.218872 395.430908 -67.584854
v 56.231812 392.344025 -63.744095
v 67.345215 391.115723 -55.419952
v 74.850891 391.896729 -43.905594
v 77.619507 394.613403 -30.930973
v 75.123901 399.173309 -16.019272
v 67.882690 405.041321 -3.432793
v 56.999084 411.485107 5.087857
v 110.174255 414.138306 -49.541245
v 103.480957 413.848206 -60.650749
v 93.654785 415.920319 -69.193939
v 82.320068 419.343414 -75.330460
v 71.113098 424.518402 -76.781876
v 61.733276 430.945404 -73.581116
v 55.606995 437.762909 -66.320000
v 53.672607 443.804504 -55.995865
v 55.954102 448.874817 -39.996262
v 62.404785 450.968506 -24.369652
v 72.049194 449.676117 -11.375221
v 83.407959 445.278503 -3.133814
v 94.728516 438.670624 -1.213293
v 104.257874 430.393616 -9.201893
v 110.572510 422.776031 -21.999794
v 112.712158 416.934509 -37.255352
v 115.549377 430.288025 -52.381424
v 111.931458 429.632904 -59.053864
v 106.632385 430.326508 -64.511406
v 100.457214 432.300323 -67.954956
v 94.344055 435.339905 -68.935822
v 89.221863 439.067017 -67.379776
v 85.870361 442.947815 -63.554337
v 84.801758 446.353027 -58.009720
v 86.049988 449.083405 -49.427376
v 89.562561 450.251404 -41.108673
v 94.806580 449.652802 -34.284172
v 100.979858 447.407227 -30.033352
v 107.135803 443.925110 -29.095463
v 112.329956 439.807007 -31.701912
v 115.769775 435.709320 -37.490185
v 116.935486 432.224304 -45.540161
v 115.166504 454.667511 -71.066650
v 112.430969 452.744812 -74.912453
v 108.404968 451.591217 -77.603882
v 103.701599 451.385803 -78.734596
v 99.037659 452.166931 -78.140213
v 95.124207 453.822601 -75.919083
v 92.557190 456.103607 -72.412514
v 91.727356 458.659210 -68.150993
v 92.662964 461.247528 -62.267624
v 95.320557 463.305328 -57.158936
v 99.296204 464.513519 -53.600052
v 103.983582 464.694305 -52.135941
v 108.667603 463.835327 -52.996414
v 112.633362 462.082428 -56.057091
v 115.276611 459.708923 -60.854446
v 116.195557 457.069519 -66.655151
v 117.075378 472.959015 -85.640884
v 114.967896 471.330322 -88.431580
v 111.909485 470.407623 -90.354080
v 108.398682 470.311005 -91.121582
v 104.985413 471.030121 -90.642281
v 102.170105 472.438202 -89.029785
v 100.324402 474.330627 -86.564880
v 99.665466 476.459015 -83.619080
v 100.237061 478.502411 -79.592880
v 102.055908 480.189728 -76.021484
v 104.917603 481.238831 -73.446121
v 108.410706 481.451721 -72.297874
v 111.985168 480.773529 -72.793335
v 115.062500 479.306824 -74.885956
v 117.139404 477.290405 -78.269180
v 117.875366 475.055511 -82.419479
v 118.514893 491.385010 -99.950882
v 117.269287 490.198730 -101.469284
v 115.424072 489.499512 -102.565987
v 113.260315 489.395020 -103.075180
v 111.106995 489.903412 -102.921082
v 109.292114 490.949524 -102.129379
v 108.091797 492.375122 -100.821281
v 107.688965 493.962006 -99.195183
v 108.101807 495.351501 -96.898682
v 109.310791 496.445129 -94.876884
v 111.131958 497.075714 -93.436386
v 113.287903 497.148102 -92.797684
v 115.450256 496.653015 -93.060486
v 117.289612 495.667603 -94.187386
v 118.526001 494.342621 -96.007484
v 118.971313 492.878723 -98.242882
v 116.903870 502.322510 -107.236084
v 116.579468 501.989502 -107.612885
v 116.097961 501.792603 -107.886887
v 115.532715 501.761902 -108.016479
v 114.969604 501.902222 -107.982086
v 114.494568 502.192230 -107.788986
v 114.179810 502.587921 -107.466782
v 114.073303 503.029022 -107.064384
v 114.179810 503.406708 -106.493080
v 114.494568 503.704803 -105.989487
v 114.969666 503.878021 -105.630280
v 115.532776 503.899902 -105.470085
v 116.098083 503.767303 -105.533585
v 116.579590 503.500519 -105.811279
v 116.903992 503.140015 -106.260880
v 117.021912 502.740814 -106.813980
v 73.247070 348.844604 4.219097
v 57.909485 350.771515 22.929436
v 34.969666 353.462708 35.705067
v 7.972656 356.394012 40.461197
v -17.992493 354.315002 34.950607
v -40.210693 356.255920 22.663902
v -56.793884 359.654602 3.124537
v -62.155334 357.927002 -20.567924
v -56.789734 352.668213 -44.406281
v -41.599915 347.537231 -64.421471
v -18.812927 343.380127 -77.576561
v 8.166077 340.782928 -81.841583
v 35.217102 340.021515 -76.533981
v 58.143188 341.113312 -62.467743
v 73.389465 343.843323 -41.808964
v 78.619263 347.831116 -17.710732
v 63.686707 426.937408 4.947357
v 64.542664 427.279724 2.504457
v 60.168701 423.645630 4.778618
v -42.701843 361.888428 23.258621
v -18.287598 357.946106 35.082317
v -42.006104 359.271301 23.940243
v -18.689941 356.329712 35.995438
v -28.498718 397.857605 15.109686
v -8.676941 402.861908 28.640491
v 13.580505 403.015503 33.827896
v 35.686462 398.425018 28.624874
v 54.224365 391.183716 15.464729
v -10.997192 394.860931 30.239552
v 12.189514 395.454315 35.446877
v 35.065857 391.607605 30.319973
v -29.137939 393.597626 14.959305
v -10.034119 399.939026 29.704823
v 12.888672 400.275604 34.980247
v 35.585999 396.026215 29.777782
v 52.901672 386.923615 14.980701
v 78.065308 360.138702 4.753687
v 82.491760 355.956909 -20.228004
v 77.225281 351.607513 -46.227020
v 83.180176 360.919128 -21.420933
v 80.986877 362.716431 4.700207
v 84.988098 358.520416 -20.879105
v 80.858398 354.315125 -47.846642
v 73.098083 372.456512 0.390738
v 81.500610 366.748230 -23.056885
v 72.959167 363.927216 -47.008774
v 80.285461 371.268005 2.217888
v 87.607971 365.383331 -22.415901
v 79.314758 362.146729 -48.099159
v 34.234375 347.119507 28.241726
v 8.639282 349.799622 32.267918
v -15.842529 350.700012 27.424694
v -36.939697 353.194427 16.793200
v -52.125427 355.787628 0.339216
v -57.226501 354.745819 -19.570194
v -52.016907 349.724304 -39.976463
v -37.500916 344.559021 -57.007919
v -15.975891 340.186707 -68.044685
v 9.319214 337.237915 -71.544113
v 34.658813 336.066528 -67.044205
v 56.309509 336.798309 -55.183701
v 71.127197 339.293304 -37.562061
v 76.204407 343.164124 -16.654991
v 70.999207 343.405731 2.040407
v 56.027893 344.680206 17.738422
v 108.473267 321.972717 -42.399773
v 84.961975 327.771301 -68.284843
v 49.046814 332.388123 -86.081482
v 6.461975 337.576721 -93.127983
v -36.484924 340.922607 -88.514786
v -73.431702 339.066925 -72.339615
v -98.896729 332.715027 -47.507614
v -116.929016 331.202209 -17.240604
v -99.655823 331.685303 10.699087
v -75.468689 335.394531 34.129158
v -38.535095 343.105011 48.455227
v 4.478210 342.182220 52.166946
v 47.147583 335.021912 46.062965
v 83.547913 323.825623 31.540737
v 107.581665 318.140411 10.700687
v 115.701416 320.584320 -12.897022
v 110.399414 309.742615 -41.525253
v 86.951904 317.577515 -67.296829
v 49.862976 323.715118 -85.802986
v 4.931396 329.868927 -93.243484
v -40.332703 332.900726 -88.016785
v -78.393433 325.904327 -71.078293
v -103.298828 318.282623 -45.811554
v -122.779236 314.249908 -17.141151
v -104.385132 316.003723 8.926987
v -80.500000 320.757416 32.004227
v -42.936584 332.431427 47.276928
v 2.474915 333.634521 51.757278
v 48.114380 325.693726 45.184006
v 86.167480 311.874908 29.568890
v 110.213806 304.855713 8.691807
v 117.701965 307.809509 -13.280952
v 3.424255 345.656830 -18.736713
v 6.742065 346.462128 41.001869
v 42.432007 340.433807 35.873077
v 72.630005 332.298920 23.161671
v 92.185303 328.084717 5.506017
v 98.790161 329.734924 -13.570885
v 93.339966 330.184021 -37.791302
v 74.121765 333.522705 -59.954269
v 43.980469 336.475220 -75.386322
v 8.091064 340.414001 -81.509979
v -28.021423 343.816101 -77.423759
v -58.563110 345.039429 -63.233612
v -79.231628 342.524811 -42.328793
v -91.332886 343.460815 -17.670292
v -79.272888 343.344208 4.842567
v -59.808289 345.775604 24.496510
v -29.251587 349.163513 37.295319
v -41.911194 337.212830 49.406609
v 3.323303 337.508728 53.425667
v 48.400269 329.795502 46.951656
v 86.473267 316.921204 31.632568
v 110.954163 310.456909 10.302407
v 118.769958 313.303009 -12.998104
v 111.367615 315.018524 -42.458302
v 87.381958 322.065704 -68.744171
v 50.182800 327.604614 -87.199081
v 5.617371 333.418610 -94.520287
v -39.283386 336.633423 -89.524185
v -77.929626 331.838928 -72.972130
v -103.504639 324.601013 -47.281372
v -122.791809 321.669403 -17.147873
v -104.583801 322.778931 10.508097
v -80.132141 327.067505 34.375877
v -122.473938 215.507416 65.298523
v -121.734436 210.357330 68.321320
v -110.574097 197.022919 53.041077
v -112.046936 201.602722 49.183479
v -109.684387 207.926514 46.282990
v -120.320007 220.411713 63.307156
v -105.177734 211.865723 47.067837
v -115.864807 223.439819 63.960567
v -101.305603 212.114532 50.373226
v -113.541931 222.622437 66.846710
v -98.930725 209.323334 54.622467
v -113.175232 219.315430 70.780090
v -98.871643 205.433838 57.546146
v -113.498901 217.596527 71.618164
v -118.766113 210.806122 69.895721
v -106.955017 196.324829 55.637997
v -101.232300 199.072327 58.385319
v -115.676941 212.796936 72.864990
v -124.073242 249.018311 101.694244
v -122.514221 250.377228 103.149628
v -126.059814 254.669922 101.717926
v -126.064636 253.350525 100.259033
v -137.288025 251.732208 101.638245
v -136.954285 249.781219 100.069000
v -135.310303 245.386322 101.254173
v -137.270325 248.037415 98.410736
v -136.769897 243.571320 100.792580
v -137.795898 241.243622 98.482605
v -134.762390 238.207123 94.412910
v -134.289124 228.178711 97.010925
v -137.013428 230.360809 101.149223
v -134.341125 243.863312 91.308563
v -136.733032 246.321411 96.429893
v -131.552002 236.346313 92.105743
v -131.712097 242.862030 89.772369
v -131.302917 227.089417 93.811920
v -124.046997 225.790436 86.659180
v -123.416992 216.075928 88.710091
v -129.744629 218.115234 93.543091
v -127.404724 214.400513 84.669861
v -131.962708 215.810333 92.062836
v -120.011230 216.092926 81.051697
v -124.624695 214.208923 79.183868
v -118.255798 223.613831 78.546936
v -119.218811 215.846313 78.309906
v -123.329895 214.198639 76.519867
v -133.850891 220.249939 97.605560
v -134.933533 216.937134 96.674316
v -134.810730 221.916626 101.678764
v -135.109741 218.320312 101.376038
v -118.138428 214.894714 75.522247
v -120.811096 212.913818 73.207031
v -115.237122 219.473328 74.149353
v -117.224243 221.760132 77.119110
v -116.903015 222.968323 76.309692
v -114.885437 221.125122 73.387848
v -115.901794 230.461731 74.855133
v -115.940125 228.318329 73.049835
v -114.639038 225.197937 69.760132
v -117.207642 233.005035 81.544861
v -116.508240 235.022125 77.877380
v -118.670044 238.451111 84.231842
v -117.261292 240.660919 80.681458
v -120.174011 241.926117 86.492859
v -118.728333 244.307617 82.537415
v -124.834595 241.900330 89.487610
v -121.800293 232.548920 85.627625
v -122.798523 245.414124 90.344543
v -120.168396 243.965332 87.211578
v -118.873718 245.780518 83.530365
v -128.240540 246.689209 86.202324
v -127.090698 247.987823 86.773987
v -133.092285 244.688416 87.854919
v -135.942200 244.899628 89.708214
v -138.607788 248.241211 95.713020
v -138.924438 249.942230 99.057770
v -126.189941 254.145813 102.529236
v -123.330933 250.540436 104.433807
v -135.462097 247.608826 106.181145
v -136.947998 251.644928 104.070885
v -143.478333 229.051819 90.032318
v -141.643738 240.763214 87.430237
v -143.749084 244.040436 96.651550
v -144.445984 231.429413 99.830566
v -138.455933 244.549011 86.668800
v -141.473633 247.850830 95.206390
v -135.938538 242.613129 82.584961
v -129.062927 244.523132 81.519470
v -125.939392 248.658630 83.814117
v -125.334106 245.963837 80.072418
v -123.282532 248.622223 81.896942
v -138.683594 238.147919 83.378815
v -140.086487 227.498413 85.232491
v -131.701233 238.188324 77.432861
v -134.082092 234.022919 78.168579
v -135.595032 225.567719 79.857941
v -140.992432 219.728027 92.491814
v -141.544800 221.434326 101.114716
v -138.041809 218.471527 87.381866
v -133.637817 217.235229 81.356689
v -137.554626 216.486328 94.610107
v -137.792908 217.887909 101.309937
v -134.987427 215.157410 89.585175
v -131.434204 214.569031 82.321289
v -129.101990 215.290131 76.914398
v -126.491638 215.323730 73.190887
v -124.444336 212.914215 70.877625
v -124.308533 218.222534 68.306549
v -126.880188 220.687836 71.263184
v -131.252441 223.229614 75.569580
v -124.587097 226.701324 69.771149
v -122.258484 223.046021 66.186401
v -118.597534 229.739624 69.589508
v -117.217590 226.557312 66.828613
v -119.097534 232.271912 71.591980
v -126.982239 231.249023 72.650360
v -119.825317 237.282013 74.296509
v -125.889038 237.399536 74.212250
v -126.059692 240.893036 76.686310
v -120.699890 241.733734 77.229065
v -121.781738 245.624634 80.135895
v -120.660095 247.590912 82.048248
v -120.436340 235.832214 103.000488
v -118.400024 236.113129 104.832397
v -135.248108 231.985229 103.027290
v -132.971130 233.372620 102.342010
v -119.186707 235.984436 106.029388
v -132.387939 233.952209 108.016479
v -140.244995 233.043823 107.382805
v -141.643188 246.038818 103.536613
v -133.908020 222.599609 100.849030
v -122.311035 224.132233 101.537567
v -133.785400 222.272736 101.915497
v -120.220398 223.988831 103.155853
v -124.747009 219.034515 101.447701
v -135.299438 218.137512 101.436035
v -134.481323 218.204620 101.762390
v -120.603210 223.989624 105.006104
v -124.798096 219.015625 102.599174
v -135.438904 218.434509 103.747345
v -133.729126 222.959717 106.810577
v -138.626038 222.385925 106.285500
v -136.566406 218.183136 103.447090
v -119.426697 260.234802 95.066071
v -116.939636 260.761322 94.600883
v -116.435791 258.917419 95.397736
v -117.510498 258.712921 96.070587
v -117.495728 254.030914 93.612549
v -119.937622 253.627808 95.598419
v -122.844238 256.379822 93.989258
v -116.459839 260.963806 93.524254
v -115.545227 260.263824 94.024300
v -116.812500 255.397705 91.894653
v -117.371094 253.358917 90.208466
v -117.974487 252.043427 92.248718
v -118.456116 250.581635 91.454468
v -117.874939 251.949615 89.084480
v -120.739197 251.462524 94.112457
v -121.219727 250.178223 93.092094
v -123.589417 254.117615 92.399994
v -123.939392 252.724121 91.369995
v -121.871643 248.492310 92.079254
v -124.764709 251.371735 90.189301
v -118.232727 250.080017 87.509590
v -118.994934 248.781738 90.175903
v -118.652527 261.154205 93.806129
v -122.178528 257.706116 91.506470
v -117.594727 261.436005 92.931854
v -120.361084 257.852814 90.040344
v -118.413818 256.719818 90.774719
v -121.082886 255.910522 88.612823
v -118.770996 254.987427 88.900604
v -121.452942 254.613403 87.598938
v -119.093140 253.622803 87.686363
v -123.354614 254.536713 88.742035
v -122.870728 255.842712 89.863617
v -124.009888 252.931519 87.450134
v -121.993835 252.825806 85.889824
v -119.618591 251.782318 86.082130
v -141.019714 249.898926 100.872810
v 50.598206 131.939331 10.571687
v 59.071777 125.180122 21.843302
v 45.894470 127.981331 19.376940
v 40.142273 140.384033 18.565432
v 61.013672 129.783417 9.091387
v 46.965881 131.491119 29.469303
v 46.816467 141.186432 6.632987
v 69.364807 134.160828 14.231448
v 60.301208 142.786713 4.851367
v 56.110107 129.178436 34.603165
v 41.912964 140.581421 32.144768
v 48.331909 151.054138 10.589377
v 71.229309 130.980438 24.317621
v 53.763062 141.980133 38.867077
v 65.732483 133.712738 33.129066
v 44.699707 150.606018 29.486992
v 42.834961 153.786438 19.400820
v 72.151367 144.185516 11.573668
v 73.922058 144.382812 25.153008
v 57.954285 155.588409 9.115267
v 49.586792 157.451233 20.341187
v 51.656555 157.700012 16.640789
v 67.098511 153.275726 14.249137
v 67.247864 143.580536 37.085449
v 53.050659 154.983521 34.627045
v 56.291016 158.250031 16.028479
v 63.466309 152.827637 33.146759
v 54.044006 157.972809 27.719070
v 49.971313 157.492126 25.408737
v 68.169861 156.785522 24.341499
v 58.678467 158.522827 27.106762
v 60.363708 158.730713 18.338816
v 60.912903 158.791931 22.549934
v 48.323303 171.392822 25.421600
v 51.616272 172.552521 31.317577
v 45.399902 171.819122 27.349415
v 44.063965 171.667511 20.061064
v 52.395874 171.873535 27.731936
v 51.144287 176.534119 31.321257
v 44.927856 175.800812 27.353100
v 43.591980 175.649231 20.064747
v 47.714661 171.325012 20.754625
v 57.030396 172.423615 27.119625
v 58.853760 173.411835 29.973133
v 58.381775 177.393433 29.976816
v 52.956909 176.757721 21.891031
v 48.003906 172.140411 13.801565
v 47.531860 176.122009 13.805249
v 50.008484 171.600739 16.653654
v 62.793701 173.884735 23.713629
v 62.321655 177.866333 23.717314
v 55.241516 172.999725 12.457120
v 54.769409 176.981415 12.460805
v 59.324158 172.699310 23.018658
v 61.457764 173.733032 16.425276
v 60.985779 177.714722 16.428959
v 54.643005 172.150818 16.041344
v 58.715698 172.631531 18.351679
v 52.962769 165.015533 28.987957
v 53.458801 160.832916 28.984085
v 59.093994 161.501709 28.239536
v 58.598206 165.684326 28.243406
v 48.010559 164.431030 26.178679
v 48.506470 160.248413 26.174809
v 47.270569 164.348511 20.503836
v 47.766602 160.165924 20.499966
v 50.059814 164.683838 15.517221
v 50.555664 160.501221 15.513351
v 55.695068 165.352631 14.772681
v 56.190979 161.170013 14.768811
v 60.647400 165.937134 17.581951
v 61.143311 161.754517 17.578081
v 61.387268 166.019623 23.256804
v 61.883301 161.837036 23.252934
v 53.243408 165.050110 27.528547
v 53.739197 160.867523 27.524677
v 58.217407 161.399017 26.933006
v 57.721558 165.581635 26.936876
v 49.307861 164.585632 25.296099
v 49.803772 160.403015 25.292229
v 48.719910 164.520111 20.786469
v 49.215759 160.337433 20.782598
v 50.936401 164.786530 16.823755
v 51.432312 160.603912 16.819885
v 55.414612 165.318024 16.232090
v 55.910461 161.135437 16.228222
v 59.349976 165.782532 18.464535
v 59.845886 161.599915 18.460665
v 59.938110 165.848114 22.974171
v 60.433960 161.665436 22.970301
v -25.764038 -0.027992 44.200287
v -11.255310 164.106934 14.856042
v 0.000000 -0.027992 46.026169
v 0.000000 164.106934 15.504220
v 11.255310 164.106934 14.856042
v 25.763977 -0.027992 44.200287
v 51.151794 302.183105 -20.660892
v 43.245483 305.854309 -12.929543
v 36.756775 301.578613 -6.584442
v 36.756775 291.256226 -6.584423
v 36.756775 280.933807 -6.584442
v 43.245483 276.658112 -12.929543
v 49.963501 280.933807 -19.498783
v 53.934509 291.256226 -23.381962
v 42.218262 287.398407 -14.047321
v 51.748474 301.171906 -16.669872
v 44.573792 304.503418 -9.654003
v 42.037903 287.640228 -10.086353
v 38.685608 300.623413 -3.896093
v 38.685486 291.256226 -3.896063
v 38.685608 281.889130 -3.896093
v 44.573792 278.009003 -9.654003
v 50.669983 281.889130 -15.615322
v 54.273560 291.256226 -19.139133
v -8.076843 242.666534 33.371155
v 15.672180 242.648132 33.371155
v 12.782166 276.277008 26.525486
v 0.000000 272.459015 26.659508
v 13.072876 243.796234 31.905388
v 36.668274 248.475311 31.905388
v 23.383972 280.619629 23.749313
v 12.782166 276.277008 26.525486
v -29.542419 280.267212 19.499125
v -46.734192 270.360504 20.708174
v -34.704224 259.410126 26.593287
v -23.384033 280.619629 23.749313
v -62.661804 -0.027992 42.415489
v -38.476440 -0.027992 53.023846
v -22.879089 -0.027992 60.182407
v 0.000000 176.856110 29.210083
v 0.000000 224.925415 25.414673
v -14.124023 224.641815 24.841249
v -14.919617 176.607422 28.565266
v -30.616333 176.050537 26.430046
v -28.174194 223.930237 23.032101
v -44.785034 -0.041443 -79.201935
v 0.000000 -0.049694 -87.772881
v 0.000000 173.584625 -54.878525
v 0.000000 159.285217 -53.404411
v -23.998291 159.242126 -48.699760
v -28.963684 173.833435 -51.442116
v -99.111328 0.080414 7.625687
v -82.235413 -0.021702 -52.833031
v -12.886841 253.946320 6.387257
v 0.000000 251.739929 7.128177
v 0.000000 255.318329 -5.117403
v -14.279541 260.176819 -6.221123
v -31.856384 268.743408 -6.589643
v -15.551697 262.589630 -16.185802
v -32.815186 270.981201 -17.563492
v -85.278931 -0.027992 29.222139
v -45.388245 175.843811 18.780073
v -42.559692 223.446411 16.269983
v -32.616089 267.198730 -28.500935
v -10.075928 263.385803 -28.537174
v -30.569885 244.836914 -43.353401
v -31.533325 258.411530 -37.267391
v 0.000000 260.060028 -38.553402
v 0.000000 246.018433 -43.446365
v -47.951721 208.322937 -16.950634
v -44.189331 174.121216 -33.549042
v -51.445496 171.860931 -13.400764
v -57.011230 217.855713 -2.932013
v -40.746643 246.805939 8.906377
v -28.361633 249.436310 12.881163
v -13.129517 246.280609 14.585883
v 0.000000 245.479218 15.183064
v -29.707214 261.665009 3.398848
v -54.302734 257.791229 -7.153612
v -48.808411 260.781921 -27.981773
v -52.109802 261.816528 -17.983604
v -45.894897 253.534515 -35.873394
v -38.717590 215.624237 -34.972382
v -42.703125 231.038025 -37.233044
v -43.583130 242.768616 -39.356052
v -56.854797 235.994720 5.839767
v -62.814331 244.721619 -28.423843
v -59.388794 238.995911 -33.438992
v -55.350098 231.660431 -34.621952
v -64.730530 247.232727 -18.275845
v -56.254639 226.781616 6.009087
v -64.197815 245.320831 -7.344124
v -54.023193 174.594513 3.734327
v -54.236694 218.263428 -0.474382
v -48.261719 212.138733 -9.844454
v -47.289001 212.740723 -22.668324
v -50.609741 222.400421 -30.151493
v -98.126526 0.054951 -24.066631
v -51.886230 220.570038 3.331898
v -57.476990 247.976410 1.844547
v -61.133789 239.115509 2.530737
v -41.179016 235.266235 12.867092
v -27.460144 235.911011 18.768166
v -13.766235 236.533325 20.158348
v 0.000000 236.767731 20.634468
v -137.981018 214.365509 63.957275
v -141.785095 197.803833 66.070297
v -141.622498 181.847321 70.351303
v -129.382629 228.042236 65.413368
v -105.502441 210.821320 83.938904
v -109.131592 228.459320 77.183197
v -119.352844 233.558319 69.849854
v -110.172791 191.445312 86.281754
v -116.827820 172.985718 87.220268
v -124.788696 162.196533 85.380745
v -135.143799 167.169037 78.002136
v -77.231201 213.910431 10.792202
v -72.532227 200.346313 19.869804
v -72.407898 186.030426 16.372953
v -73.483826 172.726410 9.684697
v -76.473389 165.976135 0.112078
v -83.270813 173.953918 -13.837685
v -89.725342 186.360535 -26.716515
v -92.334229 197.608734 -30.415833
v -92.660645 208.727234 -28.478603
v -89.345398 216.384033 -18.875751
v -84.206116 218.638733 -5.855373
v -72.946899 218.870636 7.596797
v -67.575928 205.220123 15.053009
v -64.830688 194.034027 11.748814
v -65.071899 180.907227 4.482166
v -68.309937 175.598022 -5.029984
v -74.943237 184.245117 -18.800892
v -81.261230 196.014038 -30.109524
v -84.162292 206.300415 -32.840813
v -85.223328 216.235718 -30.229565
v -83.218628 222.818329 -20.206562
v -79.194885 224.153229 -7.491283
v -97.716797 183.788025 -14.388172
v -100.097900 195.667511 -18.323341
v -99.899841 207.567719 -16.991135
v -95.763489 216.069519 -8.437183
v -89.824890 218.868225 3.664066
v -82.167603 214.354919 19.570799
v -77.559998 200.534637 28.588079
v -78.207825 185.324829 25.519415
v -80.147339 171.320618 19.875462
v -83.745605 163.766113 11.253666
v -91.057312 171.189514 -1.907543
v 0.000000 158.979736 28.343208
v -16.081604 159.027130 26.767006
v -32.273132 159.076630 22.973057
v -44.943726 159.147919 14.944857
v -52.193787 159.141510 0.412617
v -51.636536 159.109436 -18.333992
v -43.000732 159.114716 -35.077583
v 0.000000 164.438812 27.434658
v -15.539185 164.435028 26.190903
v -31.446594 164.359711 22.914011
v -44.299744 164.362915 15.143394
v -51.698242 164.037231 1.086126
v -51.346741 163.488739 -17.564041
v -42.875488 163.035736 -34.357563
v -45.891418 164.696136 -35.190735
v -54.340393 165.626038 -16.748161
v -54.593445 166.514832 2.937357
v -46.282593 167.117432 18.098757
v -31.989685 167.137909 26.156462
v -15.563416 167.315918 28.905561
v 0.000000 167.390717 29.801834
v -25.876038 164.531616 -50.108513
v 0.000000 164.579010 -55.211510
v -24.013489 162.905426 -48.298759
v 0.000000 162.842712 -53.133156
v 0.000000 121.587624 -68.746773
v -30.581604 121.554924 -62.658417
v -55.283630 121.456924 -43.844246
v -66.215698 121.472122 -21.881824
v -66.658325 121.503922 2.420498
v -57.322144 121.480324 20.312490
v -41.416321 121.424423 30.050644
v -22.333313 121.385521 36.029217
v -7.698303 121.348328 39.385826
v -15.137817 62.591377 53.563427
v -30.820496 62.610542 48.328876
v -53.277893 62.630562 39.611557
v -73.279236 62.659447 27.516607
v -85.309998 62.728096 6.741507
v -84.807434 62.699181 -23.062183
v -70.950745 62.651711 -50.149101
v -38.941895 62.693947 -74.204636
v 0.000000 62.707581 -81.621582
v 62.661804 -0.027992 42.415489
v 38.476257 -0.027992 53.023846
v 22.879211 -0.027992 60.182407
v 14.123962 224.641815 24.841249
v 14.919556 176.607422 28.565266
v 30.616272 176.050537 26.430046
v 28.174072 223.930237 23.032101
v 44.784973 -0.041443 -79.201935
v 23.998291 159.242126 -48.699760
v 28.302307 172.678223 -51.236534
v 99.111267 0.080414 7.625687
v 82.235413 -0.021702 -52.833031
v 12.886658 253.946320 6.387257
v 14.279480 260.176819 -6.221123
v 31.856384 268.743408 -6.589643
v 15.551697 262.589630 -16.185802
v 32.815308 270.981201 -17.563492
v 85.278809 -0.027992 29.222139
v 45.388306 175.843811 18.780073
v 42.559814 223.446411 16.269983
v 32.616211 267.198730 -28.500935
v 10.075867 263.385803 -28.537174
v 30.569885 244.836914 -43.353401
v 31.533203 258.411530 -37.267391
v 48.416382 213.654816 -25.195263
v 46.386658 171.463623 -34.067822
v 55.842468 173.128235 -14.743855
v 51.242065 217.609528 -10.833633
v 40.746704 246.805939 8.906377
v 28.361572 249.436310 12.881163
v 13.129456 246.280609 14.585883
v 29.707214 261.665009 3.398848
v 51.994507 256.434204 -0.592333
v 51.616760 264.454529 -20.334263
v 50.782898 262.681427 -9.236704
v 50.860962 259.748810 -29.205212
v 42.458862 222.175415 -40.134193
v 45.113159 239.219116 -39.222984
v 48.514282 251.273315 -35.821732
v 51.016602 231.373810 4.038696
v 67.933411 248.641724 -22.605453
v 65.842468 245.182922 -30.397095
v 62.051514 238.852234 -35.309204
v 67.048462 247.292419 -11.531094
v 51.561768 219.538422 1.697567
v 63.447571 241.597015 -2.000263
v 54.023315 174.594513 3.734327
v 48.920471 213.958313 -8.770542
v 47.817688 211.676117 -20.904404
v 51.221558 218.817810 -32.352673
v 55.960999 228.704620 -35.752434
v 98.126465 0.054951 -24.066631
v 51.886169 220.570038 3.331898
v 52.674011 243.885132 4.832677
v 57.563293 232.345032 4.265697
v 41.179016 235.266235 12.867092
v 27.460083 235.911011 18.768166
v 13.766174 236.533325 20.158348
v 115.905273 116.433723 -23.027153
v 112.281006 114.733223 -32.122002
v 105.505188 111.554024 -38.027615
v 114.216309 115.641228 -11.443493
v 86.564758 102.667221 -0.123943
v 97.014404 107.570122 3.829258
v 107.904907 112.679924 -1.873854
v 82.513367 100.766426 -10.928513
v 80.545898 99.843323 -22.868073
v 82.888916 100.942627 -32.885204
v 93.841675 106.081528 -38.736053
v 71.007874 194.135925 5.639597
v 62.628357 182.342010 1.169577
v 59.379700 177.769623 -11.770943
v 57.818604 175.572418 -25.810265
v 59.680786 178.193420 -36.752193
v 68.463684 190.555115 -40.015701
v 77.860474 203.780823 -38.578892
v 83.191711 211.284210 -32.354092
v 86.156311 215.456818 -22.694244
v 84.645569 213.330627 -10.763622
v 79.740784 206.427338 -0.927393
v 64.647278 213.374725 4.815207
v 56.271301 200.864624 0.782606
v 51.597412 196.512024 -8.866383
v 51.466064 195.421021 -20.429684
v 55.951660 199.394012 -31.632172
v 63.668457 210.615417 -36.991543
v 71.469604 222.267731 -36.803692
v 75.935913 229.104034 -31.554283
v 78.458801 232.927917 -22.979332
v 77.295898 231.226715 -11.487514
v 72.685364 224.583313 -1.717962
v 81.476501 191.780823 -38.750122
v 87.000671 198.740326 -32.398544
v 90.031311 202.558319 -22.694244
v 88.494202 200.621918 -10.767874
v 83.409363 194.216034 -0.927393
v 74.395386 182.860016 5.563827
v 65.746277 171.963837 1.146147
v 62.393066 167.739319 -11.711521
v 60.745300 165.663513 -25.651745
v 62.703796 168.130829 -36.634674
v 71.769409 179.551727 -40.346313
v 16.081604 159.027130 26.767006
v 32.273071 159.076630 22.973057
v 44.943665 159.147919 14.944857
v 52.193787 159.141510 0.412617
v 51.636475 159.109436 -18.333992
v 43.000671 159.114716 -35.077583
v 15.539185 164.435028 26.190903
v 31.446594 164.359711 22.914011
v 44.299805 164.362915 15.143394
v 51.698181 164.037231 1.086126
v 51.346680 163.488739 -17.564041
v 42.875610 163.035736 -34.357563
v 45.891357 164.696136 -35.190723
v 54.340393 165.626038 -16.748154
v 54.593384 166.514832 2.937357
v 46.282593 167.117432 18.098757
v 31.989807 167.137909 26.156462
v 15.563416 167.315918 28.905561
v 25.876099 164.531616 -50.108513
v 24.013489 162.905426 -48.298759
v 30.581604 121.554924 -62.658417
v 55.283569 121.456924 -43.844231
v 66.215698 121.472122 -21.881824
v 66.658264 121.503922 2.420498
v 57.322205 121.480324 20.312490
v 41.416260 121.424423 30.050644
v 22.333313 121.385521 36.029217
v 7.698303 121.348328 39.385826
v 15.137756 62.591377 53.563427
v 30.820496 62.610542 48.328876
v 53.277771 62.630562 39.611557
v 73.279175 62.659447 27.516607
v 85.310059 62.728096 6.741507
v 84.807373 62.699181 -23.062183
v 70.950684 62.651711 -50.149101
v 38.941895 62.693947 -74.204636
v 29.839783 221.905212 -45.891411
v 0.000000 219.971924 -47.557251
v -29.962830 218.002014 -46.777657
v -30.311401 195.848724 -46.551331
v -45.356628 192.884033 -27.627914
v -49.070801 195.893524 -8.458214
v -51.452332 197.792023 3.311546
v -44.015442 199.799011 18.997339
v -28.990845 200.189117 26.266445
v -14.348633 200.906433 28.093586
v 0.000000 201.189209 28.628391
v 14.348572 200.906433 28.093586
v 28.990662 200.189117 26.266445
v 44.015381 199.799011 18.997339
v 52.994995 197.574432 3.665407
v 51.585815 195.539215 -12.470932
v 48.148193 197.844238 -32.417313
v 31.033203 197.850922 -46.871117
v 0.000000 196.825714 -51.706665
v -24.600586 247.574615 35.102295
v -5.863098 244.643036 33.371155
v 0.000000 272.459015 26.659508
v -12.782227 276.277008 26.525486
v -38.464233 254.525330 29.044498
v -20.925415 249.636414 33.146866
v -12.782227 276.277008 26.525486
v -23.384033 280.619629 23.749313
v 0.000000 260.588928 20.046005
v 0.000000 272.459015 26.659508
v 0.000000 290.823029 41.978077
v 0.000000 308.324829 27.648640
v 0.000000 342.723022 12.185991
v 0.000000 350.015930 -15.183205
v 0.000000 250.717621 -13.310993
v 0.000000 275.256012 35.534218
v 0.000000 332.238708 20.785089
v 0.000000 298.484406 34.946426
v 0.000000 320.340118 25.821154
v 0.000000 281.932129 41.780617
v 0.000000 253.196106 4.060827
v 0.000000 348.672211 -0.989902
v 0.000000 254.234711 -29.008354
v 0.000000 349.631317 -28.759773
v 0.000000 260.974609 -42.032154
v 0.000000 344.809113 -45.437111
v 0.000000 326.164429 -56.937126
v 0.000000 336.769531 -52.412689
v 0.000000 268.189728 -49.837959
v 0.000000 277.357330 -53.304291
v 0.000000 285.867828 -56.195610
v 0.000000 291.981628 -57.775002
v 0.000000 297.070007 -58.858932
v 0.000000 305.740021 -60.310822
v 0.000000 316.508728 -60.212700
v 31.870667 263.689331 3.917896
v 39.841309 337.049805 1.006157
v 39.595703 295.505920 8.460087
v 49.011963 317.803131 -16.493874
v 42.138306 296.331604 -15.728062
v 44.474792 318.930908 6.150337
v 43.893066 336.420105 -18.463753
v 34.096497 265.708801 -17.764023
v 43.208374 307.420227 5.809657
v 47.072205 307.693207 -16.422241
v 18.461365 261.869202 16.831118
v 24.647278 294.914917 19.186167
v 23.309204 307.558716 14.966557
v 23.488464 340.617523 10.850628
v 10.723511 341.966125 12.067559
v 24.129700 347.728210 -15.983242
v 18.370300 254.486725 -14.296322
v 10.008057 260.827209 19.048553
v 18.362000 289.149628 26.227406
v 11.991272 308.036621 18.512934
v 11.115784 349.499725 -15.254475
v 8.319702 251.853119 -12.923923
v 39.322510 288.886017 -15.442993
v 36.494202 288.008606 9.897587
v 9.725891 277.468719 29.499649
v 7.640259 290.689423 40.499016
v 4.356567 275.817322 34.449078
v 4.177795 273.147217 26.639994
v 5.249084 260.654510 19.771578
v 4.429016 308.318207 26.577868
v 27.394165 259.139832 -16.368565
v 26.046204 261.750610 10.980088
v 28.742371 286.099304 18.336714
v 33.318909 294.270020 16.364334
v 35.427856 307.326508 12.419770
v 36.113098 319.375702 13.154613
v 33.563599 339.130219 7.518547
v 35.356384 343.355408 -17.240852
v 47.461304 327.576813 -17.646664
v 42.410095 328.906708 4.290367
v 34.942871 330.118225 11.501267
v 22.778503 331.035706 14.983664
v 8.818115 331.712006 17.358130
v 1.870789 332.256714 20.414076
v 15.955811 296.672729 22.016195
v 6.106262 298.566315 33.628498
v 22.459412 319.622131 15.560144
v 9.251404 319.931610 18.799046
v 3.256714 320.305908 25.004265
v 23.579102 287.206818 22.331783
v 12.782166 276.277008 26.525486
v 23.383972 280.619629 23.749315
v 13.690002 290.437531 30.831516
v 11.249573 298.376923 27.723021
v 9.182861 308.281311 22.663710
v 6.791992 320.151703 22.184683
v 5.689697 331.935516 18.988251
v 29.542358 280.267303 19.499136
v 36.298279 281.100830 10.092347
v 39.367371 282.156830 -15.684395
v 20.690063 271.723114 24.212368
v 31.081299 271.661926 18.862312
v 37.419861 273.499023 9.147107
v 40.182007 275.693420 -16.224632
v 17.052002 281.502228 27.843067
v 13.916565 282.126617 31.470367
v 7.016785 282.227631 40.351727
v 8.543274 253.890930 4.004606
v 18.573975 255.658508 1.372217
v 27.601562 259.417023 -2.303873
v 34.114563 265.082031 -4.949034
v 40.171814 275.339905 -2.093542
v 39.331177 282.030304 -0.948624
v 39.288269 288.838531 -0.706802
v 41.886963 296.471527 -1.798014
v 46.649780 307.770416 -3.349703
v 48.091003 318.448608 -3.435003
v 45.958984 327.444611 -5.403803
v 42.219910 335.696228 -6.773514
v 34.187012 342.126129 -4.627443
v 23.829163 346.389618 -2.536654
v 11.425659 348.130310 -1.110073
v 8.373901 255.411621 -29.000053
v 17.402466 258.092407 -28.880295
v 25.646179 262.478302 -28.823704
v 32.356262 268.395020 -28.988003
v 37.659607 276.145721 -29.554241
v 37.007996 282.403107 -30.253864
v 37.269409 289.088928 -30.355572
v 40.416016 295.704926 -30.425873
v 45.027466 306.786713 -30.357075
v 46.999268 316.538025 -30.260643
v 47.353699 327.275604 -29.695305
v 44.751892 336.644012 -29.208714
v 36.284302 343.796906 -28.782501
v 24.444214 347.792725 -28.665333
v 11.506104 349.140717 -28.738983
v 7.653809 261.676117 -41.511433
v 15.273865 263.472321 -40.740513
v 22.727295 266.691803 -39.307423
v 28.774658 271.777527 -39.563213
v 33.544312 277.265503 -40.498093
v 32.760193 283.996429 -43.001484
v 32.914368 289.599121 -43.797150
v 35.371216 296.186523 -44.876312
v 39.149902 305.545013 -46.107101
v 40.554810 315.775024 -45.805336
v 41.541016 325.608521 -43.893600
v 41.254456 333.988708 -42.829853
v 34.403503 340.260712 -42.900433
v 24.092957 343.498718 -44.396454
v 13.404907 344.380829 -44.951180
v 23.871765 277.781616 -48.170036
v 23.362061 285.321411 -50.814453
v 23.492798 290.883911 -51.944740
v 25.206116 296.655121 -53.035721
v 27.832703 305.455719 -54.542526
v 28.773071 315.939911 -54.414757
v 29.458679 325.431030 -51.934906
v 29.729492 334.677612 -49.354111
v 11.372864 277.734711 -52.184334
v 10.997009 286.057831 -54.991570
v 11.031860 292.000824 -56.414436
v 11.960266 297.003326 -57.380264
v 13.258972 305.738708 -58.823906
v 13.807800 316.386414 -58.765602
v 14.168274 325.908630 -55.656410
v 14.559814 336.397919 -51.508186
v 20.571899 271.200104 -45.844749
v 9.809204 269.168823 -49.039543
v 11.233398 267.557617 24.629503
v 5.405212 266.259613 24.038239
v 0.000000 265.859528 23.856030
v -31.870728 263.689331 3.917908
v -39.841309 337.049805 1.006157
v -39.595642 295.505920 8.460077
v -49.011902 317.803131 -16.493874
v -42.138123 296.331604 -15.728073
v -44.474792 318.930908 6.150327
v -43.893127 336.420105 -18.463753
v -34.096497 265.708801 -17.764023
v -43.208435 307.420227 5.809667
v -47.072205 307.693207 -16.422241
v -18.461304 261.869202 16.831118
v -24.647217 294.914917 19.186172
v -23.072327 307.579315 14.844091
v -23.499634 340.648621 10.884912
v -10.726440 341.965729 12.067665
v -24.129639 347.728210 -15.983242
v -18.370300 254.486725 -14.296322
v -10.007996 260.827209 19.048553
v -18.361938 289.149628 26.227406
v -11.991333 308.036621 18.512934
v -11.115723 349.499725 -15.254463
v -8.319641 251.853119 -12.923923
v -39.322388 288.886017 -15.442982
v -36.494202 288.008606 9.897587
v -9.725830 277.468719 29.499649
v -7.640320 290.689423 40.499016
v -4.356628 275.817322 34.449078
v -4.177795 273.147217 26.639994
v -5.249084 260.654510 19.771578
v -4.428894 308.318207 26.577868
v -27.394226 259.139832 -16.368565
v -26.046204 261.750519 10.980087
v -28.742493 286.099426 18.336727
v -33.318909 294.270020 16.364332
v -35.427917 307.326508 12.419773
v -36.113037 319.375702 13.154613
v -33.563599 339.130219 7.518557
v -35.356323 343.355408 -17.240852
v -47.461243 327.576813 -17.646664
v -42.410095 328.906708 4.290358
v -34.942932 330.118225 11.501268
v -22.853638 331.049103 15.131423
v -8.828003 331.711609 17.358171
v -1.870789 332.256714 20.414068
v -15.955688 296.672729 22.016195
v -6.106323 298.566315 33.628498
v -22.459412 319.622131 15.560130
v -9.251343 319.931610 18.799046
v -3.256592 320.305908 25.004265
v -23.579041 287.206818 22.331785
v -12.782227 276.277008 26.525486
v -23.384033 280.619629 23.749311
v -13.689941 290.437531 30.831516
v -11.249634 298.376923 27.723021
v -9.182800 308.281311 24.094084
v -6.791992 320.151703 22.184683
v -5.691040 331.910217 18.735003
v -29.542419 280.267212 19.499123
v -36.298340 281.100830 10.092347
v -39.367432 282.156830 -15.684395
v -20.690125 271.723114 24.212368
v -31.081238 271.661926 18.862312
v -37.419800 273.499023 9.147107
v -40.181885 275.693420 -16.224644
v -17.052002 281.502228 27.843067
v -13.916626 282.126617 31.470367
v -7.016785 282.227631 40.351727
v -8.543396 253.890930 4.004606
v -18.574036 255.658508 1.372217
v -27.601624 259.417023 -2.303873
v -34.114502 265.082031 -4.949034
v -40.171692 275.339905 -2.093542
v -39.331116 282.030304 -0.948624
v -39.288330 288.838531 -0.706793
v -41.886902 296.471527 -1.798023
v -46.649719 307.770416 -3.349703
v -48.091003 318.448608 -3.435003
v -45.958923 327.444611 -5.403812
v -42.219788 335.696228 -6.773514
v -34.186890 342.126129 -4.627443
v -23.829102 346.389709 -2.536642
v -11.425720 348.130310 -1.110064
v -8.373840 255.411621 -29.000053
v -17.402527 258.092407 -28.880295
v -25.646240 262.478302 -28.823704
v -32.356201 268.395020 -28.988003
v -37.659607 276.145721 -29.554241
v -37.007996 282.403107 -30.253864
v -37.269287 289.088928 -30.355572
v -40.415894 295.704926 -30.425873
v -45.027527 306.786713 -30.357075
v -46.999329 316.538025 -30.260643
v -47.353638 327.275604 -29.695305
v -44.751892 336.644012 -29.208714
v -36.284241 343.796906 -28.782501
v -24.444092 347.792725 -28.665333
v -11.506042 349.140717 -28.738983
v -7.653687 261.676117 -41.511433
v -15.273804 263.472321 -40.740513
v -22.727234 266.691803 -39.307423
v -28.774597 271.777527 -39.563213
v -33.544189 277.265503 -40.498093
v -32.760193 283.996429 -43.001484
v -32.914429 289.599121 -43.797150
v -35.371094 296.186523 -44.876312
v -39.149902 305.545013 -46.107101
v -40.554810 315.775024 -45.805336
v -41.540894 325.608521 -43.893593
v -41.254395 333.988708 -42.829842
v -34.403442 340.260712 -42.900421
v -24.092896 343.498718 -44.396446
v -13.404785 344.380829 -44.951180
v -23.871643 277.781616 -48.170036
v -23.362000 285.321411 -50.814461
v -23.492737 290.883911 -51.944740
v -25.206116 296.655121 -53.035721
v -27.832642 305.455719 -54.542526
v -28.773132 315.939911 -54.414757
v -29.458740 325.431030 -51.934906
v -29.729431 334.677612 -49.354111
v -11.372803 277.734711 -52.184334
v -10.996887 286.057831 -54.991570
v -11.031799 292.000824 -56.414436
v -11.960327 297.003326 -57.380264
v -13.259033 305.738708 -58.823906
v -13.807800 316.386414 -58.765602
v -14.168091 325.908630 -55.656410
v -14.559692 336.397919 -51.508186
v -20.571838 271.200104 -45.844749
v -9.809143 269.168823 -49.039543
v -11.233337 267.557617 24.629503
v -5.405212 266.259613 24.038239
v 0.038086 159.966614 -53.699295
v -25.566895 159.907227 -47.492424
v -25.672241 163.553833 -48.620880
v 0.038086 163.450134 -55.158081
v 0.038086 164.955933 26.096380
v -15.103027 164.952209 24.803028
v -15.631531 159.682922 25.710451
v 0.038086 159.636719 27.219564
v -30.602722 164.878937 21.453348
v -31.408020 159.731232 21.950640
v -43.126526 164.882019 13.224351
v -43.754028 159.800629 13.621500
v -50.335388 164.564728 -1.204144
v -50.818298 159.794434 -0.995012
v -51.834229 163.990723 -16.200493
v -52.199036 159.703339 -16.109993
v -42.358093 163.635010 -35.518871
v -42.434631 159.774323 -34.931103
v 52.275208 159.703339 -16.109993
v 42.510803 159.774323 -34.931103
v 42.434265 163.635010 -35.518871
v 51.910278 163.990723 -16.200493
v 50.894470 159.794434 -0.995012
v 50.411560 164.564728 -1.204144
v 43.830200 159.800629 13.621500
v 43.202698 164.882019 13.224351
v 31.484192 159.731232 21.950640
v 30.678894 164.878937 21.453348
v 15.707703 159.682922 25.710451
v 15.179077 164.952209 24.803028
v 25.748413 163.553833 -48.620880
v 25.643066 159.907227 -47.492424
v 0.038086 160.230133 -56.237885
v -26.291992 160.339233 -49.830070
v -26.303833 162.349609 -50.309380
v 0.038086 162.165527 -56.881676
v 0.038086 164.031616 28.584415
v -15.466736 164.012238 27.226807
v -15.759338 161.251709 27.833660
v 0.038086 161.248230 29.302782
v -31.409729 163.935028 23.647751
v -31.871887 161.235016 24.035456
v -44.521423 163.945831 14.866655
v -44.926208 161.280731 15.167835
v -52.158997 163.676727 -0.466383
v -52.521423 161.157837 -0.312653
v -53.617310 163.130127 -16.634304
v -53.913208 160.844818 -16.612862
v -43.634827 162.649323 -36.875221
v -43.758484 160.551422 -36.654293
v 53.989258 160.844818 -16.612873
v 43.834656 160.551422 -36.654293
v 43.710999 162.649323 -36.875221
v 53.693481 163.130127 -16.634304
v 52.597473 161.157837 -0.312662
v 52.235168 163.676727 -0.466383
v 45.002380 161.280731 15.167835
v 44.597473 163.945831 14.866657
v 31.948059 161.235016 24.035456
v 31.485901 163.935028 23.647751
v 15.835388 161.251709 27.833660
v 15.542908 164.012238 27.226807
v 26.380005 162.349609 -50.309380
v 26.368164 160.339233 -49.830070
v 15.831299 162.760315 28.809587
v 0.038086 162.783234 30.232677
v -15.755188 162.760315 28.809587
v -32.002441 162.698212 25.040548
v -45.446533 162.720825 15.911629
v -53.329712 162.503418 0.009047
v -54.749512 162.009735 -16.884724
v -44.424316 161.485718 -37.616524
v -26.674622 161.076721 -51.175812
v 0.038086 160.868530 -57.725327
v 26.750671 161.076721 -51.175812
v 44.500488 161.485718 -37.616531
v 54.825684 162.009735 -16.884724
v 53.405762 162.503418 0.009047
v 45.522705 162.720825 15.911629
v 32.078613 162.698212 25.040548
v -188.423767 355.243225 80.896095
v -156.990173 355.243225 80.896095
v -188.423767 355.243225 112.329727
v -156.990173 355.243225 112.329712
v -188.423767 386.677032 112.329727
v -156.990173 386.677032 112.329727
v -188.423767 386.677032 80.896095
v -156.990173 386.677032 80.896103
v -193.924683 370.960144 117.830605
v -151.489258 392.177917 96.612915
v -172.706970 392.177917 75.395218
v -193.924683 392.177917 96.612915
v -151.489258 370.960144 75.395218
v -193.924683 370.960144 75.395218
v -172.706970 349.742432 75.395218
v -151.489258 349.742432 96.612915
v -172.706970 349.742432 117.830605
v -193.924683 349.742432 96.612915
v -151.489258 370.960144 117.830605
v -172.706970 392.177917 117.830605
v -172.706970 342.669922 96.612915
v -172.706970 370.960144 124.903168
v -172.706970 399.250336 96.612915
v -172.706970 370.960144 68.322655
v -144.416748 370.960144 96.612915
v -200.997253 370.960144 96.612915
v -126.415649 0.080414 85.092590
v -131.191101 0.080414 83.114548
v -135.966492 0.080414 85.092590
v -137.944458 0.080414 89.867973
v -135.966492 0.080414 94.643364
v -131.191101 0.080414 96.621391
v -126.415649 0.080414 94.643364
v -124.437561 0.080414 89.867973
v -131.191101 0.080414 89.867973
v -126.415649 261.281128 90.311958
v -131.191101 261.281128 88.560478
v -135.966492 261.281128 90.765068
v -137.944458 261.281128 95.634308
v -135.966492 261.281128 100.315842
v -131.191101 261.281128 102.067322
v -126.415649 261.281128 99.862732
v -124.437561 261.281128 94.993492
v -138.838745 87.558334 103.940598
v -143.614197 87.558334 101.962563
v -145.592163 87.558334 97.187172
v -143.614197 87.558334 92.411781
v -138.838745 87.558334 90.433746
v -134.063354 87.558334 92.411781
v -132.085266 87.558334 97.187172
v -134.063354 87.558334 101.962563
v -124.658752 43.819389 93.527573
v -126.636902 43.819389 98.302963
v -131.412292 43.819389 100.280998
v -136.187561 43.819389 98.302963
v -138.165649 43.819389 93.527573
v -136.187561 43.819389 88.752182
v -131.412292 43.819389 86.774147
v -126.636902 43.819389 88.752182
v -125.183289 65.688866 100.132767
v -129.958679 65.688866 102.110802
v -134.733948 65.688866 100.132767
v -136.712097 65.688866 95.357376
v -134.733948 65.688866 90.581985
v -129.958679 65.688866 88.603958
v -125.183289 65.688866 90.581985
v -123.205200 65.688866 95.357376
v -134.438660 21.949898 98.451202
v -139.214050 21.949898 96.473167
v -141.192078 21.949898 91.697777
v -139.214050 21.949898 86.922386
v -134.438660 21.949898 84.944344
v -129.663391 21.949898 86.922386
v -127.685303 21.949898 91.697777
v -129.663391 21.949898 96.473167
v -126.407959 207.128845 95.091042
v -131.183350 207.128845 97.089302
v -135.958679 207.128845 95.131508
v -137.936646 207.128845 90.364494
v -135.958679 207.128845 85.580719
v -131.183350 207.128845 83.582458
v -126.407959 207.128845 85.540268
v -124.429871 207.128845 90.307274
v -140.298279 293.635529 92.879707
v -136.002197 293.635529 94.344475
v -144.594299 293.635529 94.973907
v -146.373779 293.635529 99.400337
v -144.594299 293.635529 103.566048
v -140.298279 293.635529 105.030823
v -136.002197 293.635529 102.936607
v -134.222656 293.635529 98.510178
v -144.372498 313.767120 93.433868
v -140.076355 313.767120 94.810135
v -148.668457 313.767120 95.616562
v -150.448059 313.767120 100.079651
v -148.668457 313.767120 104.208702
v -144.372498 313.767120 105.584984
v -140.076355 313.767120 103.402267
v -138.296997 313.767120 98.939186
v -138.141296 339.890320 91.068466
v -134.094299 338.448944 92.445747
v -142.188293 341.331726 93.264252
v -143.864563 341.928833 97.736885
v -142.188293 341.331726 101.856392
v -138.141296 339.890320 103.219582
v -134.094299 338.448944 101.037888
v -132.417847 337.851929 96.579338
v -117.944458 368.403442 87.717148
v -115.301697 366.964844 88.678864
v -120.587280 369.842041 89.257385
v -121.681946 370.438019 92.390808
v -120.587280 369.842041 95.275406
v -117.944458 368.403442 96.227936
v -115.301697 366.964844 94.696884
v -114.206970 366.368927 91.572655
v -111.806152 388.798340 82.877274
v -108.032959 386.744324 84.175453
v -115.579468 390.852234 85.156830
v -117.142395 391.703125 89.665482
v -115.579468 390.852234 93.748947
v -111.806152 388.798340 95.028404
v -108.032959 386.744324 92.767578
v -106.470093 385.893524 88.277634
v -109.232056 402.460815 84.774673
v -107.806702 401.684937 85.241791
v -110.657593 403.236816 85.654739
v -111.247986 403.558228 87.364548
v -110.657593 403.236816 88.900658
v -109.232056 402.460815 89.365097
v -107.806702 401.684937 88.487701
v -107.216248 401.363525 86.780556
v -109.232056 402.460815 87.069885
v -140.107300 117.186836 103.699287
v -144.882690 117.186836 101.721245
v -146.860657 117.186836 96.945854
v -144.882690 117.186836 92.170464
v -140.107300 117.186836 90.192421
v -135.331970 117.186836 92.170464
v -133.353882 117.186836 96.945854
v -135.331970 117.186836 101.721245
v -138.815979 150.974030 100.865593
v -143.591370 150.974030 98.887558
v -145.569397 150.974030 94.112167
v -143.591370 150.974030 89.336761
v -138.815979 150.974030 87.358742
v -134.040588 150.974030 89.336761
v -132.062500 150.974030 94.112167
v -134.040588 150.974030 98.887558
v -136.026672 184.230530 98.076416
v -140.802063 184.230530 96.098381
v -142.780090 184.230530 91.322998
v -140.802063 184.230530 86.547607
v -136.026672 184.230530 84.569565
v -131.251404 184.230530 86.547607
v -129.273254 184.230530 91.322998
v -131.251404 184.230530 96.098381
v -127.320557 264.078125 90.603363
v -131.191101 261.281128 88.560478
v -159.858887 280.470428 92.801315
v -156.133850 282.610840 94.586418
v -135.061584 258.484039 90.456375
v -163.583679 278.330139 94.562492
v -136.664856 257.325439 95.192688
v -165.126648 277.443542 98.847244
v -135.061584 258.484039 100.007156
v -163.583679 278.330139 103.154625
v -131.191101 261.281128 102.067322
v -159.858887 280.470428 104.952438
v -127.320557 264.078125 100.154144
v -156.133850 282.610840 103.178543
v -125.717346 265.236725 95.400551
v -154.591003 283.497437 98.881073
v -175.651855 296.377319 95.818901
v -171.927002 298.517639 97.583702
v -179.376892 294.236938 97.600395
v -180.919800 293.350342 101.893547
v -179.376892 294.236938 106.192528
v -175.651855 296.377319 107.970032
v -171.927002 298.517639 106.175835
v -170.384094 299.404236 101.869957
v -183.896667 319.084229 98.890717
v -181.285095 320.584839 99.852356
v -186.508301 317.583618 100.414871
v -187.590088 316.961945 103.538696
v -186.508301 317.583618 106.438972
v -183.896667 319.084229 107.410072
v -181.285095 320.584839 105.876457
v -180.203247 321.206421 102.743172
v -194.303955 337.330841 99.928047
v -192.461304 339.713440 100.944176
v -196.146667 334.948242 101.396584
v -196.909973 333.961243 104.497025
v -196.146667 334.948242 107.420677
v -194.303955 337.330841 108.447418
v -192.461304 339.713440 106.968277
v -191.697998 340.700317 103.857224
v -208.327454 344.527130 101.762634
v -207.911072 347.510315 103.003708
v -208.743958 341.544037 103.013847
v -208.916504 340.308319 106.026482
v -208.743958 341.544037 109.037933
v -208.327454 344.527130 110.281998
v -207.911072 347.510315 109.027794
v -207.738586 348.745819 106.012146
v -232.960999 346.925934 105.100731
v -233.066467 349.936127 106.502342
v -232.855591 343.915741 106.195168
v -232.811890 342.668823 109.143967
v -232.855591 343.915741 112.219254
v -232.960999 346.925934 113.620094
v -233.066467 349.936127 112.526436
v -233.110046 351.182922 109.578384
v -248.276184 346.649139 107.133423
v -248.381653 349.659332 108.590668
v -248.170654 343.638916 108.172218
v -248.126953 342.392029 111.097984
v -248.170654 343.638916 114.196312
v -248.276184 346.649139 115.652786
v -248.381653 349.659332 114.614761
v -248.425293 350.906128 111.689758
v -248.276062 346.649139 111.393097
v -51.748474 301.171906 -16.669872
v -44.573792 304.503418 -9.654003
v -42.037903 287.640228 -10.086353
v -38.685608 300.623413 -3.896093
v -38.685486 291.256226 -3.896063
v -38.685608 281.889130 -3.896093
v -44.573792 278.009003 -9.654003
v -50.669983 281.889130 -15.615322
v -54.273560 291.256226 -19.139133
v -51.151794 302.183105 -20.660892
v -42.218262 287.398407 -14.047321
v -43.245483 305.854309 -12.929543
v -36.756775 301.578613 -6.584442
v -36.756775 291.256226 -6.584423
v -36.756775 280.933807 -6.584442
v -43.245483 276.658112 -12.929543
v -49.963501 280.933807 -19.498783
v -53.934509 291.256226 -23.381962
vt 0.923296 0.820758
vt 0.931137 0.820758
vt 0.931137 0.765422
vt 0.915673 0.765422
vt 0.938978 0.820758
vt 0.946601 0.765422
vt 0.942225 0.820758
vt 0.953006 0.765422
vt 0.942225 0.820758
vt 0.938978 0.820758
vt 0.946601 0.765422
vt 0.953006 0.765422
vt 0.931137 0.820758
vt 0.931137 0.765422
vt 0.923296 0.820758
vt 0.915673 0.765422
vt 0.920049 0.820758
vt 0.909268 0.765422
vt 0.920049 0.820758
vt 0.909268 0.765422
vt 0.923296 0.833032
vt 0.931137 0.833032
vt 0.938978 0.833032
vt 0.942225 0.833032
vt 0.942225 0.833032
vt 0.938978 0.833032
vt 0.931137 0.833032
vt 0.923296 0.833032
vt 0.920049 0.833032
vt 0.920049 0.833032
vt 0.921334 0.843916
vt 0.931137 0.843916
vt 0.940940 0.843916
vt 0.945001 0.843916
vt 0.945001 0.843916
vt 0.940940 0.843916
vt 0.931137 0.843916
vt 0.921334 0.843916
vt 0.917274 0.843916
vt 0.917274 0.843916
vt 0.921678 0.869392
vt 0.936464 0.869392
vt 0.951249 0.869392
vt 0.957374 0.869392
vt 0.957374 0.869392
vt 0.951249 0.869392
vt 0.936464 0.869392
vt 0.921678 0.869392
vt 0.915554 0.869392
vt 0.915554 0.869392
vt 0.933490 0.897646
vt 0.948274 0.897646
vt 0.963060 0.897646
vt 0.969185 0.897646
vt 0.969185 0.897646
vt 0.963060 0.897646
vt 0.948274 0.897646
vt 0.933490 0.897646
vt 0.927365 0.897646
vt 0.927365 0.897646
vt 0.938970 0.913994
vt 0.950014 0.913994
vt 0.961058 0.913994
vt 0.965632 0.913994
vt 0.965632 0.913994
vt 0.961058 0.913994
vt 0.950014 0.913994
vt 0.938970 0.913994
vt 0.934395 0.913994
vt 0.934395 0.913994
vt 0.926220 0.928776
vt 0.934883 0.928776
vt 0.943546 0.928776
vt 0.947134 0.928776
vt 0.947134 0.928776
vt 0.943546 0.928776
vt 0.934883 0.928776
vt 0.926220 0.928776
vt 0.922632 0.928776
vt 0.922632 0.928776
vt 0.910220 0.944255
vt 0.918883 0.944255
vt 0.927546 0.944255
vt 0.931133 0.944255
vt 0.931133 0.944255
vt 0.927546 0.944255
vt 0.918883 0.944255
vt 0.910220 0.944255
vt 0.906632 0.944255
vt 0.906632 0.944255
vt 0.907527 0.963386
vt 0.912448 0.963386
vt 0.917369 0.963386
vt 0.919407 0.963386
vt 0.919407 0.963386
vt 0.917369 0.963386
vt 0.912448 0.963386
vt 0.907527 0.963386
vt 0.905489 0.963386
vt 0.905489 0.963386
vt 0.909409 0.975908
vt 0.912970 0.975908
vt 0.916530 0.975908
vt 0.918005 0.975908
vt 0.918005 0.975908
vt 0.916530 0.975908
vt 0.912970 0.975908
vt 0.909409 0.975908
vt 0.907935 0.975908
vt 0.907935 0.975908
vt 0.922255 0.986340
vt 0.923579 0.985647
vt 0.924902 0.984955
vt 0.925451 0.984668
vt 0.925451 0.984668
vt 0.924902 0.984955
vt 0.923579 0.985647
vt 0.922255 0.986340
vt 0.921706 0.986627
vt 0.921706 0.986627
vt 0.923579 0.985647
vt 0.923579 0.985647
vt 0.954225 0.710087
vt 0.931137 0.710087
vt 0.931137 0.656966
vt 0.961542 0.656966
vt 0.963787 0.710087
vt 0.974137 0.656966
vt 0.954225 0.710087
vt 0.963787 0.710087
vt 0.974137 0.656966
vt 0.961542 0.656966
vt 0.931137 0.710087
vt 0.931137 0.656966
vt 0.908050 0.710087
vt 0.900731 0.656966
vt 0.898487 0.710087
vt 0.888137 0.656966
vt 0.908050 0.710087
vt 0.898487 0.710087
vt 0.888137 0.656966
vt 0.900731 0.656966
vt 0.931137 0.603844
vt 0.968861 0.603844
vt 0.984486 0.603844
vt 0.984486 0.603844
vt 0.968861 0.603844
vt 0.931137 0.603844
vt 0.893414 0.603844
vt 0.877788 0.603844
vt 0.877788 0.603844
vt 0.893414 0.603844
vt 0.502509 0.410146
vt 0.496990 0.409684
vt 0.497040 0.402908
vt 0.505761 0.405993
vt 0.491468 0.410032
vt 0.488267 0.405850
vt 0.497041 0.402907
vt 0.505763 0.405992
vt 0.502511 0.410146
vt 0.496991 0.409683
vt 0.488268 0.405850
vt 0.491469 0.410032
vt 0.496902 0.415811
vt 0.489960 0.415270
vt 0.503885 0.415418
vt 0.496900 0.415811
vt 0.489959 0.415270
vt 0.503884 0.415418
vt 0.483009 0.413772
vt 0.510988 0.413985
vt 0.510987 0.413986
vt 0.483011 0.413771
vt 0.527123 0.465347
vt 0.536534 0.456665
vt 0.537286 0.458433
vt 0.529962 0.466492
vt 0.549304 0.455974
vt 0.548154 0.458811
vt 0.549265 0.486821
vt 0.536503 0.487518
vt 0.537648 0.484678
vt 0.548511 0.485050
vt 0.558669 0.478147
vt 0.555831 0.476998
vt 0.557977 0.465383
vt 0.556207 0.466136
vt 0.527823 0.478115
vt 0.529592 0.477359
vt 0.539056 0.462163
vt 0.533548 0.467729
vt 0.546912 0.462396
vt 0.538885 0.481090
vt 0.546739 0.481320
vt 0.552243 0.475757
vt 0.552475 0.467904
vt 0.533319 0.475585
vt 0.542895 0.471741
vt 0.496796 0.457669
vt 0.496822 0.452531
vt 0.504285 0.452443
vt 0.504210 0.457628
vt 0.489377 0.457643
vt 0.489330 0.452468
vt 0.482001 0.457597
vt 0.481858 0.452283
vt 0.511622 0.452289
vt 0.511587 0.457576
vt 0.504210 0.457627
vt 0.504285 0.452443
vt 0.496796 0.457669
vt 0.496822 0.452531
vt 0.489377 0.457644
vt 0.489329 0.452470
vt 0.482001 0.457599
vt 0.481857 0.452284
vt 0.511622 0.452289
vt 0.511587 0.457576
vt 0.496816 0.481036
vt 0.489438 0.481035
vt 0.482071 0.481036
vt 0.511550 0.481018
vt 0.504192 0.481028
vt 0.496818 0.481036
vt 0.489439 0.481037
vt 0.482073 0.481039
vt 0.511547 0.481019
vt 0.504189 0.481028
vt 0.470147 0.446731
vt 0.464682 0.446731
vt 0.464682 0.439812
vt 0.470147 0.439812
vt 0.470147 0.453650
vt 0.464682 0.453650
vt 0.470147 0.460568
vt 0.464682 0.460568
vt 0.470147 0.467487
vt 0.464682 0.467487
vt 0.464682 0.412138
vt 0.470147 0.412138
vt 0.470147 0.419057
vt 0.464682 0.419057
vt 0.470147 0.425975
vt 0.464682 0.425975
vt 0.470147 0.432894
vt 0.464682 0.432894
vt 0.462845 0.446731
vt 0.462845 0.439812
vt 0.471983 0.439812
vt 0.471983 0.446731
vt 0.471983 0.453650
vt 0.462845 0.453650
vt 0.471983 0.460568
vt 0.462845 0.460568
vt 0.471983 0.467487
vt 0.462845 0.467487
vt 0.471983 0.412138
vt 0.471983 0.419057
vt 0.462845 0.419057
vt 0.462845 0.412138
vt 0.471983 0.425975
vt 0.462845 0.425975
vt 0.471983 0.432894
vt 0.462845 0.432894
vt 0.977890 0.943934
vt 0.965096 0.988753
vt 0.935898 0.967969
vt 0.968437 0.944476
vt 0.168166 0.593377
vt 0.181232 0.592004
vt 0.183127 0.608288
vt 0.169291 0.606393
vt 0.193955 0.586814
vt 0.196720 0.605559
vt 0.207540 0.581209
vt 0.211447 0.600293
vt 0.224877 0.579668
vt 0.228744 0.596548
vt 0.245944 0.582721
vt 0.248296 0.595981
vt 0.268559 0.587876
vt 0.269589 0.598586
vt 0.289820 0.588134
vt 0.289820 0.600549
vt 0.010957 0.588134
vt 0.028391 0.586875
vt 0.027990 0.596629
vt 0.010957 0.600549
vt 0.048316 0.580032
vt 0.048191 0.590297
vt 0.069840 0.574538
vt 0.068519 0.587402
vt 0.089800 0.574164
vt 0.087276 0.590855
vt 0.106638 0.578556
vt 0.105025 0.594587
vt 0.121733 0.584837
vt 0.120676 0.598798
vt 0.135748 0.589019
vt 0.135236 0.600798
vt 0.147951 0.588134
vt 0.147951 0.600549
vt 0.155601 0.588134
vt 0.155601 0.600549
vt 0.170713 0.649583
vt 0.187432 0.653426
vt 0.172027 0.657011
vt 0.187187 0.637676
vt 0.202548 0.634676
vt 0.202794 0.649763
vt 0.218434 0.628408
vt 0.218729 0.642936
vt 0.235814 0.622548
vt 0.236145 0.636617
vt 0.254264 0.619803
vt 0.254513 0.634457
vt 0.273645 0.621968
vt 0.273180 0.638623
vt 0.289820 0.625582
vt 0.289820 0.656351
vt 0.010957 0.615202
vt 0.024802 0.618406
vt 0.026408 0.637603
vt 0.010957 0.656351
vt 0.043644 0.617520
vt 0.045217 0.635490
vt 0.062970 0.618023
vt 0.064698 0.635824
vt 0.082848 0.619733
vt 0.083855 0.638607
vt 0.101165 0.624106
vt 0.101726 0.642784
vt 0.118064 0.628087
vt 0.118217 0.645944
vt 0.135392 0.636571
vt 0.135032 0.643110
vt 0.175879 0.674161
vt 0.195185 0.691942
vt 0.177609 0.696888
vt 0.210234 0.681524
vt 0.225053 0.670829
vt 0.240622 0.664109
vt 0.257339 0.662281
vt 0.274445 0.668171
vt 0.289820 0.684360
vt 0.026811 0.667732
vt 0.010957 0.684360
vt 0.044944 0.661528
vt 0.062992 0.660775
vt 0.080229 0.664360
vt 0.096497 0.672553
vt 0.111987 0.682879
vt 0.129841 0.668776
vt 0.128370 0.690634
vt 0.147951 0.679051
vt 0.147951 0.684360
vt 0.155601 0.679051
vt 0.155601 0.684360
vt 0.201079 0.714609
vt 0.180700 0.721606
vt 0.215791 0.702466
vt 0.229171 0.691247
vt 0.243278 0.684229
vt 0.258497 0.682520
vt 0.274269 0.688443
vt 0.289820 0.706533
vt 0.029029 0.688777
vt 0.010957 0.706533
vt 0.045667 0.671120
vt 0.046063 0.684992
vt 0.062673 0.677328
vt 0.061636 0.686982
vt 0.077735 0.684433
vt 0.076018 0.691291
vt 0.092534 0.691903
vt 0.090353 0.698633
vt 0.108714 0.697548
vt 0.106163 0.706707
vt 0.126121 0.714514
vt 0.147951 0.706533
vt 0.155601 0.706533
vt 0.172034 0.770214
vt 0.187922 0.767887
vt 0.191846 0.807116
vt 0.173969 0.807979
vt 0.204177 0.765520
vt 0.208702 0.802984
vt 0.220898 0.764392
vt 0.224609 0.797771
vt 0.238034 0.765203
vt 0.239922 0.793948
vt 0.255496 0.767733
vt 0.255163 0.792822
vt 0.273080 0.770989
vt 0.271597 0.795298
vt 0.289820 0.772010
vt 0.289820 0.803021
vt 0.010957 0.772010
vt 0.034366 0.768045
vt 0.032352 0.792306
vt 0.010957 0.803021
vt 0.054719 0.762040
vt 0.054192 0.786130
vt 0.072472 0.757274
vt 0.072319 0.783251
vt 0.089611 0.764251
vt 0.087966 0.767498
vt 0.099871 0.787134
vt 0.104786 0.754797
vt 0.119955 0.758042
vt 0.114317 0.792932
vt 0.134067 0.763913
vt 0.129831 0.799777
vt 0.147951 0.772010
vt 0.147951 0.803021
vt 0.155601 0.772010
vt 0.155601 0.803021
vt 0.077700 0.710046
vt 0.064183 0.707715
vt 0.048960 0.708560
vt 0.031367 0.713642
vt 0.010957 0.725658
vt 0.289820 0.725658
vt 0.272262 0.712813
vt 0.256412 0.707029
vt 0.242039 0.707266
vt 0.228729 0.711991
vt 0.215412 0.720030
vt 0.199782 0.728628
vt 0.178806 0.732669
vt 0.155601 0.725658
vt 0.147951 0.725658
vt 0.128192 0.725944
vt 0.107707 0.720716
vt 0.091365 0.715047
vt 0.081570 0.738704
vt 0.066450 0.740349
vt 0.050223 0.743752
vt 0.031807 0.748551
vt 0.010957 0.752665
vt 0.289820 0.752665
vt 0.272596 0.748187
vt 0.256925 0.745237
vt 0.242048 0.744166
vt 0.227234 0.745009
vt 0.211249 0.746808
vt 0.193094 0.747665
vt 0.173658 0.747552
vt 0.155601 0.752665
vt 0.147951 0.752665
vt 0.133194 0.741782
vt 0.115434 0.738931
vt 0.097779 0.738066
vt 0.089121 0.753810
vt 0.189397 0.826088
vt 0.171362 0.825710
vt 0.207827 0.824320
vt 0.225028 0.820186
vt 0.240029 0.816371
vt 0.254836 0.814992
vt 0.271070 0.816796
vt 0.289820 0.821370
vt 0.032106 0.816704
vt 0.010957 0.821370
vt 0.052308 0.811096
vt 0.070571 0.806453
vt 0.085928 0.785318
vt 0.086691 0.804095
vt 0.099814 0.804337
vt 0.112767 0.810406
vt 0.128502 0.817321
vt 0.147951 0.821370
vt 0.155601 0.821370
vt 0.183210 0.857320
vt 0.168556 0.858089
vt 0.199583 0.857543
vt 0.217016 0.857986
vt 0.234777 0.858551
vt 0.252762 0.859446
vt 0.271069 0.860447
vt 0.289820 0.861149
vt 0.034681 0.859083
vt 0.010957 0.861149
vt 0.055913 0.855279
vt 0.073946 0.851307
vt 0.089219 0.847604
vt 0.102916 0.846024
vt 0.116526 0.847560
vt 0.131434 0.852325
vt 0.147951 0.861149
vt 0.155601 0.861149
vt 0.189593 0.898139
vt 0.172417 0.897779
vt 0.206695 0.897926
vt 0.223346 0.897136
vt 0.239619 0.896163
vt 0.255880 0.895408
vt 0.272610 0.895519
vt 0.289820 0.896813
vt 0.031261 0.892206
vt 0.010957 0.896813
vt 0.050287 0.889387
vt 0.067191 0.888067
vt 0.082188 0.888155
vt 0.096356 0.889687
vt 0.111427 0.892044
vt 0.128554 0.894770
vt 0.147951 0.896813
vt 0.155601 0.896813
vt 0.191269 0.935844
vt 0.173527 0.935586
vt 0.208382 0.935730
vt 0.224840 0.935527
vt 0.240850 0.935215
vt 0.256839 0.934943
vt 0.273144 0.934872
vt 0.289820 0.935122
vt 0.029815 0.932678
vt 0.010957 0.935122
vt 0.047647 0.930683
vt 0.063996 0.929439
vt 0.079109 0.929111
vt 0.094044 0.929717
vt 0.110139 0.931099
vt 0.128175 0.932997
vt 0.147951 0.935122
vt 0.155601 0.935122
vt 0.189863 0.971527
vt 0.172853 0.971850
vt 0.206574 0.971317
vt 0.223020 0.971166
vt 0.239416 0.971129
vt 0.255993 0.971238
vt 0.272806 0.971623
vt 0.289820 0.972139
vt 0.029982 0.971091
vt 0.010957 0.972139
vt 0.047887 0.970188
vt 0.064321 0.969584
vt 0.079644 0.969395
vt 0.094835 0.969669
vt 0.110972 0.970328
vt 0.128717 0.971216
vt 0.147951 0.972139
vt 0.155601 0.972139
vt 0.189439 0.992916
vt 0.172629 0.992916
vt 0.205987 0.992916
vt 0.222398 0.992916
vt 0.238884 0.992916
vt 0.255616 0.992916
vt 0.272634 0.992916
vt 0.289820 0.992916
vt 0.029283 0.992916
vt 0.010957 0.992916
vt 0.046661 0.992916
vt 0.062897 0.992916
vt 0.078389 0.992916
vt 0.093994 0.992916
vt 0.110621 0.992916
vt 0.128708 0.992916
vt 0.147951 0.992916
vt 0.155601 0.992916
vt 0.119410 0.611109
vt 0.134490 0.611498
vt 0.134476 0.629659
vt 0.103273 0.608217
vt 0.085147 0.604942
vt 0.065966 0.603243
vt 0.045367 0.607357
vt 0.010957 0.612802
vt 0.027198 0.605645
vt 0.270808 0.608989
vt 0.289820 0.612802
vt 0.250648 0.608349
vt 0.232085 0.611522
vt 0.215048 0.616732
vt 0.199746 0.621729
vt 0.185208 0.622873
vt 0.170473 0.618231
vt 0.170484 0.635434
vt 0.155601 0.612802
vt 0.155601 0.625582
vt 0.147951 0.612802
vt 0.147951 0.625582
vt 0.089674 0.757959
vt 0.046665 0.603908
vt 0.066335 0.600907
vt 0.047844 0.599264
vt 0.067072 0.598062
vt 0.045286 0.666300
vt 0.062720 0.673453
vt 0.078167 0.680617
vt 0.093337 0.688234
vt 0.110413 0.690232
vt 0.063089 0.667511
vt 0.079102 0.674556
vt 0.094640 0.682109
vt 0.147951 0.648853
vt 0.169856 0.641132
vt 0.155601 0.648853
vt 0.147951 0.656351
vt 0.147951 0.664222
vt 0.133565 0.650320
vt 0.155601 0.656351
vt 0.155601 0.664222
vt 0.132978 0.658030
vt 0.147951 0.671992
vt 0.155601 0.671992
vt 0.172681 0.663613
vt 0.169233 0.550882
vt 0.179905 0.551512
vt 0.189182 0.548886
vt 0.200549 0.545181
vt 0.218289 0.544176
vt 0.240575 0.548200
vt 0.263379 0.549293
vt 0.289820 0.553098
vt 0.010957 0.553098
vt 0.026303 0.548032
vt 0.045850 0.546815
vt 0.068931 0.544615
vt 0.092462 0.543567
vt 0.110237 0.546309
vt 0.123503 0.549292
vt 0.135591 0.548792
vt 0.147951 0.553098
vt 0.155601 0.553098
vt 0.180638 0.528092
vt 0.169990 0.527567
vt 0.170281 0.518006
vt 0.180379 0.518595
vt 0.186284 0.527046
vt 0.184692 0.518335
vt 0.194858 0.525031
vt 0.192217 0.517460
vt 0.211701 0.523950
vt 0.209310 0.516868
vt 0.234790 0.527136
vt 0.232445 0.518034
vt 0.260449 0.526417
vt 0.259095 0.517372
vt 0.289820 0.527132
vt 0.289820 0.518048
vt 0.010957 0.527132
vt 0.010957 0.527132
vt 0.010957 0.518048
vt 0.021128 0.518179
vt 0.042917 0.525889
vt 0.040943 0.517973
vt 0.070099 0.525598
vt 0.070134 0.517801
vt 0.095331 0.525448
vt 0.096905 0.517904
vt 0.112481 0.526808
vt 0.113960 0.518541
vt 0.122745 0.527928
vt 0.123130 0.518779
vt 0.135541 0.527096
vt 0.135141 0.517908
vt 0.147951 0.527132
vt 0.147951 0.518048
vt 0.155601 0.527132
vt 0.155601 0.518048
vt 0.200514 0.392698
vt 0.220368 0.394590
vt 0.181690 0.444642
vt 0.177767 0.398475
vt 0.155688 0.411985
vt 0.138316 0.430971
vt 0.127793 0.452175
vt 0.125848 0.472359
vt 0.127855 0.491698
vt 0.145066 0.496262
vt 0.163776 0.497234
vt 0.186000 0.489257
vt 0.207061 0.474493
vt 0.224643 0.454828
vt 0.236367 0.433581
vt 0.239417 0.415654
vt 0.233840 0.403826
vt 0.070622 0.511362
vt 0.098410 0.511362
vt 0.115117 0.511362
vt 0.123317 0.511362
vt 0.134701 0.511362
vt 0.147951 0.511362
vt 0.155601 0.510940
vt 0.170373 0.510940
vt 0.180170 0.510940
vt 0.183294 0.510940
vt 0.189808 0.510940
vt 0.207085 0.510940
vt 0.230003 0.510940
vt 0.257583 0.510940
vt 0.289820 0.510940
vt 0.010957 0.511362
vt 0.027032 0.511362
vt 0.041178 0.511362
vt 0.732830 0.725631
vt 0.708551 0.744581
vt 0.702905 0.738999
vt 0.726696 0.720682
vt 0.715038 0.751454
vt 0.737960 0.731110
vt 0.720747 0.756737
vt 0.742532 0.736514
vt 0.744185 0.626829
vt 0.748258 0.631883
vt 0.722908 0.646342
vt 0.719422 0.642909
vt 0.739776 0.621328
vt 0.714450 0.638450
vt 0.713010 0.636398
vt 0.736085 0.616495
vt 0.723705 0.717439
vt 0.698862 0.734790
vt 0.731926 0.608943
vt 0.709131 0.630613
vt 0.706387 0.625177
vt 0.725739 0.602686
vt 0.798599 0.655827
vt 0.803539 0.662215
vt 0.802451 0.665051
vt 0.797421 0.658780
vt 0.804235 0.668131
vt 0.795130 0.683629
vt 0.793535 0.680645
vt 0.802429 0.666072
vt 0.645764 0.677251
vt 0.660599 0.674359
vt 0.662059 0.680366
vt 0.647700 0.683263
vt 0.664503 0.678387
vt 0.662777 0.672228
vt 0.666468 0.669853
vt 0.665788 0.656195
vt 0.671876 0.653674
vt 0.673494 0.666860
vt 0.675451 0.674687
vt 0.667621 0.676650
vt 0.678827 0.664771
vt 0.679276 0.673267
vt 0.677380 0.652530
vt 0.690429 0.650747
vt 0.678481 0.641051
vt 0.687998 0.638889
vt 0.677494 0.636526
vt 0.687888 0.631860
vt 0.697832 0.637121
vt 0.695502 0.630720
vt 0.702958 0.646017
vt 0.701148 0.635786
vt 0.698816 0.630053
vt 0.671154 0.643444
vt 0.671359 0.638819
vt 0.665536 0.645285
vt 0.666255 0.640788
vt 0.704618 0.633681
vt 0.703179 0.628666
vt 0.709219 0.639412
vt 0.704949 0.643185
vt 0.706258 0.644604
vt 0.710565 0.641402
vt 0.709411 0.654070
vt 0.711415 0.651018
vt 0.715440 0.646362
vt 0.706383 0.660476
vt 0.701436 0.658911
vt 0.698579 0.666544
vt 0.703899 0.667961
vt 0.696092 0.671756
vt 0.702551 0.673175
vt 0.688459 0.672628
vt 0.693674 0.659344
vt 0.696054 0.674686
vt 0.691037 0.677856
vt 0.701946 0.675320
vt 0.682319 0.679007
vt 0.683519 0.680562
vt 0.785385 0.707345
vt 0.789422 0.706720
vt 0.786132 0.714844
vt 0.785741 0.702179
vt 0.788899 0.702551
vt 0.789819 0.691590
vt 0.792652 0.693437
vt 0.791821 0.685784
vt 0.793700 0.688704
vt 0.801238 0.665539
vt 0.792074 0.677867
vt 0.788171 0.673583
vt 0.796646 0.660520
vt 0.761513 0.692910
vt 0.766624 0.682772
vt 0.781068 0.688737
vt 0.775264 0.699386
vt 0.786392 0.690962
vt 0.780502 0.702596
vt 0.776504 0.708262
vt 0.779291 0.716706
vt 0.787918 0.716205
vt 0.785884 0.719946
vt 0.780060 0.722207
vt 0.784660 0.724073
vt 0.770817 0.704725
vt 0.757868 0.698786
vt 0.768417 0.715441
vt 0.763317 0.711665
vt 0.753088 0.705911
vt 0.750843 0.686715
vt 0.755186 0.676992
vt 0.747089 0.692997
vt 0.742648 0.701455
vt 0.745711 0.682269
vt 0.750138 0.673206
vt 0.747888 0.670240
vt 0.743675 0.678151
vt 0.738205 0.685480
vt 0.741805 0.689345
vt 0.732929 0.697293
vt 0.738384 0.699942
vt 0.731128 0.705760
vt 0.737402 0.708052
vt 0.730536 0.709606
vt 0.735449 0.713858
vt 0.727184 0.713550
vt 0.731475 0.717188
vt 0.742194 0.718336
vt 0.737578 0.722145
vt 0.747862 0.712127
vt 0.749311 0.724340
vt 0.742720 0.727868
vt 0.753181 0.732416
vt 0.747702 0.734374
vt 0.757656 0.731753
vt 0.756795 0.721527
vt 0.716595 0.653750
vt 0.714734 0.656957
vt 0.719498 0.649640
vt 0.765872 0.730878
vt 0.765687 0.723252
vt 0.771656 0.722468
vt 0.773597 0.729206
vt 0.712412 0.663524
vt 0.709886 0.669614
vt 0.780309 0.726833
vt 0.707725 0.674888
vt 0.784323 0.727704
vt 0.705325 0.677004
vt 0.781021 0.645457
vt 0.780145 0.648569
vt 0.662318 0.657586
vt 0.659176 0.658899
vt 0.779491 0.650231
vt 0.772913 0.665040
vt 0.784412 0.680778
vt 0.770099 0.673489
vt 0.643030 0.660110
vt 0.647426 0.645657
vt 0.662548 0.645489
vt 0.664050 0.645444
vt 0.762561 0.643889
vt 0.763718 0.646669
vt 0.754798 0.649249
vt 0.651169 0.639694
vt 0.664499 0.639921
vt 0.665417 0.640524
vt 0.763821 0.648880
vt 0.755124 0.650924
vt 0.751185 0.667595
vt 0.748289 0.666771
vt 0.753719 0.650423
vt 0.758552 0.664629
vt 0.751179 0.669524
vt 0.757681 0.670462
vt 0.748099 0.668585
vt 0.693792 0.699063
vt 0.695782 0.696786
vt 0.697195 0.696781
vt 0.697903 0.699302
vt 0.693176 0.690750
vt 0.696900 0.690372
vt 0.688779 0.693743
vt 0.699206 0.697882
vt 0.700244 0.698764
vt 0.699627 0.691119
vt 0.696813 0.687384
vt 0.699933 0.687706
vt 0.696434 0.685229
vt 0.699981 0.685331
vt 0.692643 0.687556
vt 0.692328 0.685463
vt 0.687694 0.689843
vt 0.687460 0.687506
vt 0.691859 0.682803
vt 0.686780 0.685281
vt 0.696241 0.682304
vt 0.700144 0.682239
vt 0.808518 0.723253
vt 0.809816 0.727024
vt 0.807830 0.725330
vt 0.801796 0.722246
vt 0.803064 0.718788
vt 0.808399 0.728396
vt 0.807564 0.726958
vt 0.801121 0.725196
vt 0.801119 0.728324
vt 0.702580 0.691831
vt 0.797921 0.724750
vt 0.797735 0.728026
vt 0.795728 0.724586
vt 0.795344 0.727910
vt 0.703030 0.688435
vt 0.703130 0.686099
vt 0.796246 0.721704
vt 0.798533 0.721954
vt 0.797076 0.717539
vt 0.799335 0.717918
vt 0.793480 0.721245
vt 0.792425 0.724406
vt 0.792122 0.727776
vt 0.794585 0.717161
vt 0.703395 0.683226
vt 0.789251 0.683761
vt 0.552384 0.467507
vt 0.543016 0.471746
vt 0.546587 0.462187
vt 0.533744 0.468060
vt 0.538766 0.462251
vt 0.533454 0.475735
vt 0.547162 0.481349
vt 0.539165 0.481122
vt 0.552440 0.475358
vt 0.670623 0.600229
vt 0.670623 0.623000
vt 0.663648 0.623297
vt 0.661701 0.600667
vt 0.656606 0.624001
vt 0.654236 0.603225
vt 0.679560 0.600645
vt 0.677742 0.623246
vt 0.687034 0.603182
vt 0.684784 0.623906
vt 0.687034 0.603182
vt 0.684784 0.623906
vt 0.677742 0.623246
vt 0.679560 0.600645
vt 0.661701 0.600667
vt 0.663648 0.623297
vt 0.656606 0.624001
vt 0.654236 0.603225
vt 0.537269 0.458405
vt 0.529816 0.466510
vt 0.529726 0.477503
vt 0.548668 0.484787
vt 0.555921 0.476850
vt 0.556247 0.466051
vt 0.670623 0.600229
vt 0.670623 0.623000
vt 0.537888 0.484676
vt 0.548194 0.458759
vt 0.670623 0.558532
vt 0.670623 0.539724
vt 0.694977 0.548015
vt 0.685185 0.559943
vt 0.705759 0.571415
vt 0.687014 0.572577
vt 0.670623 0.572068
vt 0.670623 0.558532
vt 0.656073 0.559947
vt 0.646286 0.548021
vt 0.670623 0.539724
vt 0.656073 0.559947
vt 0.646286 0.548021
vt 0.694977 0.548015
vt 0.685185 0.559943
vt 0.654239 0.572583
vt 0.635493 0.571422
vt 0.697906 0.595027
vt 0.685590 0.586001
vt 0.655660 0.586007
vt 0.643349 0.595036
vt 0.670623 0.572068
vt 0.654239 0.572583
vt 0.635493 0.571422
vt 0.670623 0.590110
vt 0.655660 0.586007
vt 0.687014 0.572577
vt 0.670623 0.590110
vt 0.685590 0.586001
vt 0.705759 0.571415
vt 0.643349 0.595036
vt 0.697906 0.595027
vt 0.549478 0.486614
vt 0.558765 0.478012
vt 0.558044 0.465320
vt 0.536830 0.487549
vt 0.549384 0.455943
vt 0.527983 0.478297
vt 0.536537 0.456651
vt 0.527028 0.465423
vt 0.470147 0.446731
vt 0.464681 0.446731
vt 0.464681 0.439812
vt 0.470147 0.439812
vt 0.470147 0.453650
vt 0.464681 0.453650
vt 0.470147 0.460568
vt 0.464681 0.460568
vt 0.470147 0.467487
vt 0.464681 0.467487
vt 0.464681 0.412138
vt 0.470147 0.412138
vt 0.470147 0.419057
vt 0.464681 0.419057
vt 0.470147 0.425975
vt 0.464681 0.425975
vt 0.470147 0.432894
vt 0.464681 0.432894
vt 0.462845 0.446731
vt 0.462845 0.439812
vt 0.471983 0.439812
vt 0.471983 0.446731
vt 0.471983 0.453650
vt 0.462845 0.453650
vt 0.471983 0.460568
vt 0.462845 0.460568
vt 0.471983 0.467487
vt 0.462845 0.467487
vt 0.471983 0.412138
vt 0.471983 0.419057
vt 0.462845 0.419057
vt 0.462845 0.412138
vt 0.471983 0.425975
vt 0.462845 0.425975
vt 0.471983 0.432894
vt 0.462845 0.432894
vt 0.311473 0.628912
vt 0.310900 0.582597
vt 0.610286 0.582762
vt 0.610487 0.602978
vt 0.311523 0.536284
vt 0.610510 0.562545
vt 0.687065 0.791716
vt 0.670188 0.797001
vt 0.668213 0.768856
vt 0.656530 0.790277
vt 0.656522 0.774667
vt 0.656978 0.758904
vt 0.670938 0.752628
vt 0.685154 0.759381
vt 0.693279 0.775236
vt 0.667094 0.736661
vt 0.671177 0.709698
vt 0.682928 0.734600
vt 0.693637 0.724225
vt 0.685741 0.707945
vt 0.673494 0.692757
vt 0.659624 0.699022
vt 0.653280 0.711624
vt 0.655459 0.726879
vt 0.686230 0.738338
vt 0.666805 0.741810
vt 0.697615 0.727916
vt 0.657520 0.694566
vt 0.671650 0.687679
vt 0.648041 0.709651
vt 0.650279 0.729880
vt 0.960697 0.777598
vt 0.973697 0.727444
vt 0.992063 0.736500
vt 0.996645 0.783662
vt 0.988634 0.797475
vt 0.988188 0.847334
vt 0.951968 0.840152
vt 0.972360 0.790809
vt 0.880099 0.690890
vt 0.895516 0.717158
vt 0.871153 0.722636
vt 0.872151 0.685744
vt 0.628424 0.213195
vt 0.660684 0.216998
vt 0.656555 0.280607
vt 0.625777 0.278181
vt 0.685445 0.219305
vt 0.685445 0.283199
vt 0.685445 0.350247
vt 0.685445 0.388285
vt 0.658374 0.387762
vt 0.658422 0.349680
vt 0.631011 0.386892
vt 0.630652 0.348387
vt 0.358937 0.284879
vt 0.358937 0.217813
vt 0.411227 0.217627
vt 0.411895 0.286441
vt 0.412267 0.292395
vt 0.358937 0.290930
vt 0.546048 0.285617
vt 0.503841 0.284883
vt 0.504599 0.216200
vt 0.546048 0.216416
vt 0.660434 0.444639
vt 0.685445 0.442130
vt 0.685445 0.463510
vt 0.657094 0.468242
vt 0.623769 0.472955
vt 0.653835 0.485546
vt 0.620570 0.490918
vt 0.463188 0.216496
vt 0.462418 0.284828
vt 0.598837 0.209360
vt 0.597371 0.276130
vt 0.599705 0.388036
vt 0.599271 0.348091
vt 0.383375 0.497285
vt 0.376698 0.475064
vt 0.415167 0.477823
vt 0.416382 0.497362
vt 0.412999 0.432358
vt 0.412993 0.457239
vt 0.358937 0.457385
vt 0.358937 0.431774
vt 0.531337 0.392664
vt 0.497219 0.374320
vt 0.476410 0.346302
vt 0.518832 0.353504
vt 0.358937 0.387944
vt 0.417622 0.386436
vt 0.605800 0.429295
vt 0.600967 0.408705
vt 0.631578 0.407068
vt 0.630949 0.429973
vt 0.658748 0.408159
vt 0.660106 0.426207
vt 0.685445 0.408575
vt 0.685445 0.425214
vt 0.628579 0.453762
vt 0.583040 0.461829
vt 0.566752 0.207631
vt 0.566752 0.274644
vt 0.584663 0.499383
vt 0.584991 0.481888
vt 0.438564 0.452884
vt 0.443737 0.471335
vt 0.447726 0.385051
vt 0.423013 0.349568
vt 0.440842 0.413010
vt 0.436632 0.433312
vt 0.566752 0.417810
vt 0.574805 0.439424
vt 0.936755 0.229942
vt 0.895738 0.242827
vt 0.906898 0.227335
vt 0.932456 0.224432
vt 0.962963 0.233882
vt 0.964833 0.247466
vt 0.717050 0.259259
vt 0.744387 0.270123
vt 0.755957 0.293868
vt 0.717050 0.287570
vt 0.771686 0.273680
vt 0.791698 0.273822
vt 0.801411 0.309782
vt 0.778801 0.304053
vt 0.810830 0.271921
vt 0.823927 0.308820
vt 0.834112 0.265726
vt 0.843265 0.299874
vt 0.856560 0.255722
vt 0.862113 0.285354
vt 0.875736 0.260739
vt 0.880527 0.242082
vt 0.987727 0.245979
vt 0.987727 0.266093
vt 0.546048 0.396528
vt 0.546048 0.424425
vt 0.546048 0.356947
vt 0.566752 0.386888
vt 0.566752 0.345245
vt 0.785987 0.212768
vt 0.801983 0.216683
vt 0.768657 0.207513
vt 0.823776 0.214796
vt 0.884736 0.190365
vt 0.915774 0.175741
vt 0.849995 0.205577
vt 0.938892 0.173616
vt 0.965800 0.171394
vt 0.717050 0.183926
vt 0.741149 0.197555
vt 0.987727 0.171363
vt 0.917436 0.156981
vt 0.884981 0.171844
vt 0.884633 0.146231
vt 0.914968 0.134602
vt 0.944711 0.153757
vt 0.942072 0.134715
vt 0.969636 0.153528
vt 0.968480 0.136288
vt 0.987727 0.157151
vt 0.987727 0.143169
vt 0.742997 0.175500
vt 0.717050 0.162614
vt 0.717050 0.141734
vt 0.742777 0.154241
vt 0.768611 0.189016
vt 0.772275 0.168597
vt 0.784917 0.196777
vt 0.793286 0.176073
vt 0.801342 0.201856
vt 0.813197 0.178934
vt 0.822620 0.198620
vt 0.832960 0.173037
vt 0.848521 0.188289
vt 0.854269 0.162131
vt 0.766723 0.009924
vt 0.792996 0.009924
vt 0.820462 0.009924
vt 0.846512 0.009924
vt 0.865727 0.009924
vt 0.885824 0.009924
vt 0.912305 0.009924
vt 0.939819 0.009924
vt 0.967730 0.009924
vt 0.987727 0.009924
vt 0.717050 0.009924
vt 0.738649 0.009924
vt 0.685445 0.291394
vt 0.656703 0.289452
vt 0.626304 0.287100
vt 0.597280 0.285293
vt 0.566752 0.282814
vt 0.546048 0.294881
vt 0.504811 0.292402
vt 0.463396 0.291494
vt 0.657031 0.295850
vt 0.685445 0.297166
vt 0.685445 0.311752
vt 0.657810 0.310840
vt 0.626983 0.294198
vt 0.628816 0.308970
vt 0.597810 0.292751
vt 0.598504 0.307597
vt 0.566752 0.289893
vt 0.566752 0.304097
vt 0.511333 0.310887
vt 0.507374 0.298298
vt 0.546048 0.301940
vt 0.546048 0.316364
vt 0.466490 0.313339
vt 0.466249 0.296798
vt 0.418208 0.312703
vt 0.414379 0.297021
vt 0.358937 0.310672
vt 0.358937 0.295363
vt 0.358937 0.115676
vt 0.358937 0.006424
vt 0.414331 0.006424
vt 0.411934 0.114333
vt 0.469396 0.006424
vt 0.465659 0.113463
vt 0.506399 0.112918
vt 0.508401 0.006424
vt 0.546048 0.113509
vt 0.546048 0.006424
vt 0.566752 0.007546
vt 0.598154 0.007546
vt 0.599624 0.109058
vt 0.566752 0.107139
vt 0.630538 0.007546
vt 0.631078 0.112588
vt 0.663716 0.007546
vt 0.663329 0.116004
vt 0.685445 0.007546
vt 0.685445 0.118134
vt 0.067641 0.213511
vt 0.070238 0.278665
vt 0.039437 0.281102
vt 0.035354 0.217336
vt 0.010573 0.283723
vt 0.010573 0.219648
vt 0.010573 0.351295
vt 0.037624 0.350715
vt 0.037843 0.388952
vt 0.010573 0.389574
vt 0.065299 0.349192
vt 0.065386 0.387897
vt 0.334356 0.281514
vt 0.282313 0.283163
vt 0.282681 0.215244
vt 0.334356 0.215346
vt 0.149216 0.281841
vt 0.149216 0.214031
vt 0.190301 0.213876
vt 0.191251 0.281585
vt 0.035924 0.446142
vt 0.039467 0.469893
vt 0.010573 0.465174
vt 0.010573 0.443726
vt 0.073038 0.474383
vt 0.076107 0.492573
vt 0.042915 0.487337
vt 0.232456 0.281812
vt 0.231296 0.214198
vt 0.097260 0.209676
vt 0.098710 0.276648
vt 0.096483 0.348555
vt 0.096834 0.388638
vt 0.307575 0.491926
vt 0.274918 0.490418
vt 0.277003 0.471362
vt 0.315421 0.470290
vt 0.280726 0.426574
vt 0.334356 0.428331
vt 0.334356 0.453540
vt 0.280097 0.451164
vt 0.178188 0.383815
vt 0.182809 0.346828
vt 0.224502 0.349766
vt 0.213347 0.377942
vt 0.277630 0.388564
vt 0.334356 0.383906
vt 0.091048 0.429894
vt 0.065682 0.431066
vt 0.065206 0.408164
vt 0.096810 0.409360
vt 0.037598 0.409468
vt 0.036213 0.427592
vt 0.010573 0.426676
vt 0.010573 0.409950
vt 0.068137 0.455126
vt 0.108347 0.453109
vt 0.129376 0.207946
vt 0.129376 0.275213
vt 0.110412 0.489440
vt 0.106218 0.471272
vt 0.246115 0.460528
vt 0.242955 0.477343
vt 0.270762 0.349128
vt 0.251284 0.391995
vt 0.253614 0.420989
vt 0.250250 0.442480
vt 0.129376 0.406243
vt 0.114993 0.429877
vt 0.716810 0.542207
vt 0.716810 0.533050
vt 0.740552 0.540760
vt 0.749672 0.562066
vt 0.949684 0.538697
vt 0.949684 0.546515
vt 0.916740 0.540764
vt 0.925297 0.535747
vt 0.899192 0.547116
vt 0.903038 0.568740
vt 0.879201 0.588569
vt 0.878086 0.559130
vt 0.856608 0.568694
vt 0.857931 0.602288
vt 0.838058 0.611098
vt 0.840608 0.574071
vt 0.819271 0.616368
vt 0.824253 0.576611
vt 0.797628 0.614436
vt 0.803497 0.575297
vt 0.780117 0.603363
vt 0.782602 0.569541
vt 0.761494 0.558699
vt 0.763641 0.582324
vt 0.149216 0.406882
vt 0.149216 0.388884
vt 0.149216 0.350175
vt 0.129376 0.344933
vt 0.129376 0.386714
vt 0.826327 0.544938
vt 0.843554 0.541476
vt 0.859767 0.534571
vt 0.805484 0.542813
vt 0.737155 0.506030
vt 0.760374 0.522001
vt 0.784189 0.535333
vt 0.716810 0.501005
vt 0.928825 0.504941
vt 0.949684 0.507822
vt 0.882360 0.521941
vt 0.905665 0.507991
vt 0.739749 0.471039
vt 0.740249 0.451752
vt 0.761554 0.465139
vt 0.761105 0.486006
vt 0.716810 0.464800
vt 0.716810 0.446535
vt 0.924550 0.465564
vt 0.925129 0.446610
vt 0.949684 0.449791
vt 0.949684 0.470028
vt 0.905014 0.467302
vt 0.905593 0.448905
vt 0.884329 0.483415
vt 0.883892 0.462454
vt 0.862259 0.499886
vt 0.861753 0.477222
vt 0.845275 0.508446
vt 0.845140 0.485422
vt 0.826812 0.512752
vt 0.827059 0.489666
vt 0.805741 0.509789
vt 0.806109 0.486881
vt 0.784987 0.501289
vt 0.785338 0.478932
vt 0.845250 0.325258
vt 0.862604 0.325258
vt 0.827011 0.325258
vt 0.805441 0.325258
vt 0.783802 0.325258
vt 0.759763 0.325258
vt 0.737932 0.325258
vt 0.716810 0.325258
vt 0.928268 0.325258
vt 0.949684 0.325258
vt 0.909907 0.325258
vt 0.885894 0.325258
vt 0.038938 0.296415
vt 0.038076 0.311455
vt 0.010573 0.312434
vt 0.010573 0.297749
vt 0.068962 0.294735
vt 0.067032 0.309539
vt 0.098173 0.293281
vt 0.097379 0.308119
vt 0.129376 0.290493
vt 0.129376 0.304803
vt 0.184586 0.307862
vt 0.149216 0.310942
vt 0.149216 0.297297
vt 0.187749 0.294830
vt 0.228965 0.293786
vt 0.227065 0.305215
vt 0.231628 0.288470
vt 0.190358 0.289050
vt 0.149216 0.290631
vt 0.129376 0.283363
vt 0.098720 0.285815
vt 0.069687 0.287622
vt 0.039304 0.290000
vt 0.010573 0.291950
vt 0.277167 0.307210
vt 0.280054 0.293614
vt 0.334356 0.306854
vt 0.334356 0.291824
vt 0.282048 0.289037
vt 0.334356 0.287464
vt 0.334356 0.114634
vt 0.281916 0.113344
vt 0.279541 0.006899
vt 0.334356 0.006899
vt 0.228763 0.112509
vt 0.225051 0.006899
vt 0.188455 0.111978
vt 0.186461 0.006899
vt 0.149216 0.112561
vt 0.149216 0.006899
vt 0.129376 0.007281
vt 0.129376 0.107156
vt 0.096471 0.109082
vt 0.097940 0.007281
vt 0.064987 0.112624
vt 0.065524 0.007281
vt 0.032707 0.116054
vt 0.032317 0.007281
vt 0.010573 0.118189
vt 0.010573 0.007281
vt 0.334356 0.345109
vt 0.358937 0.349399
vt 0.877381 0.775087
vt 0.875642 0.731485
vt 0.895966 0.728986
vt 0.906491 0.775457
vt 0.840399 0.741386
vt 0.834908 0.698978
vt 0.852067 0.695125
vt 0.868197 0.738485
vt 0.727033 0.797365
vt 0.711276 0.811302
vt 0.694058 0.795895
vt 0.715190 0.777748
vt 0.699351 0.832317
vt 0.695338 0.846320
vt 0.675592 0.839783
vt 0.679410 0.821994
vt 0.693289 0.868537
vt 0.673833 0.867833
vt 0.701839 0.902825
vt 0.711747 0.916501
vt 0.698889 0.931736
vt 0.685981 0.912844
vt 0.694585 0.886845
vt 0.676984 0.892660
vt 0.750647 0.746982
vt 0.771868 0.738366
vt 0.774528 0.770527
vt 0.756059 0.776291
vt 0.513549 0.935948
vt 0.508697 0.900495
vt 0.552209 0.902044
vt 0.553966 0.932717
vt 0.605326 0.723257
vt 0.573136 0.726503
vt 0.568296 0.687061
vt 0.597345 0.681848
vt 0.611174 0.771073
vt 0.620445 0.797183
vt 0.591157 0.792826
vt 0.576157 0.768206
vt 0.630844 0.837804
vt 0.599988 0.834407
vt 0.621124 0.906186
vt 0.615577 0.936475
vt 0.586916 0.931634
vt 0.590425 0.902670
vt 0.725332 0.931724
vt 0.715930 0.953321
vt 0.731188 0.761280
vt 0.739788 0.786121
vt 0.627673 0.874494
vt 0.596529 0.871222
vt 0.744664 0.944468
vt 0.768702 0.952395
vt 0.764602 0.980075
vt 0.737838 0.969676
vt 0.496624 0.712573
vt 0.493452 0.732262
vt 0.479804 0.730650
vt 0.479844 0.711049
vt 0.495409 0.764456
vt 0.497326 0.777283
vt 0.479710 0.775269
vt 0.479732 0.764040
vt 0.494620 0.828731
vt 0.479861 0.828030
vt 0.479710 0.799374
vt 0.497428 0.798397
vt 0.485219 0.897794
vt 0.479216 0.937988
vt 0.479346 0.897196
vt 0.489459 0.862140
vt 0.479505 0.861572
vt 0.491826 0.749641
vt 0.479762 0.750151
vt 0.521100 0.760605
vt 0.522579 0.780084
vt 0.520166 0.741361
vt 0.510334 0.746949
vt 0.514171 0.717291
vt 0.790066 0.737429
vt 0.790065 0.770322
vt 0.497840 0.899046
vt 0.528131 0.834321
vt 0.514983 0.866138
vt 0.502759 0.864083
vt 0.513504 0.831722
vt 0.539011 0.801694
vt 0.517809 0.802029
vt 0.541568 0.729085
vt 0.539606 0.694070
vt 0.563230 0.834282
vt 0.564645 0.795279
vt 0.555708 0.868895
vt 0.557274 0.772060
vt 0.552395 0.753196
vt 0.573212 0.750526
vt 0.539604 0.777703
vt 0.532333 0.757344
vt 0.790060 0.954277
vt 0.790059 0.982503
vt 0.607195 0.748071
vt 0.685357 0.808377
vt 0.704751 0.821137
vt 0.479880 0.692710
vt 0.479988 0.633939
vt 0.496667 0.692752
vt 0.511863 0.692716
vt 0.513694 0.637437
vt 0.553845 0.641896
vt 0.590977 0.651028
vt 0.617903 0.659535
vt 0.638744 0.717016
vt 0.627164 0.675270
vt 0.641675 0.742861
vt 0.644631 0.769050
vt 0.652301 0.798739
vt 0.660438 0.842013
vt 0.657617 0.879568
vt 0.652036 0.911920
vt 0.641816 0.941294
vt 0.634172 0.955341
vt 0.602721 0.967173
vt 0.564270 0.978353
vt 0.519935 0.983668
vt 0.479156 0.986064
vt 0.736694 0.811497
vt 0.726882 0.822168
vt 0.719985 0.840119
vt 0.716070 0.850312
vt 0.712239 0.867275
vt 0.715355 0.895468
vt 0.722435 0.906970
vt 0.712332 0.881099
vt 0.761682 0.798315
vt 0.776462 0.795250
vt 0.734001 0.917610
vt 0.748044 0.803776
vt 0.751096 0.926306
vt 0.771404 0.931358
vt 0.790063 0.794177
vt 0.790060 0.932790
vt 0.723534 0.830846
vt 0.790063 0.812395
vt 0.778909 0.812675
vt 0.767612 0.814130
vt 0.756043 0.816695
vt 0.746942 0.822760
vt 0.740388 0.829791
vt 0.740549 0.838434
vt 0.739452 0.845445
vt 0.737076 0.854086
vt 0.734533 0.865944
vt 0.733922 0.877546
vt 0.733511 0.888594
vt 0.735641 0.897291
vt 0.744342 0.903939
vt 0.757987 0.907757
vt 0.772018 0.909942
vt 0.790061 0.910750
vt 0.751914 0.896419
vt 0.751988 0.886554
vt 0.772064 0.886530
vt 0.771445 0.898451
vt 0.760871 0.825303
vt 0.756406 0.833311
vt 0.757017 0.842269
vt 0.756810 0.848634
vt 0.755025 0.855350
vt 0.752996 0.865300
vt 0.752738 0.876350
vt 0.774309 0.834516
vt 0.774903 0.843923
vt 0.774966 0.850424
vt 0.773904 0.855826
vt 0.772756 0.865099
vt 0.772567 0.876163
vt 0.790062 0.834480
vt 0.790063 0.843970
vt 0.790062 0.850522
vt 0.790062 0.855830
vt 0.790062 0.864578
vt 0.790062 0.875961
vt 0.790061 0.886572
vt 0.790061 0.898847
vt 0.776545 0.824661
vt 0.790063 0.824080
vt 0.853094 0.797369
vt 0.864939 0.777753
vt 0.886069 0.795900
vt 0.868851 0.811309
vt 0.880775 0.832325
vt 0.900717 0.822000
vt 0.904533 0.839789
vt 0.884788 0.846324
vt 0.906292 0.867839
vt 0.886835 0.868543
vt 0.878283 0.902830
vt 0.894141 0.912850
vt 0.881232 0.931741
vt 0.868374 0.916506
vt 0.903139 0.892667
vt 0.885538 0.886851
vt 0.829483 0.746984
vt 0.824071 0.776293
vt 0.805601 0.770528
vt 0.808263 0.738367
vt 0.444916 0.935877
vt 0.404540 0.932456
vt 0.406352 0.901705
vt 0.449973 0.900434
vt 0.354274 0.722740
vt 0.362440 0.681356
vt 0.391481 0.686706
vt 0.386464 0.726142
vt 0.348180 0.770539
vt 0.383235 0.767856
vt 0.368080 0.792412
vt 0.338761 0.796601
vt 0.358987 0.833930
vt 0.328134 0.837159
vt 0.337514 0.905598
vt 0.368234 0.902228
vt 0.371587 0.931229
vt 0.342913 0.935921
vt 0.864190 0.953326
vt 0.854790 0.931727
vt 0.840339 0.786125
vt 0.848942 0.761284
vt 0.362263 0.870746
vt 0.331118 0.873869
vt 0.835456 0.944471
vt 0.842281 0.969679
vt 0.815516 0.980077
vt 0.811419 0.952396
vt 0.463057 0.712513
vt 0.466147 0.732225
vt 0.464055 0.764434
vt 0.462094 0.777274
vt 0.465123 0.828657
vt 0.461987 0.798418
vt 0.473469 0.897768
vt 0.469538 0.862051
vt 0.467701 0.749613
vt 0.438379 0.760517
vt 0.436837 0.780044
vt 0.449201 0.746873
vt 0.439391 0.741242
vt 0.445488 0.717170
vt 0.460568 0.899214
vt 0.430603 0.834216
vt 0.448538 0.830290
vt 0.456172 0.863805
vt 0.443916 0.865939
vt 0.420268 0.801590
vt 0.441560 0.802148
vt 0.420150 0.693838
vt 0.418033 0.728868
vt 0.394614 0.794989
vt 0.396251 0.834109
vt 0.403094 0.868586
vt 0.402128 0.771809
vt 0.386270 0.750185
vt 0.407095 0.752956
vt 0.419800 0.777560
vt 0.427155 0.757204
vt 0.352281 0.747551
vt 0.875375 0.821139
vt 0.894770 0.808383
vt 0.463094 0.692690
vt 0.447899 0.692595
vt 0.446269 0.637296
vt 0.406104 0.641588
vt 0.368929 0.650554
vt 0.341969 0.658931
vt 0.320873 0.716313
vt 0.332639 0.674615
vt 0.317817 0.742142
vt 0.314727 0.768311
vt 0.306894 0.797957
vt 0.298522 0.841195
vt 0.301155 0.878780
vt 0.306581 0.911168
vt 0.316658 0.940595
vt 0.355630 0.966694
vt 0.324236 0.954693
vt 0.394037 0.978073
vt 0.438380 0.983551
vt 0.853243 0.822172
vt 0.843433 0.811501
vt 0.864055 0.850317
vt 0.860140 0.840124
vt 0.867886 0.867281
vt 0.857688 0.906975
vt 0.864769 0.895473
vt 0.867792 0.881104
vt 0.818445 0.798317
vt 0.803665 0.795251
vt 0.846122 0.917613
vt 0.832083 0.803778
vt 0.808718 0.931359
vt 0.829027 0.926309
vt 0.856592 0.830851
vt 0.801217 0.812676
vt 0.812514 0.814132
vt 0.824083 0.816697
vt 0.833184 0.822763
vt 0.839737 0.829792
vt 0.839576 0.838443
vt 0.840672 0.845441
vt 0.843050 0.854095
vt 0.845591 0.865945
vt 0.846202 0.877551
vt 0.846611 0.888597
vt 0.844482 0.897295
vt 0.835781 0.903942
vt 0.822136 0.907759
vt 0.808105 0.909943
vt 0.828209 0.896421
vt 0.808678 0.898452
vt 0.808059 0.886530
vt 0.828136 0.886558
vt 0.823718 0.833316
vt 0.819254 0.825304
vt 0.823109 0.842261
vt 0.823313 0.848652
vt 0.825099 0.855341
vt 0.827127 0.865308
vt 0.827386 0.876351
vt 0.805222 0.843934
vt 0.805816 0.834515
vt 0.805159 0.850408
vt 0.806220 0.855841
vt 0.807367 0.865095
vt 0.807558 0.876167
vt 0.803580 0.824663
vt 0.311953 0.517664
vt 0.345263 0.517664
vt 0.345263 0.519663
vt 0.311953 0.519663
vt 0.499500 0.519663
vt 0.480179 0.519663
vt 0.480179 0.517664
vt 0.499500 0.517664
vt 0.459978 0.519663
vt 0.459978 0.517664
vt 0.440658 0.519663
vt 0.440658 0.517664
vt 0.419627 0.519663
vt 0.419627 0.517664
vt 0.399709 0.519663
vt 0.399709 0.517664
vt 0.372132 0.519663
vt 0.372132 0.517664
vt 0.599291 0.517664
vt 0.626868 0.517664
vt 0.626868 0.519663
vt 0.599291 0.519663
vt 0.579373 0.517664
vt 0.579373 0.519663
vt 0.558342 0.517664
vt 0.558342 0.519663
vt 0.539022 0.517664
vt 0.539022 0.519663
vt 0.518821 0.517664
vt 0.518821 0.519663
vt 0.653737 0.519663
vt 0.653737 0.517664
vt 0.687047 0.517664
vt 0.687047 0.519663
vt 0.311953 0.514719
vt 0.345263 0.514719
vt 0.345263 0.524599
vt 0.311953 0.524599
vt 0.311953 0.521821
vt 0.345263 0.521821
vt 0.499500 0.524599
vt 0.480179 0.524599
vt 0.480179 0.521821
vt 0.499500 0.521821
vt 0.480179 0.514719
vt 0.499500 0.514719
vt 0.459978 0.524599
vt 0.459978 0.521821
vt 0.459978 0.514719
vt 0.440658 0.524599
vt 0.440658 0.521821
vt 0.440658 0.514719
vt 0.419627 0.524599
vt 0.419627 0.521821
vt 0.419627 0.514719
vt 0.399709 0.524599
vt 0.399709 0.521821
vt 0.399709 0.514719
vt 0.372132 0.524599
vt 0.372132 0.521821
vt 0.372132 0.514719
vt 0.599291 0.514719
vt 0.626868 0.514719
vt 0.626868 0.524599
vt 0.599291 0.524599
vt 0.599291 0.521821
vt 0.626868 0.521821
vt 0.579373 0.514719
vt 0.579373 0.524599
vt 0.579373 0.521821
vt 0.558342 0.514719
vt 0.558342 0.524599
vt 0.558342 0.521821
vt 0.539022 0.514719
vt 0.539022 0.524599
vt 0.539022 0.521821
vt 0.518821 0.514719
vt 0.518821 0.524599
vt 0.518821 0.521821
vt 0.653737 0.524599
vt 0.653737 0.521821
vt 0.653737 0.514719
vt 0.687047 0.524599
vt 0.687047 0.521821
vt 0.687047 0.514719
vt 0.903792 0.264090
vt 0.920368 0.258288
vt 0.920368 0.250830
vt 0.897990 0.258288
vt 0.936945 0.264090
vt 0.942746 0.258288
vt 0.920368 0.250830
vt 0.942746 0.258288
vt 0.936945 0.264090
vt 0.920368 0.258288
vt 0.897990 0.258288
vt 0.903792 0.264090
vt 0.920368 0.280666
vt 0.897990 0.280666
vt 0.942746 0.280666
vt 0.936945 0.297243
vt 0.920368 0.303044
vt 0.903792 0.297243
vt 0.920368 0.310503
vt 0.897990 0.303044
vt 0.942746 0.303044
vt 0.920368 0.310503
vt 0.942746 0.303044
vt 0.936945 0.297243
vt 0.920368 0.303044
vt 0.897990 0.303044
vt 0.903792 0.297243
vt 0.920368 0.280666
vt 0.897990 0.280666
vt 0.942746 0.280666
vt 0.950205 0.280666
vt 0.950205 0.280666
vt 0.890532 0.280666
vt 0.890532 0.280666
vt 0.970399 0.276914
vt 0.973958 0.276914
vt 0.973958 0.293595
vt 0.970399 0.293595
vt 0.977603 0.276914
vt 0.977603 0.293595
vt 0.981248 0.276914
vt 0.981248 0.293595
vt 0.984804 0.276914
vt 0.984804 0.293595
vt 0.988362 0.276914
vt 0.988362 0.293595
vt 0.959553 0.276914
vt 0.963198 0.276914
vt 0.963198 0.293595
vt 0.959553 0.293595
vt 0.966841 0.276914
vt 0.966841 0.293595
vt 1.134695 0.602496
vt 1.134695 0.602496
vt 1.134695 0.602496
vt 1.134695 0.602496
vt 1.134695 0.602496
vt 1.134695 0.602496
vt 1.134695 0.602496
vt 1.134695 0.602496
vt 1.134695 0.602496
vt 1.134695 0.602496
vt 0.984804 0.344590
vt 0.988362 0.344590
vt 0.988362 0.366888
vt 0.984804 0.366888
vt 0.981248 0.344590
vt 0.981248 0.366888
vt 0.977603 0.344590
vt 0.977603 0.366888
vt 0.973958 0.344590
vt 0.973958 0.366888
vt 0.970399 0.344590
vt 0.970399 0.366888
vt 0.966841 0.344590
vt 0.966841 0.366888
vt 0.963198 0.344590
vt 0.963198 0.366888
vt 0.959553 0.344590
vt 0.959553 0.366888
vt 0.963198 0.310252
vt 0.966841 0.310252
vt 0.966841 0.326789
vt 0.963198 0.326789
vt 0.959553 0.310252
vt 0.959553 0.326789
vt 0.984804 0.310252
vt 0.988362 0.310252
vt 0.988362 0.326789
vt 0.984804 0.326789
vt 0.981248 0.310252
vt 0.981248 0.326789
vt 0.977603 0.310252
vt 0.977603 0.326789
vt 0.973958 0.310252
vt 0.973958 0.326789
vt 0.970399 0.310252
vt 0.970399 0.326789
vt 0.959553 0.435195
vt 0.963198 0.435195
vt 0.963198 0.476084
vt 0.959553 0.476084
vt 0.984804 0.435195
vt 0.988362 0.435195
vt 0.988362 0.476084
vt 0.984804 0.476084
vt 0.981248 0.435195
vt 0.981248 0.476084
vt 0.977603 0.435195
vt 0.977603 0.476084
vt 0.973958 0.435195
vt 0.973958 0.476084
vt 0.970399 0.435195
vt 0.970399 0.476084
vt 0.966841 0.435195
vt 0.966841 0.476084
vt 0.973958 0.501509
vt 0.970399 0.501509
vt 0.977603 0.501509
vt 0.981248 0.501509
vt 0.984804 0.501509
vt 0.988362 0.501509
vt 0.963198 0.501509
vt 0.959553 0.501509
vt 0.966841 0.501509
vt 0.973958 0.516958
vt 0.970399 0.516958
vt 0.977603 0.516958
vt 0.981248 0.516958
vt 0.984804 0.516958
vt 0.988362 0.516958
vt 0.963198 0.516958
vt 0.959553 0.516958
vt 0.966841 0.516958
vt 0.973958 0.537229
vt 0.970399 0.537229
vt 0.977603 0.537229
vt 0.981248 0.537229
vt 0.984804 0.537229
vt 0.988362 0.537229
vt 0.963198 0.537229
vt 0.959553 0.537229
vt 0.966841 0.537229
vt 0.973958 0.563815
vt 0.970399 0.563815
vt 0.977603 0.563815
vt 0.981248 0.563815
vt 0.984804 0.563815
vt 0.988362 0.563815
vt 0.963198 0.563815
vt 0.959553 0.563815
vt 0.966841 0.563815
vt 0.973958 0.580037
vt 0.970399 0.580037
vt 0.977603 0.580037
vt 0.981248 0.580037
vt 0.984804 0.580037
vt 0.988362 0.580037
vt 0.963198 0.580037
vt 0.959553 0.580037
vt 0.966841 0.580037
vt 0.973958 0.590895
vt 0.970399 0.590895
vt 0.977603 0.590895
vt 0.981248 0.590895
vt 0.984804 0.590895
vt 0.988362 0.590895
vt 0.963198 0.590895
vt 0.959553 0.590895
vt 0.966841 0.590895
vt 0.981048 0.433648
vt 0.979210 0.437857
vt 0.974425 0.433870
vt 0.974559 0.439673
vt 0.969840 0.438123
vt 0.967802 0.434091
vt 0.969663 0.429883
vt 0.974293 0.428022
vt 0.979010 0.429573
vt 0.988362 0.392401
vt 0.984804 0.392401
vt 0.981248 0.392401
vt 0.977603 0.392401
vt 0.973958 0.392401
vt 0.970399 0.392401
vt 0.966841 0.392401
vt 0.963198 0.392401
vt 0.959553 0.392401
vt 0.988362 0.417581
vt 0.984804 0.417581
vt 0.981248 0.417581
vt 0.977603 0.417581
vt 0.973958 0.417581
vt 0.970399 0.417581
vt 0.966841 0.417581
vt 0.963198 0.417581
vt 0.959553 0.417581
vt 0.976189 0.278514
vt 0.978995 0.278514
vt 0.978995 0.304396
vt 0.976189 0.304396
vt 0.981818 0.278514
vt 0.981818 0.304396
vt 0.984652 0.278514
vt 0.984652 0.304396
vt 0.962080 0.278514
vt 0.964902 0.278514
vt 0.964902 0.304396
vt 0.962080 0.304396
vt 0.967709 0.278514
vt 0.967709 0.304396
vt 0.970534 0.278514
vt 0.970534 0.304396
vt 0.973373 0.278514
vt 0.973373 0.304396
vt 0.978995 0.321271
vt 0.976189 0.321271
vt 0.981818 0.321271
vt 0.984652 0.321271
vt 0.964902 0.321271
vt 0.962080 0.321271
vt 0.967709 0.321271
vt 0.970534 0.321271
vt 0.973373 0.321271
vt 0.978995 0.339364
vt 0.976189 0.339364
vt 0.981818 0.339364
vt 0.984652 0.339364
vt 0.964902 0.339364
vt 0.962080 0.339364
vt 0.967709 0.339364
vt 0.970534 0.339364
vt 0.973373 0.339364
vt 0.978995 0.355056
vt 0.976189 0.355056
vt 0.981818 0.355056
vt 0.984652 0.355056
vt 0.964902 0.355056
vt 0.962080 0.355056
vt 0.967709 0.355056
vt 0.970534 0.355056
vt 0.973373 0.355056
vt 0.978995 0.366897
vt 0.976189 0.366897
vt 0.981818 0.366897
vt 0.984652 0.366897
vt 0.964902 0.366897
vt 0.962080 0.366897
vt 0.967709 0.366897
vt 0.970534 0.366897
vt 0.973373 0.366897
vt 0.978995 0.385531
vt 0.976189 0.385531
vt 0.981818 0.385531
vt 0.984652 0.385531
vt 0.964902 0.385531
vt 0.962080 0.385531
vt 0.967709 0.385531
vt 0.970534 0.385531
vt 0.973373 0.385531
vt 0.978995 0.397060
vt 0.976189 0.397060
vt 0.981818 0.397060
vt 0.984652 0.397060
vt 0.964902 0.397060
vt 0.962080 0.397060
vt 0.967709 0.397060
vt 0.970534 0.397060
vt 0.973373 0.397060
vt 0.965212 0.419267
vt 0.963267 0.410412
vt 0.974490 0.413096
vt 0.967900 0.403124
vt 0.976391 0.401670
vt 0.983769 0.406925
vt 0.985709 0.415756
vt 0.981080 0.423045
vt 0.972590 0.424498
vt 0.687065 0.791716
vt 0.670188 0.797001
vt 0.668213 0.768856
vt 0.656530 0.790277
vt 0.656522 0.774667
vt 0.656978 0.758904
vt 0.670938 0.752628
vt 0.685154 0.759381
vt 0.693279 0.775236
vt 0.667094 0.736661
vt 0.671177 0.709698
vt 0.682928 0.734600
vt 0.693637 0.724225
vt 0.685741 0.707945
vt 0.673494 0.692757
vt 0.659624 0.699022
vt 0.653280 0.711624
vt 0.655459 0.726879
vt 0.686230 0.738338
vt 0.666805 0.741810
vt 0.697615 0.727916
vt 0.657520 0.694566
vt 0.671650 0.687679
vt 0.648041 0.709651
vt 0.650279 0.729880
vn 0.155270 -0.208958 -0.965519
vn 0.155270 -0.208958 -0.965519
vn 0.150795 -0.139080 -0.978733
vn 0.150591 -0.136134 -0.979178
vn 0.155270 -0.208958 -0.965519
vn -0.155269 -0.208958 -0.965520
vn -0.150590 -0.136135 -0.979178
vn 0.150795 -0.139080 -0.978733
vn -0.155269 -0.208958 -0.965520
vn -0.664895 -0.233916 -0.709365
vn -0.656689 -0.181034 -0.732111
vn -0.150590 -0.136135 -0.979178
vn -0.664895 -0.233916 -0.709365
vn -0.683740 -0.019318 0.729470
vn -0.667892 -0.065827 0.741342
vn -0.656689 -0.181034 -0.732111
vn -0.683740 -0.019318 0.729470
vn -0.158194 0.085444 0.983704
vn -0.152345 0.014274 0.988224
vn -0.667892 -0.065827 0.741342
vn -0.158194 0.085444 0.983704
vn 0.158195 0.085443 0.983704
vn 0.151909 0.009305 0.988351
vn -0.152345 0.014274 0.988224
vn 0.158195 0.085443 0.983704
vn 0.683737 -0.019314 0.729473
vn 0.664941 -0.073947 0.743226
vn 0.151909 0.009305 0.988351
vn 0.683737 -0.019314 0.729473
vn 0.155270 -0.208958 -0.965519
vn 0.150591 -0.136134 -0.979178
vn 0.664941 -0.073947 0.743226
vn 0.155270 -0.208958 -0.965519
vn 0.155270 -0.208958 -0.965519
vn 0.165321 -0.263842 -0.950293
vn 0.165321 -0.263842 -0.950293
vn -0.155269 -0.208958 -0.965520
vn 0.155270 -0.208958 -0.965519
vn 0.165321 -0.263842 -0.950293
vn -0.165319 -0.263837 -0.950295
vn -0.664895 -0.233916 -0.709365
vn -0.155269 -0.208958 -0.965520
vn -0.165319 -0.263837 -0.950295
vn -0.698838 -0.191351 -0.689210
vn -0.683740 -0.019318 0.729470
vn -0.664895 -0.233916 -0.709365
vn -0.698838 -0.191351 -0.689210
vn -0.698838 0.191351 0.689209
vn -0.158194 0.085444 0.983704
vn -0.683740 -0.019318 0.729470
vn -0.698838 0.191351 0.689209
vn -0.165319 0.263839 0.950294
vn 0.158195 0.085443 0.983704
vn -0.158194 0.085444 0.983704
vn -0.165319 0.263839 0.950294
vn 0.165321 0.263837 0.950294
vn 0.683737 -0.019314 0.729473
vn 0.158195 0.085443 0.983704
vn 0.165321 0.263837 0.950294
vn 0.698839 0.191346 0.689210
vn 0.155270 -0.208958 -0.965519
vn 0.683737 -0.019314 0.729473
vn 0.698839 0.191346 0.689210
vn 0.165321 -0.263842 -0.950293
vn 0.165321 -0.263842 -0.950293
vn 0.165321 -0.263842 -0.950293
vn 0.167316 -0.216832 -0.961764
vn 0.167316 -0.216832 -0.961764
vn -0.165319 -0.263837 -0.950295
vn 0.165321 -0.263842 -0.950293
vn 0.167316 -0.216832 -0.961764
vn -0.167315 -0.216828 -0.961765
vn -0.698838 -0.191351 -0.689210
vn -0.165319 -0.263837 -0.950295
vn -0.167315 -0.216828 -0.961765
vn -0.711032 -0.051890 -0.701242
vn -0.698838 0.191351 0.689209
vn -0.698838 -0.191351 -0.689210
vn -0.711032 -0.051890 -0.701242
vn -0.657589 0.383383 0.648533
vn -0.165319 0.263839 0.950294
vn -0.698838 0.191351 0.689209
vn -0.657589 0.383383 0.648533
vn -0.157271 0.397472 0.904037
vn 0.165321 0.263837 0.950294
vn -0.165319 0.263839 0.950294
vn -0.157271 0.397472 0.904037
vn 0.157272 0.397474 0.904035
vn 0.698839 0.191346 0.689210
vn 0.165321 0.263837 0.950294
vn 0.157272 0.397474 0.904035
vn 0.657597 0.383369 0.648532
vn 0.165321 -0.263842 -0.950293
vn 0.698839 0.191346 0.689210
vn 0.657597 0.383369 0.648532
vn 0.167316 -0.216832 -0.961764
vn 0.167316 -0.216832 -0.961764
vn 0.167316 -0.216832 -0.961764
vn 0.164486 -0.281051 -0.945492
vn 0.164486 -0.281051 -0.945492
vn -0.167315 -0.216828 -0.961765
vn 0.167316 -0.216832 -0.961764
vn 0.164486 -0.281051 -0.945492
vn -0.167348 -0.215961 -0.961954
vn -0.711032 -0.051890 -0.701242
vn -0.167315 -0.216828 -0.961765
vn -0.167348 -0.215961 -0.961954
vn -0.709664 0.080782 -0.699893
vn -0.657589 0.383383 0.648533
vn -0.711032 -0.051890 -0.701242
vn -0.709664 0.080782 -0.699893
vn -0.607681 0.521106 0.599310
vn -0.157271 0.397472 0.904037
vn -0.657589 0.383383 0.648533
vn -0.607681 0.521106 0.599310
vn -0.151952 0.462576 0.873461
vn 0.157272 0.397474 0.904035
vn -0.157271 0.397472 0.904037
vn -0.151952 0.462576 0.873461
vn 0.156291 0.410426 0.898401
vn 0.657597 0.383369 0.648532
vn 0.157272 0.397474 0.904035
vn 0.156291 0.410426 0.898401
vn 0.679526 0.298549 0.670159
vn 0.167316 -0.216832 -0.961764
vn 0.657597 0.383369 0.648532
vn 0.679526 0.298549 0.670159
vn 0.164486 -0.281051 -0.945492
vn 0.164486 -0.281051 -0.945492
vn 0.164486 -0.281051 -0.945492
vn 0.159055 -0.372565 -0.914274
vn 0.159055 -0.372565 -0.914274
vn -0.167348 -0.215961 -0.961954
vn 0.164486 -0.281051 -0.945492
vn 0.159055 -0.372565 -0.914274
vn -0.165952 -0.249970 -0.953926
vn -0.709664 0.080782 -0.699893
vn -0.167348 -0.215961 -0.961954
vn -0.165952 -0.249970 -0.953926
vn -0.710605 0.062452 -0.700814
vn -0.607681 0.521106 0.599310
vn -0.709664 0.080782 -0.699893
vn -0.710605 0.062452 -0.700814
vn -0.628396 0.470158 0.619734
vn -0.151952 0.462576 0.873461
vn -0.607681 0.521106 0.599310
vn -0.628396 0.470158 0.619734
vn -0.159053 0.372557 0.914277
vn 0.156291 0.410426 0.898401
vn -0.151952 0.462576 0.873461
vn -0.159053 0.372557 0.914277
vn 0.165952 0.249972 0.953926
vn 0.679526 0.298549 0.670159
vn 0.156291 0.410426 0.898401
vn 0.165952 0.249972 0.953926
vn 0.710605 -0.062447 0.700815
vn 0.164486 -0.281051 -0.945492
vn 0.679526 0.298549 0.670159
vn 0.710605 -0.062447 0.700815
vn 0.159055 -0.372565 -0.914274
vn 0.159055 -0.372565 -0.914274
vn 0.159055 -0.372565 -0.914274
vn 0.167739 -0.205396 -0.964197
vn 0.167739 -0.205396 -0.964197
vn -0.165952 -0.249970 -0.953926
vn 0.159055 -0.372565 -0.914274
vn 0.167739 -0.205396 -0.964197
vn -0.168872 -0.170855 -0.970717
vn -0.710605 0.062452 -0.700814
vn -0.165952 -0.249970 -0.953926
vn -0.168872 -0.170855 -0.970717
vn -0.698722 -0.192188 -0.689094
vn -0.628396 0.470158 0.619734
vn -0.710605 0.062452 -0.700814
vn -0.698722 -0.192188 -0.689094
vn -0.707450 -0.112852 0.697695
vn -0.159053 0.372557 0.914277
vn -0.628396 0.470158 0.619734
vn -0.707450 -0.112852 0.697695
vn -0.171104 -0.057893 0.983551
vn 0.165952 0.249972 0.953926
vn -0.159053 0.372557 0.914277
vn -0.171104 -0.057893 0.983551
vn 0.170632 -0.094037 0.980837
vn 0.710605 -0.062447 0.700815
vn 0.165952 0.249972 0.953926
vn 0.170632 -0.094037 0.980837
vn 0.688226 -0.256227 0.678743
vn 0.159055 -0.372565 -0.914274
vn 0.710605 -0.062447 0.700815
vn 0.688226 -0.256227 0.678743
vn 0.167739 -0.205396 -0.964197
vn 0.167739 -0.205396 -0.964197
vn 0.167739 -0.205396 -0.964197
vn 0.171372 0.015488 -0.985085
vn 0.171372 0.015488 -0.985085
vn -0.168872 -0.170855 -0.970717
vn 0.167739 -0.205396 -0.964197
vn 0.171372 0.015488 -0.985085
vn -0.162500 -0.317957 -0.934076
vn -0.698722 -0.192188 -0.689094
vn -0.168872 -0.170855 -0.970717
vn -0.162500 -0.317957 -0.934076
vn -0.519361 -0.684037 -0.512208
vn -0.707450 -0.112852 0.697695
vn -0.698722 -0.192188 -0.689094
vn -0.519361 -0.684037 -0.512208
vn -0.544073 -0.645037 0.536574
vn -0.171104 -0.057893 0.983551
vn -0.707450 -0.112852 0.697695
vn -0.544073 -0.645037 0.536574
vn -0.167934 -0.199881 0.965322
vn 0.170632 -0.094037 0.980837
vn -0.171104 -0.057893 0.983551
vn -0.167934 -0.199881 0.965322
vn 0.169572 0.145292 0.974749
vn 0.688226 -0.256227 0.678743
vn 0.170632 -0.094037 0.980837
vn 0.169572 0.145292 0.974749
vn 0.606919 0.522854 0.598559
vn 0.167739 -0.205396 -0.964197
vn 0.688226 -0.256227 0.678743
vn 0.606919 0.522854 0.598559
vn 0.171372 0.015488 -0.985085
vn 0.171372 0.015488 -0.985085
vn 0.171372 0.015488 -0.985085
vn 0.170139 0.120779 -0.977990
vn 0.170139 0.120779 -0.977990
vn -0.162500 -0.317957 -0.934076
vn 0.171372 0.015488 -0.985085
vn 0.170139 0.120779 -0.977990
vn -0.166935 -0.226620 -0.959571
vn -0.519361 -0.684037 -0.512208
vn -0.162500 -0.317957 -0.934076
vn -0.166935 -0.226620 -0.959571
vn -0.562622 -0.612848 -0.554864
vn -0.544073 -0.645037 0.536574
vn -0.519361 -0.684037 -0.512208
vn -0.562622 -0.612848 -0.554864
vn -0.584270 -0.571503 0.576206
vn -0.167934 -0.199881 0.965322
vn -0.544073 -0.645037 0.536574
vn -0.584270 -0.571503 0.576206
vn -0.170137 -0.120776 0.977991
vn 0.169572 0.145292 0.974749
vn -0.167934 -0.199881 0.965322
vn -0.170137 -0.120776 0.977991
vn 0.166932 0.226619 0.959572
vn 0.606919 0.522854 0.598559
vn 0.169572 0.145292 0.974749
vn 0.166932 0.226619 0.959572
vn 0.562621 0.612844 0.554869
vn 0.171372 0.015488 -0.985085
vn 0.606919 0.522854 0.598559
vn 0.562621 0.612844 0.554869
vn 0.170139 0.120779 -0.977990
vn 0.170139 0.120779 -0.977990
vn 0.170139 0.120779 -0.977990
vn 0.171118 -0.056812 -0.983611
vn 0.171118 -0.056812 -0.983611
vn -0.166935 -0.226620 -0.959571
vn 0.170139 0.120779 -0.977990
vn 0.171118 -0.056812 -0.983611
vn -0.168905 -0.169706 -0.970913
vn -0.562622 -0.612848 -0.554864
vn -0.166935 -0.226620 -0.959571
vn -0.168905 -0.169706 -0.970913
vn -0.652549 -0.400055 -0.643534
vn -0.584270 -0.571503 0.576206
vn -0.562622 -0.612848 -0.554864
vn -0.652549 -0.400055 -0.643534
vn -0.652588 -0.399943 0.643565
vn -0.170137 -0.120776 0.977991
vn -0.584270 -0.571503 0.576206
vn -0.652588 -0.399943 0.643565
vn -0.168910 -0.169506 0.970947
vn 0.166932 0.226619 0.959572
vn -0.170137 -0.120776 0.977991
vn -0.168910 -0.169506 0.970947
vn 0.171118 -0.056605 0.983623
vn 0.562621 0.612844 0.554869
vn 0.166932 0.226619 0.959572
vn 0.171118 -0.056605 0.983623
vn 0.711348 0.042592 0.701549
vn 0.170139 0.120779 -0.977990
vn 0.562621 0.612844 0.554869
vn 0.711348 0.042592 0.701549
vn 0.171118 -0.056812 -0.983611
vn 0.171118 -0.056812 -0.983611
vn 0.171118 -0.056812 -0.983611
vn 0.171283 -0.035960 -0.984565
vn 0.171283 -0.035960 -0.984565
vn -0.168905 -0.169706 -0.970913
vn 0.171118 -0.056812 -0.983611
vn 0.171283 -0.035960 -0.984565
vn -0.171350 -0.021696 -0.984971
vn -0.652549 -0.400055 -0.643534
vn -0.168905 -0.169706 -0.970913
vn -0.171350 -0.021696 -0.984971
vn -0.710940 -0.054896 -0.701107
vn -0.652588 -0.399943 0.643565
vn -0.652549 -0.400055 -0.643534
vn -0.710940 -0.054896 -0.701107
vn -0.708162 -0.103937 0.698358
vn -0.168910 -0.169506 0.970947
vn -0.652588 -0.399943 0.643565
vn -0.708162 -0.103937 0.698358
vn -0.170683 -0.090811 0.981132
vn 0.171118 -0.056605 0.983623
vn -0.168910 -0.169506 0.970947
vn -0.170683 -0.090811 0.981132
vn 0.170450 -0.104884 0.979769
vn 0.711348 0.042592 0.701549
vn 0.171118 -0.056605 0.983623
vn 0.170450 -0.104884 0.979769
vn 0.702623 -0.161676 0.692952
vn 0.171118 -0.056812 -0.983611
vn 0.711348 0.042592 0.701549
vn 0.702623 -0.161676 0.692952
vn 0.171283 -0.035960 -0.984565
vn 0.171283 -0.035960 -0.984565
vn 0.171283 -0.035960 -0.984565
vn 0.141869 -0.223780 -0.964259
vn 0.141869 -0.223780 -0.964259
vn -0.171350 -0.021696 -0.984971
vn 0.171283 -0.035960 -0.984565
vn 0.141869 -0.223780 -0.964259
vn -0.162543 0.099951 -0.981626
vn -0.710940 -0.054896 -0.701107
vn -0.171350 -0.021696 -0.984971
vn -0.162543 0.099951 -0.981626
vn -0.583213 0.517971 -0.625755
vn -0.708162 -0.103937 0.698358
vn -0.710940 -0.054896 -0.701107
vn -0.583213 0.517971 -0.625755
vn -0.604320 0.474548 0.640002
vn -0.170683 -0.090811 0.981132
vn -0.708162 -0.103937 0.698358
vn -0.604320 0.474548 0.640002
vn -0.174257 0.020952 0.984477
vn 0.170450 -0.104884 0.979769
vn -0.170683 -0.090811 0.981132
vn -0.174257 0.020952 0.984477
vn 0.129620 -0.289884 0.948244
vn 0.702623 -0.161676 0.692952
vn 0.170450 -0.104884 0.979769
vn 0.129620 -0.289884 0.948244
vn 0.492894 -0.666153 0.559728
vn 0.171283 -0.035960 -0.984565
vn 0.702623 -0.161676 0.692952
vn 0.492894 -0.666153 0.559728
vn 0.141869 -0.223780 -0.964259
vn 0.141869 -0.223780 -0.964259
vn 0.141869 -0.223780 -0.964259
vn -0.463377 -0.886161 0.000020
vn -0.162543 0.099951 -0.981626
vn 0.141869 -0.223780 -0.964259
vn -0.463377 -0.886161 0.000020
vn -0.583213 0.517971 -0.625755
vn -0.162543 0.099951 -0.981626
vn -0.463377 -0.886161 0.000020
vn -0.604320 0.474548 0.640002
vn -0.583213 0.517971 -0.625755
vn -0.463377 -0.886161 0.000020
vn -0.174257 0.020952 0.984477
vn -0.604320 0.474548 0.640002
vn -0.463377 -0.886161 0.000020
vn 0.129620 -0.289884 0.948244
vn -0.174257 0.020952 0.984477
vn -0.463377 -0.886161 0.000020
vn 0.492894 -0.666153 0.559728
vn 0.129620 -0.289884 0.948244
vn -0.463377 -0.886161 0.000020
vn 0.141869 -0.223780 -0.964259
vn 0.492894 -0.666153 0.559728
vn -0.463377 -0.886161 0.000020
vn -0.124664 0.158847 0.979401
vn -0.126826 0.143295 0.981520
vn -0.109900 0.289671 0.950796
vn -0.110061 0.291761 0.950138
vn -0.592825 0.041066 0.804284
vn -0.124664 0.158847 0.979401
vn -0.110061 0.291761 0.950138
vn -0.548300 0.205288 0.810693
vn -0.586709 -0.218687 -0.779711
vn -0.592825 0.041066 0.804284
vn -0.548300 0.205288 0.810693
vn -0.513077 -0.397204 -0.760908
vn -0.126019 -0.161620 -0.978774
vn -0.586709 -0.218687 -0.779711
vn -0.513077 -0.397204 -0.760908
vn -0.104685 -0.412214 -0.905053
vn 0.124939 -0.164769 -0.978387
vn -0.126019 -0.161620 -0.978774
vn -0.104685 -0.412214 -0.905053
vn 0.104436 -0.418426 -0.902227
vn 0.584121 -0.221265 -0.780925
vn 0.124939 -0.164769 -0.978387
vn 0.104436 -0.418426 -0.902227
vn 0.513495 -0.394793 -0.761880
vn 0.607808 0.010381 0.794016
vn 0.584121 -0.221265 -0.780925
vn 0.513495 -0.394793 -0.761880
vn 0.548014 0.184918 0.815773
vn -0.126826 0.143295 0.981520
vn 0.607808 0.010381 0.794016
vn 0.548014 0.184918 0.815773
vn -0.109900 0.289671 0.950796
vn -0.110061 0.291761 0.950138
vn -0.109900 0.289671 0.950796
vn -0.111159 0.306173 0.945464
vn -0.111159 0.306173 0.945464
vn -0.548300 0.205288 0.810693
vn -0.110061 0.291761 0.950138
vn -0.111159 0.306173 0.945464
vn -0.548172 0.244099 0.799952
vn -0.513077 -0.397204 -0.760908
vn -0.548300 0.205288 0.810693
vn -0.548172 0.244099 0.799952
vn -0.497093 -0.476107 -0.725411
vn -0.104685 -0.412214 -0.905053
vn -0.513077 -0.397204 -0.760908
vn -0.497093 -0.476107 -0.725411
vn -0.098650 -0.535014 -0.839064
vn 0.104436 -0.418426 -0.902227
vn -0.104685 -0.412214 -0.905053
vn -0.098650 -0.535014 -0.839064
vn 0.098650 -0.535012 -0.839065
vn 0.513495 -0.394793 -0.761880
vn 0.104436 -0.418426 -0.902227
vn 0.098650 -0.535012 -0.839065
vn 0.497093 -0.476105 -0.725412
vn 0.548014 0.184918 0.815773
vn 0.513495 -0.394793 -0.761880
vn 0.497093 -0.476105 -0.725412
vn 0.548172 0.244098 0.799952
vn -0.109900 0.289671 0.950796
vn 0.548014 0.184918 0.815773
vn 0.548172 0.244098 0.799952
vn -0.111159 0.306173 0.945464
vn -0.656689 -0.181034 -0.732111
vn -0.667892 -0.065827 0.741342
vn -0.124664 0.158847 0.979401
vn -0.592825 0.041066 0.804284
vn -0.150590 -0.136135 -0.979178
vn -0.656689 -0.181034 -0.732111
vn -0.592825 0.041066 0.804284
vn -0.586709 -0.218687 -0.779711
vn 0.150795 -0.139080 -0.978733
vn -0.150590 -0.136135 -0.979178
vn -0.586709 -0.218687 -0.779711
vn -0.126019 -0.161620 -0.978774
vn 0.150591 -0.136134 -0.979178
vn 0.150795 -0.139080 -0.978733
vn -0.126019 -0.161620 -0.978774
vn 0.124939 -0.164769 -0.978387
vn 0.664941 -0.073947 0.743226
vn 0.150591 -0.136134 -0.979178
vn 0.124939 -0.164769 -0.978387
vn 0.584121 -0.221265 -0.780925
vn 0.151909 0.009305 0.988351
vn 0.664941 -0.073947 0.743226
vn 0.584121 -0.221265 -0.780925
vn 0.607808 0.010381 0.794016
vn -0.152345 0.014274 0.988224
vn 0.151909 0.009305 0.988351
vn 0.607808 0.010381 0.794016
vn -0.126826 0.143295 0.981520
vn -0.667892 -0.065827 0.741342
vn -0.152345 0.014274 0.988224
vn -0.126826 0.143295 0.981520
vn -0.124664 0.158847 0.979401
vn -0.676916 -0.508868 -0.531825
vn -0.134165 -0.753901 -0.643143
vn -0.185093 -0.978895 0.086631
vn -0.825765 -0.561513 0.053053
vn -0.134165 -0.753901 -0.643143
vn 0.457820 -0.722245 -0.518424
vn 0.563999 -0.822849 0.069462
vn -0.185093 -0.978895 0.086631
vn -0.185093 -0.978895 0.086631
vn 0.563999 -0.822849 0.069462
vn 0.463191 -0.621459 0.631856
vn -0.127592 -0.630465 0.765659
vn -0.825765 -0.561513 0.053053
vn -0.185093 -0.978895 0.086631
vn -0.127592 -0.630465 0.765659
vn -0.671548 -0.408087 0.618457
vn -0.671548 -0.408087 0.618457
vn -0.127592 -0.630465 0.765659
vn -0.003818 0.042434 0.999092
vn -0.699273 0.147818 0.699404
vn -0.127592 -0.630465 0.765659
vn 0.463191 -0.621459 0.631856
vn 0.689062 -0.113240 0.715801
vn -0.003818 0.042434 0.999092
vn -0.013107 -0.131941 -0.991171
vn 0.682494 -0.236544 -0.691556
vn 0.457820 -0.722245 -0.518424
vn -0.134165 -0.753901 -0.643143
vn -0.705842 0.024515 -0.707945
vn -0.013107 -0.131941 -0.991171
vn -0.134165 -0.753901 -0.643143
vn -0.676916 -0.508868 -0.531825
vn 0.457820 -0.722245 -0.518424
vn 0.682494 -0.236544 -0.691556
vn 0.973221 -0.229347 0.015554
vn 0.563999 -0.822849 0.069462
vn 0.563999 -0.822849 0.069462
vn 0.973221 -0.229347 0.015554
vn 0.689062 -0.113240 0.715801
vn 0.463191 -0.621459 0.631856
vn -0.705842 0.024515 -0.707945
vn -0.676916 -0.508868 -0.531825
vn -0.825765 -0.561513 0.053053
vn -0.990145 0.139840 -0.007627
vn -0.990145 0.139840 -0.007627
vn -0.825765 -0.561513 0.053053
vn -0.671548 -0.408087 0.618457
vn -0.699273 0.147818 0.699404
vn -0.325264 -0.917245 0.229924
vn -0.179755 -0.937199 0.298908
vn -0.077398 -0.353064 0.932392
vn -0.702899 -0.255092 0.663974
vn -0.179755 -0.937199 0.298908
vn -0.035410 -0.971748 0.233350
vn 0.546915 -0.490111 0.678730
vn -0.077398 -0.353064 0.932392
vn -0.181758 -0.974751 -0.129707
vn -0.326633 -0.942989 -0.063898
vn -0.708808 -0.366101 -0.602960
vn -0.085744 -0.509757 -0.856035
vn -0.036780 -0.997492 -0.060476
vn -0.181758 -0.974751 -0.129707
vn -0.085744 -0.509757 -0.856035
vn 0.541001 -0.601111 -0.588203
vn 0.030654 -0.995728 0.087098
vn -0.036780 -0.997492 -0.060476
vn 0.541001 -0.601111 -0.588203
vn 0.800556 -0.597285 0.048592
vn -0.035410 -0.971748 0.233350
vn 0.030654 -0.995728 0.087098
vn 0.800556 -0.597285 0.048592
vn 0.546915 -0.490111 0.678730
vn -0.326633 -0.942989 -0.063898
vn -0.392172 -0.916221 0.082104
vn -0.963702 -0.265533 0.027763
vn -0.708808 -0.366101 -0.602960
vn -0.392172 -0.916221 0.082104
vn -0.325264 -0.917245 0.229924
vn -0.702899 -0.255092 0.663974
vn -0.963702 -0.265533 0.027763
vn -0.702899 -0.255092 0.663974
vn -0.077398 -0.353064 0.932392
vn 0.128220 0.724427 0.677322
vn -0.390933 0.797147 0.460139
vn -0.077398 -0.353064 0.932392
vn 0.546915 -0.490111 0.678730
vn 0.643144 0.602704 0.472349
vn 0.128220 0.724427 0.677322
vn -0.085744 -0.509757 -0.856035
vn -0.708808 -0.366101 -0.602960
vn -0.395823 0.705308 -0.588103
vn 0.121353 0.595498 -0.794138
vn 0.541001 -0.601111 -0.588203
vn -0.085744 -0.509757 -0.856035
vn 0.121353 0.595498 -0.794138
vn 0.638258 0.510853 -0.575897
vn 0.800556 -0.597285 0.048592
vn 0.541001 -0.601111 -0.588203
vn 0.638258 0.510853 -0.575897
vn 0.850576 0.523486 -0.049836
vn 0.546915 -0.490111 0.678730
vn 0.800556 -0.597285 0.048592
vn 0.850576 0.523486 -0.049836
vn 0.643144 0.602704 0.472349
vn -0.708808 -0.366101 -0.602960
vn -0.963702 -0.265533 0.027763
vn -0.600998 0.796440 -0.066974
vn -0.395823 0.705308 -0.588103
vn -0.963702 -0.265533 0.027763
vn -0.702899 -0.255092 0.663974
vn -0.390933 0.797147 0.460139
vn -0.600998 0.796440 -0.066974
vn -0.390933 0.797147 0.460139
vn 0.128220 0.724427 0.677322
vn 0.185091 0.978896 -0.086628
vn 0.128220 0.724427 0.677322
vn 0.643144 0.602704 0.472349
vn 0.185091 0.978896 -0.086628
vn 0.121353 0.595498 -0.794138
vn -0.395823 0.705308 -0.588103
vn 0.185091 0.978896 -0.086628
vn 0.638258 0.510853 -0.575897
vn 0.121353 0.595498 -0.794138
vn 0.185091 0.978896 -0.086628
vn 0.850576 0.523486 -0.049836
vn 0.638258 0.510853 -0.575897
vn 0.185091 0.978896 -0.086628
vn 0.643144 0.602704 0.472349
vn 0.850576 0.523486 -0.049836
vn 0.185091 0.978896 -0.086628
vn -0.395823 0.705308 -0.588103
vn -0.600998 0.796440 -0.066974
vn 0.185091 0.978896 -0.086628
vn -0.600998 0.796440 -0.066974
vn -0.390933 0.797147 0.460139
vn 0.185091 0.978896 -0.086628
vn 0.315170 0.024368 0.948722
vn 0.315172 0.024365 0.948722
vn 0.315172 0.024365 0.948722
vn 0.315170 0.024368 0.948722
vn 0.315172 0.024365 0.948722
vn 0.315170 0.024368 0.948722
vn -0.306350 0.141235 0.941383
vn -0.306350 0.141235 0.941383
vn -0.306350 0.141235 0.941383
vn -0.306350 0.141235 0.941383
vn -0.930814 0.202902 0.304001
vn -0.930814 0.202901 0.304002
vn -0.930814 0.202901 0.304002
vn -0.930814 0.202902 0.304001
vn -0.933755 0.147704 -0.326015
vn -0.933756 0.147706 -0.326011
vn -0.933756 0.147706 -0.326011
vn -0.933755 0.147704 -0.326015
vn -0.315170 -0.024365 -0.948722
vn -0.315168 -0.024366 -0.948723
vn -0.315168 -0.024366 -0.948723
vn -0.315170 -0.024365 -0.948722
vn 0.306350 -0.141235 -0.941383
vn 0.306350 -0.141236 -0.941383
vn 0.306350 -0.141236 -0.941383
vn 0.306350 -0.141235 -0.941383
vn 0.930810 -0.202903 -0.304013
vn 0.930810 -0.202903 -0.304013
vn 0.930810 -0.202903 -0.304013
vn 0.930810 -0.202903 -0.304013
vn 0.315170 0.024368 0.948722
vn 0.315172 0.024365 0.948722
vn -0.699273 0.147818 0.699404
vn -0.003818 0.042434 0.999092
vn 0.315172 0.024365 0.948722
vn -0.306350 0.141235 0.941383
vn -0.003818 0.042434 0.999092
vn 0.689062 -0.113240 0.715801
vn 0.315172 0.024365 0.948722
vn 0.315172 0.024365 0.948722
vn -0.013107 -0.131941 -0.991171
vn -0.705842 0.024515 -0.707945
vn -0.933756 0.147706 -0.326011
vn -0.315168 -0.024366 -0.948723
vn 0.682494 -0.236544 -0.691556
vn -0.013107 -0.131941 -0.991171
vn -0.315168 -0.024366 -0.948723
vn 0.306350 -0.141236 -0.941383
vn 0.973221 -0.229347 0.015554
vn 0.682494 -0.236544 -0.691556
vn 0.306350 -0.141236 -0.941383
vn 0.930810 -0.202903 -0.304013
vn 0.689062 -0.113240 0.715801
vn 0.973221 -0.229347 0.015554
vn 0.930810 -0.202903 -0.304013
vn 0.315172 0.024365 0.948722
vn -0.705842 0.024515 -0.707945
vn -0.990145 0.139840 -0.007627
vn -0.930814 0.202901 0.304002
vn -0.933756 0.147706 -0.326011
vn -0.990145 0.139840 -0.007627
vn -0.699273 0.147818 0.699404
vn -0.306350 0.141235 0.941383
vn -0.930814 0.202901 0.304002
vn -0.306350 0.141235 0.941383
vn 0.315170 0.024368 0.948722
vn -0.179755 -0.937199 0.298908
vn -0.325264 -0.917245 0.229924
vn -0.930814 0.202902 0.304001
vn -0.306350 0.141235 0.941383
vn -0.325264 -0.917245 0.229924
vn -0.392172 -0.916221 0.082104
vn -0.933755 0.147704 -0.326015
vn -0.930814 0.202902 0.304001
vn -0.392172 -0.916221 0.082104
vn -0.326633 -0.942989 -0.063898
vn -0.315170 -0.024365 -0.948722
vn -0.933755 0.147704 -0.326015
vn -0.326633 -0.942989 -0.063898
vn -0.181758 -0.974751 -0.129707
vn 0.306350 -0.141235 -0.941383
vn -0.315170 -0.024365 -0.948722
vn -0.181758 -0.974751 -0.129707
vn -0.036780 -0.997492 -0.060476
vn 0.930810 -0.202903 -0.304013
vn 0.306350 -0.141235 -0.941383
vn -0.036780 -0.997492 -0.060476
vn 0.030654 -0.995728 0.087098
vn 0.315170 0.024368 0.948722
vn 0.930810 -0.202903 -0.304013
vn 0.030654 -0.995728 0.087098
vn -0.035410 -0.971748 0.233350
vn 0.315170 0.024368 0.948722
vn 0.315170 0.024368 0.948722
vn -0.035410 -0.971748 0.233350
vn -0.179755 -0.937199 0.298908
vn 0.315174 0.024356 0.948721
vn 0.315174 0.024356 0.948721
vn 0.315174 0.024356 0.948721
vn 0.315174 0.024356 0.948721
vn 0.315174 0.024356 0.948721
vn 0.315174 0.024356 0.948721
vn -0.306346 0.141234 0.941385
vn -0.306346 0.141234 0.941385
vn -0.306346 0.141234 0.941385
vn -0.306346 0.141234 0.941385
vn -0.930811 0.202912 0.304003
vn -0.930811 0.202912 0.304003
vn -0.930811 0.202912 0.304003
vn -0.930811 0.202912 0.304003
vn -0.933756 0.147678 -0.326024
vn -0.933756 0.147678 -0.326024
vn -0.933756 0.147678 -0.326024
vn -0.933756 0.147678 -0.326024
vn -0.315169 -0.024361 -0.948723
vn -0.315170 -0.024361 -0.948723
vn -0.315170 -0.024361 -0.948723
vn -0.315169 -0.024361 -0.948723
vn 0.306350 -0.141231 -0.941384
vn 0.306351 -0.141231 -0.941384
vn 0.306351 -0.141231 -0.941384
vn 0.306350 -0.141231 -0.941384
vn 0.930811 -0.202892 -0.304015
vn 0.930811 -0.202892 -0.304015
vn 0.930811 -0.202892 -0.304015
vn 0.930811 -0.202892 -0.304015
vn 0.315174 0.024356 0.948721
vn 0.315174 0.024356 0.948721
vn 0.315174 0.024356 0.948721
vn -0.185097 -0.978894 0.086632
vn -0.185097 -0.978894 0.086632
vn 0.315174 0.024356 0.948721
vn 0.315174 0.024356 0.948721
vn 0.185091 0.978896 -0.086629
vn 0.185091 0.978896 -0.086629
vn 0.315174 0.024356 0.948721
vn 0.315174 0.024356 0.948721
vn 0.185091 0.978896 -0.086629
vn 0.185090 0.978895 -0.086636
vn -0.306346 0.141234 0.941385
vn -0.306346 0.141234 0.941385
vn -0.185090 -0.978897 0.086620
vn -0.185097 -0.978894 0.086632
vn 0.315174 0.024356 0.948721
vn -0.306346 0.141234 0.941385
vn 0.185090 0.978895 -0.086636
vn 0.185096 0.978894 -0.086635
vn -0.930811 0.202912 0.304003
vn -0.930811 0.202912 0.304003
vn -0.185096 -0.978895 0.086627
vn -0.185090 -0.978897 0.086620
vn -0.306346 0.141234 0.941385
vn -0.930811 0.202912 0.304003
vn 0.185096 0.978894 -0.086635
vn 0.185086 0.978897 -0.086625
vn -0.933756 0.147678 -0.326024
vn -0.933756 0.147678 -0.326024
vn -0.185110 -0.978891 0.086637
vn -0.185096 -0.978895 0.086627
vn -0.930811 0.202912 0.304003
vn -0.933756 0.147678 -0.326024
vn 0.185086 0.978897 -0.086625
vn 0.185094 0.978894 -0.086638
vn -0.315169 -0.024361 -0.948723
vn -0.315170 -0.024361 -0.948723
vn -0.185089 -0.978897 0.086618
vn -0.185110 -0.978891 0.086637
vn -0.933756 0.147678 -0.326024
vn -0.315169 -0.024361 -0.948723
vn 0.185094 0.978894 -0.086638
vn 0.185097 0.978894 -0.086632
vn 0.306350 -0.141231 -0.941384
vn 0.306351 -0.141231 -0.941384
vn -0.185088 -0.978896 0.086628
vn -0.185089 -0.978897 0.086618
vn -0.315170 -0.024361 -0.948723
vn 0.306350 -0.141231 -0.941384
vn 0.185097 0.978894 -0.086632
vn 0.185109 0.978892 -0.086632
vn 0.930811 -0.202892 -0.304015
vn 0.930811 -0.202892 -0.304015
vn -0.185096 -0.978894 0.086639
vn -0.185088 -0.978896 0.086628
vn 0.306351 -0.141231 -0.941384
vn 0.930811 -0.202892 -0.304015
vn 0.185109 0.978892 -0.086632
vn 0.185091 0.978896 -0.086629
vn 0.315174 0.024356 0.948721
vn 0.315174 0.024356 0.948721
vn -0.185097 -0.978894 0.086632
vn -0.185096 -0.978894 0.086639
vn 0.930811 -0.202892 -0.304015
vn 0.402111 0.340376 0.849971
vn 0.402111 0.340376 0.849971
vn 0.402111 0.340376 0.849971
vn 0.402111 0.340376 0.849971
vn 0.105810 -0.988183 0.110903
vn -0.006802 -0.993900 0.110075
vn 0.238648 -0.957957 -0.159265
vn 0.493491 -0.865007 -0.090720
vn -0.006802 -0.993900 0.110075
vn -0.068223 -0.986202 0.150833
vn 0.053098 -0.989149 -0.136985
vn 0.238648 -0.957957 -0.159265
vn -0.068223 -0.986202 0.150833
vn -0.089466 -0.977058 0.193269
vn -0.070307 -0.993272 -0.092023
vn 0.053098 -0.989149 -0.136985
vn -0.089466 -0.977058 0.193269
vn -0.085495 -0.968333 0.234569
vn -0.162461 -0.985916 -0.039706
vn -0.070307 -0.993272 -0.092023
vn -0.085495 -0.968333 0.234569
vn -0.048845 -0.960267 0.274776
vn -0.239914 -0.970500 0.023913
vn -0.162461 -0.985916 -0.039706
vn -0.048845 -0.960267 0.274776
vn 0.042543 -0.956903 0.287276
vn -0.295571 -0.949143 0.108467
vn -0.239914 -0.970500 0.023913
vn 0.042543 -0.956903 0.287276
vn 0.130144 -0.981346 0.141498
vn -0.310964 -0.939240 0.145360
vn -0.295571 -0.949143 0.108467
vn 0.130144 -0.981346 0.141498
vn 0.110193 -0.988362 -0.104871
vn -0.277324 -0.955968 0.096002
vn -0.310964 -0.939240 0.145360
vn 0.110193 -0.988362 -0.104871
vn 0.037672 -0.972631 -0.229280
vn -0.194367 -0.979078 0.060239
vn -0.277324 -0.955968 0.096002
vn 0.037672 -0.972631 -0.229280
vn -0.038973 -0.983365 -0.177408
vn -0.116235 -0.980463 0.158690
vn -0.194367 -0.979078 0.060239
vn -0.038973 -0.983365 -0.177408
vn -0.098141 -0.995082 -0.013450
vn -0.061905 -0.943356 0.325957
vn -0.116235 -0.980463 0.158690
vn -0.098141 -0.995082 -0.013450
vn -0.087658 -0.990666 0.104385
vn 0.033018 -0.912589 0.407542
vn -0.061905 -0.943356 0.325957
vn -0.087658 -0.990666 0.104385
vn 0.003844 -0.987504 0.157549
vn 0.234492 -0.871742 0.430208
vn 0.033018 -0.912589 0.407542
vn 0.003844 -0.987504 0.157549
vn 0.133440 -0.982998 0.126127
vn 0.513506 -0.792758 0.328399
vn 0.234492 -0.871742 0.430208
vn 0.133440 -0.982998 0.126127
vn 0.190942 -0.976547 0.099486
vn 0.666085 -0.740444 0.089848
vn 0.513506 -0.792758 0.328399
vn 0.190942 -0.976547 0.099486
vn 0.105810 -0.988183 0.110903
vn 0.493491 -0.865007 -0.090720
vn 0.666085 -0.740444 0.089848
vn 0.733589 -0.434375 -0.522653
vn 0.475700 -0.837286 -0.269560
vn 0.800079 0.218832 -0.558557
vn 0.419203 -0.682223 -0.599033
vn 0.419203 -0.682223 -0.599033
vn 0.419203 -0.682223 -0.599033
vn 0.475700 -0.837286 -0.269560
vn 0.419203 -0.682223 -0.599033
vn 0.148065 -0.597056 -0.788417
vn 0.148065 -0.597056 -0.788417
vn 0.419203 -0.682223 -0.599033
vn 0.148065 -0.597056 -0.788417
vn -0.179344 -0.451521 -0.874051
vn -0.179344 -0.451521 -0.874051
vn 0.148065 -0.597056 -0.788417
vn -0.179344 -0.451521 -0.874051
vn -0.521372 -0.250796 -0.815642
vn -0.521372 -0.250796 -0.815642
vn -0.179344 -0.451521 -0.874051
vn -0.521372 -0.250796 -0.815642
vn -0.803245 -0.030368 -0.594875
vn -0.803245 -0.030368 -0.594875
vn -0.521372 -0.250796 -0.815642
vn -0.803245 -0.030368 -0.594875
vn -0.956337 0.155319 -0.247579
vn -0.956337 0.155319 -0.247579
vn -0.803245 -0.030368 -0.594875
vn -0.956337 0.155319 -0.247579
vn -0.955320 0.243128 0.168084
vn -0.955320 0.243128 0.168084
vn -0.956337 0.155319 -0.247579
vn -0.955320 0.243128 0.168084
vn -0.813503 0.155170 0.560478
vn -0.813503 0.155170 0.560478
vn -0.955320 0.243128 0.168084
vn -0.813503 0.155170 0.560478
vn -0.523713 -0.017916 0.851707
vn -0.523713 -0.017916 0.851707
vn -0.813503 0.155170 0.560478
vn -0.523713 -0.017916 0.851707
vn -0.173426 -0.178487 0.968538
vn -0.173426 -0.178487 0.968538
vn -0.523713 -0.017916 0.851707
vn -0.173426 -0.178487 0.968538
vn 0.153817 -0.292472 0.943822
vn 0.153817 -0.292472 0.943822
vn -0.173426 -0.178487 0.968538
vn 0.153817 -0.292472 0.943822
vn 0.439656 -0.381517 0.813110
vn 0.439656 -0.381517 0.813110
vn 0.153817 -0.292472 0.943822
vn 0.439656 -0.381517 0.813110
vn 0.548462 -0.609486 0.572466
vn 0.774964 -0.125212 0.619478
vn 0.338910 0.899206 -0.276710
vn 0.465916 0.718500 -0.516411
vn 0.441410 0.761465 -0.474687
vn 0.475700 -0.837286 -0.269560
vn 0.419203 -0.682223 -0.599033
vn 0.303273 0.758461 -0.576856
vn 0.465916 0.718500 -0.516411
vn 0.419203 -0.682223 -0.599033
vn 0.148065 -0.597056 -0.788417
vn 0.143969 0.761640 -0.631805
vn 0.303273 0.758461 -0.576856
vn 0.148065 -0.597056 -0.788417
vn -0.179344 -0.451521 -0.874051
vn -0.015632 0.783385 -0.621340
vn 0.143969 0.761640 -0.631805
vn -0.179344 -0.451521 -0.874051
vn -0.521372 -0.250796 -0.815642
vn -0.151771 0.818842 -0.553591
vn -0.015632 0.783385 -0.621340
vn -0.521372 -0.250796 -0.815642
vn -0.803245 -0.030368 -0.594875
vn -0.250386 0.860662 -0.443359
vn -0.151771 0.818842 -0.553591
vn -0.803245 -0.030368 -0.594875
vn -0.956337 0.155319 -0.247579
vn -0.305980 0.902424 -0.303328
vn -0.250386 0.860662 -0.443359
vn -0.956337 0.155319 -0.247579
vn -0.955320 0.243128 0.168084
vn -0.323459 0.940752 -0.101781
vn -0.305980 0.902424 -0.303328
vn -0.955320 0.243128 0.168084
vn -0.813503 0.155170 0.560478
vn -0.298933 0.951129 0.077413
vn -0.323459 0.940752 -0.101781
vn -0.813503 0.155170 0.560478
vn -0.523713 -0.017916 0.851707
vn -0.196230 0.942548 0.270366
vn -0.298933 0.951129 0.077413
vn -0.523713 -0.017916 0.851707
vn -0.173426 -0.178487 0.968538
vn -0.009214 0.909351 0.415928
vn -0.196230 0.942548 0.270366
vn -0.173426 -0.178487 0.968538
vn 0.153817 -0.292472 0.943822
vn 0.212118 0.869049 0.446945
vn -0.009214 0.909351 0.415928
vn 0.153817 -0.292472 0.943822
vn 0.439656 -0.381517 0.813110
vn 0.397206 0.845891 0.355944
vn 0.212118 0.869049 0.446945
vn 0.397206 0.845891 0.355944
vn 0.365748 0.917864 -0.154123
vn 0.503852 0.850797 0.149257
vn 0.365748 0.917864 -0.154123
vn 0.416168 0.905398 -0.084018
vn 0.541716 0.840081 -0.028404
vn 0.503852 0.850797 0.149257
vn 0.416168 0.905398 -0.084018
vn 0.338910 0.899206 -0.276710
vn 0.441410 0.761465 -0.474687
vn 0.541716 0.840081 -0.028404
vn 0.441410 0.761465 -0.474687
vn 0.465916 0.718500 -0.516411
vn 0.663479 -0.659074 -0.354144
vn 0.720183 -0.558896 -0.411062
vn 0.465916 0.718500 -0.516411
vn 0.303273 0.758461 -0.576856
vn 0.455868 -0.629735 -0.628982
vn 0.663479 -0.659074 -0.354144
vn 0.303273 0.758461 -0.576856
vn 0.143969 0.761640 -0.631805
vn 0.172508 -0.521039 -0.835918
vn 0.455868 -0.629735 -0.628982
vn 0.143969 0.761640 -0.631805
vn -0.015632 0.783385 -0.621340
vn -0.164745 -0.318576 -0.933471
vn 0.172508 -0.521039 -0.835918
vn -0.015632 0.783385 -0.621340
vn -0.151771 0.818842 -0.553591
vn -0.495684 -0.042725 -0.867451
vn -0.164745 -0.318576 -0.933471
vn -0.151771 0.818842 -0.553591
vn -0.250386 0.860662 -0.443359
vn -0.730208 0.237808 -0.640503
vn -0.495684 -0.042725 -0.867451
vn -0.250386 0.860662 -0.443359
vn -0.305980 0.902424 -0.303328
vn -0.829823 0.456667 -0.320700
vn -0.730208 0.237808 -0.640503
vn -0.305980 0.902424 -0.303328
vn -0.323459 0.940752 -0.101781
vn -0.797122 0.603648 -0.014377
vn -0.829823 0.456667 -0.320700
vn -0.323459 0.940752 -0.101781
vn -0.849398 -0.072350 0.522771
vn -0.690024 0.663557 0.289066
vn -0.797122 0.603648 -0.014377
vn -0.849398 -0.072350 0.522771
vn -0.563289 -0.167949 0.809011
vn -0.443474 0.654510 0.612330
vn -0.690024 0.663557 0.289066
vn -0.563289 -0.167949 0.809011
vn -0.229880 -0.249425 0.940714
vn -0.078876 0.511884 0.855426
vn -0.443474 0.654510 0.612330
vn -0.229880 -0.249425 0.940714
vn 0.163780 -0.264766 0.950303
vn 0.309665 0.275314 0.910115
vn -0.078876 0.511884 0.855426
vn 0.163780 -0.264766 0.950303
vn 0.482403 -0.335245 0.809258
vn 0.601899 0.011367 0.798491
vn 0.309665 0.275314 0.910115
vn 0.482403 -0.335245 0.809258
vn 0.503852 0.850797 0.149257
vn 0.771606 -0.289591 0.566359
vn 0.601899 0.011367 0.798491
vn 0.503852 0.850797 0.149257
vn 0.541716 0.840081 -0.028404
vn 0.825493 -0.498280 0.265102
vn 0.771606 -0.289591 0.566359
vn 0.541716 0.840081 -0.028404
vn 0.441410 0.761465 -0.474687
vn 0.720183 -0.558896 -0.411062
vn 0.825493 -0.498280 0.265102
vn 0.455521 -0.854303 -0.250332
vn 0.455521 -0.854303 -0.250332
vn 0.455521 -0.854303 -0.250332
vn 0.455521 -0.854303 -0.250332
vn 0.455521 -0.854303 -0.250332
vn 0.289936 -0.792314 -0.536819
vn 0.289936 -0.792314 -0.536819
vn 0.455521 -0.854303 -0.250332
vn 0.289936 -0.792314 -0.536819
vn 0.054822 -0.634716 -0.770799
vn 0.054822 -0.634716 -0.770799
vn 0.289936 -0.792314 -0.536819
vn 0.054822 -0.634716 -0.770799
vn -0.204468 -0.448770 -0.869942
vn -0.204468 -0.448770 -0.869942
vn 0.054822 -0.634716 -0.770799
vn -0.204468 -0.448770 -0.869942
vn -0.517148 -0.191773 -0.834135
vn -0.517148 -0.191773 -0.834135
vn -0.204468 -0.448770 -0.869942
vn -0.517148 -0.191773 -0.834135
vn -0.759496 0.123663 -0.638650
vn -0.759496 0.123663 -0.638650
vn -0.517148 -0.191773 -0.834135
vn -0.759496 0.123663 -0.638650
vn -0.850608 0.408802 -0.330678
vn -0.850608 0.408802 -0.330678
vn -0.759496 0.123663 -0.638650
vn -0.850608 0.408802 -0.330678
vn -0.821356 0.568316 -0.048897
vn -0.821356 0.568316 -0.048897
vn -0.850608 0.408802 -0.330678
vn -0.821356 0.568316 -0.048897
vn -0.737256 0.630161 0.243620
vn -0.737256 0.630161 0.243620
vn -0.821356 0.568316 -0.048897
vn -0.737256 0.630161 0.243620
vn -0.603515 0.526277 0.599001
vn -0.603515 0.526277 0.599001
vn -0.737256 0.630161 0.243620
vn -0.603515 0.526277 0.599001
vn -0.197440 0.852635 0.483767
vn -0.314385 0.144044 0.938304
vn -0.197440 0.852635 0.483767
vn 0.079279 -0.367779 0.926528
vn -0.314385 0.144044 0.938304
vn 0.322945 -0.484440 0.813034
vn 0.322945 -0.484440 0.813034
vn 0.322945 -0.484440 0.813034
vn 0.079279 -0.367779 0.926528
vn 0.322945 -0.484440 0.813034
vn 0.484599 -0.635815 0.600752
vn 0.484599 -0.635815 0.600752
vn 0.322945 -0.484440 0.813034
vn 0.484599 -0.635815 0.600752
vn 0.558979 -0.753278 0.346576
vn 0.558979 -0.753278 0.346576
vn 0.484599 -0.635815 0.600752
vn 0.558979 -0.753278 0.346576
vn 0.455521 -0.854303 -0.250332
vn 0.455521 -0.854303 -0.250332
vn 0.558979 -0.753278 0.346576
vn -0.443474 0.654510 0.612330
vn -0.078876 0.511884 0.855426
vn 0.123105 0.903862 0.409731
vn 0.050745 0.828535 0.557634
vn -0.690024 0.663557 0.289066
vn -0.443474 0.654510 0.612330
vn 0.050745 0.828535 0.557634
vn -0.189026 0.940395 0.282713
vn -0.797122 0.603648 -0.014377
vn -0.690024 0.663557 0.289066
vn -0.189026 0.940395 0.282713
vn -0.304149 0.952455 0.017970
vn -0.829823 0.456667 -0.320700
vn -0.797122 0.603648 -0.014377
vn -0.304149 0.952455 0.017970
vn -0.329922 0.924937 -0.188796
vn -0.730208 0.237808 -0.640503
vn -0.829823 0.456667 -0.320700
vn -0.329922 0.924937 -0.188796
vn -0.302567 0.879620 -0.367045
vn -0.495684 -0.042725 -0.867451
vn -0.730208 0.237808 -0.640503
vn -0.302567 0.879620 -0.367045
vn -0.217964 0.813655 -0.538940
vn -0.164745 -0.318576 -0.933471
vn -0.495684 -0.042725 -0.867451
vn -0.217964 0.813655 -0.538940
vn -0.087535 0.736261 -0.671012
vn 0.172508 -0.521039 -0.835918
vn -0.164745 -0.318576 -0.933471
vn -0.087535 0.736261 -0.671012
vn 0.083167 0.638048 -0.765492
vn 0.455868 -0.629735 -0.628982
vn 0.172508 -0.521039 -0.835918
vn 0.083167 0.638048 -0.765492
vn 0.298056 0.497717 -0.814519
vn 0.663479 -0.659074 -0.354144
vn 0.455868 -0.629735 -0.628982
vn 0.298056 0.497717 -0.814519
vn 0.567454 0.263900 -0.779970
vn 0.720183 -0.558896 -0.411062
vn 0.663479 -0.659074 -0.354144
vn 0.567454 0.263900 -0.779970
vn 0.830552 -0.091705 -0.549339
vn 0.825493 -0.498280 0.265102
vn 0.720183 -0.558896 -0.411062
vn 0.830552 -0.091705 -0.549339
vn 0.927805 -0.351554 -0.124854
vn 0.771606 -0.289591 0.566359
vn 0.825493 -0.498280 0.265102
vn 0.927805 -0.351554 -0.124854
vn 0.927143 -0.288069 0.239630
vn 0.601899 0.011367 0.798491
vn 0.771606 -0.289591 0.566359
vn 0.927143 -0.288069 0.239630
vn 0.854820 -0.003337 0.518914
vn 0.309665 0.275314 0.910115
vn 0.601899 0.011367 0.798491
vn 0.854820 -0.003337 0.518914
vn 0.654931 0.317769 0.685630
vn -0.078876 0.511884 0.855426
vn 0.309665 0.275314 0.910115
vn 0.654931 0.317769 0.685630
vn 0.123105 0.903862 0.409731
vn 0.050745 0.828535 0.557634
vn 0.123105 0.903862 0.409731
vn 0.124662 0.861661 0.491934
vn 0.165030 0.925613 0.340595
vn -0.189026 0.940395 0.282713
vn 0.050745 0.828535 0.557634
vn 0.165030 0.925613 0.340595
vn -0.035531 0.990204 0.135034
vn -0.304149 0.952455 0.017970
vn -0.189026 0.940395 0.282713
vn -0.035531 0.990204 0.135034
vn -0.153320 0.986255 -0.061599
vn -0.329922 0.924937 -0.188796
vn -0.304149 0.952455 0.017970
vn -0.153320 0.986255 -0.061599
vn -0.197873 0.953486 -0.227399
vn -0.302567 0.879620 -0.367045
vn -0.329922 0.924937 -0.188796
vn -0.197873 0.953486 -0.227399
vn -0.195832 0.907038 -0.372735
vn -0.217964 0.813655 -0.538940
vn -0.302567 0.879620 -0.367045
vn -0.195832 0.907038 -0.372735
vn -0.155299 0.825536 -0.542561
vn -0.087535 0.736261 -0.671012
vn -0.217964 0.813655 -0.538940
vn -0.155299 0.825536 -0.542561
vn -0.068164 0.706585 -0.704337
vn 0.083167 0.638048 -0.765492
vn -0.087535 0.736261 -0.671012
vn -0.068164 0.706585 -0.704337
vn 0.077794 0.510018 -0.856639
vn 0.298056 0.497717 -0.814519
vn 0.083167 0.638048 -0.765492
vn 0.077794 0.510018 -0.856639
vn 0.295587 0.156574 -0.942397
vn 0.567454 0.263900 -0.779970
vn 0.298056 0.497717 -0.814519
vn 0.295587 0.156574 -0.942397
vn 0.519851 -0.354650 -0.777160
vn 0.830552 -0.091705 -0.549339
vn 0.567454 0.263900 -0.779970
vn 0.519851 -0.354650 -0.777160
vn 0.621282 -0.689348 -0.372569
vn 0.927805 -0.351554 -0.124854
vn 0.830552 -0.091705 -0.549339
vn 0.621282 -0.689348 -0.372569
vn 0.715123 -0.698951 -0.008175
vn 0.927143 -0.288069 0.239630
vn 0.927805 -0.351554 -0.124854
vn 0.715123 -0.698951 -0.008175
vn 0.821897 -0.488995 0.292179
vn 0.854820 -0.003337 0.518914
vn 0.927143 -0.288069 0.239630
vn 0.821897 -0.488995 0.292179
vn 0.845149 -0.051049 0.532087
vn 0.654931 0.317769 0.685630
vn 0.854820 -0.003337 0.518914
vn 0.845149 -0.051049 0.532087
vn 0.677393 0.432673 0.594923
vn 0.123105 0.903862 0.409731
vn 0.654931 0.317769 0.685630
vn 0.677393 0.432673 0.594923
vn 0.124662 0.861661 0.491934
vn 0.165030 0.925613 0.340595
vn 0.124662 0.861661 0.491934
vn 0.047948 0.696263 0.716184
vn -0.603515 0.526277 0.599001
vn -0.035531 0.990204 0.135034
vn 0.165030 0.925613 0.340595
vn -0.603515 0.526277 0.599001
vn -0.737256 0.630161 0.243620
vn -0.153320 0.986255 -0.061599
vn -0.035531 0.990204 0.135034
vn -0.737256 0.630161 0.243620
vn -0.821356 0.568316 -0.048897
vn -0.197873 0.953486 -0.227399
vn -0.153320 0.986255 -0.061599
vn -0.821356 0.568316 -0.048897
vn -0.850608 0.408802 -0.330678
vn -0.195832 0.907038 -0.372735
vn -0.197873 0.953486 -0.227399
vn -0.850608 0.408802 -0.330678
vn -0.759496 0.123663 -0.638650
vn -0.155299 0.825536 -0.542561
vn -0.195832 0.907038 -0.372735
vn -0.759496 0.123663 -0.638650
vn -0.517148 -0.191773 -0.834135
vn -0.068164 0.706585 -0.704337
vn -0.155299 0.825536 -0.542561
vn -0.517148 -0.191773 -0.834135
vn -0.204468 -0.448770 -0.869942
vn 0.077794 0.510018 -0.856639
vn -0.068164 0.706585 -0.704337
vn -0.204468 -0.448770 -0.869942
vn 0.054822 -0.634716 -0.770799
vn 0.295587 0.156574 -0.942397
vn 0.077794 0.510018 -0.856639
vn 0.054822 -0.634716 -0.770799
vn 0.289936 -0.792314 -0.536819
vn 0.519851 -0.354650 -0.777160
vn 0.295587 0.156574 -0.942397
vn 0.289936 -0.792314 -0.536819
vn 0.455521 -0.854303 -0.250332
vn 0.621282 -0.689348 -0.372569
vn 0.519851 -0.354650 -0.777160
vn 0.455521 -0.854303 -0.250332
vn 0.455521 -0.854303 -0.250332
vn 0.715123 -0.698951 -0.008175
vn 0.621282 -0.689348 -0.372569
vn 0.455521 -0.854303 -0.250332
vn 0.558979 -0.753278 0.346576
vn 0.821897 -0.488995 0.292179
vn 0.715123 -0.698951 -0.008175
vn 0.558979 -0.753278 0.346576
vn 0.484599 -0.635815 0.600752
vn 0.845149 -0.051049 0.532087
vn 0.821897 -0.488995 0.292179
vn 0.484599 -0.635815 0.600752
vn 0.322945 -0.484440 0.813034
vn 0.677393 0.432673 0.594923
vn 0.845149 -0.051049 0.532087
vn 0.322945 -0.484440 0.813034
vn 0.322945 -0.484440 0.813034
vn 0.124662 0.861661 0.491934
vn 0.677393 0.432673 0.594923
vn 0.322945 -0.484440 0.813034
vn 0.047948 0.696263 0.716184
vn 0.455521 -0.854303 -0.250332
vn 0.455521 -0.854303 -0.250332
vn 0.581903 -0.744167 -0.328031
vn 0.581903 -0.744167 -0.328031
vn 0.455521 -0.854303 -0.250332
vn 0.289936 -0.792314 -0.536819
vn 0.443254 -0.597876 -0.667884
vn 0.581903 -0.744167 -0.328031
vn 0.289936 -0.792314 -0.536819
vn 0.054822 -0.634716 -0.770799
vn 0.221464 -0.471951 -0.853356
vn 0.443254 -0.597876 -0.667884
vn 0.054822 -0.634716 -0.770799
vn -0.204468 -0.448770 -0.869942
vn -0.048969 -0.286992 -0.956681
vn 0.221464 -0.471951 -0.853356
vn -0.204468 -0.448770 -0.869942
vn -0.517148 -0.191773 -0.834135
vn -0.313641 0.070238 -0.946940
vn -0.048969 -0.286992 -0.956681
vn -0.517148 -0.191773 -0.834135
vn -0.759496 0.123663 -0.638650
vn -0.503389 0.416032 -0.757309
vn -0.313641 0.070238 -0.946940
vn -0.759496 0.123663 -0.638650
vn -0.850608 0.408802 -0.330678
vn -0.581946 0.667169 -0.465000
vn -0.503389 0.416032 -0.757309
vn -0.850608 0.408802 -0.330678
vn -0.821356 0.568316 -0.048897
vn -0.553434 0.814208 -0.175434
vn -0.581946 0.667169 -0.465000
vn -0.821356 0.568316 -0.048897
vn -0.737256 0.630161 0.243620
vn -0.449153 0.891495 0.059144
vn -0.553434 0.814208 -0.175434
vn -0.737256 0.630161 0.243620
vn -0.603515 0.526277 0.599001
vn -0.277105 0.918555 0.281904
vn -0.449153 0.891495 0.059144
vn -0.603515 0.526277 0.599001
vn -0.032749 0.849758 0.526155
vn -0.032749 0.849758 0.526155
vn -0.277105 0.918555 0.281904
vn -0.032749 0.849758 0.526155
vn 0.079279 -0.367779 0.926528
vn 0.290228 0.423525 0.858134
vn -0.032749 0.849758 0.526155
vn 0.079279 -0.367779 0.926528
vn 0.322945 -0.484440 0.813034
vn 0.514681 -0.230891 0.825707
vn 0.290228 0.423525 0.858134
vn 0.322945 -0.484440 0.813034
vn 0.484599 -0.635815 0.600752
vn 0.616471 -0.507749 0.601793
vn 0.514681 -0.230891 0.825707
vn 0.484599 -0.635815 0.600752
vn 0.558979 -0.753278 0.346576
vn 0.652360 -0.675175 0.344332
vn 0.616471 -0.507749 0.601793
vn 0.558979 -0.753278 0.346576
vn 0.455521 -0.854303 -0.250332
vn 0.581903 -0.744167 -0.328031
vn 0.652360 -0.675175 0.344332
vn 0.581903 -0.744167 -0.328031
vn 0.581903 -0.744167 -0.328031
vn 0.812327 -0.369263 -0.451409
vn 0.812327 -0.369263 -0.451409
vn 0.581903 -0.744167 -0.328031
vn 0.443254 -0.597876 -0.667884
vn 0.621187 -0.289420 -0.728261
vn 0.812327 -0.369263 -0.451409
vn 0.443254 -0.597876 -0.667884
vn 0.221464 -0.471951 -0.853356
vn 0.448075 -0.119058 -0.886033
vn 0.621187 -0.289420 -0.728261
vn 0.221464 -0.471951 -0.853356
vn -0.048969 -0.286992 -0.956681
vn 0.231315 0.206204 -0.950775
vn 0.448075 -0.119058 -0.886033
vn -0.048969 -0.286992 -0.956681
vn -0.313641 0.070238 -0.946940
vn 0.057853 0.490074 -0.869759
vn 0.231315 0.206204 -0.950775
vn -0.313641 0.070238 -0.946940
vn -0.503389 0.416032 -0.757309
vn -0.049596 0.697190 -0.715169
vn 0.057853 0.490074 -0.869759
vn -0.503389 0.416032 -0.757309
vn -0.581946 0.667169 -0.465000
vn -0.100226 0.846487 -0.522890
vn -0.049596 0.697190 -0.715169
vn -0.581946 0.667169 -0.465000
vn -0.553434 0.814208 -0.175434
vn -0.096807 0.952605 -0.288396
vn -0.100226 0.846487 -0.522890
vn -0.553434 0.814208 -0.175434
vn -0.449153 0.891495 0.059144
vn -0.044497 0.992178 -0.116631
vn -0.096807 0.952605 -0.288396
vn -0.449153 0.891495 0.059144
vn -0.277105 0.918555 0.281904
vn 0.056582 0.997011 0.052616
vn -0.044497 0.992178 -0.116631
vn -0.277105 0.918555 0.281904
vn -0.032749 0.849758 0.526155
vn 0.211097 0.954361 0.211264
vn 0.056582 0.997011 0.052616
vn -0.032749 0.849758 0.526155
vn 0.290228 0.423525 0.858134
vn 0.426082 0.835973 0.345837
vn 0.211097 0.954361 0.211264
vn 0.290228 0.423525 0.858134
vn 0.514681 -0.230891 0.825707
vn 0.742117 0.499410 0.447048
vn 0.426082 0.835973 0.345837
vn 0.514681 -0.230891 0.825707
vn 0.616471 -0.507749 0.601793
vn 0.909420 0.131005 0.394706
vn 0.742117 0.499410 0.447048
vn 0.616471 -0.507749 0.601793
vn 0.652360 -0.675175 0.344332
vn 0.967590 -0.155081 0.199296
vn 0.909420 0.131005 0.394706
vn 0.652360 -0.675175 0.344332
vn 0.581903 -0.744167 -0.328031
vn 0.812327 -0.369263 -0.451409
vn 0.967590 -0.155081 0.199296
vn 0.812327 -0.369263 -0.451409
vn 0.812327 -0.369263 -0.451409
vn 0.844286 -0.316577 -0.432390
vn 0.844285 -0.316577 -0.432390
vn 0.812327 -0.369263 -0.451409
vn 0.621187 -0.289420 -0.728261
vn 0.597189 -0.459486 -0.657448
vn 0.844286 -0.316577 -0.432390
vn 0.621187 -0.289420 -0.728261
vn 0.448075 -0.119058 -0.886033
vn 0.259601 -0.515436 -0.816660
vn 0.597189 -0.459486 -0.657448
vn 0.448075 -0.119058 -0.886033
vn 0.231315 0.206204 -0.950775
vn -0.131467 -0.459683 -0.878298
vn 0.259601 -0.515436 -0.816660
vn 0.231315 0.206204 -0.950775
vn 0.057853 0.490074 -0.869759
vn -0.509339 -0.285263 -0.811911
vn -0.131467 -0.459683 -0.878298
vn 0.057853 0.490074 -0.869759
vn -0.049596 0.697190 -0.715169
vn -0.788801 -0.026974 -0.614056
vn -0.509339 -0.285263 -0.811911
vn -0.049596 0.697190 -0.715169
vn -0.100226 0.846487 -0.522890
vn -0.913130 0.245094 -0.325764
vn -0.788801 -0.026974 -0.614056
vn -0.100226 0.846487 -0.522890
vn -0.096807 0.952605 -0.288396
vn -0.887905 0.458722 -0.034623
vn -0.913130 0.245094 -0.325764
vn -0.096807 0.952605 -0.288396
vn -0.044497 0.992178 -0.116631
vn -0.765211 0.610262 0.205021
vn -0.887905 0.458722 -0.034623
vn -0.044497 0.992178 -0.116631
vn 0.056582 0.997011 0.052616
vn -0.528603 0.734086 0.426260
vn -0.765211 0.610262 0.205021
vn 0.056582 0.997011 0.052616
vn 0.211097 0.954361 0.211264
vn -0.158199 0.793680 0.587405
vn -0.528603 0.734086 0.426260
vn 0.211097 0.954361 0.211264
vn 0.426082 0.835973 0.345837
vn 0.288143 0.730539 0.619102
vn -0.158199 0.793680 0.587405
vn 0.426082 0.835973 0.345837
vn 0.742117 0.499410 0.447048
vn 0.665059 0.549527 0.505683
vn 0.288143 0.730539 0.619102
vn 0.742117 0.499410 0.447048
vn 0.909420 0.131005 0.394706
vn 0.891910 0.326401 0.312985
vn 0.665059 0.549527 0.505683
vn 0.909420 0.131005 0.394706
vn 0.967590 -0.155081 0.199296
vn 0.988569 0.114390 0.098212
vn 0.891910 0.326401 0.312985
vn 0.967590 -0.155081 0.199296
vn 0.812327 -0.369263 -0.451409
vn 0.844285 -0.316577 -0.432390
vn 0.988569 0.114390 0.098212
vn 0.844285 -0.316577 -0.432390
vn 0.844286 -0.316577 -0.432390
vn 0.829231 -0.398504 -0.391880
vn 0.829231 -0.398504 -0.391880
vn 0.844286 -0.316577 -0.432390
vn 0.597189 -0.459486 -0.657448
vn 0.565871 -0.533134 -0.628935
vn 0.829231 -0.398504 -0.391880
vn 0.597189 -0.459486 -0.657448
vn 0.259601 -0.515436 -0.816660
vn 0.204457 -0.573019 -0.793629
vn 0.565871 -0.533134 -0.628935
vn 0.259601 -0.515436 -0.816660
vn -0.131467 -0.459683 -0.878298
vn -0.204471 -0.497605 -0.842960
vn 0.204457 -0.573019 -0.793629
vn -0.131467 -0.459683 -0.878298
vn -0.509339 -0.285263 -0.811911
vn -0.574310 -0.316756 -0.754874
vn -0.204471 -0.497605 -0.842960
vn -0.509339 -0.285263 -0.811911
vn -0.788801 -0.026974 -0.614056
vn -0.827301 -0.078957 -0.556182
vn -0.574310 -0.316756 -0.754874
vn -0.788801 -0.026974 -0.614056
vn -0.913130 0.245094 -0.325764
vn -0.939884 0.163019 -0.300073
vn -0.827301 -0.078957 -0.556182
vn -0.913130 0.245094 -0.325764
vn -0.887905 0.458722 -0.034623
vn -0.925684 0.376651 -0.035250
vn -0.939884 0.163019 -0.300073
vn -0.887905 0.458722 -0.034623
vn -0.765211 0.610262 0.205021
vn -0.818687 0.542554 0.188112
vn -0.925684 0.376651 -0.035250
vn -0.765211 0.610262 0.205021
vn -0.528603 0.734086 0.426260
vn -0.595670 0.690877 0.409716
vn -0.818687 0.542554 0.188112
vn -0.528603 0.734086 0.426260
vn -0.158199 0.793680 0.587405
vn -0.226053 0.774210 0.591184
vn -0.595670 0.690877 0.409716
vn -0.158199 0.793680 0.587405
vn 0.288143 0.730539 0.619102
vn 0.240867 0.718469 0.652523
vn -0.226053 0.774210 0.591184
vn 0.288143 0.730539 0.619102
vn 0.665059 0.549527 0.505683
vn 0.646148 0.521427 0.557322
vn 0.240867 0.718469 0.652523
vn 0.665059 0.549527 0.505683
vn 0.891910 0.326401 0.312985
vn 0.889431 0.272460 0.366985
vn 0.646148 0.521427 0.557322
vn 0.891910 0.326401 0.312985
vn 0.988569 0.114390 0.098212
vn 0.988574 0.037683 0.145952
vn 0.889431 0.272460 0.366985
vn 0.988569 0.114390 0.098212
vn 0.844285 -0.316577 -0.432390
vn 0.829231 -0.398504 -0.391880
vn 0.988574 0.037683 0.145952
vn 0.829231 -0.398504 -0.391880
vn 0.829231 -0.398504 -0.391880
vn 0.833934 -0.378296 -0.401804
vn 0.833934 -0.378296 -0.401804
vn 0.829231 -0.398504 -0.391880
vn 0.565871 -0.533134 -0.628935
vn 0.566494 -0.514810 -0.643471
vn 0.833934 -0.378296 -0.401804
vn 0.565871 -0.533134 -0.628935
vn 0.204457 -0.573019 -0.793629
vn 0.201234 -0.555052 -0.807108
vn 0.566494 -0.514810 -0.643471
vn 0.204457 -0.573019 -0.793629
vn -0.204471 -0.497605 -0.842960
vn -0.203599 -0.484299 -0.850883
vn 0.201234 -0.555052 -0.807108
vn -0.204471 -0.497605 -0.842960
vn -0.574310 -0.316756 -0.754874
vn -0.564097 -0.317581 -0.762192
vn -0.203599 -0.484299 -0.850883
vn -0.574310 -0.316756 -0.754874
vn -0.827301 -0.078957 -0.556182
vn -0.814274 -0.096666 -0.572376
vn -0.564097 -0.317581 -0.762192
vn -0.827301 -0.078957 -0.556182
vn -0.939884 0.163019 -0.300073
vn -0.933984 0.138455 -0.329401
vn -0.814274 -0.096666 -0.572376
vn -0.939884 0.163019 -0.300073
vn -0.925684 0.376651 -0.035250
vn -0.926131 0.372693 -0.058150
vn -0.933984 0.138455 -0.329401
vn -0.925684 0.376651 -0.035250
vn -0.818687 0.542554 0.188112
vn -0.815749 0.554035 0.166131
vn -0.926131 0.372693 -0.058150
vn -0.818687 0.542554 0.188112
vn -0.595670 0.690877 0.409716
vn -0.586163 0.712623 0.385463
vn -0.815749 0.554035 0.166131
vn -0.595670 0.690877 0.409716
vn -0.226053 0.774210 0.591184
vn -0.218007 0.798050 0.561773
vn -0.586163 0.712623 0.385463
vn -0.226053 0.774210 0.591184
vn 0.240867 0.718469 0.652523
vn 0.234868 0.744614 0.624809
vn -0.218007 0.798050 0.561773
vn 0.240867 0.718469 0.652523
vn 0.646148 0.521427 0.557322
vn 0.631506 0.554119 0.542358
vn 0.234868 0.744614 0.624809
vn 0.646148 0.521427 0.557322
vn 0.889431 0.272460 0.366985
vn 0.879732 0.307173 0.362927
vn 0.631506 0.554119 0.542358
vn 0.889431 0.272460 0.366985
vn 0.988574 0.037683 0.145952
vn 0.987343 0.067731 0.143409
vn 0.879732 0.307173 0.362927
vn 0.988574 0.037683 0.145952
vn 0.829231 -0.398504 -0.391880
vn 0.833934 -0.378296 -0.401804
vn 0.987343 0.067731 0.143409
vn 0.833934 -0.378296 -0.401804
vn 0.833934 -0.378296 -0.401804
vn 0.830331 -0.218778 -0.512530
vn 0.830331 -0.218778 -0.512530
vn 0.833934 -0.378296 -0.401804
vn 0.566494 -0.514810 -0.643471
vn 0.572060 -0.352227 -0.740732
vn 0.830331 -0.218778 -0.512530
vn 0.566494 -0.514810 -0.643471
vn 0.201234 -0.555052 -0.807108
vn 0.227748 -0.397192 -0.889027
vn 0.572060 -0.352227 -0.740732
vn 0.201234 -0.555052 -0.807108
vn -0.203599 -0.484299 -0.850883
vn -0.146472 -0.343884 -0.927518
vn 0.227748 -0.397192 -0.889027
vn -0.203599 -0.484299 -0.850883
vn -0.564097 -0.317581 -0.762192
vn -0.484575 -0.203416 -0.850770
vn -0.146472 -0.343884 -0.927518
vn -0.564097 -0.317581 -0.762192
vn -0.814274 -0.096666 -0.572376
vn -0.734208 -0.003023 -0.678918
vn -0.484575 -0.203416 -0.850770
vn -0.814274 -0.096666 -0.572376
vn -0.933984 0.138455 -0.329401
vn -0.866892 0.226484 -0.444077
vn -0.734208 -0.003023 -0.678918
vn -0.933984 0.138455 -0.329401
vn -0.926131 0.372693 -0.058150
vn -0.863547 0.483922 -0.141793
vn -0.866892 0.226484 -0.444077
vn -0.926131 0.372693 -0.058150
vn -0.815749 0.554035 0.166131
vn -0.744755 0.661959 0.084555
vn -0.863547 0.483922 -0.141793
vn -0.815749 0.554035 0.166131
vn -0.586163 0.712623 0.385463
vn -0.510869 0.809113 0.290430
vn -0.744755 0.661959 0.084555
vn -0.586163 0.712623 0.385463
vn -0.218007 0.798050 0.561773
vn -0.160429 0.882628 0.441849
vn -0.510869 0.809113 0.290430
vn -0.218007 0.798050 0.561773
vn 0.234868 0.744614 0.624809
vn 0.250764 0.835205 0.489439
vn -0.160429 0.882628 0.441849
vn 0.234868 0.744614 0.624809
vn 0.631506 0.554119 0.542358
vn 0.613600 0.671726 0.415067
vn 0.250764 0.835205 0.489439
vn 0.631506 0.554119 0.542358
vn 0.879732 0.307173 0.362927
vn 0.855472 0.452115 0.252507
vn 0.613600 0.671726 0.415067
vn 0.879732 0.307173 0.362927
vn 0.987343 0.067731 0.143409
vn 0.972356 0.229503 0.043034
vn 0.855472 0.452115 0.252507
vn 0.987343 0.067731 0.143409
vn 0.833934 -0.378296 -0.401804
vn 0.830331 -0.218778 -0.512530
vn 0.972356 0.229503 0.043034
vn 0.556170 -0.403323 0.726640
vn 0.851829 -0.252412 0.458994
vn 0.889553 -0.094961 0.446853
vn 0.439656 -0.381517 0.813110
vn 0.239440 -0.518367 0.820953
vn 0.556170 -0.403323 0.726640
vn 0.439656 -0.381517 0.813110
vn 0.153817 -0.292472 0.943822
vn -0.018603 -0.585889 0.810178
vn 0.239440 -0.518367 0.820953
vn 0.153817 -0.292472 0.943822
vn -0.173426 -0.178487 0.968538
vn -0.300890 -0.404645 0.863555
vn -0.018603 -0.585889 0.810178
vn -0.173426 -0.178487 0.968538
vn -0.523713 -0.017916 0.851707
vn -0.512787 -0.453443 0.728998
vn -0.300890 -0.404645 0.863555
vn -0.523713 -0.017916 0.851707
vn -0.813503 0.155170 0.560478
vn -0.955320 0.243128 0.168084
vn -0.512787 -0.453443 0.728998
vn -0.813503 0.155170 0.560478
vn -0.666681 -0.735401 0.121330
vn -0.636117 -0.710294 0.301394
vn -0.955320 0.243128 0.168084
vn -0.956337 0.155319 -0.247579
vn -0.584174 -0.806069 -0.094836
vn -0.666681 -0.735401 0.121330
vn -0.956337 0.155319 -0.247579
vn -0.803245 -0.030368 -0.594875
vn -0.433624 -0.855086 -0.284251
vn -0.584174 -0.806069 -0.094836
vn -0.803245 -0.030368 -0.594875
vn -0.521372 -0.250796 -0.815642
vn -0.247727 -0.873390 -0.419310
vn -0.433624 -0.855086 -0.284251
vn -0.521372 -0.250796 -0.815642
vn -0.179344 -0.451521 -0.874051
vn -0.031392 -0.857739 -0.513126
vn -0.247727 -0.873390 -0.419310
vn -0.179344 -0.451521 -0.874051
vn 0.148065 -0.597056 -0.788417
vn 0.229037 -0.796988 -0.558885
vn -0.031392 -0.857739 -0.513126
vn 0.148065 -0.597056 -0.788417
vn 0.419203 -0.682223 -0.599033
vn 0.550354 -0.653490 -0.519674
vn 0.229037 -0.796988 -0.558885
vn 0.419203 -0.682223 -0.599033
vn 0.419203 -0.682223 -0.599033
vn 0.851875 -0.415752 -0.318527
vn 0.550354 -0.653490 -0.519674
vn 0.419203 -0.682223 -0.599033
vn 0.891500 -0.266852 -0.366084
vn 0.975205 -0.216991 0.043469
vn 0.851875 -0.415752 -0.318527
vn 0.891500 -0.266852 -0.366084
vn 0.994707 -0.102653 0.004418
vn 0.851829 -0.252412 0.458994
vn 0.975205 -0.216991 0.043469
vn 0.994707 -0.102653 0.004418
vn 0.889553 -0.094961 0.446853
vn -0.603515 0.526277 0.599001
vn -0.362914 0.142142 0.920918
vn -0.197440 0.852635 0.483767
vn -0.362914 0.142142 0.920918
vn 0.079279 -0.367779 0.926528
vn -0.197440 0.852635 0.483767
vn -0.314385 0.144044 0.938304
vn 0.079279 -0.367779 0.926528
vn -0.032749 0.849758 0.526155
vn -0.603515 0.526277 0.599001
vn -0.314385 0.144044 0.938304
vn -0.032749 0.849758 0.526155
vn -0.603515 0.526277 0.599001
vn -0.603515 0.526277 0.599001
vn 0.047948 0.696263 0.716184
vn -0.362914 0.142142 0.920918
vn 0.047948 0.696263 0.716184
vn 0.322945 -0.484440 0.813034
vn 0.079279 -0.367779 0.926528
vn -0.362914 0.142142 0.920918
vn -0.955320 0.243128 0.168084
vn -0.629414 -0.395522 0.668880
vn -0.512787 -0.453443 0.728998
vn -0.629414 -0.395522 0.668880
vn -0.391970 -0.189092 0.900335
vn -0.300890 -0.404645 0.863555
vn -0.512787 -0.453443 0.728998
vn -0.391970 -0.189092 0.900335
vn -0.018603 -0.585889 0.810178
vn -0.300890 -0.404645 0.863555
vn -0.636117 -0.710294 0.301394
vn -0.460470 -0.778306 0.426858
vn -0.629414 -0.395522 0.668880
vn -0.955320 0.243128 0.168084
vn -0.460470 -0.778306 0.426858
vn -0.208050 -0.823120 0.528383
vn -0.391970 -0.189092 0.900335
vn -0.629414 -0.395522 0.668880
vn -0.208050 -0.823120 0.528383
vn -0.018603 -0.585889 0.810178
vn -0.391970 -0.189092 0.900335
vn -0.323459 0.940752 -0.101781
vn -0.298933 0.951129 0.077413
vn -0.862694 -0.046490 0.503585
vn -0.862694 -0.046490 0.503585
vn -0.635528 0.119505 0.762773
vn -0.563289 -0.167949 0.809011
vn -0.849398 -0.072350 0.522771
vn -0.635528 0.119505 0.762773
vn -0.219018 0.258835 0.940763
vn -0.229880 -0.249425 0.940714
vn -0.563289 -0.167949 0.809011
vn -0.219018 0.258835 0.940763
vn 0.251872 0.179673 0.950935
vn 0.163780 -0.264766 0.950303
vn -0.229880 -0.249425 0.940714
vn 0.251872 0.179673 0.950935
vn 0.582505 -0.226793 0.780546
vn 0.482403 -0.335245 0.809258
vn 0.163780 -0.264766 0.950303
vn 0.582505 -0.226793 0.780546
vn 0.503852 0.850797 0.149257
vn 0.482403 -0.335245 0.809258
vn -0.298933 0.951129 0.077413
vn -0.196230 0.942548 0.270366
vn -0.602141 -0.238090 0.762063
vn -0.196230 0.942548 0.270366
vn -0.009214 0.909351 0.415928
vn -0.207417 -0.320834 0.924145
vn -0.602141 -0.238090 0.762063
vn -0.009214 0.909351 0.415928
vn 0.212118 0.869049 0.446945
vn 0.131187 -0.452136 0.882249
vn -0.207417 -0.320834 0.924145
vn 0.212118 0.869049 0.446945
vn 0.397206 0.845891 0.355944
vn 0.131187 -0.452136 0.882249
vn -0.298933 0.951129 0.077413
vn -0.602141 -0.238090 0.762063
vn -0.635528 0.119505 0.762773
vn -0.862694 -0.046490 0.503585
vn -0.602141 -0.238090 0.762063
vn -0.207417 -0.320834 0.924145
vn -0.219018 0.258835 0.940763
vn -0.635528 0.119505 0.762773
vn -0.207417 -0.320834 0.924145
vn 0.131187 -0.452136 0.882249
vn 0.251872 0.179673 0.950935
vn -0.219018 0.258835 0.940763
vn 0.131187 -0.452136 0.882249
vn 0.397206 0.845891 0.355944
vn 0.582505 -0.226793 0.780546
vn 0.251872 0.179673 0.950935
vn 0.397206 0.845891 0.355944
vn 0.503852 0.850797 0.149257
vn 0.582505 -0.226793 0.780546
vn -0.323459 0.940752 -0.101781
vn -0.862694 -0.046490 0.503585
vn -0.849398 -0.072350 0.522771
vn 0.439656 -0.381517 0.813110
vn 0.889553 -0.094961 0.446853
vn 0.548462 -0.609486 0.572466
vn 0.439656 -0.381517 0.813110
vn 0.889553 -0.094961 0.446853
vn 0.994707 -0.102653 0.004418
vn 0.405766 -0.892491 0.197011
vn 0.548462 -0.609486 0.572466
vn 0.994707 -0.102653 0.004418
vn 0.891500 -0.266852 -0.366084
vn 0.307862 -0.945079 0.109754
vn 0.405766 -0.892491 0.197011
vn 0.891500 -0.266852 -0.366084
vn 0.419203 -0.682223 -0.599033
vn 0.475700 -0.837286 -0.269560
vn 0.307862 -0.945079 0.109754
vn 0.774964 -0.125212 0.619478
vn 0.979842 -0.116100 0.162573
vn 0.976284 -0.061972 0.207435
vn 0.977459 -0.051722 0.204690
vn 0.979842 -0.116100 0.162573
vn 0.733589 -0.434375 -0.522653
vn 0.800079 0.218832 -0.558557
vn 0.976284 -0.061972 0.207435
vn 0.548462 -0.609486 0.572466
vn 0.405766 -0.892491 0.197011
vn 0.979842 -0.116100 0.162573
vn 0.774964 -0.125212 0.619478
vn 0.405766 -0.892491 0.197011
vn 0.307862 -0.945079 0.109754
vn 0.733589 -0.434375 -0.522653
vn 0.979842 -0.116100 0.162573
vn 0.307862 -0.945079 0.109754
vn 0.475700 -0.837286 -0.269560
vn 0.733589 -0.434375 -0.522653
vn 0.439656 -0.381517 0.813110
vn 0.774964 -0.125212 0.619478
vn 0.977459 -0.051722 0.204690
vn 0.397206 0.845891 0.355944
vn 0.534947 0.790200 0.299025
vn 0.365748 0.917864 -0.154123
vn 0.416168 0.905398 -0.084018
vn 0.365748 0.917864 -0.154123
vn 0.534947 0.790200 0.299025
vn 0.819576 0.569554 0.062475
vn 0.819576 0.569554 0.062475
vn 0.810764 0.516605 -0.275284
vn 0.338910 0.899206 -0.276710
vn 0.416168 0.905398 -0.084018
vn 0.810764 0.516605 -0.275284
vn 0.465916 0.718500 -0.516411
vn 0.338910 0.899206 -0.276710
vn 0.439656 -0.381517 0.813110
vn 0.977459 -0.051722 0.204690
vn 0.534947 0.790200 0.299025
vn 0.397206 0.845891 0.355944
vn 0.819576 0.569554 0.062475
vn 0.534947 0.790200 0.299025
vn 0.977459 -0.051722 0.204690
vn 0.976284 -0.061972 0.207435
vn 0.800079 0.218832 -0.558557
vn 0.810764 0.516605 -0.275284
vn 0.819576 0.569554 0.062475
vn 0.976284 -0.061972 0.207435
vn 0.800079 0.218832 -0.558557
vn 0.475700 -0.837286 -0.269560
vn 0.465916 0.718500 -0.516411
vn 0.810764 0.516605 -0.275284
vn -0.061905 -0.943356 0.325957
vn 0.033018 -0.912589 0.407542
vn 0.239440 -0.518367 0.820953
vn -0.018603 -0.585889 0.810178
vn -0.116235 -0.980463 0.158690
vn -0.061905 -0.943356 0.325957
vn -0.018603 -0.585889 0.810178
vn -0.208050 -0.823120 0.528383
vn -0.194367 -0.979078 0.060239
vn -0.116235 -0.980463 0.158690
vn -0.208050 -0.823120 0.528383
vn -0.460470 -0.778306 0.426858
vn -0.277324 -0.955968 0.096002
vn -0.194367 -0.979078 0.060239
vn -0.460470 -0.778306 0.426858
vn -0.636117 -0.710294 0.301394
vn -0.310964 -0.939240 0.145360
vn -0.277324 -0.955968 0.096002
vn -0.636117 -0.710294 0.301394
vn -0.666681 -0.735401 0.121330
vn -0.295571 -0.949143 0.108467
vn -0.310964 -0.939240 0.145360
vn -0.666681 -0.735401 0.121330
vn -0.584174 -0.806069 -0.094836
vn -0.239914 -0.970500 0.023913
vn -0.295571 -0.949143 0.108467
vn -0.584174 -0.806069 -0.094836
vn -0.433624 -0.855086 -0.284251
vn -0.162461 -0.985916 -0.039706
vn -0.239914 -0.970500 0.023913
vn -0.433624 -0.855086 -0.284251
vn -0.247727 -0.873390 -0.419310
vn -0.070307 -0.993272 -0.092023
vn -0.162461 -0.985916 -0.039706
vn -0.247727 -0.873390 -0.419310
vn -0.031392 -0.857739 -0.513126
vn 0.053098 -0.989149 -0.136985
vn -0.070307 -0.993272 -0.092023
vn -0.031392 -0.857739 -0.513126
vn 0.229037 -0.796988 -0.558885
vn 0.238648 -0.957957 -0.159265
vn 0.053098 -0.989149 -0.136985
vn 0.229037 -0.796988 -0.558885
vn 0.550354 -0.653490 -0.519674
vn 0.493491 -0.865007 -0.090720
vn 0.238648 -0.957957 -0.159265
vn 0.550354 -0.653490 -0.519674
vn 0.851875 -0.415752 -0.318527
vn 0.666085 -0.740444 0.089848
vn 0.493491 -0.865007 -0.090720
vn 0.851875 -0.415752 -0.318527
vn 0.975205 -0.216991 0.043469
vn 0.513506 -0.792758 0.328399
vn 0.666085 -0.740444 0.089848
vn 0.975205 -0.216991 0.043469
vn 0.851829 -0.252412 0.458994
vn 0.234492 -0.871742 0.430208
vn 0.513506 -0.792758 0.328399
vn 0.851829 -0.252412 0.458994
vn 0.556170 -0.403323 0.726640
vn 0.033018 -0.912589 0.407542
vn 0.234492 -0.871742 0.430208
vn 0.556170 -0.403323 0.726640
vn 0.239440 -0.518367 0.820953
vn -0.006802 -0.993900 0.110075
vn 0.105810 -0.988183 0.110903
vn 0.325259 0.931198 -0.164552
vn 0.288978 0.944474 -0.156401
vn -0.068223 -0.986202 0.150833
vn -0.006802 -0.993900 0.110075
vn 0.288978 0.944474 -0.156401
vn 0.163595 0.972732 -0.164407
vn -0.089466 -0.977058 0.193269
vn -0.068223 -0.986202 0.150833
vn 0.163595 0.972732 -0.164407
vn 0.126244 0.982482 -0.137082
vn -0.085495 -0.968333 0.234569
vn -0.089466 -0.977058 0.193269
vn 0.126244 0.982482 -0.137082
vn 0.075988 0.984590 -0.157510
vn -0.048845 -0.960267 0.274776
vn -0.085495 -0.968333 0.234569
vn 0.075988 0.984590 -0.157510
vn -0.060122 0.976743 -0.205814
vn 0.042543 -0.956903 0.287276
vn -0.048845 -0.960267 0.274776
vn -0.060122 0.976743 -0.205814
vn -0.266534 0.947848 -0.174770
vn 0.130144 -0.981346 0.141498
vn 0.042543 -0.956903 0.287276
vn -0.266534 0.947848 -0.174770
vn -0.351619 0.909501 -0.221749
vn 0.110193 -0.988362 -0.104871
vn 0.130144 -0.981346 0.141498
vn -0.351619 0.909501 -0.221749
vn -0.358423 0.917409 0.172898
vn 0.037672 -0.972631 -0.229280
vn 0.110193 -0.988362 -0.104871
vn -0.358423 0.917409 0.172898
vn -0.323516 0.912236 0.251324
vn -0.038973 -0.983365 -0.177408
vn 0.037672 -0.972631 -0.229280
vn -0.323516 0.912236 0.251324
vn -0.180668 0.942491 0.281195
vn -0.098141 -0.995082 -0.013450
vn -0.038973 -0.983365 -0.177408
vn -0.180668 0.942491 0.281195
vn 0.046732 0.952700 0.300299
vn -0.087658 -0.990666 0.104385
vn -0.098141 -0.995082 -0.013450
vn 0.046732 0.952700 0.300299
vn 0.196911 0.934818 0.295535
vn 0.003844 -0.987504 0.157549
vn -0.087658 -0.990666 0.104385
vn 0.196911 0.934818 0.295535
vn 0.351462 0.891895 0.284601
vn 0.133440 -0.982998 0.126127
vn 0.003844 -0.987504 0.157549
vn 0.351462 0.891895 0.284601
vn 0.417425 0.867705 0.269897
vn 0.190942 -0.976547 0.099486
vn 0.133440 -0.982998 0.126127
vn 0.417425 0.867705 0.269897
vn 0.429470 0.877589 0.213056
vn 0.105810 -0.988183 0.110903
vn 0.190942 -0.976547 0.099486
vn 0.429470 0.877589 0.213056
vn 0.325259 0.931198 -0.164552
vn 0.736585 0.333273 -0.588534
vn 0.736585 0.333273 -0.588534
vn 0.737002 0.005844 -0.675865
vn 0.747351 0.145209 -0.648368
vn 0.457344 0.281851 -0.843443
vn 0.736585 0.333273 -0.588534
vn 0.747351 0.145209 -0.648368
vn 0.447442 0.046531 -0.893102
vn 0.189796 0.271075 -0.943661
vn 0.457344 0.281851 -0.843443
vn 0.447442 0.046531 -0.893102
vn 0.157112 -0.034057 -0.986993
vn -0.081045 0.304748 -0.948979
vn 0.189796 0.271075 -0.943661
vn 0.157112 -0.034057 -0.986993
vn -0.114978 -0.072018 -0.990754
vn -0.396266 0.370779 -0.839938
vn -0.081045 0.304748 -0.948979
vn -0.114978 -0.072018 -0.990754
vn -0.388721 -0.014221 -0.921246
vn -0.691282 0.425747 -0.583839
vn -0.396266 0.370779 -0.839938
vn -0.388721 -0.014221 -0.921246
vn -0.714004 0.071736 -0.696457
vn -0.773723 0.451048 -0.444870
vn -0.691282 0.425747 -0.583839
vn -0.714004 0.071736 -0.696457
vn -0.831281 0.201964 -0.517864
vn -0.761406 0.443064 0.473240
vn -0.773723 0.451048 -0.444870
vn -0.831281 0.201964 -0.517864
vn -0.806973 0.280521 0.519714
vn -0.676513 0.378564 0.631679
vn -0.761406 0.443064 0.473240
vn -0.806973 0.280521 0.519714
vn -0.698023 0.213720 0.683438
vn -0.408376 0.303431 0.860906
vn -0.676513 0.378564 0.631679
vn -0.698023 0.213720 0.683438
vn -0.385890 0.133676 0.912809
vn -0.083082 0.238045 0.967694
vn -0.408376 0.303431 0.860906
vn -0.385890 0.133676 0.912809
vn -0.085902 -0.009596 0.996257
vn 0.173573 0.210400 0.962083
vn -0.083082 0.238045 0.967694
vn -0.085902 -0.009596 0.996257
vn 0.116471 -0.141463 0.983068
vn 0.422656 0.216704 0.880001
vn 0.173573 0.210400 0.962083
vn 0.116471 -0.141463 0.983068
vn 0.309452 -0.186652 0.932417
vn 0.669078 0.274350 0.690700
vn 0.422656 0.216704 0.880001
vn 0.309452 -0.186652 0.932417
vn 0.641535 -0.069773 0.763914
vn 0.869072 0.362854 0.336231
vn 0.669078 0.274350 0.690700
vn 0.641535 -0.069773 0.763914
vn 0.931542 0.149499 0.331480
vn 0.736585 0.333273 -0.588534
vn 0.869072 0.362854 0.336231
vn 0.931542 0.149499 0.331480
vn 0.737002 0.005844 -0.675865
vn -0.318049 -0.948074 0.001138
vn -0.318049 -0.948074 0.001138
vn -0.318049 -0.948074 0.001138
vn -0.234588 -0.960185 0.151702
vn -0.318049 -0.948074 0.001138
vn -0.318049 -0.948074 0.001138
vn -0.165551 -0.965453 0.201229
vn -0.234588 -0.960185 0.151702
vn -0.318049 -0.948074 0.001138
vn -0.041657 -0.977600 0.206309
vn -0.165551 -0.965453 0.201229
vn -0.318049 -0.948074 0.001138
vn 0.202854 -0.977832 0.051920
vn -0.041657 -0.977600 0.206309
vn -0.318049 -0.948074 0.001138
vn 0.257244 -0.965611 -0.037710
vn 0.202854 -0.977832 0.051920
vn -0.318049 -0.948074 0.001138
vn 0.241731 -0.969945 0.027818
vn 0.257244 -0.965611 -0.037710
vn -0.318049 -0.948074 0.001138
vn 0.238958 -0.965481 -0.103658
vn 0.241731 -0.969945 0.027818
vn -0.318049 -0.948074 0.001138
vn 0.250362 -0.966286 -0.060082
vn 0.238958 -0.965481 -0.103658
vn -0.318049 -0.948074 0.001138
vn 0.291808 -0.956384 0.013330
vn 0.250362 -0.966286 -0.060082
vn -0.318049 -0.948074 0.001138
vn 0.042612 -0.984967 -0.167405
vn 0.291808 -0.956384 0.013330
vn -0.318049 -0.948074 0.001138
vn -0.192360 -0.966925 -0.167493
vn 0.042612 -0.984967 -0.167405
vn -0.318049 -0.948074 0.001138
vn -0.356344 -0.933394 -0.042371
vn -0.192360 -0.966925 -0.167493
vn -0.318049 -0.948074 0.001138
vn -0.338995 -0.937781 -0.075159
vn -0.356344 -0.933394 -0.042371
vn -0.318049 -0.948074 0.001138
vn -0.296542 -0.927942 -0.225803
vn -0.338995 -0.937781 -0.075159
vn -0.318049 -0.948074 0.001138
vn -0.318049 -0.948074 0.001138
vn -0.296542 -0.927942 -0.225803
vn -0.318049 -0.948074 0.001138
vn 0.196911 0.934818 0.295535
vn 0.046732 0.952700 0.300299
vn -0.083082 0.238045 0.967694
vn 0.173573 0.210400 0.962083
vn 0.351462 0.891895 0.284601
vn 0.196911 0.934818 0.295535
vn 0.173573 0.210400 0.962083
vn 0.422656 0.216704 0.880001
vn 0.417425 0.867705 0.269897
vn 0.351462 0.891895 0.284601
vn 0.422656 0.216704 0.880001
vn 0.669078 0.274350 0.690700
vn 0.429470 0.877589 0.213056
vn 0.417425 0.867705 0.269897
vn 0.669078 0.274350 0.690700
vn 0.869072 0.362854 0.336231
vn 0.325259 0.931198 -0.164552
vn 0.429470 0.877589 0.213056
vn 0.869072 0.362854 0.336231
vn 0.736585 0.333273 -0.588534
vn 0.288978 0.944474 -0.156401
vn 0.325259 0.931198 -0.164552
vn 0.736585 0.333273 -0.588534
vn 0.736585 0.333273 -0.588534
vn 0.163595 0.972732 -0.164407
vn 0.288978 0.944474 -0.156401
vn 0.736585 0.333273 -0.588534
vn 0.457344 0.281851 -0.843443
vn 0.126244 0.982482 -0.137082
vn 0.163595 0.972732 -0.164407
vn 0.457344 0.281851 -0.843443
vn 0.189796 0.271075 -0.943661
vn 0.075988 0.984590 -0.157510
vn 0.126244 0.982482 -0.137082
vn 0.189796 0.271075 -0.943661
vn -0.081045 0.304748 -0.948979
vn -0.060122 0.976743 -0.205814
vn 0.075988 0.984590 -0.157510
vn -0.081045 0.304748 -0.948979
vn -0.396266 0.370779 -0.839938
vn -0.266534 0.947848 -0.174770
vn -0.060122 0.976743 -0.205814
vn -0.396266 0.370779 -0.839938
vn -0.691282 0.425747 -0.583839
vn -0.351619 0.909501 -0.221749
vn -0.266534 0.947848 -0.174770
vn -0.691282 0.425747 -0.583839
vn -0.773723 0.451048 -0.444870
vn -0.358423 0.917409 0.172898
vn -0.351619 0.909501 -0.221749
vn -0.773723 0.451048 -0.444870
vn -0.761406 0.443064 0.473240
vn -0.323516 0.912236 0.251324
vn -0.358423 0.917409 0.172898
vn -0.761406 0.443064 0.473240
vn -0.676513 0.378564 0.631679
vn -0.180668 0.942491 0.281195
vn -0.323516 0.912236 0.251324
vn -0.676513 0.378564 0.631679
vn -0.408376 0.303431 0.860906
vn 0.046732 0.952700 0.300299
vn -0.180668 0.942491 0.281195
vn -0.408376 0.303431 0.860906
vn -0.083082 0.238045 0.967694
vn -0.085902 -0.009596 0.996257
vn -0.385890 0.133676 0.912809
vn 0.291808 -0.956384 0.013330
vn 0.042612 -0.984967 -0.167405
vn 0.116471 -0.141463 0.983068
vn -0.085902 -0.009596 0.996257
vn 0.042612 -0.984967 -0.167405
vn -0.192360 -0.966925 -0.167493
vn 0.309452 -0.186652 0.932417
vn 0.116471 -0.141463 0.983068
vn -0.192360 -0.966925 -0.167493
vn -0.356344 -0.933394 -0.042371
vn 0.641535 -0.069773 0.763914
vn 0.309452 -0.186652 0.932417
vn -0.356344 -0.933394 -0.042371
vn -0.338995 -0.937781 -0.075159
vn 0.931542 0.149499 0.331480
vn 0.641535 -0.069773 0.763914
vn -0.338995 -0.937781 -0.075159
vn -0.296542 -0.927942 -0.225803
vn 0.737002 0.005844 -0.675865
vn 0.931542 0.149499 0.331480
vn -0.296542 -0.927942 -0.225803
vn -0.318049 -0.948074 0.001138
vn 0.747351 0.145209 -0.648368
vn 0.737002 0.005844 -0.675865
vn -0.318049 -0.948074 0.001138
vn -0.318049 -0.948074 0.001138
vn 0.447442 0.046531 -0.893102
vn 0.747351 0.145209 -0.648368
vn -0.318049 -0.948074 0.001138
vn -0.234588 -0.960185 0.151702
vn 0.157112 -0.034057 -0.986993
vn 0.447442 0.046531 -0.893102
vn -0.234588 -0.960185 0.151702
vn -0.165551 -0.965453 0.201229
vn -0.114978 -0.072018 -0.990754
vn 0.157112 -0.034057 -0.986993
vn -0.165551 -0.965453 0.201229
vn -0.041657 -0.977600 0.206309
vn -0.388721 -0.014221 -0.921246
vn -0.114978 -0.072018 -0.990754
vn -0.041657 -0.977600 0.206309
vn 0.202854 -0.977832 0.051920
vn -0.714004 0.071736 -0.696457
vn -0.388721 -0.014221 -0.921246
vn 0.202854 -0.977832 0.051920
vn 0.257244 -0.965611 -0.037710
vn -0.831281 0.201964 -0.517864
vn -0.714004 0.071736 -0.696457
vn 0.257244 -0.965611 -0.037710
vn 0.241731 -0.969945 0.027818
vn -0.806973 0.280521 0.519714
vn -0.831281 0.201964 -0.517864
vn 0.241731 -0.969945 0.027818
vn 0.238958 -0.965481 -0.103658
vn -0.698023 0.213720 0.683438
vn -0.806973 0.280521 0.519714
vn 0.238958 -0.965481 -0.103658
vn 0.250362 -0.966286 -0.060082
vn -0.385890 0.133676 0.912809
vn -0.698023 0.213720 0.683438
vn 0.250362 -0.966286 -0.060082
vn 0.291808 -0.956384 0.013330
vn -0.872388 -0.125624 -0.472396
vn -0.883487 -0.168065 -0.437269
vn -0.752214 -0.655620 0.065844
vn -0.780010 -0.625762 0.002452
vn -0.662585 0.341953 -0.666370
vn -0.883487 -0.168065 -0.437269
vn -0.872388 -0.125624 -0.472396
vn -0.642623 0.357443 -0.677695
vn -0.084659 0.800584 -0.593210
vn -0.662585 0.341953 -0.666370
vn -0.642623 0.357443 -0.677695
vn -0.023586 0.804466 -0.593531
vn 0.613310 0.788961 -0.037312
vn -0.084659 0.800584 -0.593210
vn -0.023586 0.804466 -0.593531
vn 0.677908 0.735144 -0.001931
vn 0.783350 0.520399 0.339922
vn 0.613310 0.788961 -0.037312
vn 0.677908 0.735144 -0.001931
vn 0.809338 0.468168 0.354670
vn 0.783350 0.520399 0.339922
vn 0.809338 0.468168 0.354670
vn 0.723057 0.026918 0.690263
vn 0.709079 0.020666 0.704826
vn -0.151865 -0.777463 0.610319
vn -0.780010 -0.625762 0.002452
vn -0.752214 -0.655620 0.065844
vn -0.161404 -0.771515 0.615397
vn 0.316984 -0.496473 0.808106
vn 0.391159 -0.447429 0.804240
vn -0.151865 -0.777463 0.610319
vn -0.161404 -0.771515 0.615397
vn 0.709079 0.020666 0.704826
vn 0.723057 0.026918 0.690263
vn 0.391159 -0.447429 0.804240
vn 0.316984 -0.496473 0.808106
vn 0.207508 -0.071125 -0.975644
vn 0.125979 0.087309 -0.988183
vn 0.034765 0.892518 -0.449671
vn 0.915784 0.299714 -0.267417
vn 0.125979 0.087309 -0.988183
vn 0.134387 0.089843 -0.986848
vn -0.257091 0.895087 -0.364312
vn 0.034765 0.892518 -0.449671
vn 0.207508 -0.071125 -0.975644
vn 0.112959 -0.120269 -0.986294
vn 0.134387 0.089843 -0.986848
vn 0.125979 0.087309 -0.988183
vn 0.899379 0.223326 -0.375822
vn 0.134387 0.089843 -0.986848
vn 0.112959 -0.120269 -0.986294
vn 0.631188 -0.103173 -0.768738
vn 0.988872 0.077650 0.126894
vn 0.984145 0.156071 0.084263
vn 0.822399 0.162662 0.545161
vn 0.802339 0.183595 0.567930
vn 0.784968 0.422384 0.453229
vn 0.938920 0.293621 0.179487
vn 0.988872 0.077650 0.126894
vn 0.802339 0.183595 0.567930
vn 0.589635 0.127939 0.797472
vn 0.262804 0.488888 0.831819
vn 0.784968 0.422384 0.453229
vn 0.802339 0.183595 0.567930
vn 0.677692 0.108675 0.727271
vn 0.589635 0.127939 0.797472
vn 0.802339 0.183595 0.567930
vn 0.822399 0.162662 0.545161
vn 0.732770 0.061348 0.677706
vn 0.677692 0.108675 0.727271
vn 0.651448 -0.168241 0.739804
vn 0.735396 -0.255364 0.627680
vn 0.735396 -0.255364 0.627680
vn 0.651448 -0.168241 0.739804
vn 0.151716 -0.923539 0.352218
vn 0.119307 -0.979850 0.160184
vn 0.830031 -0.311713 0.462475
vn 0.735396 -0.255364 0.627680
vn 0.119307 -0.979850 0.160184
vn 0.101371 -0.994203 0.035827
vn 0.873380 -0.043400 0.485102
vn 0.732770 0.061348 0.677706
vn 0.735396 -0.255364 0.627680
vn 0.830031 -0.311713 0.462475
vn 0.679098 -0.558460 0.476391
vn 0.830031 -0.311713 0.462475
vn 0.101371 -0.994203 0.035827
vn -0.047350 -0.984184 0.170705
vn 0.843892 -0.032500 0.535528
vn 0.651448 -0.168241 0.739804
vn 0.677692 0.108675 0.727271
vn 0.822399 0.162662 0.545161
vn 0.151716 -0.923539 0.352218
vn 0.651448 -0.168241 0.739804
vn 0.843892 -0.032500 0.535528
vn 0.345744 -0.846354 0.405150
vn 0.984145 0.156071 0.084263
vn 0.992491 0.122271 -0.003451
vn 0.843892 -0.032500 0.535528
vn 0.822399 0.162662 0.545161
vn 0.843892 -0.032500 0.535528
vn 0.992491 0.122271 -0.003451
vn 0.622102 -0.772100 0.129809
vn 0.345744 -0.846354 0.405150
vn 0.527207 -0.558164 0.640707
vn 0.679098 -0.558460 0.476391
vn -0.047350 -0.984184 0.170705
vn -0.103623 -0.876106 0.470851
vn 0.391159 -0.447429 0.804240
vn 0.527207 -0.558164 0.640707
vn -0.103623 -0.876106 0.470851
vn -0.151865 -0.777463 0.610319
vn 0.527207 -0.558164 0.640707
vn 0.391159 -0.447429 0.804240
vn 0.723057 0.026918 0.690263
vn 0.780823 -0.141191 0.608589
vn 0.679098 -0.558460 0.476391
vn 0.527207 -0.558164 0.640707
vn 0.780823 -0.141191 0.608589
vn 0.853905 -0.130832 0.503715
vn 0.830031 -0.311713 0.462475
vn 0.679098 -0.558460 0.476391
vn 0.853905 -0.130832 0.503715
vn 0.873380 -0.043400 0.485102
vn 0.920938 0.058204 0.385337
vn 0.873380 -0.043400 0.485102
vn 0.853905 -0.130832 0.503715
vn 0.912477 0.174621 0.369990
vn 0.920938 0.058204 0.385337
vn 0.853905 -0.130832 0.503715
vn 0.780823 -0.141191 0.608589
vn 0.994564 0.099992 -0.029041
vn 0.873380 -0.043400 0.485102
vn 0.920938 0.058204 0.385337
vn 0.955596 0.292107 0.038867
vn 0.955596 0.292107 0.038867
vn 0.920938 0.058204 0.385337
vn 0.912477 0.174621 0.369990
vn 0.902897 0.428521 0.033850
vn 0.809338 0.468168 0.354670
vn 0.912477 0.174621 0.369990
vn 0.780823 -0.141191 0.608589
vn 0.723057 0.026918 0.690263
vn 0.809338 0.468168 0.354670
vn 0.677908 0.735144 -0.001931
vn 0.902897 0.428521 0.033850
vn 0.912477 0.174621 0.369990
vn 0.994564 0.099992 -0.029041
vn 0.982015 0.165451 -0.090948
vn 0.832254 -0.175894 0.525751
vn 0.873380 -0.043400 0.485102
vn 0.763691 -0.100613 0.637693
vn 0.832254 -0.175894 0.525751
vn 0.982015 0.165451 -0.090948
vn 0.940473 0.321767 -0.109434
vn 0.697270 -0.147075 0.701558
vn 0.763691 -0.100613 0.637693
vn 0.940473 0.321767 -0.109434
vn 0.931389 0.342830 -0.122405
vn 0.303610 0.056892 0.951096
vn 0.643050 -0.107003 0.758312
vn 0.763691 -0.100613 0.637693
vn 0.697270 -0.147075 0.701558
vn 0.832254 -0.175894 0.525751
vn 0.763691 -0.100613 0.637693
vn 0.643050 -0.107003 0.758312
vn 0.873380 -0.043400 0.485102
vn 0.303610 0.056892 0.951096
vn 0.697270 -0.147075 0.701558
vn 0.788454 -0.373139 0.488986
vn -0.140661 -0.332829 0.932437
vn 0.788454 -0.373139 0.488986
vn 0.697270 -0.147075 0.701558
vn 0.931389 0.342830 -0.122405
vn 0.983627 0.033562 -0.177064
vn -0.438978 0.798710 0.411534
vn 0.303610 0.056892 0.951096
vn -0.140661 -0.332829 0.932437
vn -0.845548 0.321305 0.426394
vn 0.589635 0.127939 0.797472
vn 0.303610 0.056892 0.951096
vn -0.438978 0.798710 0.411534
vn 0.262804 0.488888 0.831819
vn -0.147103 0.983082 -0.109133
vn 0.262804 0.488888 0.831819
vn -0.438978 0.798710 0.411534
vn 0.262804 0.488888 0.831819
vn -0.147103 0.983082 -0.109133
vn 0.251983 0.937322 -0.240689
vn 0.784968 0.422384 0.453229
vn 0.251983 0.937322 -0.240689
vn 0.263745 0.907942 -0.325698
vn 0.938920 0.293621 0.179487
vn 0.784968 0.422384 0.453229
vn 0.873380 -0.043400 0.485102
vn 0.643050 -0.107003 0.758312
vn 0.732770 0.061348 0.677706
vn 0.938920 0.293621 0.179487
vn 0.899379 0.223326 -0.375822
vn 0.631188 -0.103173 -0.768738
vn 0.988872 0.077650 0.126894
vn 0.263745 0.907942 -0.325698
vn -0.039225 0.914497 -0.402688
vn 0.899379 0.223326 -0.375822
vn 0.938920 0.293621 0.179487
vn 0.014614 0.661504 0.749799
vn -0.233468 0.611667 0.755881
vn -0.041654 0.223206 0.973881
vn 0.170297 0.236181 0.956670
vn 0.915784 0.299714 -0.267417
vn 0.034765 0.892518 -0.449671
vn 0.014614 0.661504 0.749799
vn 0.170297 0.236181 0.956670
vn 0.034765 0.892518 -0.449671
vn -0.257091 0.895087 -0.364312
vn -0.233468 0.611667 0.755881
vn 0.014614 0.661504 0.749799
vn -0.959091 -0.107129 -0.262046
vn -0.987326 -0.057107 0.148077
vn -0.986071 0.165081 0.020318
vn -0.917392 0.154598 -0.366730
vn -0.917392 0.154598 -0.366730
vn -0.986071 0.165081 0.020318
vn -0.676091 0.667330 -0.312365
vn -0.516096 0.691810 -0.505018
vn -0.676091 0.667330 -0.312365
vn 0.263745 0.907942 -0.325698
vn 0.251983 0.937322 -0.240689
vn -0.516096 0.691810 -0.505018
vn -0.506238 0.589726 -0.629242
vn -0.516096 0.691810 -0.505018
vn 0.251983 0.937322 -0.240689
vn -0.147103 0.983082 -0.109133
vn -0.506238 0.589726 -0.629242
vn -0.147103 0.983082 -0.109133
vn -0.438978 0.798710 0.411534
vn -0.409336 0.765359 -0.496659
vn -0.409336 0.765359 -0.496659
vn -0.438978 0.798710 0.411534
vn -0.845548 0.321305 0.426394
vn -0.615887 0.679954 -0.397927
vn -0.216702 0.630456 -0.745362
vn -0.409336 0.765359 -0.496659
vn -0.615887 0.679954 -0.397927
vn -0.109281 0.685618 -0.719712
vn -0.516096 0.691810 -0.505018
vn -0.506238 0.589726 -0.629242
vn -0.751836 0.097866 -0.652047
vn -0.917392 0.154598 -0.366730
vn -0.751836 0.097866 -0.652047
vn -0.810863 -0.145866 -0.566767
vn -0.959091 -0.107129 -0.262046
vn -0.917392 0.154598 -0.366730
vn -0.510526 0.334561 -0.792106
vn -0.670360 0.082509 -0.737434
vn -0.751836 0.097866 -0.652047
vn -0.506238 0.589726 -0.629242
vn -0.670360 0.082509 -0.737434
vn -0.745982 -0.128431 -0.653464
vn -0.810863 -0.145866 -0.566767
vn -0.751836 0.097866 -0.652047
vn -0.409336 0.765359 -0.496659
vn -0.510526 0.334561 -0.792106
vn -0.506238 0.589726 -0.629242
vn -0.891054 -0.430532 -0.143753
vn -0.907026 -0.351744 0.231475
vn -0.987326 -0.057107 0.148077
vn -0.959091 -0.107129 -0.262046
vn -0.810863 -0.145866 -0.566767
vn -0.781347 -0.462200 -0.419367
vn -0.891054 -0.430532 -0.143753
vn -0.959091 -0.107129 -0.262046
vn -0.745982 -0.128431 -0.653464
vn -0.750844 -0.418213 -0.511206
vn -0.781347 -0.462200 -0.419367
vn -0.810863 -0.145866 -0.566767
vn -0.509727 -0.857008 0.075605
vn -0.553487 -0.794422 0.250092
vn -0.907026 -0.351744 0.231475
vn -0.891054 -0.430532 -0.143753
vn 0.622102 -0.772100 0.129809
vn -0.553487 -0.794422 0.250092
vn -0.509727 -0.857008 0.075605
vn 0.345744 -0.846354 0.405150
vn 0.151716 -0.923539 0.352218
vn 0.345744 -0.846354 0.405150
vn -0.509727 -0.857008 0.075605
vn -0.363854 -0.930622 -0.039414
vn 0.119307 -0.979850 0.160184
vn 0.151716 -0.923539 0.352218
vn -0.363854 -0.930622 -0.039414
vn -0.302793 -0.946324 -0.113081
vn 0.101371 -0.994203 0.035827
vn 0.119307 -0.979850 0.160184
vn -0.302793 -0.946324 -0.113081
vn -0.612951 -0.629201 -0.477910
vn -0.047350 -0.984184 0.170705
vn 0.101371 -0.994203 0.035827
vn -0.612951 -0.629201 -0.477910
vn -0.733626 -0.544443 -0.406663
vn -0.103623 -0.876106 0.470851
vn -0.047350 -0.984184 0.170705
vn -0.733626 -0.544443 -0.406663
vn -0.765626 -0.625882 -0.148624
vn -0.765626 -0.625882 -0.148624
vn -0.733626 -0.544443 -0.406663
vn -0.757467 -0.064876 -0.649642
vn -0.821088 -0.068986 -0.566617
vn -0.708907 -0.103873 -0.697611
vn -0.757467 -0.064876 -0.649642
vn -0.733626 -0.544443 -0.406663
vn -0.612951 -0.629201 -0.477910
vn -0.542660 0.285376 -0.789988
vn -0.573258 0.348872 -0.741393
vn -0.821088 -0.068986 -0.566617
vn -0.757467 -0.064876 -0.649642
vn -0.642623 0.357443 -0.677695
vn -0.872388 -0.125624 -0.472396
vn -0.821088 -0.068986 -0.566617
vn -0.573258 0.348872 -0.741393
vn -0.780010 -0.625762 0.002452
vn -0.765626 -0.625882 -0.148624
vn -0.821088 -0.068986 -0.566617
vn -0.872388 -0.125624 -0.472396
vn -0.151865 -0.777463 0.610319
vn -0.103623 -0.876106 0.470851
vn -0.765626 -0.625882 -0.148624
vn -0.780010 -0.625762 0.002452
vn 0.084987 0.620868 -0.779295
vn 0.104952 0.698152 -0.708215
vn -0.573258 0.348872 -0.741393
vn -0.542660 0.285376 -0.789988
vn -0.023586 0.804466 -0.593531
vn -0.642623 0.357443 -0.677695
vn -0.573258 0.348872 -0.741393
vn 0.104952 0.698152 -0.708215
vn 0.223411 0.482455 -0.846951
vn 0.084987 0.620868 -0.779295
vn -0.542660 0.285376 -0.789988
vn -0.492101 0.202304 -0.846705
vn 0.994564 0.099992 -0.029041
vn 0.955596 0.292107 0.038867
vn 0.084987 0.620868 -0.779295
vn 0.223411 0.482455 -0.846951
vn 0.084987 0.620868 -0.779295
vn 0.955596 0.292107 0.038867
vn 0.902897 0.428521 0.033850
vn 0.104952 0.698152 -0.708215
vn 0.677908 0.735144 -0.001931
vn -0.023586 0.804466 -0.593531
vn 0.104952 0.698152 -0.708215
vn 0.902897 0.428521 0.033850
vn -0.542660 0.285376 -0.789988
vn -0.757467 -0.064876 -0.649642
vn -0.708907 -0.103873 -0.697611
vn -0.492101 0.202304 -0.846705
vn 0.352951 0.473190 -0.807166
vn 0.223411 0.482455 -0.846951
vn -0.492101 0.202304 -0.846705
vn -0.239774 0.385185 -0.891146
vn -0.151074 0.581765 -0.799204
vn 0.397694 0.561399 -0.725721
vn 0.352951 0.473190 -0.807166
vn -0.239774 0.385185 -0.891146
vn 0.940473 0.321767 -0.109434
vn 0.982015 0.165451 -0.090948
vn 0.352951 0.473190 -0.807166
vn 0.397694 0.561399 -0.725721
vn -0.216702 0.630456 -0.745362
vn 0.314615 0.576484 -0.754111
vn 0.397694 0.561399 -0.725721
vn -0.151074 0.581765 -0.799204
vn 0.931389 0.342830 -0.122405
vn 0.940473 0.321767 -0.109434
vn 0.397694 0.561399 -0.725721
vn 0.314615 0.576484 -0.754111
vn -0.109281 0.685618 -0.719712
vn 0.541678 0.480033 -0.690038
vn 0.314615 0.576484 -0.754111
vn -0.216702 0.630456 -0.745362
vn 0.983627 0.033562 -0.177064
vn 0.931389 0.342830 -0.122405
vn 0.314615 0.576484 -0.754111
vn 0.541678 0.480033 -0.690038
vn -0.151074 0.581765 -0.799204
vn -0.409336 0.765359 -0.496659
vn -0.216702 0.630456 -0.745362
vn -0.510526 0.334561 -0.792106
vn -0.151074 0.581765 -0.799204
vn -0.239774 0.385185 -0.891146
vn 0.223411 0.482455 -0.846951
vn 0.352951 0.473190 -0.807166
vn 0.982015 0.165451 -0.090948
vn 0.994564 0.099992 -0.029041
vn -0.510526 0.334561 -0.792106
vn -0.239774 0.385185 -0.891146
vn -0.492101 0.202304 -0.846705
vn -0.670360 0.082509 -0.737434
vn -0.708907 -0.103873 -0.697611
vn -0.745982 -0.128431 -0.653464
vn -0.670360 0.082509 -0.737434
vn -0.492101 0.202304 -0.846705
vn -0.363854 -0.930622 -0.039414
vn -0.509727 -0.857008 0.075605
vn -0.891054 -0.430532 -0.143753
vn -0.781347 -0.462200 -0.419367
vn -0.302793 -0.946324 -0.113081
vn -0.363854 -0.930622 -0.039414
vn -0.781347 -0.462200 -0.419367
vn -0.750844 -0.418213 -0.511206
vn -0.302793 -0.946324 -0.113081
vn -0.750844 -0.418213 -0.511206
vn -0.612951 -0.629201 -0.477910
vn 0.200722 0.016367 -0.979511
vn 0.207508 -0.071125 -0.975644
vn 0.915784 0.299714 -0.267417
vn 0.939547 0.085728 -0.331515
vn 0.419673 -0.008824 -0.907632
vn 0.631188 -0.103173 -0.768738
vn 0.112959 -0.120269 -0.986294
vn 0.031676 0.011274 -0.999435
vn 0.984145 0.156071 0.084263
vn 0.988872 0.077650 0.126894
vn 0.631188 -0.103173 -0.768738
vn 0.419673 -0.008824 -0.907632
vn 0.939547 0.085728 -0.331515
vn 0.915784 0.299714 -0.267417
vn 0.170297 0.236181 0.956670
vn 0.235677 0.045535 0.970764
vn 0.042642 0.035093 0.998474
vn -0.041654 0.223206 0.973881
vn -0.702142 0.193152 0.685339
vn -0.603242 0.015982 0.797398
vn -0.603242 0.015982 0.797398
vn -0.702142 0.193152 0.685339
vn -0.986071 0.165081 0.020318
vn -0.987326 -0.057107 0.148077
vn 0.042642 0.035093 0.998474
vn 0.235677 0.045535 0.970764
vn 0.170297 0.236181 0.956670
vn -0.041654 0.223206 0.973881
vn 0.200722 0.016367 -0.979511
vn 0.136619 0.070987 -0.988077
vn -0.036072 0.063708 -0.997316
vn 0.031676 0.011274 -0.999435
vn -0.036072 0.063708 -0.997316
vn -0.033948 0.176821 -0.983657
vn 0.419673 -0.008824 -0.907632
vn 0.031676 0.011274 -0.999435
vn -0.033948 0.176821 -0.983657
vn 0.992491 0.122271 -0.003451
vn 0.984145 0.156071 0.084263
vn 0.419673 -0.008824 -0.907632
vn 0.136619 0.070987 -0.988077
vn 0.200722 0.016367 -0.979511
vn 0.939547 0.085728 -0.331515
vn 0.893704 -0.206364 -0.398380
vn 0.136619 0.070987 -0.988077
vn 0.893704 -0.206364 -0.398380
vn 0.155502 -0.392819 -0.906373
vn 0.155502 -0.392819 -0.906373
vn 0.016416 -0.516267 -0.856270
vn -0.036072 0.063708 -0.997316
vn 0.136619 0.070987 -0.988077
vn -0.632165 -0.750083 -0.194274
vn 0.622102 -0.772100 0.129809
vn 0.992491 0.122271 -0.003451
vn -0.033948 0.176821 -0.983657
vn 0.016416 -0.516267 -0.856270
vn -0.632165 -0.750083 -0.194274
vn -0.033948 0.176821 -0.983657
vn -0.036072 0.063708 -0.997316
vn 0.260196 -0.228690 0.938083
vn 0.203335 -0.697683 0.686945
vn 0.155502 -0.392819 -0.906373
vn 0.893704 -0.206364 -0.398380
vn 0.203335 -0.697683 0.686945
vn 0.092310 -0.676119 0.730987
vn 0.016416 -0.516267 -0.856270
vn 0.155502 -0.392819 -0.906373
vn 0.260196 -0.228690 0.938083
vn 0.084529 -0.249664 0.964636
vn 0.092310 -0.676119 0.730987
vn 0.203335 -0.697683 0.686945
vn 0.042642 0.035093 0.998474
vn 0.084529 -0.249664 0.964636
vn 0.260196 -0.228690 0.938083
vn 0.235677 0.045535 0.970764
vn 0.893704 -0.206364 -0.398380
vn 0.939547 0.085728 -0.331515
vn 0.235677 0.045535 0.970764
vn 0.260196 -0.228690 0.938083
vn -0.553487 -0.794422 0.250092
vn -0.389751 -0.689712 0.610239
vn -0.539325 -0.247097 0.805029
vn -0.907026 -0.351744 0.231475
vn -0.632165 -0.750083 -0.194274
vn -0.389751 -0.689712 0.610239
vn -0.553487 -0.794422 0.250092
vn 0.622102 -0.772100 0.129809
vn -0.389751 -0.689712 0.610239
vn 0.092310 -0.676119 0.730987
vn 0.084529 -0.249664 0.964636
vn -0.539325 -0.247097 0.805029
vn 0.016416 -0.516267 -0.856270
vn 0.092310 -0.676119 0.730987
vn -0.389751 -0.689712 0.610239
vn -0.632165 -0.750083 -0.194274
vn -0.583223 0.441146 0.682086
vn 0.044515 -0.019979 0.998809
vn 0.797185 -0.195930 0.571059
vn 0.231706 0.695688 0.679949
vn 0.044515 -0.019979 0.998809
vn -0.132616 -0.271601 0.953229
vn 0.770944 -0.420938 0.477972
vn 0.797185 -0.195930 0.571059
vn -0.583223 0.441146 0.682086
vn -0.739576 0.204606 0.641220
vn -0.132616 -0.271601 0.953229
vn 0.044515 -0.019979 0.998809
vn 0.231706 0.695688 0.679949
vn 0.797185 -0.195930 0.571059
vn 0.953024 0.067006 -0.295390
vn 0.631403 0.402462 -0.662839
vn 0.797185 -0.195930 0.571059
vn 0.770944 -0.420938 0.477972
vn 0.969461 -0.076045 -0.233159
vn 0.953024 0.067006 -0.295390
vn 0.969461 -0.076045 -0.233159
vn 0.770944 -0.420938 0.477972
vn 0.768930 -0.504299 0.392975
vn 0.963778 -0.027023 -0.265334
vn 0.757510 -0.507069 0.411168
vn 0.970963 -0.064602 -0.230343
vn 0.963778 -0.027023 -0.265334
vn 0.768930 -0.504299 0.392975
vn 0.770944 -0.420938 0.477972
vn -0.132616 -0.271601 0.953229
vn -0.200284 -0.516383 0.832607
vn 0.768930 -0.504299 0.392975
vn -0.185534 -0.502496 0.844438
vn 0.757510 -0.507069 0.411168
vn 0.768930 -0.504299 0.392975
vn -0.200284 -0.516383 0.832607
vn -0.200284 -0.516383 0.832607
vn -0.132616 -0.271601 0.953229
vn -0.739576 0.204606 0.641220
vn -0.893070 -0.023575 0.449300
vn -0.885207 0.015002 0.464956
vn -0.185534 -0.502496 0.844438
vn -0.200284 -0.516383 0.832607
vn -0.893070 -0.023575 0.449300
vn -0.236935 -0.441603 0.865361
vn -0.185534 -0.502496 0.844438
vn -0.885207 0.015002 0.464956
vn -0.879829 0.096315 0.465430
vn 0.970963 -0.064602 -0.230343
vn 0.757510 -0.507069 0.411168
vn 0.789407 -0.452034 0.415334
vn 0.987416 -0.054964 -0.148286
vn 0.789407 -0.452034 0.415334
vn 0.757510 -0.507069 0.411168
vn -0.185534 -0.502496 0.844438
vn -0.236935 -0.441603 0.865361
vn -0.879829 0.096315 0.465430
vn -0.845548 0.321305 0.426394
vn -0.140661 -0.332829 0.932437
vn -0.236935 -0.441603 0.865361
vn 0.788454 -0.373139 0.488986
vn 0.789407 -0.452034 0.415334
vn -0.236935 -0.441603 0.865361
vn -0.140661 -0.332829 0.932437
vn 0.983627 0.033562 -0.177064
vn 0.987416 -0.054964 -0.148286
vn 0.789407 -0.452034 0.415334
vn 0.788454 -0.373139 0.488986
vn -0.583223 0.441146 0.682086
vn 0.231706 0.695688 0.679949
vn -0.566970 0.813118 -0.131849
vn -0.566970 0.813118 -0.131849
vn -0.742757 0.645921 -0.176345
vn -0.739576 0.204606 0.641220
vn -0.583223 0.441146 0.682086
vn 0.631403 0.402462 -0.662839
vn 0.132973 0.677092 -0.723785
vn -0.566970 0.813118 -0.131849
vn 0.231706 0.695688 0.679949
vn 0.132973 0.677092 -0.723785
vn -0.044519 0.669484 -0.741491
vn -0.742757 0.645921 -0.176345
vn -0.566970 0.813118 -0.131849
vn 0.132973 0.677092 -0.723785
vn 0.631403 0.402462 -0.662839
vn 0.592157 0.316174 -0.741205
vn -0.044519 0.669484 -0.741491
vn 0.592157 0.316174 -0.741205
vn 0.631403 0.402462 -0.662839
vn 0.953024 0.067006 -0.295390
vn 0.969461 -0.076045 -0.233159
vn -0.030451 0.660827 -0.749920
vn -0.044519 0.669484 -0.741491
vn 0.592157 0.316174 -0.741205
vn 0.606991 0.427643 -0.669838
vn -0.039807 0.670434 -0.740901
vn -0.030451 0.660827 -0.749920
vn 0.606991 0.427643 -0.669838
vn 0.600062 0.427442 -0.676180
vn 0.592157 0.316174 -0.741205
vn 0.969461 -0.076045 -0.233159
vn 0.963778 -0.027023 -0.265334
vn 0.606991 0.427643 -0.669838
vn 0.970963 -0.064602 -0.230343
vn 0.600062 0.427442 -0.676180
vn 0.606991 0.427643 -0.669838
vn 0.963778 -0.027023 -0.265334
vn -0.780766 0.554471 -0.288037
vn -0.808977 0.510105 -0.292146
vn -0.030451 0.660827 -0.749920
vn -0.039807 0.670434 -0.740901
vn -0.808977 0.510105 -0.292146
vn -0.742757 0.645921 -0.176345
vn -0.044519 0.669484 -0.741491
vn -0.030451 0.660827 -0.749920
vn -0.885207 0.015002 0.464956
vn -0.893070 -0.023575 0.449300
vn -0.808977 0.510105 -0.292146
vn -0.780766 0.554471 -0.288037
vn -0.739576 0.204606 0.641220
vn -0.742757 0.645921 -0.176345
vn -0.808977 0.510105 -0.292146
vn -0.893070 -0.023575 0.449300
vn -0.703938 0.633934 -0.320309
vn -0.780766 0.554471 -0.288037
vn -0.039807 0.670434 -0.740901
vn -0.079211 0.698991 -0.710730
vn -0.039807 0.670434 -0.740901
vn 0.600062 0.427442 -0.676180
vn 0.589873 0.474878 -0.653101
vn -0.079211 0.698991 -0.710730
vn -0.879829 0.096315 0.465430
vn -0.885207 0.015002 0.464956
vn -0.780766 0.554471 -0.288037
vn -0.703938 0.633934 -0.320309
vn 0.600062 0.427442 -0.676180
vn 0.970963 -0.064602 -0.230343
vn 0.987416 -0.054964 -0.148286
vn 0.589873 0.474878 -0.653101
vn -0.079211 0.698991 -0.710730
vn -0.109281 0.685618 -0.719712
vn -0.615887 0.679954 -0.397927
vn -0.703938 0.633934 -0.320309
vn 0.589873 0.474878 -0.653101
vn 0.541678 0.480033 -0.690038
vn -0.109281 0.685618 -0.719712
vn -0.079211 0.698991 -0.710730
vn -0.879829 0.096315 0.465430
vn -0.703938 0.633934 -0.320309
vn -0.615887 0.679954 -0.397927
vn -0.845548 0.321305 0.426394
vn 0.983627 0.033562 -0.177064
vn 0.541678 0.480033 -0.690038
vn 0.589873 0.474878 -0.653101
vn 0.987416 -0.054964 -0.148286
vn -0.771407 0.570093 0.282709
vn -0.676091 0.667330 -0.312365
vn -0.986071 0.165081 0.020318
vn -0.702142 0.193152 0.685339
vn 0.263745 0.907942 -0.325698
vn -0.676091 0.667330 -0.312365
vn -0.771407 0.570093 0.282709
vn -0.039225 0.914497 -0.402688
vn -0.233468 0.611667 0.755881
vn -0.771407 0.570093 0.282709
vn -0.702142 0.193152 0.685339
vn -0.041654 0.223206 0.973881
vn -0.257091 0.895087 -0.364312
vn -0.039225 0.914497 -0.402688
vn -0.771407 0.570093 0.282709
vn -0.233468 0.611667 0.755881
vn 0.899379 0.223326 -0.375822
vn -0.039225 0.914497 -0.402688
vn -0.257091 0.895087 -0.364312
vn 0.134387 0.089843 -0.986848
vn 0.200722 0.016367 -0.979511
vn 0.031676 0.011274 -0.999435
vn 0.112959 -0.120269 -0.986294
vn 0.207508 -0.071125 -0.975644
vn -0.539325 -0.247097 0.805029
vn 0.084529 -0.249664 0.964636
vn 0.042642 0.035093 0.998474
vn -0.603242 0.015982 0.797398
vn -0.907026 -0.351744 0.231475
vn -0.539325 -0.247097 0.805029
vn -0.603242 0.015982 0.797398
vn -0.987326 -0.057107 0.148077
vn 0.589635 0.127939 0.797472
vn 0.643050 -0.107003 0.758312
vn 0.303610 0.056892 0.951096
vn 0.589635 0.127939 0.797472
vn 0.677692 0.108675 0.727271
vn 0.732770 0.061348 0.677706
vn 0.643050 -0.107003 0.758312
vn -0.708907 -0.103873 -0.697611
vn -0.612951 -0.629201 -0.477910
vn -0.750844 -0.418213 -0.511206
vn -0.745982 -0.128431 -0.653464
vn -0.510526 0.334561 -0.792106
vn -0.409336 0.765359 -0.496659
vn -0.151074 0.581765 -0.799204
vn -0.799431 0.584264 -0.139803
vn -0.117734 0.993045 0.000919
vn -0.492331 0.614983 -0.615960
vn -0.117734 0.993045 0.000919
vn 0.533580 0.736432 -0.415885
vn 0.059992 0.686701 -0.724461
vn -0.117734 0.993045 0.000919
vn 0.640679 0.754744 0.141041
vn 0.533580 0.736432 -0.415885
vn -0.218742 0.652309 0.725703
vn 0.335017 0.711932 0.617184
vn -0.117734 0.993045 0.000919
vn -0.690896 0.590488 0.417118
vn -0.117734 0.993045 0.000919
vn -0.799431 0.584264 -0.139803
vn -0.117734 0.993045 0.000919
vn 0.059992 0.686701 -0.724461
vn -0.492331 0.614983 -0.615960
vn 0.335017 0.711932 0.617184
vn 0.640679 0.754744 0.141041
vn -0.117734 0.993045 0.000919
vn -0.218742 0.652309 0.725703
vn -0.117734 0.993045 0.000919
vn -0.690896 0.590488 0.417118
vn 0.099135 0.539737 -0.835976
vn 0.217067 -0.307385 -0.926497
vn 0.800753 -0.283315 -0.527756
vn 0.642215 0.592099 -0.486804
vn 0.642215 0.592099 -0.486804
vn 0.800753 -0.283315 -0.527756
vn 0.956825 -0.225133 0.183852
vn 0.773995 0.615192 0.149903
vn -0.531449 0.453160 -0.715687
vn -0.462116 -0.432809 -0.774032
vn 0.217067 -0.307385 -0.926497
vn 0.099135 0.539737 -0.835976
vn -0.891436 0.418043 -0.174877
vn -0.879657 -0.442526 -0.174283
vn -0.462116 -0.432809 -0.774032
vn -0.531449 0.453160 -0.715687
vn 0.773995 0.615192 0.149903
vn 0.956825 -0.225133 0.183852
vn 0.576917 -0.304165 0.758057
vn 0.428044 0.570033 0.701313
vn -0.773977 0.427743 0.466901
vn -0.732427 -0.459162 0.502714
vn -0.879657 -0.442526 -0.174283
vn -0.891436 0.418043 -0.174877
vn 0.221273 -0.416751 -0.881678
vn 0.059992 0.686701 -0.724461
vn 0.533580 0.736432 -0.415885
vn 0.791456 -0.346099 -0.503798
vn 0.927053 -0.334040 0.170266
vn 0.791456 -0.346099 -0.503798
vn 0.533580 0.736432 -0.415885
vn 0.640679 0.754744 0.141041
vn -0.117502 -0.458538 0.880872
vn -0.218742 0.652309 0.725703
vn -0.690896 0.590488 0.417118
vn -0.688481 -0.522483 0.502996
vn -0.688481 -0.522483 0.502996
vn -0.690896 0.590488 0.417118
vn -0.799431 0.584264 -0.139803
vn -0.823283 -0.541238 -0.171076
vn -0.222413 0.500063 0.836941
vn -0.138976 -0.351304 0.925889
vn -0.732427 -0.459162 0.502714
vn -0.773977 0.427743 0.466901
vn -0.117502 -0.458538 0.880872
vn 0.551467 -0.375699 0.744805
vn 0.335017 0.711932 0.617184
vn -0.218742 0.652309 0.725703
vn -0.823283 -0.541238 -0.171076
vn -0.799431 0.584264 -0.139803
vn -0.492331 0.614983 -0.615960
vn -0.448488 -0.492874 -0.745609
vn -0.222413 0.500063 0.836941
vn 0.428044 0.570033 0.701313
vn 0.576917 -0.304165 0.758057
vn -0.138976 -0.351304 0.925889
vn 0.551467 -0.375699 0.744805
vn 0.927053 -0.334040 0.170266
vn 0.640679 0.754744 0.141041
vn 0.335017 0.711932 0.617184
vn -0.448488 -0.492874 -0.745609
vn -0.492331 0.614983 -0.615960
vn 0.059992 0.686701 -0.724461
vn 0.221273 -0.416751 -0.881678
vn 0.216682 -0.685727 -0.694858
vn 0.117733 -0.993045 -0.000919
vn -0.606145 -0.783797 -0.135093
vn -0.385969 -0.626525 -0.677122
vn -0.606145 -0.783797 -0.135093
vn -0.974951 -0.115414 -0.190130
vn -0.555963 -0.065147 -0.828650
vn -0.385969 -0.626525 -0.677122
vn -0.555963 -0.065147 -0.828650
vn 0.188701 0.023280 -0.981759
vn 0.216682 -0.685727 -0.694858
vn -0.385969 -0.626525 -0.677122
vn -0.050181 -0.718651 0.693558
vn -0.603863 -0.653410 0.456515
vn -0.606145 -0.783797 -0.135093
vn 0.117733 -0.993045 -0.000919
vn 0.216682 -0.685727 -0.694858
vn 0.739808 -0.493262 -0.457576
vn 0.772644 -0.620581 0.133793
vn 0.117733 -0.993045 -0.000919
vn 0.772644 -0.620581 0.133793
vn 0.521916 -0.520141 0.676060
vn -0.050181 -0.718651 0.693558
vn 0.117733 -0.993045 -0.000919
vn -0.606145 -0.783797 -0.135093
vn -0.603863 -0.653410 0.456515
vn -0.822828 -0.098073 0.559765
vn -0.974951 -0.115414 -0.190130
vn -0.880513 0.448231 -0.154225
vn -0.546352 0.405404 -0.732903
vn -0.555963 -0.065147 -0.828650
vn -0.974951 -0.115414 -0.190130
vn -0.822828 -0.098073 0.559765
vn -0.782054 0.380338 0.493694
vn -0.880513 0.448231 -0.154225
vn -0.974951 -0.115414 -0.190130
vn -0.050181 -0.718651 0.693558
vn -0.188702 -0.023281 0.981758
vn -0.822828 -0.098073 0.559765
vn -0.603863 -0.653410 0.456515
vn 0.216682 -0.685727 -0.694858
vn 0.188701 0.023280 -0.981759
vn 0.822827 0.098068 -0.559766
vn 0.739808 -0.493262 -0.457576
vn 0.822827 0.098068 -0.559766
vn 0.974952 0.115411 0.190130
vn 0.772644 -0.620581 0.133793
vn 0.739808 -0.493262 -0.457576
vn -0.555963 -0.065147 -0.828650
vn -0.546352 0.405404 -0.732903
vn 0.093466 0.563102 -0.821085
vn 0.188701 0.023280 -0.981759
vn 0.093466 0.563102 -0.821085
vn 0.672773 0.549727 -0.495154
vn 0.822827 0.098068 -0.559766
vn 0.188701 0.023280 -0.981759
vn -0.050181 -0.718651 0.693558
vn 0.521916 -0.520141 0.676060
vn 0.555963 0.065147 0.828650
vn -0.188702 -0.023281 0.981758
vn -0.188702 -0.023281 0.981758
vn -0.222366 0.524136 0.822092
vn -0.782054 0.380338 0.493694
vn -0.822828 -0.098073 0.559765
vn 0.555963 0.065147 0.828650
vn 0.436057 0.524535 0.731244
vn -0.222366 0.524136 0.822092
vn -0.188702 -0.023281 0.981758
vn 0.772644 -0.620581 0.133793
vn 0.974952 0.115411 0.190130
vn 0.555963 0.065147 0.828650
vn 0.521916 -0.520141 0.676060
vn 0.822827 0.098068 -0.559766
vn 0.672773 0.549727 -0.495154
vn 0.749699 0.641216 0.163691
vn 0.974952 0.115411 0.190130
vn 0.749699 0.641216 0.163691
vn 0.436057 0.524535 0.731244
vn 0.555963 0.065147 0.828650
vn 0.974952 0.115411 0.190130
vn -0.138976 -0.351304 0.925889
vn -0.117502 -0.458538 0.880872
vn -0.688481 -0.522483 0.502996
vn -0.732427 -0.459162 0.502714
vn -0.688481 -0.522483 0.502996
vn -0.823283 -0.541238 -0.171076
vn -0.879657 -0.442526 -0.174283
vn -0.732427 -0.459162 0.502714
vn -0.138976 -0.351304 0.925889
vn 0.576917 -0.304165 0.758057
vn 0.551467 -0.375699 0.744805
vn -0.117502 -0.458538 0.880872
vn -0.448488 -0.492874 -0.745609
vn -0.462116 -0.432809 -0.774032
vn -0.879657 -0.442526 -0.174283
vn -0.823283 -0.541238 -0.171076
vn 0.956825 -0.225133 0.183852
vn 0.927053 -0.334040 0.170266
vn 0.551467 -0.375699 0.744805
vn 0.576917 -0.304165 0.758057
vn -0.448488 -0.492874 -0.745609
vn 0.221273 -0.416751 -0.881678
vn 0.217067 -0.307385 -0.926497
vn -0.462116 -0.432809 -0.774032
vn 0.956825 -0.225133 0.183852
vn 0.800753 -0.283315 -0.527756
vn 0.791456 -0.346099 -0.503798
vn 0.927053 -0.334040 0.170266
vn 0.791456 -0.346099 -0.503798
vn 0.800753 -0.283315 -0.527756
vn 0.217067 -0.307385 -0.926497
vn 0.221273 -0.416751 -0.881678
vn 0.672773 0.549727 -0.495154
vn 0.642215 0.592099 -0.486804
vn 0.773995 0.615192 0.149903
vn 0.749699 0.641216 0.163691
vn 0.436057 0.524535 0.731244
vn 0.428044 0.570033 0.701313
vn -0.222413 0.500063 0.836941
vn -0.222366 0.524136 0.822092
vn -0.531449 0.453160 -0.715687
vn -0.546352 0.405404 -0.732903
vn -0.880513 0.448231 -0.154225
vn -0.891436 0.418043 -0.174877
vn -0.773977 0.427743 0.466901
vn -0.782054 0.380338 0.493694
vn -0.222366 0.524136 0.822092
vn -0.222413 0.500063 0.836941
vn 0.099135 0.539737 -0.835976
vn 0.642215 0.592099 -0.486804
vn 0.672773 0.549727 -0.495154
vn 0.093466 0.563102 -0.821085
vn -0.531449 0.453160 -0.715687
vn 0.099135 0.539737 -0.835976
vn 0.093466 0.563102 -0.821085
vn -0.546352 0.405404 -0.732903
vn -0.773977 0.427743 0.466901
vn -0.891436 0.418043 -0.174877
vn -0.880513 0.448231 -0.154225
vn -0.782054 0.380338 0.493694
vn 0.773995 0.615192 0.149903
vn 0.428044 0.570033 0.701313
vn 0.436057 0.524535 0.731244
vn 0.749699 0.641216 0.163691
vn 0.129290 0.014411 0.991502
vn 0.129290 0.014411 0.991502
vn 0.129290 0.014411 0.991502
vn 0.129290 0.014411 0.991502
vn 0.129290 0.014411 0.991502
vn 0.129290 0.014411 0.991502
vn -0.487322 -0.058586 0.871255
vn -0.487321 -0.058586 0.871255
vn -0.487321 -0.058586 0.871255
vn -0.487322 -0.058586 0.871255
vn -0.984592 -0.116870 0.130077
vn -0.984592 -0.116870 0.130077
vn -0.984592 -0.116870 0.130077
vn -0.984592 -0.116870 0.130077
vn -0.865258 -0.102085 -0.490824
vn -0.865258 -0.102085 -0.490824
vn -0.865258 -0.102085 -0.490824
vn -0.865258 -0.102085 -0.490824
vn -0.129287 -0.014411 -0.991503
vn -0.129287 -0.014411 -0.991503
vn -0.129287 -0.014411 -0.991503
vn -0.129287 -0.014411 -0.991503
vn 0.487325 0.058587 -0.871253
vn 0.487325 0.058587 -0.871253
vn 0.487325 0.058587 -0.871253
vn 0.487325 0.058587 -0.871253
vn 0.984593 0.116849 -0.130088
vn 0.984593 0.116849 -0.130088
vn 0.984593 0.116849 -0.130088
vn 0.984593 0.116849 -0.130088
vn 0.129290 0.014411 0.991502
vn 0.129290 0.014411 0.991502
vn 0.129290 0.014411 0.991502
vn 0.117736 -0.993044 -0.000919
vn 0.117736 -0.993044 -0.000919
vn 0.129290 0.014411 0.991502
vn 0.129290 0.014411 0.991502
vn -0.117736 0.993044 0.000927
vn -0.117736 0.993044 0.000927
vn 0.129290 0.014411 0.991502
vn 0.129290 0.014411 0.991502
vn -0.117736 0.993044 0.000927
vn -0.117734 0.993045 0.000910
vn -0.487322 -0.058586 0.871255
vn -0.487321 -0.058586 0.871255
vn 0.117734 -0.993045 -0.000935
vn 0.117736 -0.993044 -0.000919
vn 0.129290 0.014411 0.991502
vn -0.487322 -0.058586 0.871255
vn -0.117734 0.993045 0.000910
vn -0.117731 0.993045 0.000917
vn -0.984592 -0.116870 0.130077
vn -0.984592 -0.116870 0.130077
vn 0.117739 -0.993044 -0.000919
vn 0.117734 -0.993045 -0.000935
vn -0.487321 -0.058586 0.871255
vn -0.984592 -0.116870 0.130077
vn -0.117731 0.993045 0.000917
vn -0.117738 0.993044 0.000923
vn -0.865258 -0.102085 -0.490824
vn -0.865258 -0.102085 -0.490824
vn 0.117730 -0.993045 -0.000914
vn 0.117739 -0.993044 -0.000919
vn -0.984592 -0.116870 0.130077
vn -0.865258 -0.102085 -0.490824
vn -0.117738 0.993044 0.000923
vn -0.117735 0.993045 0.000919
vn -0.129287 -0.014411 -0.991503
vn -0.129287 -0.014411 -0.991503
vn 0.117736 -0.993044 -0.000919
vn 0.117730 -0.993045 -0.000914
vn -0.865258 -0.102085 -0.490824
vn -0.129287 -0.014411 -0.991503
vn -0.117735 0.993045 0.000919
vn -0.117728 0.993046 0.000919
vn 0.487325 0.058587 -0.871253
vn 0.487325 0.058587 -0.871253
vn 0.117728 -0.993046 -0.000919
vn 0.117736 -0.993044 -0.000919
vn -0.129287 -0.014411 -0.991503
vn 0.487325 0.058587 -0.871253
vn -0.117728 0.993046 0.000919
vn -0.117721 0.993046 0.000920
vn 0.984593 0.116849 -0.130088
vn 0.984593 0.116849 -0.130088
vn 0.117728 -0.993046 -0.000911
vn 0.117728 -0.993046 -0.000919
vn 0.487325 0.058587 -0.871253
vn 0.984593 0.116849 -0.130088
vn -0.117721 0.993046 0.000920
vn -0.117736 0.993044 0.000927
vn 0.129290 0.014411 0.991502
vn 0.129290 0.014411 0.991502
vn 0.117736 -0.993044 -0.000919
vn 0.117728 -0.993046 -0.000911
vn 0.984593 0.116849 -0.130088
vn -0.065571 0.181828 0.981142
vn -0.065571 0.181828 0.981142
vn -0.065571 0.181828 0.981142
vn -0.065571 0.181828 0.981142
vn 0.065571 0.181828 0.981142
vn 0.065571 0.181828 0.981142
vn -0.065571 0.181828 0.981142
vn -0.065571 0.181828 0.981142
vn 0.638067 -0.085602 0.765207
vn 0.692264 -0.122344 0.711198
vn 0.708008 0.021072 0.705890
vn 0.692264 -0.122344 0.711198
vn 0.758215 -0.110599 0.642555
vn 0.708008 0.021072 0.705890
vn 0.758215 -0.110599 0.642555
vn 0.879334 -0.000004 0.476206
vn 0.708008 0.021072 0.705890
vn 0.879334 -0.000004 0.476206
vn 0.812001 0.137300 0.567276
vn 0.708008 0.021072 0.705890
vn 0.812001 0.137300 0.567276
vn 0.674100 0.209299 0.708366
vn 0.708008 0.021072 0.705890
vn 0.674100 0.209299 0.708366
vn 0.590582 0.119130 0.798136
vn 0.708008 0.021072 0.705890
vn 0.590582 0.119130 0.798136
vn 0.595788 -0.005376 0.803124
vn 0.708008 0.021072 0.705890
vn 0.595788 -0.005376 0.803124
vn 0.638067 -0.085602 0.765207
vn 0.708008 0.021072 0.705890
vn -0.658216 0.062110 -0.750263
vn -0.699567 -0.014142 -0.714427
vn -0.697448 0.081936 -0.711936
vn -0.697448 0.081936 -0.711936
vn -0.699567 -0.014142 -0.714427
vn -0.740507 0.066735 -0.668727
vn -0.740507 0.066735 -0.668727
vn -0.699567 -0.014142 -0.714427
vn -0.806985 0.000000 -0.590571
vn -0.806985 0.000000 -0.590571
vn -0.699567 -0.014142 -0.714427
vn -0.772828 -0.074618 -0.630214
vn -0.772828 -0.074618 -0.630214
vn -0.699567 -0.014142 -0.714427
vn -0.692185 -0.139886 -0.708034
vn -0.692185 -0.139886 -0.708034
vn -0.699567 -0.014142 -0.714427
vn -0.622461 -0.090161 -0.777440
vn -0.622461 -0.090161 -0.777440
vn -0.699567 -0.014142 -0.714427
vn -0.624081 0.004729 -0.781345
vn -0.624081 0.004729 -0.781345
vn -0.699567 -0.014142 -0.714427
vn -0.658216 0.062110 -0.750263
vn -0.658216 0.062110 -0.750263
vn -0.697448 0.081936 -0.711936
vn 0.692264 -0.122344 0.711198
vn 0.638067 -0.085602 0.765207
vn -0.697448 0.081936 -0.711936
vn -0.740507 0.066735 -0.668727
vn 0.758215 -0.110599 0.642555
vn 0.692264 -0.122344 0.711198
vn -0.772828 -0.074618 -0.630214
vn -0.692185 -0.139886 -0.708034
vn 0.674100 0.209299 0.708366
vn 0.812001 0.137300 0.567276
vn -0.692185 -0.139886 -0.708034
vn -0.622461 -0.090161 -0.777440
vn 0.590582 0.119130 0.798136
vn 0.674100 0.209299 0.708366
vn -0.622461 -0.090161 -0.777440
vn -0.624081 0.004729 -0.781345
vn 0.595788 -0.005376 0.803124
vn 0.590582 0.119130 0.798136
vn -0.624081 0.004729 -0.781345
vn -0.658216 0.062110 -0.750263
vn 0.638067 -0.085602 0.765207
vn 0.595788 -0.005376 0.803124
vn -0.018302 0.210439 0.977436
vn -0.018302 0.210439 0.977436
vn -0.018302 0.210439 0.977436
vn -0.018302 0.210439 0.977436
vn 0.024009 0.209775 0.977455
vn 0.024009 0.209775 0.977455
vn 0.024009 0.209775 0.977455
vn 0.024009 0.209775 0.977455
vn -0.278121 0.370288 0.886304
vn -0.278121 0.370288 0.886304
vn -0.278121 0.370288 0.886304
vn -0.278121 0.370288 0.886304
vn -0.402793 0.245500 0.881752
vn -0.266574 0.247508 0.931492
vn -0.199485 0.251570 0.947058
vn -0.371572 0.248492 0.894531
vn -0.266574 0.247508 0.931492
vn -0.217133 0.262062 0.940307
vn -0.142887 0.264286 0.953801
vn -0.199485 0.251570 0.947058
vn -0.041003 0.078099 0.996102
vn 0.000017 0.149127 0.988818
vn -0.088073 0.137831 0.986532
vn -0.086303 0.077372 0.993260
vn -0.088073 0.137831 0.986532
vn -0.289544 0.107968 0.951056
vn -0.293133 0.077875 0.952895
vn -0.086303 0.077372 0.993260
vn -0.006022 -0.340591 -0.940192
vn -0.185141 0.265023 -0.946301
vn -0.386764 0.277747 -0.879358
vn -0.112569 -0.360904 -0.925784
vn -0.006022 -0.340591 -0.940192
vn -0.112569 -0.360904 -0.925784
vn -0.365134 -0.369613 -0.854438
vn -0.183149 -0.345116 -0.920517
vn -0.921739 0.336488 0.192802
vn -0.907790 0.350524 -0.230328
vn -0.917814 0.320189 -0.234728
vn -0.924992 0.324300 0.198038
vn -0.079561 0.676551 0.732086
vn 0.000000 0.672907 0.739727
vn 0.000000 0.753985 0.656892
vn -0.130820 0.826888 0.546940
vn -0.198282 0.846821 0.493537
vn -0.130820 0.826888 0.546940
vn -0.219422 0.960515 0.171068
vn -0.216294 0.960864 0.173081
vn -0.386764 0.277747 -0.879358
vn -0.710285 0.296429 -0.638455
vn -0.695132 0.356260 -0.624396
vn -0.112569 -0.360904 -0.925784
vn -0.697939 0.289619 0.654983
vn -0.402793 0.245500 0.881752
vn -0.371572 0.248492 0.894531
vn -0.700370 0.296041 0.649494
vn -0.289544 0.107968 0.951056
vn -0.664016 0.047591 0.746202
vn -0.685095 0.073203 0.724766
vn -0.293133 0.077875 0.952895
vn -0.219422 0.960515 0.171068
vn 0.000000 0.657084 -0.753817
vn -0.121713 0.759268 -0.639295
vn -0.216294 0.960864 0.173081
vn -0.051761 -0.065707 -0.996496
vn -0.044120 0.464397 -0.884527
vn 0.000000 0.465693 -0.884946
vn 0.000034 -0.044712 -0.999000
vn -0.907790 0.350524 -0.230328
vn -0.695132 0.356260 -0.624396
vn -0.710285 0.296429 -0.638455
vn -0.917814 0.320189 -0.234728
vn -0.988176 -0.145250 0.049102
vn -0.924949 -0.277717 -0.259504
vn -0.884302 0.077100 -0.460505
vn -0.978906 0.006142 -0.204217
vn -0.057019 0.117046 -0.991488
vn -0.215832 0.084936 -0.972729
vn -0.051761 -0.065707 -0.996496
vn 0.000034 -0.044712 -0.999000
vn -0.542293 0.253203 0.801128
vn -0.455487 0.215562 0.863750
vn -0.238523 0.365555 0.899709
vn -0.226936 0.389255 0.892738
vn -0.063376 0.415872 0.907212
vn -0.080658 0.438128 0.895287
vn -0.226936 0.389255 0.892738
vn -0.238523 0.365555 0.899709
vn -0.063376 0.415872 0.907212
vn -0.033674 0.435842 0.899393
vn 0.000000 0.429668 0.902987
vn -0.080658 0.438128 0.895287
vn 0.000000 0.429668 0.902987
vn 0.000000 0.672907 0.739727
vn -0.079561 0.676551 0.732086
vn -0.080658 0.438128 0.895287
vn -0.079561 0.676551 0.732086
vn -0.186670 0.689856 0.699466
vn -0.226936 0.389255 0.892738
vn -0.080658 0.438128 0.895287
vn -0.542293 0.253203 0.801128
vn -0.186670 0.689856 0.699466
vn -0.352373 0.613828 0.706433
vn -0.924992 0.324300 0.198038
vn -0.697939 0.289619 0.654983
vn -0.700370 0.296041 0.649494
vn -0.921739 0.336488 0.192802
vn -0.323366 0.945707 0.032766
vn -0.302211 0.832332 0.464642
vn -0.198282 0.846821 0.493537
vn -0.216294 0.960864 0.173081
vn -0.286393 0.755265 -0.589537
vn -0.323366 0.945707 0.032766
vn -0.216294 0.960864 0.173081
vn -0.121713 0.759268 -0.639295
vn -0.302211 0.832332 0.464642
vn -0.352373 0.613828 0.706433
vn -0.186670 0.689856 0.699466
vn -0.198282 0.846821 0.493537
vn -0.884302 0.077100 -0.460505
vn -0.924949 -0.277717 -0.259504
vn -0.341283 -0.435505 -0.832984
vn -0.428679 0.124141 -0.894887
vn -0.251013 -0.159951 -0.954677
vn -0.255302 0.376260 -0.890645
vn -0.044120 0.464397 -0.884527
vn -0.051761 -0.065707 -0.996496
vn -0.255302 0.376260 -0.890645
vn -0.286393 0.755265 -0.589537
vn -0.121713 0.759268 -0.639295
vn -0.044120 0.464397 -0.884527
vn -0.900489 -0.068933 0.429381
vn -0.455487 0.215562 0.863750
vn -0.542293 0.253203 0.801128
vn -0.523483 0.494239 0.694042
vn -0.988176 -0.145250 0.049102
vn -0.900489 -0.068933 0.429381
vn -0.807472 -0.245099 0.536578
vn -0.980335 -0.150584 0.127548
vn -0.980335 -0.150584 0.127548
vn -0.884053 -0.446761 -0.137314
vn -0.924949 -0.277717 -0.259504
vn -0.988176 -0.145250 0.049102
vn -0.532415 -0.506691 -0.678084
vn -0.407715 -0.323006 -0.854070
vn -0.251013 -0.159951 -0.954677
vn -0.341283 -0.435505 -0.832984
vn -0.527037 0.073656 -0.846645
vn -0.639469 0.550927 -0.536245
vn -0.286393 0.755265 -0.589537
vn -0.255302 0.376260 -0.890645
vn -0.286393 0.755265 -0.589537
vn -0.639469 0.550927 -0.536245
vn -0.722851 0.688023 -0.064114
vn -0.323366 0.945707 0.032766
vn -0.323366 0.945707 0.032766
vn -0.722851 0.688023 -0.064114
vn -0.615008 0.688487 0.384383
vn -0.302211 0.832332 0.464642
vn -0.302211 0.832332 0.464642
vn -0.615008 0.688487 0.384383
vn -0.462876 0.587819 0.663486
vn -0.352373 0.613828 0.706433
vn -0.900489 -0.068933 0.429381
vn -0.523483 0.494239 0.694042
vn -0.605236 0.469031 0.643194
vn -0.807472 -0.245099 0.536578
vn -0.407715 -0.323006 -0.854070
vn -0.527037 0.073656 -0.846645
vn -0.255302 0.376260 -0.890645
vn -0.251013 -0.159951 -0.954677
vn -0.341283 -0.435505 -0.832984
vn -0.251013 -0.159951 -0.954677
vn -0.051761 -0.065707 -0.996496
vn -0.215832 0.084936 -0.972729
vn -0.130820 0.826888 0.546940
vn -0.198282 0.846821 0.493537
vn -0.186670 0.689856 0.699466
vn -0.079561 0.676551 0.732086
vn -0.542293 0.253203 0.801128
vn -0.226936 0.389255 0.892738
vn -0.186670 0.689856 0.699466
vn -0.532415 -0.506691 -0.678084
vn -0.341283 -0.435505 -0.832984
vn -0.924949 -0.277717 -0.259504
vn -0.884053 -0.446761 -0.137314
vn -0.988176 -0.145250 0.049102
vn -0.836913 -0.058437 0.544208
vn -0.900489 -0.068933 0.429381
vn -0.121713 0.759268 -0.639295
vn 0.000000 0.657084 -0.753817
vn 0.000000 0.465693 -0.884946
vn -0.044120 0.464397 -0.884527
vn -0.836913 -0.058437 0.544208
vn -0.988176 -0.145250 0.049102
vn -0.978906 0.006142 -0.204217
vn -0.957702 0.033988 0.285749
vn -0.664016 0.047591 0.746202
vn -0.836913 -0.058437 0.544208
vn -0.957702 0.033988 0.285749
vn -0.685095 0.073203 0.724766
vn -0.605236 0.469031 0.643194
vn -0.523483 0.494239 0.694042
vn -0.352373 0.613828 0.706433
vn -0.462876 0.587819 0.663486
vn -0.455487 0.215562 0.863750
vn -0.664016 0.047591 0.746202
vn -0.289544 0.107968 0.951056
vn -0.238523 0.365555 0.899709
vn -0.088073 0.137831 0.986532
vn -0.063376 0.415872 0.907212
vn -0.238523 0.365555 0.899709
vn -0.289544 0.107968 0.951056
vn -0.088073 0.137831 0.986532
vn 0.000017 0.149127 0.988818
vn -0.033674 0.435842 0.899393
vn -0.063376 0.415872 0.907212
vn -0.900489 -0.068933 0.429381
vn -0.836913 -0.058437 0.544208
vn -0.664016 0.047591 0.746202
vn -0.455487 0.215562 0.863750
vn -0.542293 0.253203 0.801128
vn -0.352373 0.613828 0.706433
vn -0.523483 0.494239 0.694042
vn -0.722851 0.688023 -0.064114
vn -0.639469 0.550927 -0.536245
vn -0.133723 0.008239 -0.990984
vn -0.575549 0.462046 -0.674727
vn -0.639469 0.550927 -0.536245
vn -0.527037 0.073656 -0.846645
vn 0.259635 -0.384542 -0.885843
vn -0.133723 0.008239 -0.990984
vn -0.615008 0.688487 0.384383
vn -0.722851 0.688023 -0.064114
vn -0.575549 0.462046 -0.674727
vn -0.774941 0.625125 -0.093189
vn -0.807472 -0.245099 0.536578
vn -0.605236 0.469031 0.643194
vn -0.376273 0.524044 0.764066
vn 0.562871 0.116085 0.818353
vn -0.462876 0.587819 0.663486
vn -0.615008 0.688487 0.384383
vn -0.774941 0.625125 -0.093189
vn -0.736730 0.592326 0.326158
vn -0.980335 -0.150584 0.127548
vn -0.807472 -0.245099 0.536578
vn 0.562871 0.116085 0.818353
vn 0.804125 -0.180381 0.566432
vn -0.884053 -0.446761 -0.137314
vn -0.980335 -0.150584 0.127548
vn 0.804125 -0.180381 0.566432
vn 0.868089 -0.423029 0.259747
vn -0.407715 -0.323006 -0.854070
vn -0.532415 -0.506691 -0.678084
vn 0.702267 -0.618666 -0.352240
vn 0.414376 -0.541880 -0.731204
vn -0.532415 -0.506691 -0.678084
vn -0.884053 -0.446761 -0.137314
vn 0.868089 -0.423029 0.259747
vn 0.702267 -0.618666 -0.352240
vn -0.527037 0.073656 -0.846645
vn -0.407715 -0.323006 -0.854070
vn 0.414376 -0.541880 -0.731204
vn 0.259635 -0.384542 -0.885843
vn -0.605236 0.469031 0.643194
vn -0.462876 0.587819 0.663486
vn -0.736730 0.592326 0.326158
vn -0.376273 0.524044 0.764066
vn 0.762064 0.176946 0.622856
vn 0.250605 0.836097 0.487995
vn 0.672030 0.719312 0.175969
vn 0.895689 0.127596 0.425981
vn 0.781001 -0.264116 0.565933
vn 0.762064 0.176946 0.622856
vn 0.895689 0.127596 0.425981
vn 0.850495 -0.231054 0.472518
vn 0.757236 -0.535874 0.373407
vn 0.781001 -0.264116 0.565933
vn 0.850495 -0.231054 0.472518
vn 0.762273 -0.490325 0.422519
vn 0.290455 -0.916615 -0.274687
vn 0.757236 -0.535874 0.373407
vn 0.762273 -0.490325 0.422519
vn -0.033289 -0.997503 -0.062292
vn -0.033075 -0.792694 -0.608722
vn 0.290455 -0.916615 -0.274687
vn -0.033289 -0.997503 -0.062292
vn -0.574164 -0.734783 -0.361151
vn -0.238482 -0.606911 -0.758146
vn -0.033075 -0.792694 -0.608722
vn -0.574164 -0.734783 -0.361151
vn -0.784604 -0.431761 -0.444948
vn -0.578587 -0.167555 -0.798224
vn -0.238482 -0.606911 -0.758146
vn -0.784604 -0.431761 -0.444948
vn -0.885653 -0.063264 -0.460018
vn -0.716529 0.345024 -0.606254
vn -0.578587 -0.167555 -0.798224
vn -0.885653 -0.063264 -0.460018
vn -0.846042 0.300417 -0.440411
vn -0.628986 0.749674 -0.205827
vn -0.716529 0.345024 -0.606254
vn -0.846042 0.300417 -0.440411
vn -0.586919 0.723265 -0.363886
vn -0.344135 0.927137 0.148286
vn -0.628986 0.749674 -0.205827
vn -0.586919 0.723265 -0.363886
vn 0.035417 0.987081 -0.156260
vn 0.250605 0.836097 0.487995
vn -0.344135 0.927137 0.148286
vn 0.035417 0.987081 -0.156260
vn 0.672030 0.719312 0.175969
vn 0.562871 0.116085 0.818353
vn -0.376273 0.524044 0.764066
vn 0.250605 0.836097 0.487995
vn 0.762064 0.176946 0.622856
vn 0.804125 -0.180381 0.566432
vn 0.562871 0.116085 0.818353
vn 0.762064 0.176946 0.622856
vn 0.781001 -0.264116 0.565933
vn 0.868089 -0.423029 0.259747
vn 0.804125 -0.180381 0.566432
vn 0.781001 -0.264116 0.565933
vn 0.757236 -0.535874 0.373407
vn 0.702267 -0.618666 -0.352240
vn 0.868089 -0.423029 0.259747
vn 0.757236 -0.535874 0.373407
vn 0.290455 -0.916615 -0.274687
vn 0.414376 -0.541880 -0.731204
vn 0.702267 -0.618666 -0.352240
vn 0.290455 -0.916615 -0.274687
vn -0.033075 -0.792694 -0.608722
vn 0.259635 -0.384542 -0.885843
vn 0.414376 -0.541880 -0.731204
vn -0.033075 -0.792694 -0.608722
vn -0.238482 -0.606911 -0.758146
vn -0.133723 0.008239 -0.990984
vn 0.259635 -0.384542 -0.885843
vn -0.238482 -0.606911 -0.758146
vn -0.578587 -0.167555 -0.798224
vn -0.575549 0.462046 -0.674727
vn -0.133723 0.008239 -0.990984
vn -0.578587 -0.167555 -0.798224
vn -0.716529 0.345024 -0.606254
vn -0.774941 0.625125 -0.093189
vn -0.575549 0.462046 -0.674727
vn -0.716529 0.345024 -0.606254
vn -0.628986 0.749674 -0.205827
vn -0.736730 0.592326 0.326158
vn -0.774941 0.625125 -0.093189
vn -0.628986 0.749674 -0.205827
vn -0.344135 0.927137 0.148286
vn -0.376273 0.524044 0.764066
vn -0.736730 0.592326 0.326158
vn -0.344135 0.927137 0.148286
vn 0.250605 0.836097 0.487995
vn -0.885653 -0.063264 -0.460018
vn -0.784604 -0.431761 -0.444948
vn -0.775557 -0.472359 -0.418793
vn -0.892667 -0.071140 -0.445067
vn -0.846042 0.300417 -0.440411
vn -0.885653 -0.063264 -0.460018
vn -0.892667 -0.071140 -0.445067
vn -0.839071 0.327998 -0.434024
vn -0.586919 0.723265 -0.363886
vn -0.846042 0.300417 -0.440411
vn -0.839071 0.327998 -0.434024
vn -0.512845 0.778990 -0.360783
vn 0.035417 0.987081 -0.156260
vn -0.586919 0.723265 -0.363886
vn -0.512845 0.778990 -0.360783
vn 0.185074 0.974968 -0.123231
vn 0.672030 0.719312 0.175969
vn 0.035417 0.987081 -0.156260
vn 0.185074 0.974968 -0.123231
vn 0.730296 0.653100 0.200319
vn 0.895689 0.127596 0.425981
vn 0.672030 0.719312 0.175969
vn 0.730296 0.653100 0.200319
vn 0.899769 0.117540 0.420239
vn 0.850495 -0.231054 0.472518
vn 0.895689 0.127596 0.425981
vn 0.899769 0.117540 0.420239
vn 0.854143 -0.225086 0.468803
vn 0.762273 -0.490325 0.422519
vn 0.850495 -0.231054 0.472518
vn 0.854143 -0.225086 0.468803
vn 0.772489 -0.469262 0.427849
vn -0.033289 -0.997503 -0.062292
vn 0.762273 -0.490325 0.422519
vn 0.772489 -0.469262 0.427849
vn 0.098868 -0.994649 0.029970
vn -0.574164 -0.734783 -0.361151
vn -0.033289 -0.997503 -0.062292
vn 0.098868 -0.994649 0.029970
vn -0.538987 -0.779296 -0.319673
vn -0.784604 -0.431761 -0.444948
vn -0.574164 -0.734783 -0.361151
vn -0.538987 -0.779296 -0.319673
vn -0.775557 -0.472359 -0.418793
vn -0.079086 -0.208747 0.974767
vn -0.135971 -0.257562 0.956647
vn -0.199485 0.251570 0.947058
vn -0.142887 0.264286 0.953801
vn -0.135971 -0.257562 0.956647
vn -0.331907 -0.346447 0.877389
vn -0.371572 0.248492 0.894531
vn -0.199485 0.251570 0.947058
vn -0.331907 -0.346447 0.877389
vn -0.660727 -0.408454 0.629766
vn -0.700370 0.296041 0.649494
vn -0.371572 0.248492 0.894531
vn -0.660727 -0.408454 0.629766
vn -0.889535 -0.400591 0.219671
vn -0.921739 0.336488 0.192802
vn -0.700370 0.296041 0.649494
vn -0.889535 -0.400591 0.219671
vn -0.903118 -0.381927 -0.196239
vn -0.907790 0.350524 -0.230328
vn -0.921739 0.336488 0.192802
vn -0.903118 -0.381927 -0.196239
vn -0.694102 -0.399059 -0.599145
vn -0.695132 0.356260 -0.624396
vn -0.907790 0.350524 -0.230328
vn -0.112569 -0.360904 -0.925784
vn -0.695132 0.356260 -0.624396
vn -0.694102 -0.399059 -0.599145
vn -0.365134 -0.369613 -0.854438
vn -0.105514 -0.195414 0.975028
vn -0.053939 -0.164009 0.984983
vn -0.000046 0.000233 1.000000
vn -0.126017 -0.023635 0.991747
vn -0.322131 -0.231460 0.917964
vn -0.105514 -0.195414 0.975028
vn -0.126017 -0.023635 0.991747
vn -0.361831 -0.062605 0.930139
vn -0.692762 -0.231405 0.683032
vn -0.322131 -0.231460 0.917964
vn -0.361831 -0.062605 0.930139
vn -0.729032 -0.087322 0.678887
vn -0.962907 -0.159446 0.217684
vn -0.692762 -0.231405 0.683032
vn -0.729032 -0.087322 0.678887
vn -0.924604 -0.116331 0.362731
vn -0.979087 -0.190834 -0.070505
vn -0.968740 0.002931 -0.248063
vn -0.962907 -0.159446 0.217684
vn -0.924604 -0.116331 0.362731
vn -0.979087 -0.190834 -0.070505
vn -0.536575 -0.356535 -0.764833
vn -0.801090 -0.109010 -0.588533
vn -0.968740 0.002931 -0.248063
vn -0.968740 0.002931 -0.248063
vn -0.801090 -0.109010 -0.588533
vn -0.694102 -0.399059 -0.599145
vn -0.903118 -0.381927 -0.196239
vn -0.962907 -0.159446 0.217684
vn -0.968740 0.002931 -0.248063
vn -0.903118 -0.381927 -0.196239
vn -0.889535 -0.400591 0.219671
vn -0.889535 -0.400591 0.219671
vn -0.660727 -0.408454 0.629766
vn -0.692762 -0.231405 0.683032
vn -0.962907 -0.159446 0.217684
vn -0.660727 -0.408454 0.629766
vn -0.331907 -0.346447 0.877389
vn -0.322131 -0.231460 0.917964
vn -0.692762 -0.231405 0.683032
vn -0.331907 -0.346447 0.877389
vn -0.135971 -0.257562 0.956647
vn -0.105514 -0.195414 0.975028
vn -0.322131 -0.231460 0.917964
vn -0.135971 -0.257562 0.956647
vn -0.079086 -0.208747 0.974767
vn -0.053939 -0.164009 0.984983
vn -0.105514 -0.195414 0.975028
vn -0.081149 -0.377542 -0.922430
vn -0.379216 -0.237326 -0.894355
vn -0.801090 -0.109010 -0.588533
vn -0.536575 -0.356535 -0.764833
vn -0.003161 -0.359696 -0.933064
vn -0.155471 -0.227962 -0.961177
vn -0.379216 -0.237326 -0.894355
vn -0.081149 -0.377542 -0.922430
vn -0.801090 -0.109010 -0.588533
vn -0.379216 -0.237326 -0.894355
vn -0.365134 -0.369613 -0.854438
vn -0.694102 -0.399059 -0.599145
vn -0.379216 -0.237326 -0.894355
vn -0.155471 -0.227962 -0.961177
vn -0.183149 -0.345116 -0.920517
vn -0.365134 -0.369613 -0.854438
vn -0.186933 0.146377 -0.971406
vn 0.000051 0.017063 -0.999855
vn -0.185002 -0.036295 -0.982068
vn -0.395665 0.164808 -0.903486
vn -0.185002 -0.036295 -0.982068
vn -0.627108 -0.175748 -0.758846
vn -0.722548 0.201168 -0.661404
vn -0.395665 0.164808 -0.903486
vn -0.938849 0.244204 -0.242749
vn -0.722548 0.201168 -0.661404
vn -0.627108 -0.175748 -0.758846
vn -0.947567 0.203169 -0.246658
vn -0.942900 0.251071 0.218867
vn -0.938849 0.244204 -0.242749
vn -0.947567 0.203169 -0.246658
vn -0.967099 -0.252827 0.028250
vn -0.967099 -0.252827 0.028250
vn -0.776252 -0.206420 0.595671
vn -0.695663 0.207184 0.687843
vn -0.942900 0.251071 0.218867
vn -0.776252 -0.206420 0.595671
vn -0.453941 -0.122165 0.882617
vn -0.432011 0.166516 0.886363
vn -0.695663 0.207184 0.687843
vn -0.453941 -0.122165 0.882617
vn -0.234728 -0.078268 0.968905
vn -0.340603 0.171605 0.924414
vn -0.432011 0.166516 0.886363
vn -0.234728 -0.078268 0.968905
vn -0.000005 -0.061740 0.998092
vn -0.316185 0.186797 0.930126
vn -0.340603 0.171605 0.924414
vn -0.340603 0.171605 0.924414
vn -0.316185 0.186797 0.930126
vn -0.217133 0.262062 0.940307
vn -0.266574 0.247508 0.931492
vn -0.432011 0.166516 0.886363
vn -0.340603 0.171605 0.924414
vn -0.266574 0.247508 0.931492
vn -0.402793 0.245500 0.881752
vn -0.695663 0.207184 0.687843
vn -0.432011 0.166516 0.886363
vn -0.402793 0.245500 0.881752
vn -0.697939 0.289619 0.654983
vn -0.942900 0.251071 0.218867
vn -0.695663 0.207184 0.687843
vn -0.697939 0.289619 0.654983
vn -0.924992 0.324300 0.198038
vn -0.924992 0.324300 0.198038
vn -0.917814 0.320189 -0.234728
vn -0.938849 0.244204 -0.242749
vn -0.942900 0.251071 0.218867
vn -0.917814 0.320189 -0.234728
vn -0.710285 0.296429 -0.638455
vn -0.722548 0.201168 -0.661404
vn -0.938849 0.244204 -0.242749
vn -0.395665 0.164808 -0.903486
vn -0.722548 0.201168 -0.661404
vn -0.710285 0.296429 -0.638455
vn -0.386764 0.277747 -0.879358
vn -0.185141 0.265023 -0.946301
vn -0.186933 0.146377 -0.971406
vn -0.395665 0.164808 -0.903486
vn -0.386764 0.277747 -0.879358
vn 0.402793 0.245499 0.881753
vn 0.371572 0.248491 0.894531
vn 0.199485 0.251570 0.947058
vn 0.266575 0.247508 0.931492
vn 0.266575 0.247508 0.931492
vn 0.199485 0.251570 0.947058
vn -0.142887 0.264286 0.953801
vn 0.217133 0.262062 0.940307
vn -0.041003 0.078099 0.996102
vn 0.086303 0.077372 0.993260
vn 0.088073 0.137831 0.986532
vn 0.000017 0.149127 0.988818
vn 0.088073 0.137831 0.986532
vn 0.086303 0.077372 0.993260
vn 0.293133 0.077875 0.952895
vn 0.289544 0.107968 0.951056
vn -0.006022 -0.340591 -0.940192
vn 0.112569 -0.360904 -0.925784
vn 0.386763 0.277747 -0.879358
vn -0.185141 0.265023 -0.946301
vn 0.921740 0.336487 0.192801
vn 0.924992 0.324300 0.198037
vn 0.917814 0.320189 -0.234728
vn 0.907790 0.350523 -0.230328
vn 0.079561 0.676551 0.732086
vn 0.130820 0.826888 0.546940
vn 0.000000 0.753985 0.656892
vn 0.000000 0.672907 0.739727
vn 0.198282 0.846821 0.493537
vn 0.216294 0.960864 0.173081
vn 0.219422 0.960515 0.171068
vn 0.130820 0.826888 0.546940
vn 0.386763 0.277747 -0.879358
vn 0.112569 -0.360904 -0.925784
vn 0.695132 0.356259 -0.624397
vn 0.710285 0.296430 -0.638455
vn 0.697939 0.289618 0.654983
vn 0.700370 0.296041 0.649494
vn 0.371572 0.248491 0.894531
vn 0.402793 0.245499 0.881753
vn 0.289544 0.107968 0.951056
vn 0.293133 0.077875 0.952895
vn 0.671243 0.073350 0.737599
vn 0.664016 0.047591 0.746202
vn 0.219422 0.960515 0.171068
vn 0.216294 0.960864 0.173081
vn 0.121713 0.759268 -0.639295
vn 0.000000 0.657084 -0.753817
vn 0.051761 -0.065707 -0.996496
vn 0.000034 -0.044712 -0.999000
vn 0.000000 0.465693 -0.884946
vn 0.044120 0.464397 -0.884527
vn 0.907790 0.350523 -0.230328
vn 0.917814 0.320189 -0.234728
vn 0.710285 0.296430 -0.638455
vn 0.695132 0.356259 -0.624397
vn 0.988176 -0.145250 0.049102
vn 0.985447 0.072714 -0.153644
vn 0.848002 0.032842 -0.528975
vn 0.924949 -0.277717 -0.259504
vn 0.133980 0.108044 -0.985077
vn -0.057019 0.117046 -0.991488
vn 0.000034 -0.044712 -0.999000
vn 0.051761 -0.065707 -0.996496
vn 0.542293 0.253203 0.801128
vn 0.226936 0.389255 0.892738
vn 0.238523 0.365554 0.899710
vn 0.509158 0.236146 0.827643
vn 0.063376 0.415872 0.907212
vn 0.238523 0.365554 0.899710
vn 0.226936 0.389255 0.892738
vn 0.080658 0.438128 0.895287
vn 0.063376 0.415872 0.907212
vn 0.080658 0.438128 0.895287
vn 0.000000 0.429668 0.902987
vn -0.033674 0.435842 0.899393
vn 0.000000 0.429668 0.902987
vn 0.080658 0.438128 0.895287
vn 0.079561 0.676551 0.732086
vn 0.000000 0.672907 0.739727
vn 0.079561 0.676551 0.732086
vn 0.080658 0.438128 0.895287
vn 0.226936 0.389255 0.892738
vn 0.186670 0.689856 0.699466
vn 0.542293 0.253203 0.801128
vn 0.352373 0.613828 0.706433
vn 0.186670 0.689856 0.699466
vn 0.924992 0.324300 0.198037
vn 0.921740 0.336487 0.192801
vn 0.700370 0.296041 0.649494
vn 0.697939 0.289618 0.654983
vn 0.323366 0.945707 0.032766
vn 0.216294 0.960864 0.173081
vn 0.198282 0.846821 0.493537
vn 0.302211 0.832332 0.464642
vn 0.286393 0.755265 -0.589537
vn 0.121713 0.759268 -0.639295
vn 0.216294 0.960864 0.173081
vn 0.323366 0.945707 0.032766
vn 0.302211 0.832332 0.464642
vn 0.198282 0.846821 0.493537
vn 0.186670 0.689856 0.699466
vn 0.352373 0.613828 0.706433
vn 0.848002 0.032842 -0.528975
vn 0.381988 0.084978 -0.920252
vn 0.341283 -0.435505 -0.832984
vn 0.924949 -0.277717 -0.259504
vn 0.251013 -0.159951 -0.954677
vn 0.051761 -0.065707 -0.996496
vn 0.044120 0.464397 -0.884527
vn 0.255302 0.376260 -0.890645
vn 0.255302 0.376260 -0.890645
vn 0.044120 0.464397 -0.884527
vn 0.121713 0.759268 -0.639295
vn 0.286393 0.755265 -0.589537
vn 0.900489 -0.068933 0.429381
vn 0.501396 0.220402 0.836675
vn 0.542293 0.253203 0.801128
vn 0.509158 0.236146 0.827643
vn 0.988176 -0.145250 0.049102
vn 0.980335 -0.150584 0.127548
vn 0.807472 -0.245099 0.536578
vn 0.900489 -0.068933 0.429381
vn 0.980335 -0.150584 0.127548
vn 0.988176 -0.145250 0.049102
vn 0.924949 -0.277717 -0.259504
vn 0.884053 -0.446761 -0.137314
vn 0.532415 -0.506691 -0.678084
vn 0.341283 -0.435505 -0.832984
vn 0.251013 -0.159951 -0.954677
vn 0.407715 -0.323006 -0.854070
vn 0.527037 0.073656 -0.846645
vn 0.255302 0.376260 -0.890645
vn 0.286393 0.755265 -0.589537
vn 0.639469 0.550927 -0.536245
vn 0.286393 0.755265 -0.589537
vn 0.323366 0.945707 0.032766
vn 0.722851 0.688023 -0.064114
vn 0.639469 0.550927 -0.536245
vn 0.323366 0.945707 0.032766
vn 0.302211 0.832332 0.464642
vn 0.615008 0.688487 0.384383
vn 0.722851 0.688023 -0.064114
vn 0.302211 0.832332 0.464642
vn 0.352373 0.613828 0.706433
vn 0.462876 0.587819 0.663486
vn 0.615008 0.688487 0.384383
vn 0.900489 -0.068933 0.429381
vn 0.807472 -0.245099 0.536578
vn 0.285187 0.128634 0.949801
vn 0.501396 0.220402 0.836675
vn 0.407715 -0.323006 -0.854070
vn 0.251013 -0.159951 -0.954677
vn 0.255302 0.376260 -0.890645
vn 0.527037 0.073656 -0.846645
vn 0.341283 -0.435505 -0.832984
vn 0.133980 0.108044 -0.985077
vn 0.051761 -0.065707 -0.996496
vn 0.251013 -0.159951 -0.954677
vn 0.130820 0.826888 0.546940
vn 0.079561 0.676551 0.732086
vn 0.186670 0.689856 0.699466
vn 0.198282 0.846821 0.493537
vn 0.542293 0.253203 0.801128
vn 0.186670 0.689856 0.699466
vn 0.226936 0.389255 0.892738
vn 0.532415 -0.506691 -0.678084
vn 0.884053 -0.446761 -0.137314
vn 0.924949 -0.277717 -0.259504
vn 0.341283 -0.435505 -0.832984
vn 0.988176 -0.145250 0.049102
vn 0.900489 -0.068933 0.429381
vn 0.943666 0.081140 0.320797
vn 0.121713 0.759268 -0.639295
vn 0.044120 0.464397 -0.884527
vn 0.000000 0.465693 -0.884946
vn 0.000000 0.657084 -0.753817
vn 0.943666 0.081140 0.320797
vn 0.962047 0.069948 0.263768
vn 0.985447 0.072714 -0.153644
vn 0.988176 -0.145250 0.049102
vn 0.664016 0.047591 0.746202
vn 0.671243 0.073350 0.737599
vn 0.962047 0.069948 0.263768
vn 0.943666 0.081140 0.320797
vn 0.285187 0.128634 0.949801
vn 0.462876 0.587819 0.663486
vn 0.352373 0.613828 0.706433
vn 0.501396 0.220402 0.836675
vn 0.509158 0.236146 0.827643
vn 0.238523 0.365554 0.899710
vn 0.289544 0.107968 0.951056
vn 0.664016 0.047591 0.746202
vn 0.088073 0.137831 0.986532
vn 0.289544 0.107968 0.951056
vn 0.238523 0.365554 0.899710
vn 0.063376 0.415872 0.907212
vn 0.088073 0.137831 0.986532
vn 0.063376 0.415872 0.907212
vn -0.033674 0.435842 0.899393
vn 0.000017 0.149127 0.988818
vn 0.900489 -0.068933 0.429381
vn 0.509158 0.236146 0.827643
vn 0.664016 0.047591 0.746202
vn 0.943666 0.081140 0.320797
vn 0.542293 0.253203 0.801128
vn 0.501396 0.220402 0.836675
vn 0.352373 0.613828 0.706433
vn 0.722851 0.688023 -0.064114
vn 0.872175 0.477061 -0.108274
vn 0.684039 0.382302 -0.621237
vn 0.639469 0.550927 -0.536245
vn 0.639469 0.550927 -0.536245
vn 0.684039 0.382302 -0.621237
vn 0.224010 0.181765 -0.957487
vn 0.527037 0.073656 -0.846645
vn 0.615008 0.688487 0.384383
vn 0.820632 0.433019 0.372904
vn 0.872175 0.477061 -0.108274
vn 0.722851 0.688023 -0.064114
vn 0.807472 -0.245099 0.536578
vn -0.640849 -0.190038 0.743773
vn 0.102727 0.071006 0.992172
vn 0.285187 0.128634 0.949801
vn 0.462876 0.587819 0.663486
vn 0.600448 0.293428 0.743883
vn 0.820632 0.433019 0.372904
vn 0.615008 0.688487 0.384383
vn 0.980335 -0.150584 0.127548
vn -0.919491 -0.288477 0.267053
vn -0.640849 -0.190038 0.743773
vn 0.807472 -0.245099 0.536578
vn 0.884053 -0.446761 -0.137314
vn -0.961370 -0.248677 -0.118018
vn -0.919491 -0.288477 0.267053
vn 0.980335 -0.150584 0.127548
vn 0.407715 -0.323006 -0.854070
vn -0.251846 0.023090 -0.967492
vn -0.761044 -0.096477 -0.641486
vn 0.532415 -0.506691 -0.678084
vn 0.532415 -0.506691 -0.678084
vn -0.761044 -0.096477 -0.641486
vn -0.961370 -0.248677 -0.118018
vn 0.884053 -0.446761 -0.137314
vn 0.527037 0.073656 -0.846645
vn 0.224010 0.181765 -0.957487
vn -0.251846 0.023090 -0.967492
vn 0.407715 -0.323006 -0.854070
vn 0.285187 0.128634 0.949801
vn 0.102727 0.071006 0.992172
vn 0.600448 0.293428 0.743883
vn 0.462876 0.587819 0.663486
vn -0.670425 -0.236718 0.703203
vn -0.610985 -0.196040 0.766985
vn 0.211307 0.047498 0.976265
vn 0.037140 0.031748 0.998806
vn -0.913221 -0.328594 0.240941
vn -0.924639 -0.276366 0.262040
vn -0.610985 -0.196040 0.766985
vn -0.670425 -0.236718 0.703203
vn -0.960422 -0.261911 -0.094830
vn -0.956673 -0.290189 -0.023825
vn -0.924639 -0.276366 0.262040
vn -0.913221 -0.328594 0.240941
vn -0.742635 -0.115549 -0.659653
vn -0.608578 -0.210356 -0.765104
vn -0.956673 -0.290189 -0.023825
vn -0.960422 -0.261911 -0.094830
vn -0.266501 0.052288 -0.962415
vn -0.045500 -0.030858 -0.998488
vn -0.608578 -0.210356 -0.765104
vn -0.742635 -0.115549 -0.659653
vn 0.231303 0.153503 -0.960696
vn 0.413631 0.119365 -0.902586
vn -0.045500 -0.030858 -0.998488
vn -0.266501 0.052288 -0.962415
vn 0.740662 0.288453 -0.606807
vn 0.801066 0.240211 -0.548263
vn 0.413631 0.119365 -0.902586
vn 0.231303 0.153503 -0.960696
vn 0.929503 0.355923 -0.096656
vn 0.954258 0.287129 -0.083357
vn 0.801066 0.240211 -0.548263
vn 0.740662 0.288453 -0.606807
vn 0.861064 0.327985 0.388581
vn 0.898135 0.268352 0.348339
vn 0.954258 0.287129 -0.083357
vn 0.929503 0.355923 -0.096656
vn 0.598998 0.228813 0.767363
vn 0.668567 0.193197 0.718117
vn 0.898135 0.268352 0.348339
vn 0.861064 0.327985 0.388581
vn 0.037140 0.031748 0.998806
vn 0.211307 0.047498 0.976265
vn 0.668567 0.193197 0.718117
vn 0.598998 0.228813 0.767363
vn -0.640849 -0.190038 0.743773
vn -0.670425 -0.236718 0.703203
vn 0.037140 0.031748 0.998806
vn 0.102727 0.071006 0.992172
vn -0.919491 -0.288477 0.267053
vn -0.913221 -0.328594 0.240941
vn -0.670425 -0.236718 0.703203
vn -0.640849 -0.190038 0.743773
vn -0.961370 -0.248677 -0.118018
vn -0.960422 -0.261911 -0.094830
vn -0.913221 -0.328594 0.240941
vn -0.919491 -0.288477 0.267053
vn -0.761044 -0.096477 -0.641486
vn -0.742635 -0.115549 -0.659653
vn -0.960422 -0.261911 -0.094830
vn -0.961370 -0.248677 -0.118018
vn -0.251846 0.023090 -0.967492
vn -0.266501 0.052288 -0.962415
vn -0.742635 -0.115549 -0.659653
vn -0.761044 -0.096477 -0.641486
vn 0.224010 0.181765 -0.957487
vn 0.231303 0.153503 -0.960696
vn -0.266501 0.052288 -0.962415
vn -0.251846 0.023090 -0.967492
vn 0.684039 0.382302 -0.621237
vn 0.740662 0.288453 -0.606807
vn 0.231303 0.153503 -0.960696
vn 0.224010 0.181765 -0.957487
vn 0.872175 0.477061 -0.108274
vn 0.929503 0.355923 -0.096656
vn 0.740662 0.288453 -0.606807
vn 0.684039 0.382302 -0.621237
vn 0.820632 0.433019 0.372904
vn 0.861064 0.327985 0.388581
vn 0.929503 0.355923 -0.096656
vn 0.872175 0.477061 -0.108274
vn 0.600448 0.293428 0.743883
vn 0.598998 0.228813 0.767363
vn 0.861064 0.327985 0.388581
vn 0.820632 0.433019 0.372904
vn 0.102727 0.071006 0.992172
vn 0.037140 0.031748 0.998806
vn 0.598998 0.228813 0.767363
vn 0.600448 0.293428 0.743883
vn 0.801066 0.240211 -0.548263
vn 0.769815 0.228984 -0.595778
vn 0.319785 0.084616 -0.943704
vn 0.413631 0.119365 -0.902586
vn 0.954258 0.287129 -0.083357
vn 0.952943 0.286513 -0.099047
vn 0.769815 0.228984 -0.595778
vn 0.801066 0.240211 -0.548263
vn 0.898135 0.268352 0.348339
vn 0.886419 0.263920 0.380273
vn 0.952943 0.286513 -0.099047
vn 0.954258 0.287129 -0.083357
vn 0.668567 0.193197 0.718117
vn 0.617292 0.174722 0.767087
vn 0.886419 0.263920 0.380273
vn 0.898135 0.268352 0.348339
vn 0.211307 0.047498 0.976265
vn 0.072130 0.002737 0.997392
vn 0.617292 0.174722 0.767087
vn 0.668567 0.193197 0.718117
vn -0.610985 -0.196040 0.766985
vn -0.688393 -0.217663 0.691908
vn 0.072130 0.002737 0.997392
vn 0.211307 0.047498 0.976265
vn -0.924639 -0.276366 0.262040
vn -0.926157 -0.276672 0.256294
vn -0.688393 -0.217663 0.691908
vn -0.610985 -0.196040 0.766985
vn -0.956673 -0.290189 -0.023825
vn -0.956851 -0.290340 -0.011778
vn -0.926157 -0.276672 0.256294
vn -0.924639 -0.276366 0.262040
vn -0.608578 -0.210356 -0.765104
vn -0.698463 -0.237098 -0.675229
vn -0.956851 -0.290340 -0.011778
vn -0.956673 -0.290189 -0.023825
vn -0.045500 -0.030858 -0.998488
vn -0.132308 -0.066285 -0.988990
vn -0.698463 -0.237098 -0.675229
vn -0.608578 -0.210356 -0.765104
vn 0.413631 0.119365 -0.902586
vn 0.319785 0.084616 -0.943704
vn -0.132308 -0.066285 -0.988990
vn -0.045500 -0.030858 -0.998488
vn 0.105514 -0.195414 0.975028
vn 0.126017 -0.023635 0.991747
vn -0.000046 0.000233 1.000000
vn -0.053939 -0.164009 0.984983
vn 0.322131 -0.231458 0.917964
vn 0.361831 -0.062605 0.930139
vn 0.126017 -0.023635 0.991747
vn 0.105514 -0.195414 0.975028
vn 0.692762 -0.231405 0.683032
vn 0.729032 -0.087322 0.678887
vn 0.361831 -0.062605 0.930139
vn 0.322131 -0.231458 0.917964
vn 0.926496 -0.276265 0.255507
vn 0.924604 -0.116331 0.362731
vn 0.729032 -0.087322 0.678887
vn 0.692762 -0.231405 0.683032
vn 0.979087 -0.190834 -0.070505
vn 0.924604 -0.116331 0.362731
vn 0.926496 -0.276265 0.255507
vn 0.932098 -0.296718 -0.207729
vn 0.979087 -0.190834 -0.070505
vn 0.932098 -0.296718 -0.207729
vn 0.731587 -0.312334 -0.605994
vn 0.536575 -0.356535 -0.764833
vn 0.907790 0.350523 -0.230328
vn 0.695132 0.356259 -0.624397
vn 0.694101 -0.399061 -0.599145
vn 0.903121 -0.381919 -0.196240
vn 0.921740 0.336487 0.192801
vn 0.907790 0.350523 -0.230328
vn 0.903121 -0.381919 -0.196240
vn 0.889542 -0.400573 0.219674
vn 0.700370 0.296041 0.649494
vn 0.921740 0.336487 0.192801
vn 0.889542 -0.400573 0.219674
vn 0.660732 -0.408441 0.629769
vn 0.371572 0.248491 0.894531
vn 0.700370 0.296041 0.649494
vn 0.660732 -0.408441 0.629769
vn 0.331907 -0.346447 0.877390
vn 0.199485 0.251570 0.947058
vn 0.371572 0.248491 0.894531
vn 0.331907 -0.346447 0.877390
vn 0.135971 -0.257562 0.956647
vn -0.079086 -0.208747 0.974767
vn -0.142887 0.264286 0.953801
vn 0.199485 0.251570 0.947058
vn 0.135971 -0.257562 0.956647
vn 0.932098 -0.296718 -0.207729
vn 0.903121 -0.381919 -0.196240
vn 0.694101 -0.399061 -0.599145
vn 0.731587 -0.312334 -0.605994
vn 0.926496 -0.276265 0.255507
vn 0.889542 -0.400573 0.219674
vn 0.903121 -0.381919 -0.196240
vn 0.932098 -0.296718 -0.207729
vn 0.889542 -0.400573 0.219674
vn 0.926496 -0.276265 0.255507
vn 0.692762 -0.231405 0.683032
vn 0.660732 -0.408441 0.629769
vn 0.660732 -0.408441 0.629769
vn 0.692762 -0.231405 0.683032
vn 0.322131 -0.231458 0.917964
vn 0.331907 -0.346447 0.877390
vn 0.331907 -0.346447 0.877390
vn 0.322131 -0.231458 0.917964
vn 0.105514 -0.195414 0.975028
vn 0.135971 -0.257562 0.956647
vn 0.135971 -0.257562 0.956647
vn 0.105514 -0.195414 0.975028
vn -0.053939 -0.164009 0.984983
vn -0.079086 -0.208747 0.974767
vn 0.081149 -0.377542 -0.922430
vn 0.536575 -0.356535 -0.764833
vn 0.731587 -0.312334 -0.605994
vn 0.353767 -0.275160 -0.893944
vn -0.003161 -0.359696 -0.933064
vn 0.081149 -0.377542 -0.922430
vn 0.353767 -0.275160 -0.893944
vn -0.155471 -0.227962 -0.961177
vn 0.731587 -0.312334 -0.605994
vn 0.694101 -0.399061 -0.599145
vn 0.365131 -0.369615 -0.854438
vn 0.353767 -0.275160 -0.893944
vn 0.353767 -0.275160 -0.893944
vn 0.365131 -0.369615 -0.854438
vn -0.183149 -0.345116 -0.920517
vn -0.155471 -0.227962 -0.961177
vn 0.365131 -0.369615 -0.854438
vn 0.694101 -0.399061 -0.599145
vn 0.695132 0.356259 -0.624397
vn 0.112569 -0.360904 -0.925784
vn -0.006022 -0.340591 -0.940192
vn -0.183149 -0.345116 -0.920517
vn 0.365131 -0.369615 -0.854438
vn 0.112569 -0.360904 -0.925784
vn -0.186933 0.146377 -0.971406
vn 0.395665 0.164808 -0.903486
vn 0.185002 -0.036295 -0.982068
vn 0.000051 0.017063 -0.999855
vn 0.185002 -0.036295 -0.982068
vn 0.395665 0.164808 -0.903486
vn 0.722548 0.201168 -0.661404
vn 0.627108 -0.175748 -0.758846
vn 0.938849 0.244204 -0.242750
vn 0.947567 0.203168 -0.246658
vn 0.627108 -0.175748 -0.758846
vn 0.722548 0.201168 -0.661404
vn 0.942900 0.251070 0.218867
vn 0.967099 -0.252827 0.028250
vn 0.947567 0.203168 -0.246658
vn 0.938849 0.244204 -0.242750
vn 0.967099 -0.252827 0.028250
vn 0.942900 0.251070 0.218867
vn 0.695662 0.207184 0.687843
vn 0.776252 -0.206420 0.595671
vn 0.776252 -0.206420 0.595671
vn 0.695662 0.207184 0.687843
vn 0.432011 0.166516 0.886363
vn 0.453941 -0.122165 0.882617
vn 0.453941 -0.122165 0.882617
vn 0.432011 0.166516 0.886363
vn 0.340603 0.171605 0.924414
vn 0.234728 -0.078268 0.968905
vn 0.234728 -0.078268 0.968905
vn 0.340603 0.171605 0.924414
vn 0.316185 0.186797 0.930126
vn 0.000005 -0.061740 0.998092
vn 0.340603 0.171605 0.924414
vn 0.266575 0.247508 0.931492
vn 0.217133 0.262062 0.940307
vn 0.316185 0.186797 0.930126
vn 0.432011 0.166516 0.886363
vn 0.402793 0.245499 0.881753
vn 0.266575 0.247508 0.931492
vn 0.340603 0.171605 0.924414
vn 0.695662 0.207184 0.687843
vn 0.697939 0.289618 0.654983
vn 0.402793 0.245499 0.881753
vn 0.432011 0.166516 0.886363
vn 0.942900 0.251070 0.218867
vn 0.924992 0.324300 0.198037
vn 0.697939 0.289618 0.654983
vn 0.695662 0.207184 0.687843
vn 0.924992 0.324300 0.198037
vn 0.942900 0.251070 0.218867
vn 0.938849 0.244204 -0.242750
vn 0.917814 0.320189 -0.234728
vn 0.917814 0.320189 -0.234728
vn 0.938849 0.244204 -0.242750
vn 0.722548 0.201168 -0.661404
vn 0.710285 0.296430 -0.638455
vn 0.395665 0.164808 -0.903486
vn 0.386763 0.277747 -0.879358
vn 0.710285 0.296430 -0.638455
vn 0.722548 0.201168 -0.661404
vn -0.185141 0.265023 -0.946301
vn 0.386763 0.277747 -0.879358
vn 0.395665 0.164808 -0.903486
vn -0.186933 0.146377 -0.971406
vn 0.341283 -0.435505 -0.832984
vn 0.381988 0.084978 -0.920252
vn 0.133980 0.108044 -0.985077
vn 0.381988 0.084978 -0.920252
vn 0.120795 0.128044 -0.984385
vn -0.057019 0.117046 -0.991488
vn 0.133980 0.108044 -0.985077
vn 0.120795 0.128044 -0.984385
vn -0.428679 0.124141 -0.894887
vn -0.215832 0.084936 -0.972729
vn -0.057019 0.117046 -0.991488
vn -0.341283 -0.435505 -0.832984
vn -0.215832 0.084936 -0.972729
vn -0.428679 0.124141 -0.894887
vn -0.978906 0.006142 -0.204217
vn -0.884302 0.077100 -0.460505
vn -0.536575 -0.356535 -0.764833
vn -0.979087 -0.190834 -0.070505
vn -0.957702 0.033988 0.285749
vn -0.978906 0.006142 -0.204217
vn -0.979087 -0.190834 -0.070505
vn -0.924604 -0.116331 0.362731
vn -0.685095 0.073203 0.724766
vn -0.957702 0.033988 0.285749
vn -0.924604 -0.116331 0.362731
vn -0.729032 -0.087322 0.678887
vn -0.293133 0.077875 0.952895
vn -0.685095 0.073203 0.724766
vn -0.729032 -0.087322 0.678887
vn -0.361831 -0.062605 0.930139
vn -0.086303 0.077372 0.993260
vn -0.293133 0.077875 0.952895
vn -0.361831 -0.062605 0.930139
vn -0.126017 -0.023635 0.991747
vn -0.000046 0.000233 1.000000
vn -0.041003 0.078099 0.996102
vn -0.086303 0.077372 0.993260
vn -0.126017 -0.023635 0.991747
vn -0.000046 0.000233 1.000000
vn 0.126017 -0.023635 0.991747
vn 0.086303 0.077372 0.993260
vn -0.041003 0.078099 0.996102
vn 0.293133 0.077875 0.952895
vn 0.086303 0.077372 0.993260
vn 0.126017 -0.023635 0.991747
vn 0.361831 -0.062605 0.930139
vn 0.671243 0.073350 0.737599
vn 0.293133 0.077875 0.952895
vn 0.361831 -0.062605 0.930139
vn 0.729032 -0.087322 0.678887
vn 0.962047 0.069948 0.263768
vn 0.671243 0.073350 0.737599
vn 0.729032 -0.087322 0.678887
vn 0.924604 -0.116331 0.362731
vn 0.985447 0.072714 -0.153644
vn 0.962047 0.069948 0.263768
vn 0.924604 -0.116331 0.362731
vn 0.979087 -0.190834 -0.070505
vn 0.848002 0.032842 -0.528975
vn 0.985447 0.072714 -0.153644
vn 0.979087 -0.190834 -0.070505
vn 0.536575 -0.356535 -0.764833
vn 0.381988 0.084978 -0.920252
vn 0.848002 0.032842 -0.528975
vn 0.536575 -0.356535 -0.764833
vn 0.081149 -0.377542 -0.922430
vn 0.081149 -0.377542 -0.922430
vn -0.003161 -0.359696 -0.933064
vn 0.120795 0.128044 -0.984385
vn 0.381988 0.084978 -0.920252
vn -0.081149 -0.377542 -0.922430
vn -0.428679 0.124141 -0.894887
vn 0.120795 0.128044 -0.984385
vn -0.003161 -0.359696 -0.933064
vn -0.428679 0.124141 -0.894887
vn -0.081149 -0.377542 -0.922430
vn -0.536575 -0.356535 -0.764833
vn -0.884302 0.077100 -0.460505
vn 0.098515 0.231014 0.967950
vn 0.098515 0.231014 0.967950
vn 0.098515 0.231014 0.967950
vn 0.098515 0.231014 0.967950
vn -0.141425 0.277042 0.950393
vn -0.141425 0.277042 0.950393
vn -0.141425 0.277042 0.950393
vn -0.141425 0.277042 0.950393
vn 0.772229 -0.621355 -0.132593
vn 0.954228 -0.283235 -0.096057
vn 0.957762 -0.275727 0.081644
vn 0.786362 -0.616854 0.033564
vn 0.977819 -0.200416 -0.060852
vn 0.923412 -0.381440 -0.042598
vn 0.933958 -0.338891 0.113472
vn 0.977306 -0.181255 0.109637
vn 0.923412 -0.381440 -0.042598
vn 0.955046 -0.293840 -0.039297
vn 0.954983 -0.256178 0.149602
vn 0.933958 -0.338891 0.113472
vn 0.970519 0.238319 0.036019
vn 0.799900 0.592561 0.095037
vn 0.783100 0.600047 0.163396
vn 0.933269 0.308953 0.183184
vn 0.955046 -0.293840 -0.039297
vn 0.999475 -0.027655 -0.016872
vn 0.979361 0.036531 0.198792
vn 0.954983 -0.256178 0.149602
vn 0.306753 -0.931023 0.197736
vn 0.171437 -0.952222 0.252751
vn 0.184768 -0.981951 -0.040419
vn 0.332071 -0.939838 -0.080207
vn 0.131178 0.761150 0.635171
vn 0.269754 0.240830 0.932327
vn 0.218444 0.240770 0.945681
vn 0.239740 0.715427 0.656269
vn 0.877750 -0.325349 0.351714
vn 0.652374 -0.403352 0.641650
vn 0.496290 -0.766628 0.407403
vn 0.725631 -0.653353 0.215845
vn 0.879687 -0.133874 0.456321
vn 0.859084 -0.176129 0.480576
vn 0.548140 0.069519 0.833493
vn 0.652167 0.066034 0.755194
vn 0.859084 -0.176129 0.480576
vn 0.841236 -0.139840 0.522272
vn 0.463679 0.037209 0.885222
vn 0.548140 0.069519 0.833493
vn 0.801776 0.324080 0.502123
vn 0.728640 0.601859 0.326877
vn 0.460506 0.685927 0.563417
vn 0.453070 0.270368 0.849487
vn 0.783100 0.600047 0.163396
vn 0.799900 0.592561 0.095037
vn 0.494874 0.864357 0.089374
vn 0.465189 0.866583 0.180646
vn 0.772229 -0.621355 -0.132593
vn 0.786362 -0.616854 0.033564
vn 0.507364 -0.856143 0.097990
vn 0.541007 -0.831259 -0.127752
vn 0.841236 -0.139840 0.522272
vn 0.817281 0.063764 0.572700
vn 0.421728 0.042279 0.905736
vn 0.463679 0.037209 0.885222
vn 0.240746 0.968768 0.059414
vn 0.090876 0.994999 0.041454
vn 0.105917 0.958581 0.264392
vn 0.243809 0.939996 0.238672
vn 0.057298 -0.464867 0.883525
vn 0.173664 -0.621986 0.763528
vn 0.110519 -0.716240 0.689047
vn 0.030082 -0.494446 0.868688
vn 0.566540 -0.306044 0.765095
vn 0.562144 0.296143 0.772200
vn 0.185326 0.355742 0.916025
vn 0.213655 -0.337624 0.916712
vn 0.468385 0.397363 0.789125
vn 0.204760 0.427313 0.880612
vn 0.161065 0.635713 0.754935
vn 0.468649 0.580799 0.665613
vn 0.247043 0.483550 0.839732
vn 0.084235 0.819641 0.566650
vn 0.195812 0.442118 0.875322
vn 0.468385 0.397363 0.789125
vn 0.431114 0.238671 0.870159
vn 0.227719 0.239892 0.943714
vn 0.204760 0.427313 0.880612
vn 0.173664 -0.621986 0.763528
vn 0.379079 -0.778198 0.500707
vn 0.199774 -0.802127 0.562745
vn 0.110519 -0.716240 0.689047
vn 0.745293 -0.271971 0.608744
vn 0.773636 0.279163 0.568819
vn 0.562144 0.296143 0.772200
vn 0.566540 -0.306044 0.765095
vn 0.173664 -0.621986 0.763528
vn 0.290952 -0.434194 0.852539
vn 0.513432 -0.724146 0.460436
vn 0.379079 -0.778198 0.500707
vn 0.154671 -0.455088 0.876910
vn 0.290952 -0.434194 0.852539
vn 0.173664 -0.621986 0.763528
vn 0.057298 -0.464867 0.883525
vn 0.171437 -0.952222 0.252751
vn 0.095135 -0.965037 0.244238
vn 0.123488 -0.991444 -0.042309
vn 0.184768 -0.981951 -0.040419
vn 0.269754 0.240830 0.932327
vn 0.131178 0.761150 0.635171
vn 0.345781 0.446294 0.825383
vn 0.462694 0.206579 0.862113
vn 0.388430 0.089879 0.917085
vn 0.649553 0.211801 0.730220
vn 0.718609 0.336832 0.608396
vn 0.517338 0.409824 0.751269
vn 0.462694 0.206579 0.862113
vn 0.718609 0.336832 0.608396
vn 0.699673 0.472051 0.536307
vn 0.507364 -0.856143 0.097990
vn 0.306753 -0.931023 0.197736
vn 0.332071 -0.939838 -0.080207
vn 0.541007 -0.831259 -0.127752
vn 0.496290 -0.766628 0.407403
vn 0.652374 -0.403352 0.641650
vn 0.393968 -0.415341 0.819927
vn 0.324595 -0.800635 0.503609
vn 0.548140 0.069519 0.833493
vn 0.463679 0.037209 0.885222
vn 0.257002 0.139427 0.956300
vn 0.346959 0.300506 0.888434
vn 0.421728 0.042279 0.905736
vn 0.222205 0.036199 0.974328
vn 0.257002 0.139427 0.956300
vn 0.463679 0.037209 0.885222
vn 0.460506 0.685927 0.563417
vn 0.239740 0.715427 0.656269
vn 0.218444 0.240770 0.945681
vn 0.453070 0.270368 0.849487
vn 0.494874 0.864357 0.089374
vn 0.240746 0.968768 0.059414
vn 0.243809 0.939996 0.238672
vn 0.465189 0.866583 0.180646
vn 0.999475 -0.027655 -0.016872
vn 0.970519 0.238319 0.036019
vn 0.933269 0.308953 0.183184
vn 0.979361 0.036531 0.198792
vn 0.817281 0.063764 0.572700
vn 0.801776 0.324080 0.502123
vn 0.453070 0.270368 0.849487
vn 0.421728 0.042279 0.905736
vn 0.218444 0.240770 0.945681
vn 0.222205 0.036199 0.974328
vn 0.421728 0.042279 0.905736
vn 0.453070 0.270368 0.849487
vn 0.269754 0.240830 0.932327
vn 0.388430 0.089879 0.917085
vn 0.222205 0.036199 0.974328
vn 0.218444 0.240770 0.945681
vn 0.388430 0.089879 0.917085
vn 0.269754 0.240830 0.932327
vn 0.345781 0.446294 0.825383
vn 0.649553 0.211801 0.730220
vn 0.431114 0.238671 0.870159
vn 0.247043 0.483550 0.839732
vn 0.195812 0.442118 0.875322
vn 0.227719 0.239892 0.943714
vn 0.517338 0.409824 0.751269
vn 0.346959 0.300506 0.888434
vn 0.257002 0.139427 0.956300
vn 0.462694 0.206579 0.862113
vn 0.468649 0.580799 0.665613
vn 0.562144 0.296143 0.772200
vn 0.773636 0.279163 0.568819
vn 0.699673 0.472051 0.536307
vn 0.161065 0.635713 0.754935
vn 0.185326 0.355742 0.916025
vn 0.562144 0.296143 0.772200
vn 0.468649 0.580799 0.665613
vn 0.462694 0.206579 0.862113
vn 0.257002 0.139427 0.956300
vn 0.222205 0.036199 0.974328
vn 0.388430 0.089879 0.917085
vn 0.527605 0.224362 0.819326
vn 0.517128 0.019660 0.855682
vn 0.683850 0.062967 0.726901
vn 0.652167 0.066034 0.755194
vn 0.393968 -0.415341 0.819927
vn 0.290952 -0.434194 0.852539
vn 0.154671 -0.455088 0.876910
vn 0.346959 0.300506 0.888434
vn 0.527605 0.224362 0.819326
vn 0.652167 0.066034 0.755194
vn 0.548140 0.069519 0.833493
vn 0.346959 0.300506 0.888434
vn 0.517338 0.409824 0.751269
vn 0.632998 0.300317 0.713528
vn 0.527605 0.224362 0.819326
vn 0.632998 0.300317 0.713528
vn 0.617068 -0.171639 0.767963
vn 0.517128 0.019660 0.855682
vn 0.527605 0.224362 0.819326
vn 0.773636 0.279163 0.568819
vn 0.745293 -0.271971 0.608744
vn 0.617068 -0.171639 0.767963
vn 0.632998 0.300317 0.713528
vn 0.718609 0.336832 0.608396
vn 0.468385 0.397363 0.789125
vn 0.468649 0.580799 0.665613
vn 0.699673 0.472051 0.536307
vn 0.718609 0.336832 0.608396
vn 0.649553 0.211801 0.730220
vn 0.431114 0.238671 0.870159
vn 0.468385 0.397363 0.789125
vn 0.247043 0.483550 0.839732
vn 0.431114 0.238671 0.870159
vn 0.649553 0.211801 0.730220
vn 0.345781 0.446294 0.825383
vn 0.131178 0.761150 0.635171
vn 0.084235 0.819641 0.566650
vn 0.247043 0.483550 0.839732
vn 0.345781 0.446294 0.825383
vn 0.090876 0.994999 0.041454
vn 0.046062 0.998303 0.035620
vn 0.053327 0.964110 0.260092
vn 0.105917 0.958581 0.264392
vn 0.632998 0.300317 0.713528
vn 0.517338 0.409824 0.751269
vn 0.699673 0.472051 0.536307
vn 0.773636 0.279163 0.568819
vn 0.652167 0.066034 0.755194
vn 0.683850 0.062967 0.726901
vn 0.888350 0.070260 0.453759
vn 0.879687 -0.133874 0.456321
vn 0.977306 -0.181255 0.109637
vn 0.990541 0.053511 0.126356
vn 0.995578 0.055515 -0.075775
vn 0.977819 -0.200416 -0.060852
vn 0.517128 0.019660 0.855682
vn 0.617068 -0.171639 0.767963
vn 0.290952 -0.434194 0.852539
vn 0.652374 -0.403352 0.641650
vn 0.683850 0.062967 0.726901
vn 0.517128 0.019660 0.855682
vn 0.393968 -0.415341 0.819927
vn 0.888350 0.070260 0.453759
vn 0.683850 0.062967 0.726901
vn 0.652374 -0.403352 0.641650
vn 0.877750 -0.325349 0.351714
vn 0.954228 -0.283235 -0.096057
vn 0.995578 0.055515 -0.075775
vn 0.990541 0.053511 0.126356
vn 0.957762 -0.275727 0.081644
vn 0.745293 -0.271971 0.608744
vn 0.513432 -0.724146 0.460436
vn 0.290952 -0.434194 0.852539
vn 0.617068 -0.171639 0.767963
vn 0.513432 -0.724146 0.460436
vn 0.745293 -0.271971 0.608744
vn 0.566540 -0.306044 0.765095
vn 0.379079 -0.778198 0.500707
vn 0.199774 -0.802127 0.562745
vn 0.379079 -0.778198 0.500707
vn 0.566540 -0.306044 0.765095
vn 0.213655 -0.337624 0.916712
vn 0.034186 -0.791942 0.609639
vn 0.095135 -0.965037 0.244238
vn 0.072038 -0.834870 0.545713
vn 0.173819 -0.858119 0.483135
vn 0.072038 -0.834870 0.545713
vn 0.095135 -0.965037 0.244238
vn 0.171437 -0.952222 0.252751
vn 0.324595 -0.800635 0.503609
vn 0.173819 -0.858119 0.483135
vn 0.171437 -0.952222 0.252751
vn 0.306753 -0.931023 0.197736
vn 0.496290 -0.766628 0.407403
vn 0.324595 -0.800635 0.503609
vn 0.306753 -0.931023 0.197736
vn 0.507364 -0.856143 0.097990
vn 0.786362 -0.616854 0.033564
vn 0.725631 -0.653353 0.215845
vn 0.496290 -0.766628 0.407403
vn 0.507364 -0.856143 0.097990
vn 0.957762 -0.275727 0.081644
vn 0.877750 -0.325349 0.351714
vn 0.725631 -0.653353 0.215845
vn 0.786362 -0.616854 0.033564
vn 0.990541 0.053511 0.126356
vn 0.888350 0.070260 0.453759
vn 0.877750 -0.325349 0.351714
vn 0.957762 -0.275727 0.081644
vn 0.879687 -0.133874 0.456321
vn 0.888350 0.070260 0.453759
vn 0.990541 0.053511 0.126356
vn 0.977306 -0.181255 0.109637
vn 0.933958 -0.338891 0.113472
vn 0.859084 -0.176129 0.480576
vn 0.879687 -0.133874 0.456321
vn 0.977306 -0.181255 0.109637
vn 0.954983 -0.256178 0.149602
vn 0.841236 -0.139840 0.522272
vn 0.859084 -0.176129 0.480576
vn 0.933958 -0.338891 0.113472
vn 0.979361 0.036531 0.198792
vn 0.817281 0.063764 0.572700
vn 0.841236 -0.139840 0.522272
vn 0.954983 -0.256178 0.149602
vn 0.933269 0.308953 0.183184
vn 0.801776 0.324080 0.502123
vn 0.817281 0.063764 0.572700
vn 0.979361 0.036531 0.198792
vn 0.783100 0.600047 0.163396
vn 0.728640 0.601859 0.326877
vn 0.801776 0.324080 0.502123
vn 0.933269 0.308953 0.183184
vn 0.728640 0.601859 0.326877
vn 0.783100 0.600047 0.163396
vn 0.465189 0.866583 0.180646
vn 0.460506 0.685927 0.563417
vn 0.243809 0.939996 0.238672
vn 0.239740 0.715427 0.656269
vn 0.460506 0.685927 0.563417
vn 0.465189 0.866583 0.180646
vn 0.243809 0.939996 0.238672
vn 0.105917 0.958581 0.264392
vn 0.131178 0.761150 0.635171
vn 0.239740 0.715427 0.656269
vn 0.084235 0.819641 0.566650
vn 0.131178 0.761150 0.635171
vn 0.105917 0.958581 0.264392
vn 0.053327 0.964110 0.260092
vn 0.772229 -0.621355 -0.132593
vn 0.712878 -0.627738 -0.312650
vn 0.912693 -0.301171 -0.276202
vn 0.954228 -0.283235 -0.096057
vn 0.977819 -0.200416 -0.060852
vn 0.946455 -0.234771 -0.221598
vn 0.897759 -0.388938 -0.206775
vn 0.923412 -0.381440 -0.042598
vn 0.923412 -0.381440 -0.042598
vn 0.897759 -0.388938 -0.206775
vn 0.931541 -0.283621 -0.227576
vn 0.955046 -0.293840 -0.039297
vn 0.970519 0.238319 0.036019
vn 0.969007 0.123732 -0.213814
vn 0.826034 0.543599 -0.148888
vn 0.799900 0.592561 0.095037
vn 0.955046 -0.293840 -0.039297
vn 0.931541 -0.283621 -0.227576
vn 0.963850 -0.080953 -0.253849
vn 0.999475 -0.027655 -0.016872
vn 0.336590 -0.881699 -0.330628
vn 0.332071 -0.939838 -0.080207
vn 0.184768 -0.981951 -0.040419
vn 0.194314 -0.926191 -0.323130
vn 0.826034 0.543599 -0.148888
vn 0.481649 0.867453 -0.124662
vn 0.494874 0.864357 0.089374
vn 0.799900 0.592561 0.095037
vn 0.772229 -0.621355 -0.132593
vn 0.541007 -0.831259 -0.127752
vn 0.517781 -0.782819 -0.345105
vn 0.712878 -0.627738 -0.312650
vn 0.240746 0.968768 0.059414
vn 0.214283 0.966976 -0.137985
vn 0.074728 0.984089 -0.161196
vn 0.090876 0.994999 0.041454
vn 0.194314 -0.926191 -0.323130
vn 0.184768 -0.981951 -0.040419
vn 0.123488 -0.991444 -0.042309
vn 0.130963 -0.937266 -0.323082
vn 0.517781 -0.782819 -0.345105
vn 0.541007 -0.831259 -0.127752
vn 0.332071 -0.939838 -0.080207
vn 0.336590 -0.881699 -0.330628
vn 0.494874 0.864357 0.089374
vn 0.481649 0.867453 -0.124662
vn 0.214283 0.966976 -0.137985
vn 0.240746 0.968768 0.059414
vn 0.999475 -0.027655 -0.016872
vn 0.963850 -0.080953 -0.253849
vn 0.969007 0.123732 -0.213814
vn 0.970519 0.238319 0.036019
vn 0.090876 0.994999 0.041454
vn 0.074728 0.984089 -0.161196
vn 0.042785 0.983876 -0.173657
vn 0.046062 0.998303 0.035620
vn 0.946455 -0.234771 -0.221598
vn 0.977819 -0.200416 -0.060852
vn 0.995578 0.055515 -0.075775
vn 0.971009 0.015508 -0.238540
vn 0.954228 -0.283235 -0.096057
vn 0.912693 -0.301171 -0.276202
vn 0.971009 0.015508 -0.238540
vn 0.995578 0.055515 -0.075775
vn 0.194314 -0.926191 -0.323130
vn 0.130963 -0.937266 -0.323082
vn 0.120749 -0.820200 -0.559188
vn 0.189933 -0.811538 -0.552568
vn 0.336590 -0.881699 -0.330628
vn 0.194314 -0.926191 -0.323130
vn 0.189933 -0.811538 -0.552568
vn 0.330224 -0.777157 -0.535705
vn 0.517781 -0.782819 -0.345105
vn 0.336590 -0.881699 -0.330628
vn 0.330224 -0.777157 -0.535705
vn 0.485880 -0.721225 -0.493716
vn 0.712878 -0.627738 -0.312650
vn 0.517781 -0.782819 -0.345105
vn 0.485880 -0.721225 -0.493716
vn 0.599126 -0.615299 -0.512303
vn 0.912693 -0.301171 -0.276202
vn 0.712878 -0.627738 -0.312650
vn 0.599126 -0.615299 -0.512303
vn 0.778992 -0.333255 -0.531143
vn 0.971009 0.015508 -0.238540
vn 0.912693 -0.301171 -0.276202
vn 0.778992 -0.333255 -0.531143
vn 0.803127 -0.122136 -0.583155
vn 0.946455 -0.234771 -0.221598
vn 0.971009 0.015508 -0.238540
vn 0.803127 -0.122136 -0.583155
vn 0.798503 -0.262766 -0.541615
vn 0.897759 -0.388938 -0.206775
vn 0.946455 -0.234771 -0.221598
vn 0.798503 -0.262766 -0.541615
vn 0.770370 -0.368612 -0.520246
vn 0.931541 -0.283621 -0.227576
vn 0.897759 -0.388938 -0.206775
vn 0.770370 -0.368612 -0.520246
vn 0.796557 -0.233855 -0.557503
vn 0.963850 -0.080953 -0.253849
vn 0.931541 -0.283621 -0.227576
vn 0.796557 -0.233855 -0.557503
vn 0.794670 -0.024992 -0.606528
vn 0.969007 0.123732 -0.213814
vn 0.963850 -0.080953 -0.253849
vn 0.794670 -0.024992 -0.606528
vn 0.792898 0.105846 -0.600091
vn 0.826034 0.543599 -0.148888
vn 0.969007 0.123732 -0.213814
vn 0.792898 0.105846 -0.600091
vn 0.730743 0.422860 -0.535914
vn 0.481649 0.867453 -0.124662
vn 0.826034 0.543599 -0.148888
vn 0.730743 0.422860 -0.535914
vn 0.446366 0.779197 -0.440011
vn 0.214283 0.966976 -0.137985
vn 0.481649 0.867453 -0.124662
vn 0.446366 0.779197 -0.440011
vn 0.207398 0.848324 -0.487168
vn 0.074728 0.984089 -0.161196
vn 0.214283 0.966976 -0.137985
vn 0.207398 0.848324 -0.487168
vn 0.083220 0.863750 -0.497001
vn 0.042785 0.983876 -0.173657
vn 0.074728 0.984089 -0.161196
vn 0.083220 0.863750 -0.497001
vn 0.049362 0.866565 -0.496617
vn 0.323085 0.388009 -0.863172
vn 0.382190 0.227739 -0.895581
vn 0.159643 0.317129 -0.934849
vn 0.123143 0.480500 -0.868306
vn 0.778992 -0.333255 -0.531143
vn 0.599126 -0.615299 -0.512303
vn 0.384806 -0.550609 -0.740780
vn 0.446048 -0.361739 -0.818649
vn 0.803127 -0.122136 -0.583155
vn 0.778992 -0.333255 -0.531143
vn 0.446048 -0.361739 -0.818649
vn 0.440712 -0.233377 -0.866780
vn 0.798503 -0.262766 -0.541615
vn 0.803127 -0.122136 -0.583155
vn 0.440712 -0.233377 -0.866780
vn 0.451375 -0.245033 -0.858032
vn 0.770370 -0.368612 -0.520246
vn 0.798503 -0.262766 -0.541615
vn 0.451375 -0.245033 -0.858032
vn 0.441023 -0.279680 -0.852806
vn 0.796557 -0.233855 -0.557503
vn 0.770370 -0.368612 -0.520246
vn 0.441023 -0.279680 -0.852806
vn 0.443234 -0.142854 -0.884950
vn 0.794670 -0.024992 -0.606528
vn 0.796557 -0.233855 -0.557503
vn 0.443234 -0.142854 -0.884950
vn 0.423297 0.085420 -0.901955
vn 0.792898 0.105846 -0.600091
vn 0.794670 -0.024992 -0.606528
vn 0.423297 0.085420 -0.901955
vn 0.382190 0.227739 -0.895581
vn 0.440712 -0.233377 -0.866780
vn 0.446048 -0.361739 -0.818649
vn 0.210794 -0.344629 -0.914766
vn 0.206733 -0.272521 -0.939678
vn 0.451375 -0.245033 -0.858032
vn 0.440712 -0.233377 -0.866780
vn 0.206733 -0.272521 -0.939678
vn 0.214628 -0.228941 -0.949485
vn 0.441023 -0.279680 -0.852806
vn 0.451375 -0.245033 -0.858032
vn 0.214628 -0.228941 -0.949485
vn 0.211800 -0.210336 -0.954411
vn 0.443234 -0.142854 -0.884950
vn 0.441023 -0.279680 -0.852806
vn 0.211800 -0.210336 -0.954411
vn 0.204915 -0.090054 -0.974628
vn 0.423297 0.085420 -0.901955
vn 0.443234 -0.142854 -0.884950
vn 0.204915 -0.090054 -0.974628
vn 0.191289 0.139803 -0.971527
vn 0.382190 0.227739 -0.895581
vn 0.423297 0.085420 -0.901955
vn 0.191289 0.139803 -0.971527
vn 0.159643 0.317129 -0.934849
vn 0.730743 0.422860 -0.535914
vn 0.792898 0.105846 -0.600091
vn 0.382190 0.227739 -0.895581
vn 0.323085 0.388009 -0.863172
vn 0.207398 0.848324 -0.487168
vn 0.446366 0.779197 -0.440011
vn 0.730743 0.422860 -0.535914
vn 0.323085 0.388009 -0.863172
vn 0.206733 -0.272521 -0.939678
vn 0.210794 -0.344629 -0.914766
vn 0.106435 -0.336259 -0.935736
vn 0.109568 -0.285433 -0.952115
vn 0.214628 -0.228941 -0.949485
vn 0.206733 -0.272521 -0.939678
vn 0.109568 -0.285433 -0.952115
vn 0.116856 -0.225170 -0.967286
vn 0.211800 -0.210336 -0.954411
vn 0.214628 -0.228941 -0.949485
vn 0.116856 -0.225170 -0.967286
vn 0.116268 -0.183873 -0.976049
vn 0.204915 -0.090054 -0.974628
vn 0.211800 -0.210336 -0.954411
vn 0.116268 -0.183873 -0.976049
vn 0.111160 -0.071750 -0.991209
vn 0.191289 0.139803 -0.971527
vn 0.204915 -0.090054 -0.974628
vn 0.111160 -0.071750 -0.991209
vn 0.103452 0.157678 -0.982057
vn 0.159643 0.317129 -0.934849
vn 0.191289 0.139803 -0.971527
vn 0.103452 0.157678 -0.982057
vn 0.086885 0.347576 -0.933618
vn 0.123143 0.480500 -0.868306
vn 0.159643 0.317129 -0.934849
vn 0.086885 0.347576 -0.933618
vn 0.068924 0.510088 -0.857356
vn 0.049362 0.866565 -0.496617
vn 0.083220 0.863750 -0.497001
vn 0.123143 0.480500 -0.868306
vn 0.068924 0.510088 -0.857356
vn 0.083220 0.863750 -0.497001
vn 0.207398 0.848324 -0.487168
vn 0.323085 0.388009 -0.863172
vn 0.123143 0.480500 -0.868306
vn 0.446048 -0.361739 -0.818649
vn 0.384806 -0.550609 -0.740780
vn 0.206374 -0.548061 -0.810579
vn 0.210794 -0.344629 -0.914766
vn 0.210794 -0.344629 -0.914766
vn 0.206374 -0.548061 -0.810579
vn 0.116770 -0.551534 -0.825939
vn 0.106435 -0.336259 -0.935736
vn 0.189933 -0.811538 -0.552568
vn 0.120749 -0.820200 -0.559188
vn 0.116770 -0.551534 -0.825939
vn 0.206374 -0.548061 -0.810579
vn 0.330224 -0.777157 -0.535705
vn 0.189933 -0.811538 -0.552568
vn 0.206374 -0.548061 -0.810579
vn 0.384806 -0.550609 -0.740780
vn 0.485880 -0.721225 -0.493716
vn 0.330224 -0.777157 -0.535705
vn 0.384806 -0.550609 -0.740780
vn 0.599126 -0.615299 -0.512303
vn 0.154671 -0.455088 0.876910
vn 0.173819 -0.858119 0.483135
vn 0.324595 -0.800635 0.503609
vn 0.173819 -0.858119 0.483135
vn 0.154671 -0.455088 0.876910
vn 0.057298 -0.464867 0.883525
vn 0.072038 -0.834870 0.545713
vn 0.072038 -0.834870 0.545713
vn 0.057298 -0.464867 0.883525
vn 0.030082 -0.494446 0.868688
vn 0.034186 -0.791942 0.609639
vn 0.393968 -0.415341 0.819927
vn 0.154671 -0.455088 0.876910
vn 0.324595 -0.800635 0.503609
vn -0.772234 -0.621347 -0.132595
vn -0.786364 -0.616850 0.033565
vn -0.957764 -0.275722 0.081645
vn -0.954230 -0.283230 -0.096056
vn -0.977820 -0.200412 -0.060851
vn -0.977305 -0.181260 0.109635
vn -0.933958 -0.338891 0.113469
vn -0.923411 -0.381441 -0.042598
vn -0.923411 -0.381441 -0.042598
vn -0.933958 -0.338891 0.113469
vn -0.954983 -0.256179 0.149600
vn -0.955046 -0.293840 -0.039297
vn -0.970521 0.238311 0.036020
vn -0.933271 0.308951 0.183181
vn -0.783098 0.600049 0.163394
vn -0.799899 0.592561 0.095037
vn -0.955046 -0.293840 -0.039297
vn -0.954983 -0.256179 0.149600
vn -0.979361 0.036529 0.198789
vn -0.999475 -0.027657 -0.016872
vn -0.306753 -0.931023 0.197736
vn -0.332072 -0.939838 -0.080207
vn -0.184767 -0.981951 -0.040418
vn -0.171436 -0.952222 0.252750
vn -0.130134 0.761507 0.634958
vn -0.239154 0.717395 0.654332
vn -0.218273 0.239816 0.945963
vn -0.255753 0.242616 0.935803
vn -0.877752 -0.325346 0.351713
vn -0.725634 -0.653350 0.215847
vn -0.496292 -0.766627 0.407404
vn -0.652376 -0.403348 0.641651
vn -0.879688 -0.133880 0.456318
vn -0.652168 0.066032 0.755194
vn -0.544473 0.073549 0.835548
vn -0.859086 -0.176129 0.480573
vn -0.859086 -0.176129 0.480573
vn -0.544473 0.073549 0.835548
vn -0.459386 0.037489 0.887445
vn -0.841236 -0.139839 0.522271
vn -0.801775 0.324082 0.502123
vn -0.457022 0.269088 0.847775
vn -0.463040 0.686460 0.560684
vn -0.728642 0.601858 0.326875
vn -0.783098 0.600049 0.163394
vn -0.465542 0.866480 0.180229
vn -0.494873 0.864357 0.089373
vn -0.799899 0.592561 0.095037
vn -0.772234 -0.621347 -0.132595
vn -0.541010 -0.831257 -0.127753
vn -0.507367 -0.856140 0.097990
vn -0.786364 -0.616850 0.033565
vn -0.841236 -0.139839 0.522271
vn -0.459386 0.037489 0.887445
vn -0.421014 0.037994 0.906258
vn -0.817281 0.063765 0.572701
vn -0.240747 0.968768 0.059412
vn -0.243703 0.940194 0.238000
vn -0.105400 0.958741 0.264020
vn -0.090875 0.994999 0.041453
vn -0.057298 -0.464866 0.883525
vn 0.030082 -0.494446 0.868688
vn 0.110519 -0.716240 0.689047
vn -0.173665 -0.621982 0.763531
vn -0.566541 -0.306046 0.765093
vn 0.213655 -0.337624 0.916712
vn 0.185326 0.355742 0.916025
vn -0.562146 0.296141 0.772200
vn -0.414349 0.392674 0.821049
vn -0.457201 0.577222 0.676596
vn 0.161065 0.635713 0.754935
vn 0.204760 0.427313 0.880612
vn -0.263348 0.478181 0.837849
vn 0.195812 0.442118 0.875322
vn 0.084235 0.819641 0.566650
vn -0.414349 0.392674 0.821049
vn 0.204760 0.427313 0.880612
vn 0.227719 0.239892 0.943714
vn -0.400265 0.253442 0.880656
vn -0.173665 -0.621982 0.763531
vn 0.110519 -0.716240 0.689047
vn 0.199774 -0.802127 0.562745
vn -0.379080 -0.778198 0.500706
vn -0.745292 -0.271976 0.608744
vn -0.566541 -0.306046 0.765093
vn -0.562146 0.296141 0.772200
vn -0.773637 0.279162 0.568819
vn -0.173665 -0.621982 0.763531
vn -0.379080 -0.778198 0.500706
vn -0.513433 -0.724143 0.460438
vn -0.290951 -0.434193 0.852540
vn -0.154671 -0.455087 0.876911
vn -0.057298 -0.464866 0.883525
vn -0.173665 -0.621982 0.763531
vn -0.290951 -0.434193 0.852540
vn -0.171436 -0.952222 0.252750
vn -0.184767 -0.981951 -0.040418
vn 0.123488 -0.991444 -0.042309
vn 0.095135 -0.965037 0.244238
vn -0.255753 0.242616 0.935803
vn -0.348354 0.444867 0.825072
vn -0.130134 0.761507 0.634958
vn -0.495078 0.207965 0.843592
vn -0.715816 0.341051 0.609338
vn -0.647461 0.240151 0.723272
vn -0.406244 0.095753 0.908734
vn -0.534177 0.407936 0.740434
vn -0.707424 0.456314 0.539749
vn -0.715816 0.341051 0.609338
vn -0.495078 0.207965 0.843592
vn -0.507367 -0.856140 0.097990
vn -0.541010 -0.831257 -0.127753
vn -0.332072 -0.939838 -0.080207
vn -0.306753 -0.931023 0.197736
vn -0.496292 -0.766627 0.407404
vn -0.324595 -0.800635 0.503609
vn -0.393969 -0.415338 0.819929
vn -0.652376 -0.403348 0.641651
vn -0.544473 0.073549 0.835548
vn -0.345814 0.304900 0.887383
vn -0.257232 0.139270 0.956261
vn -0.459386 0.037489 0.887445
vn -0.421014 0.037994 0.906258
vn -0.459386 0.037489 0.887445
vn -0.257232 0.139270 0.956261
vn -0.221870 0.029032 0.974644
vn -0.463040 0.686460 0.560684
vn -0.457022 0.269088 0.847775
vn -0.218273 0.239816 0.945963
vn -0.239154 0.717395 0.654332
vn -0.494873 0.864357 0.089373
vn -0.465542 0.866480 0.180229
vn -0.243703 0.940194 0.238000
vn -0.240747 0.968768 0.059412
vn -0.999475 -0.027657 -0.016872
vn -0.979361 0.036529 0.198789
vn -0.933271 0.308951 0.183181
vn -0.970521 0.238311 0.036020
vn -0.817281 0.063765 0.572701
vn -0.421014 0.037994 0.906258
vn -0.457022 0.269088 0.847775
vn -0.801775 0.324082 0.502123
vn -0.218273 0.239816 0.945963
vn -0.457022 0.269088 0.847775
vn -0.421014 0.037994 0.906258
vn -0.221870 0.029032 0.974644
vn -0.255753 0.242616 0.935803
vn -0.218273 0.239816 0.945963
vn -0.221870 0.029032 0.974644
vn -0.406244 0.095753 0.908734
vn -0.406244 0.095753 0.908734
vn -0.647461 0.240151 0.723272
vn -0.348354 0.444867 0.825072
vn -0.255753 0.242616 0.935803
vn -0.400265 0.253442 0.880656
vn 0.227719 0.239892 0.943714
vn 0.195812 0.442118 0.875322
vn -0.263348 0.478181 0.837849
vn -0.534177 0.407936 0.740434
vn -0.495078 0.207965 0.843592
vn -0.257232 0.139270 0.956261
vn -0.345814 0.304900 0.887383
vn -0.457201 0.577222 0.676596
vn -0.707424 0.456314 0.539749
vn -0.773637 0.279162 0.568819
vn -0.562146 0.296141 0.772200
vn 0.161065 0.635713 0.754935
vn -0.457201 0.577222 0.676596
vn -0.562146 0.296141 0.772200
vn 0.185326 0.355742 0.916025
vn -0.495078 0.207965 0.843592
vn -0.406244 0.095753 0.908734
vn -0.221870 0.029032 0.974644
vn -0.257232 0.139270 0.956261
vn -0.527604 0.224361 0.819327
vn -0.652168 0.066032 0.755194
vn -0.683850 0.062968 0.726900
vn -0.517128 0.019663 0.855682
vn -0.393969 -0.415338 0.819929
vn -0.154671 -0.455087 0.876911
vn -0.290951 -0.434193 0.852540
vn -0.345814 0.304900 0.887383
vn -0.544473 0.073549 0.835548
vn -0.652168 0.066032 0.755194
vn -0.527604 0.224361 0.819327
vn -0.345814 0.304900 0.887383
vn -0.527604 0.224361 0.819327
vn -0.632997 0.300317 0.713529
vn -0.534177 0.407936 0.740434
vn -0.632997 0.300317 0.713529
vn -0.527604 0.224361 0.819327
vn -0.517128 0.019663 0.855682
vn -0.617066 -0.171634 0.767966
vn -0.773637 0.279162 0.568819
vn -0.632997 0.300317 0.713529
vn -0.617066 -0.171634 0.767966
vn -0.745292 -0.271976 0.608744
vn -0.715816 0.341051 0.609338
vn -0.707424 0.456314 0.539749
vn -0.457201 0.577222 0.676596
vn -0.414349 0.392674 0.821049
vn -0.715816 0.341051 0.609338
vn -0.414349 0.392674 0.821049
vn -0.400265 0.253442 0.880656
vn -0.647461 0.240151 0.723272
vn -0.263348 0.478181 0.837849
vn -0.348354 0.444867 0.825072
vn -0.647461 0.240151 0.723272
vn -0.400265 0.253442 0.880656
vn -0.130134 0.761507 0.634958
vn -0.348354 0.444867 0.825072
vn -0.263348 0.478181 0.837849
vn 0.084235 0.819641 0.566650
vn -0.090875 0.994999 0.041453
vn -0.105400 0.958741 0.264020
vn 0.053327 0.964110 0.260092
vn 0.046062 0.998303 0.035620
vn -0.632997 0.300317 0.713529
vn -0.773637 0.279162 0.568819
vn -0.707424 0.456314 0.539749
vn -0.534177 0.407936 0.740434
vn -0.652168 0.066032 0.755194
vn -0.879688 -0.133880 0.456318
vn -0.888352 0.070253 0.453757
vn -0.683850 0.062968 0.726900
vn -0.977305 -0.181260 0.109635
vn -0.977820 -0.200412 -0.060851
vn -0.995578 0.055515 -0.075774
vn -0.990541 0.053507 0.126355
vn -0.517128 0.019663 0.855682
vn -0.290951 -0.434193 0.852540
vn -0.617066 -0.171634 0.767966
vn -0.652376 -0.403348 0.641651
vn -0.393969 -0.415338 0.819929
vn -0.517128 0.019663 0.855682
vn -0.683850 0.062968 0.726900
vn -0.888352 0.070253 0.453757
vn -0.877752 -0.325346 0.351713
vn -0.652376 -0.403348 0.641651
vn -0.683850 0.062968 0.726900
vn -0.954230 -0.283230 -0.096056
vn -0.957764 -0.275722 0.081645
vn -0.990541 0.053507 0.126355
vn -0.995578 0.055515 -0.075774
vn -0.745292 -0.271976 0.608744
vn -0.617066 -0.171634 0.767966
vn -0.290951 -0.434193 0.852540
vn -0.513433 -0.724143 0.460438
vn -0.513433 -0.724143 0.460438
vn -0.379080 -0.778198 0.500706
vn -0.566541 -0.306046 0.765093
vn -0.745292 -0.271976 0.608744
vn 0.199774 -0.802127 0.562745
vn 0.213655 -0.337624 0.916712
vn -0.566541 -0.306046 0.765093
vn -0.379080 -0.778198 0.500706
vn 0.034186 -0.791942 0.609639
vn -0.072038 -0.834870 0.545713
vn 0.095135 -0.965037 0.244238
vn -0.173818 -0.858120 0.483133
vn -0.171436 -0.952222 0.252750
vn 0.095135 -0.965037 0.244238
vn -0.072038 -0.834870 0.545713
vn -0.324595 -0.800635 0.503609
vn -0.306753 -0.931023 0.197736
vn -0.171436 -0.952222 0.252750
vn -0.173818 -0.858120 0.483133
vn -0.496292 -0.766627 0.407404
vn -0.507367 -0.856140 0.097990
vn -0.306753 -0.931023 0.197736
vn -0.324595 -0.800635 0.503609
vn -0.786364 -0.616850 0.033565
vn -0.507367 -0.856140 0.097990
vn -0.496292 -0.766627 0.407404
vn -0.725634 -0.653350 0.215847
vn -0.957764 -0.275722 0.081645
vn -0.786364 -0.616850 0.033565
vn -0.725634 -0.653350 0.215847
vn -0.877752 -0.325346 0.351713
vn -0.990541 0.053507 0.126355
vn -0.957764 -0.275722 0.081645
vn -0.877752 -0.325346 0.351713
vn -0.888352 0.070253 0.453757
vn -0.879688 -0.133880 0.456318
vn -0.977305 -0.181260 0.109635
vn -0.990541 0.053507 0.126355
vn -0.888352 0.070253 0.453757
vn -0.933958 -0.338891 0.113469
vn -0.977305 -0.181260 0.109635
vn -0.879688 -0.133880 0.456318
vn -0.859086 -0.176129 0.480573
vn -0.954983 -0.256179 0.149600
vn -0.933958 -0.338891 0.113469
vn -0.859086 -0.176129 0.480573
vn -0.841236 -0.139839 0.522271
vn -0.979361 0.036529 0.198789
vn -0.954983 -0.256179 0.149600
vn -0.841236 -0.139839 0.522271
vn -0.817281 0.063765 0.572701
vn -0.933271 0.308951 0.183181
vn -0.979361 0.036529 0.198789
vn -0.817281 0.063765 0.572701
vn -0.801775 0.324082 0.502123
vn -0.783098 0.600049 0.163394
vn -0.933271 0.308951 0.183181
vn -0.801775 0.324082 0.502123
vn -0.728642 0.601858 0.326875
vn -0.728642 0.601858 0.326875
vn -0.463040 0.686460 0.560684
vn -0.465542 0.866480 0.180229
vn -0.783098 0.600049 0.163394
vn -0.243703 0.940194 0.238000
vn -0.465542 0.866480 0.180229
vn -0.463040 0.686460 0.560684
vn -0.239154 0.717395 0.654332
vn -0.243703 0.940194 0.238000
vn -0.239154 0.717395 0.654332
vn -0.130134 0.761507 0.634958
vn -0.105400 0.958741 0.264020
vn 0.084235 0.819641 0.566650
vn 0.053327 0.964110 0.260092
vn -0.105400 0.958741 0.264020
vn -0.130134 0.761507 0.634958
vn -0.772234 -0.621347 -0.132595
vn -0.954230 -0.283230 -0.096056
vn -0.912692 -0.301173 -0.276202
vn -0.712882 -0.627731 -0.312654
vn -0.977820 -0.200412 -0.060851
vn -0.923411 -0.381441 -0.042598
vn -0.897759 -0.388939 -0.206773
vn -0.946457 -0.234764 -0.221597
vn -0.923411 -0.381441 -0.042598
vn -0.955046 -0.293840 -0.039297
vn -0.931541 -0.283621 -0.227575
vn -0.897759 -0.388939 -0.206773
vn -0.970521 0.238311 0.036020
vn -0.799899 0.592561 0.095037
vn -0.826034 0.543599 -0.148888
vn -0.969008 0.123727 -0.213811
vn -0.955046 -0.293840 -0.039297
vn -0.999475 -0.027657 -0.016872
vn -0.963851 -0.080953 -0.253846
vn -0.931541 -0.283621 -0.227575
vn -0.336588 -0.881699 -0.330628
vn -0.194314 -0.926191 -0.323130
vn -0.184767 -0.981951 -0.040418
vn -0.332072 -0.939838 -0.080207
vn -0.826034 0.543599 -0.148888
vn -0.799899 0.592561 0.095037
vn -0.494873 0.864357 0.089373
vn -0.481649 0.867453 -0.124662
vn -0.772234 -0.621347 -0.132595
vn -0.712882 -0.627731 -0.312654
vn -0.517782 -0.782817 -0.345108
vn -0.541010 -0.831257 -0.127753
vn -0.240747 0.968768 0.059412
vn -0.090875 0.994999 0.041453
vn -0.074728 0.984089 -0.161196
vn -0.214283 0.966976 -0.137985
vn -0.194314 -0.926191 -0.323130
vn 0.130963 -0.937266 -0.323082
vn 0.123488 -0.991444 -0.042309
vn -0.184767 -0.981951 -0.040418
vn -0.517782 -0.782817 -0.345108
vn -0.336588 -0.881699 -0.330628
vn -0.332072 -0.939838 -0.080207
vn -0.541010 -0.831257 -0.127753
vn -0.494873 0.864357 0.089373
vn -0.240747 0.968768 0.059412
vn -0.214283 0.966976 -0.137985
vn -0.481649 0.867453 -0.124662
vn -0.999475 -0.027657 -0.016872
vn -0.970521 0.238311 0.036020
vn -0.969008 0.123727 -0.213811
vn -0.963851 -0.080953 -0.253846
vn -0.090875 0.994999 0.041453
vn 0.046062 0.998303 0.035620
vn 0.042785 0.983876 -0.173657
vn -0.074728 0.984089 -0.161196
vn -0.946457 -0.234764 -0.221597
vn -0.971009 0.015509 -0.238539
vn -0.995578 0.055515 -0.075774
vn -0.977820 -0.200412 -0.060851
vn -0.954230 -0.283230 -0.096056
vn -0.995578 0.055515 -0.075774
vn -0.971009 0.015509 -0.238539
vn -0.912692 -0.301173 -0.276202
vn -0.194314 -0.926191 -0.323130
vn -0.189933 -0.811538 -0.552568
vn 0.120749 -0.820200 -0.559188
vn 0.130963 -0.937266 -0.323082
vn -0.336588 -0.881699 -0.330628
vn -0.330223 -0.777158 -0.535703
vn -0.189933 -0.811538 -0.552568
vn -0.194314 -0.926191 -0.323130
vn -0.517782 -0.782817 -0.345108
vn -0.485879 -0.721225 -0.493717
vn -0.330223 -0.777158 -0.535703
vn -0.336588 -0.881699 -0.330628
vn -0.712882 -0.627731 -0.312654
vn -0.599126 -0.615299 -0.512304
vn -0.485879 -0.721225 -0.493717
vn -0.517782 -0.782817 -0.345108
vn -0.912692 -0.301173 -0.276202
vn -0.778989 -0.333260 -0.531144
vn -0.599126 -0.615299 -0.512304
vn -0.712882 -0.627731 -0.312654
vn -0.971009 0.015509 -0.238539
vn -0.803125 -0.122137 -0.583158
vn -0.778989 -0.333260 -0.531144
vn -0.912692 -0.301173 -0.276202
vn -0.946457 -0.234764 -0.221597
vn -0.798503 -0.262765 -0.541615
vn -0.803125 -0.122137 -0.583158
vn -0.971009 0.015509 -0.238539
vn -0.897759 -0.388939 -0.206773
vn -0.770370 -0.368612 -0.520246
vn -0.798503 -0.262765 -0.541615
vn -0.946457 -0.234764 -0.221597
vn -0.931541 -0.283621 -0.227575
vn -0.796557 -0.233855 -0.557502
vn -0.770370 -0.368612 -0.520246
vn -0.897759 -0.388939 -0.206773
vn -0.963851 -0.080953 -0.253846
vn -0.794670 -0.024992 -0.606527
vn -0.796557 -0.233855 -0.557502
vn -0.931541 -0.283621 -0.227575
vn -0.969008 0.123727 -0.213811
vn -0.792898 0.105846 -0.600091
vn -0.794670 -0.024992 -0.606527
vn -0.963851 -0.080953 -0.253846
vn -0.826034 0.543599 -0.148888
vn -0.730742 0.422861 -0.535915
vn -0.792898 0.105846 -0.600091
vn -0.969008 0.123727 -0.213811
vn -0.481649 0.867453 -0.124662
vn -0.446366 0.779195 -0.440013
vn -0.730742 0.422861 -0.535915
vn -0.826034 0.543599 -0.148888
vn -0.214283 0.966976 -0.137985
vn -0.207398 0.848324 -0.487168
vn -0.446366 0.779195 -0.440013
vn -0.481649 0.867453 -0.124662
vn -0.074728 0.984089 -0.161196
vn -0.083220 0.863750 -0.497001
vn -0.207398 0.848324 -0.487168
vn -0.214283 0.966976 -0.137985
vn 0.042785 0.983876 -0.173657
vn 0.049362 0.866565 -0.496617
vn -0.083220 0.863750 -0.497001
vn -0.074728 0.984089 -0.161196
vn -0.323083 0.388009 -0.863172
vn -0.123143 0.480499 -0.868307
vn -0.159643 0.317131 -0.934849
vn -0.382189 0.227740 -0.895582
vn -0.778989 -0.333260 -0.531144
vn -0.446047 -0.361741 -0.818649
vn -0.384807 -0.550609 -0.740779
vn -0.599126 -0.615299 -0.512304
vn -0.803125 -0.122137 -0.583158
vn -0.440711 -0.233380 -0.866780
vn -0.446047 -0.361741 -0.818649
vn -0.778989 -0.333260 -0.531144
vn -0.798503 -0.262765 -0.541615
vn -0.451375 -0.245035 -0.858032
vn -0.440711 -0.233380 -0.866780
vn -0.803125 -0.122137 -0.583158
vn -0.770370 -0.368612 -0.520246
vn -0.441024 -0.279680 -0.852805
vn -0.451375 -0.245035 -0.858032
vn -0.798503 -0.262765 -0.541615
vn -0.796557 -0.233855 -0.557502
vn -0.443234 -0.142854 -0.884950
vn -0.441024 -0.279680 -0.852805
vn -0.770370 -0.368612 -0.520246
vn -0.794670 -0.024992 -0.606527
vn -0.423297 0.085419 -0.901955
vn -0.443234 -0.142854 -0.884950
vn -0.796557 -0.233855 -0.557502
vn -0.792898 0.105846 -0.600091
vn -0.382189 0.227740 -0.895582
vn -0.423297 0.085419 -0.901955
vn -0.794670 -0.024992 -0.606527
vn -0.440711 -0.233380 -0.866780
vn -0.206733 -0.272522 -0.939677
vn -0.210795 -0.344630 -0.914765
vn -0.446047 -0.361741 -0.818649
vn -0.451375 -0.245035 -0.858032
vn -0.214629 -0.228942 -0.949484
vn -0.206733 -0.272522 -0.939677
vn -0.440711 -0.233380 -0.866780
vn -0.441024 -0.279680 -0.852805
vn -0.211800 -0.210335 -0.954411
vn -0.214629 -0.228942 -0.949484
vn -0.451375 -0.245035 -0.858032
vn -0.443234 -0.142854 -0.884950
vn -0.204916 -0.090054 -0.974628
vn -0.211800 -0.210335 -0.954411
vn -0.441024 -0.279680 -0.852805
vn -0.423297 0.085419 -0.901955
vn -0.191289 0.139804 -0.971526
vn -0.204916 -0.090054 -0.974628
vn -0.443234 -0.142854 -0.884950
vn -0.382189 0.227740 -0.895582
vn -0.159643 0.317131 -0.934849
vn -0.191289 0.139804 -0.971526
vn -0.423297 0.085419 -0.901955
vn -0.730742 0.422861 -0.535915
vn -0.323083 0.388009 -0.863172
vn -0.382189 0.227740 -0.895582
vn -0.792898 0.105846 -0.600091
vn -0.207398 0.848324 -0.487168
vn -0.323083 0.388009 -0.863172
vn -0.730742 0.422861 -0.535915
vn -0.446366 0.779195 -0.440013
vn -0.206733 -0.272522 -0.939677
vn 0.109568 -0.285433 -0.952115
vn 0.106435 -0.336259 -0.935736
vn -0.210795 -0.344630 -0.914765
vn -0.214629 -0.228942 -0.949484
vn 0.116856 -0.225170 -0.967286
vn 0.109568 -0.285433 -0.952115
vn -0.206733 -0.272522 -0.939677
vn -0.211800 -0.210335 -0.954411
vn 0.116268 -0.183873 -0.976049
vn 0.116856 -0.225170 -0.967286
vn -0.214629 -0.228942 -0.949484
vn -0.204916 -0.090054 -0.974628
vn 0.111160 -0.071750 -0.991209
vn 0.116268 -0.183873 -0.976049
vn -0.211800 -0.210335 -0.954411
vn -0.191289 0.139804 -0.971526
vn 0.103452 0.157678 -0.982057
vn 0.111160 -0.071750 -0.991209
vn -0.204916 -0.090054 -0.974628
vn -0.159643 0.317131 -0.934849
vn 0.086885 0.347576 -0.933618
vn 0.103452 0.157678 -0.982057
vn -0.191289 0.139804 -0.971526
vn -0.123143 0.480499 -0.868307
vn 0.068924 0.510088 -0.857356
vn 0.086885 0.347576 -0.933618
vn -0.159643 0.317131 -0.934849
vn 0.049362 0.866565 -0.496617
vn 0.068924 0.510088 -0.857356
vn -0.123143 0.480499 -0.868307
vn -0.083220 0.863750 -0.497001
vn -0.083220 0.863750 -0.497001
vn -0.123143 0.480499 -0.868307
vn -0.323083 0.388009 -0.863172
vn -0.207398 0.848324 -0.487168
vn -0.446047 -0.361741 -0.818649
vn -0.210795 -0.344630 -0.914765
vn -0.206375 -0.548061 -0.810579
vn -0.384807 -0.550609 -0.740779
vn -0.210795 -0.344630 -0.914765
vn 0.106435 -0.336259 -0.935736
vn 0.116770 -0.551534 -0.825939
vn -0.206375 -0.548061 -0.810579
vn -0.189933 -0.811538 -0.552568
vn -0.206375 -0.548061 -0.810579
vn 0.116770 -0.551534 -0.825939
vn 0.120749 -0.820200 -0.559188
vn -0.330223 -0.777158 -0.535703
vn -0.384807 -0.550609 -0.740779
vn -0.206375 -0.548061 -0.810579
vn -0.189933 -0.811538 -0.552568
vn -0.485879 -0.721225 -0.493717
vn -0.599126 -0.615299 -0.512304
vn -0.384807 -0.550609 -0.740779
vn -0.330223 -0.777158 -0.535703
vn -0.154671 -0.455087 0.876911
vn -0.324595 -0.800635 0.503609
vn -0.173818 -0.858120 0.483133
vn -0.173818 -0.858120 0.483133
vn -0.072038 -0.834870 0.545713
vn -0.057298 -0.464866 0.883525
vn -0.154671 -0.455087 0.876911
vn -0.072038 -0.834870 0.545713
vn 0.034186 -0.791942 0.609639
vn 0.030082 -0.494446 0.868688
vn -0.057298 -0.464866 0.883525
vn -0.393969 -0.415338 0.819929
vn -0.324595 -0.800635 0.503609
vn -0.154671 -0.455087 0.876911
vn -0.517128 0.019663 0.855682
vn -0.393969 -0.415338 0.819929
vn -0.290951 -0.434193 0.852540
vn 0.517128 0.019660 0.855682
vn 0.290952 -0.434194 0.852539
vn 0.393968 -0.415341 0.819927
vn -0.007075 -0.400141 -0.916426
vn -0.131493 -0.421575 -0.897209
vn -0.399224 -0.193611 -0.896178
vn -0.233251 -0.233992 -0.943844
vn -0.088219 0.225169 0.970318
vn -0.154712 0.213228 0.964675
vn -0.137402 -0.541373 0.829479
vn -0.077044 -0.529062 0.845078
vn -0.154712 0.213228 0.964675
vn -0.378942 0.184892 0.906762
vn -0.345651 -0.545814 0.763291
vn -0.137402 -0.541373 0.829479
vn -0.378942 0.184892 0.906762
vn -0.734025 0.172952 0.656731
vn -0.651019 -0.532823 0.540624
vn -0.345651 -0.545814 0.763291
vn -0.734025 0.172952 0.656731
vn -0.947693 0.150415 0.281521
vn -0.809228 -0.536176 0.240135
vn -0.651019 -0.532823 0.540624
vn -0.947693 0.150415 0.281521
vn -0.969384 0.084351 -0.230609
vn -0.763301 -0.630148 -0.142429
vn -0.809228 -0.536176 0.240135
vn -0.969384 0.084351 -0.230609
vn -0.764359 -0.028668 -0.644153
vn -0.535379 -0.753088 -0.382398
vn -0.763301 -0.630148 -0.142429
vn -0.131493 -0.421575 -0.897209
vn -0.535379 -0.753088 -0.382398
vn -0.764359 -0.028668 -0.644153
vn -0.399224 -0.193611 -0.896178
vn 0.763271 -0.630185 -0.142425
vn 0.535362 -0.753104 -0.382390
vn 0.764359 -0.028731 -0.644150
vn 0.969390 0.084278 -0.230608
vn 0.809209 -0.536208 0.240128
vn 0.763271 -0.630185 -0.142425
vn 0.969390 0.084278 -0.230608
vn 0.947697 0.150386 0.281522
vn 0.651021 -0.532821 0.540622
vn 0.809209 -0.536208 0.240128
vn 0.947697 0.150386 0.281522
vn 0.734028 0.172953 0.656727
vn 0.345647 -0.545823 0.763286
vn 0.651021 -0.532821 0.540622
vn 0.734028 0.172953 0.656727
vn 0.378942 0.184891 0.906763
vn 0.137401 -0.541376 0.829478
vn 0.345647 -0.545823 0.763286
vn 0.378942 0.184891 0.906763
vn 0.154712 0.213230 0.964675
vn -0.088219 0.225169 0.970318
vn -0.077044 -0.529062 0.845078
vn 0.137401 -0.541376 0.829478
vn 0.154712 0.213230 0.964675
vn 0.399219 -0.193638 -0.896174
vn 0.764359 -0.028731 -0.644150
vn 0.535362 -0.753104 -0.382390
vn 0.131493 -0.421575 -0.897209
vn -0.007075 -0.400141 -0.916426
vn -0.233251 -0.233992 -0.943844
vn 0.399219 -0.193638 -0.896174
vn 0.131493 -0.421575 -0.897209
vn 0.000000 -0.990676 -0.136239
vn -0.092164 -0.981116 -0.170048
vn -0.131493 -0.421575 -0.897209
vn -0.007075 -0.400141 -0.916426
vn -0.222043 0.836987 -0.500150
vn 0.000000 0.820042 -0.572303
vn 0.000000 0.820042 -0.572303
vn -0.212538 0.834645 -0.508129
vn 0.000000 0.935681 0.352846
vn -0.057536 0.932872 0.355583
vn -0.057485 0.932877 0.355578
vn 0.000000 0.935681 0.352846
vn -0.099837 -0.804251 0.585844
vn 0.000000 -0.798531 0.601954
vn -0.077044 -0.529062 0.845078
vn -0.137402 -0.541373 0.829479
vn -0.057536 0.932872 0.355583
vn -0.148050 0.927313 0.343761
vn -0.144213 0.927583 0.344664
vn -0.057485 0.932877 0.355578
vn -0.243537 -0.807058 0.537909
vn -0.099837 -0.804251 0.585844
vn -0.137402 -0.541373 0.829479
vn -0.345651 -0.545814 0.763291
vn -0.148050 0.927313 0.343761
vn -0.307510 0.918773 0.247577
vn -0.293498 0.919859 0.260228
vn -0.144213 0.927583 0.344664
vn -0.466644 -0.797786 0.381814
vn -0.243537 -0.807058 0.537909
vn -0.345651 -0.545814 0.763291
vn -0.651019 -0.532823 0.540624
vn -0.307510 0.918773 0.247577
vn -0.411229 0.906695 0.093778
vn -0.408431 0.906982 0.102798
vn -0.293498 0.919859 0.260228
vn -0.576821 -0.798679 0.171436
vn -0.466644 -0.797786 0.381814
vn -0.651019 -0.532823 0.540624
vn -0.809228 -0.536176 0.240135
vn -0.411229 0.906695 0.093778
vn -0.422217 0.898439 -0.120586
vn -0.420987 0.897738 -0.129756
vn -0.408431 0.906982 0.102798
vn -0.495901 -0.863907 -0.088014
vn -0.576821 -0.798679 0.171436
vn -0.809228 -0.536176 0.240135
vn -0.763301 -0.630148 -0.142429
vn -0.422217 0.898439 -0.120586
vn -0.365799 0.876153 -0.313923
vn -0.358390 0.873398 -0.329747
vn -0.420987 0.897738 -0.129756
vn -0.295658 -0.932311 -0.208284
vn -0.495901 -0.863907 -0.088014
vn -0.763301 -0.630148 -0.142429
vn -0.535379 -0.753088 -0.382398
vn -0.092164 -0.981116 -0.170048
vn -0.295658 -0.932311 -0.208284
vn -0.535379 -0.753088 -0.382398
vn -0.131493 -0.421575 -0.897209
vn -0.365799 0.876153 -0.313923
vn -0.222043 0.836987 -0.500150
vn -0.212538 0.834645 -0.508129
vn -0.358390 0.873398 -0.329747
vn 0.495904 -0.863906 -0.088012
vn 0.295661 -0.932311 -0.208282
vn 0.535362 -0.753104 -0.382390
vn 0.763271 -0.630185 -0.142425
vn 0.365790 0.876159 -0.313917
vn 0.422207 0.898444 -0.120583
vn 0.420975 0.897744 -0.129752
vn 0.358382 0.873403 -0.329743
vn 0.576831 -0.798671 0.171438
vn 0.495904 -0.863906 -0.088012
vn 0.763271 -0.630185 -0.142425
vn 0.809209 -0.536208 0.240128
vn 0.422207 0.898444 -0.120583
vn 0.411228 0.906696 0.093779
vn 0.408431 0.906982 0.102800
vn 0.420975 0.897744 -0.129752
vn 0.466650 -0.797779 0.381819
vn 0.576831 -0.798671 0.171438
vn 0.809209 -0.536208 0.240128
vn 0.651021 -0.532821 0.540622
vn 0.411228 0.906696 0.093779
vn 0.307512 0.918772 0.247578
vn 0.293500 0.919858 0.260228
vn 0.408431 0.906982 0.102800
vn 0.243540 -0.807054 0.537915
vn 0.466650 -0.797779 0.381819
vn 0.651021 -0.532821 0.540622
vn 0.345647 -0.545823 0.763286
vn 0.307512 0.918772 0.247578
vn 0.148051 0.927313 0.343761
vn 0.144214 0.927582 0.344664
vn 0.293500 0.919858 0.260228
vn 0.099838 -0.804248 0.585847
vn 0.243540 -0.807054 0.537915
vn 0.345647 -0.545823 0.763286
vn 0.137401 -0.541376 0.829478
vn 0.148051 0.927313 0.343761
vn 0.057536 0.932873 0.355582
vn 0.057485 0.932878 0.355577
vn 0.144214 0.927582 0.344664
vn 0.000000 -0.798531 0.601954
vn 0.099838 -0.804248 0.585847
vn 0.137401 -0.541376 0.829478
vn -0.077044 -0.529062 0.845078
vn 0.057536 0.932873 0.355582
vn 0.000000 0.935681 0.352846
vn 0.000000 0.935681 0.352846
vn 0.057485 0.932878 0.355577
vn 0.222042 0.836986 -0.500152
vn 0.365790 0.876159 -0.313917
vn 0.358382 0.873403 -0.329743
vn 0.212538 0.834644 -0.508131
vn 0.295661 -0.932311 -0.208282
vn 0.092166 -0.981115 -0.170054
vn 0.131493 -0.421575 -0.897209
vn 0.535362 -0.753104 -0.382390
vn 0.000000 0.820042 -0.572303
vn 0.222042 0.836986 -0.500152
vn 0.212538 0.834644 -0.508131
vn 0.000000 0.820042 -0.572303
vn 0.092166 -0.981115 -0.170054
vn 0.000000 -0.990676 -0.136239
vn -0.007075 -0.400141 -0.916426
vn 0.131493 -0.421575 -0.897209
vn 0.000000 0.935681 0.352846
vn -0.088219 0.225169 0.970318
vn 0.154712 0.213230 0.964675
vn 0.057485 0.932878 0.355577
vn 0.000000 0.935681 0.352846
vn -0.057485 0.932877 0.355578
vn -0.154712 0.213228 0.964675
vn -0.088219 0.225169 0.970318
vn -0.057485 0.932877 0.355578
vn -0.144213 0.927583 0.344664
vn -0.378942 0.184892 0.906762
vn -0.154712 0.213228 0.964675
vn -0.144213 0.927583 0.344664
vn -0.293498 0.919859 0.260228
vn -0.734025 0.172952 0.656731
vn -0.378942 0.184892 0.906762
vn -0.293498 0.919859 0.260228
vn -0.408431 0.906982 0.102798
vn -0.947693 0.150415 0.281521
vn -0.734025 0.172952 0.656731
vn -0.408431 0.906982 0.102798
vn -0.420987 0.897738 -0.129756
vn -0.969384 0.084351 -0.230609
vn -0.947693 0.150415 0.281521
vn -0.420987 0.897738 -0.129756
vn -0.358390 0.873398 -0.329747
vn -0.764359 -0.028668 -0.644153
vn -0.969384 0.084351 -0.230609
vn -0.399224 -0.193611 -0.896178
vn -0.764359 -0.028668 -0.644153
vn -0.358390 0.873398 -0.329747
vn -0.212538 0.834645 -0.508129
vn -0.233251 -0.233992 -0.943844
vn -0.399224 -0.193611 -0.896178
vn -0.212538 0.834645 -0.508129
vn 0.000000 0.820042 -0.572303
vn 0.399219 -0.193638 -0.896174
vn -0.233251 -0.233992 -0.943844
vn 0.000000 0.820042 -0.572303
vn 0.212538 0.834644 -0.508131
vn 0.212538 0.834644 -0.508131
vn 0.358382 0.873403 -0.329743
vn 0.764359 -0.028731 -0.644150
vn 0.399219 -0.193638 -0.896174
vn 0.969390 0.084278 -0.230608
vn 0.764359 -0.028731 -0.644150
vn 0.358382 0.873403 -0.329743
vn 0.420975 0.897744 -0.129752
vn 0.947697 0.150386 0.281522
vn 0.969390 0.084278 -0.230608
vn 0.420975 0.897744 -0.129752
vn 0.408431 0.906982 0.102800
vn 0.734028 0.172953 0.656727
vn 0.947697 0.150386 0.281522
vn 0.408431 0.906982 0.102800
vn 0.293500 0.919858 0.260228
vn 0.378942 0.184891 0.906763
vn 0.734028 0.172953 0.656727
vn 0.293500 0.919858 0.260228
vn 0.144214 0.927582 0.344664
vn 0.154712 0.213230 0.964675
vn 0.378942 0.184891 0.906763
vn 0.144214 0.927582 0.344664
vn 0.057485 0.932878 0.355577
vn -0.577349 -0.577351 -0.577350
vn 0.000000 -0.707107 -0.707106
vn 0.000000 -1.000000 0.000000
vn -0.707107 -0.707107 0.000000
vn 0.000000 -0.707107 -0.707106
vn 0.577351 -0.577350 -0.577350
vn 0.707107 -0.707106 0.000000
vn 0.000000 -1.000000 0.000000
vn 0.000000 -1.000000 0.000000
vn 0.707107 -0.707106 0.000000
vn 0.577351 -0.577350 0.577350
vn 0.000000 -0.707107 0.707106
vn -0.707107 -0.707107 0.000000
vn 0.000000 -1.000000 0.000000
vn 0.000000 -0.707107 0.707106
vn -0.577349 -0.577351 0.577350
vn -0.577349 -0.577351 0.577350
vn 0.000000 -0.707107 0.707106
vn 0.000000 0.000000 1.000000
vn -0.707107 0.000000 0.707107
vn 0.000000 -0.707107 0.707106
vn 0.577351 -0.577350 0.577350
vn 0.707107 0.000000 0.707106
vn 0.000000 0.000000 1.000000
vn 0.000000 0.000000 1.000000
vn 0.707107 0.000000 0.707106
vn 0.577351 0.577349 0.577351
vn 0.000000 0.707106 0.707107
vn -0.707107 0.000000 0.707107
vn 0.000000 0.000000 1.000000
vn 0.000000 0.707106 0.707107
vn -0.577350 0.577350 0.577351
vn -0.577350 0.577350 0.577351
vn 0.000000 0.707106 0.707107
vn 0.000000 1.000000 0.000000
vn -0.707107 0.707106 0.000000
vn 0.000000 0.707106 0.707107
vn 0.577351 0.577349 0.577351
vn 0.707108 0.707105 0.000000
vn 0.000000 1.000000 0.000000
vn 0.000000 1.000000 0.000000
vn 0.707108 0.707105 0.000000
vn 0.577351 0.577349 -0.577351
vn 0.000000 0.707106 -0.707107
vn -0.707107 0.707106 0.000000
vn 0.000000 1.000000 0.000000
vn 0.000000 0.707106 -0.707107
vn -0.577349 0.577351 -0.577351
vn -0.577349 0.577351 -0.577351
vn 0.000000 0.707106 -0.707107
vn 0.000000 0.000000 -1.000000
vn -0.707107 0.000000 -0.707107
vn 0.000000 0.707106 -0.707107
vn 0.577351 0.577349 -0.577351
vn 0.707107 0.000000 -0.707107
vn 0.000000 0.000000 -1.000000
vn 0.000000 0.000000 -1.000000
vn 0.707107 0.000000 -0.707107
vn 0.577351 -0.577350 -0.577350
vn 0.000000 -0.707107 -0.707106
vn -0.707107 0.000000 -0.707107
vn 0.000000 0.000000 -1.000000
vn 0.000000 -0.707107 -0.707106
vn -0.577349 -0.577351 -0.577350
vn 0.577351 -0.577350 -0.577350
vn 0.707107 0.000000 -0.707107
vn 1.000000 -0.000001 0.000000
vn 0.707107 -0.707106 0.000000
vn 0.707107 0.000000 -0.707107
vn 0.577351 0.577349 -0.577351
vn 0.707108 0.707105 0.000000
vn 1.000000 -0.000001 0.000000
vn 1.000000 -0.000001 0.000000
vn 0.707108 0.707105 0.000000
vn 0.577351 0.577349 0.577351
vn 0.707107 0.000000 0.707106
vn 0.707107 -0.707106 0.000000
vn 1.000000 -0.000001 0.000000
vn 0.707107 0.000000 0.707106
vn 0.577351 -0.577350 0.577350
vn -0.577349 0.577351 -0.577351
vn -0.707107 0.000000 -0.707107
vn -1.000000 0.000000 0.000000
vn -0.707107 0.707106 0.000000
vn -0.707107 0.000000 -0.707107
vn -0.577349 -0.577351 -0.577350
vn -0.707107 -0.707107 0.000000
vn -1.000000 0.000000 0.000000
vn -1.000000 0.000000 0.000000
vn -0.707107 -0.707107 0.000000
vn -0.577349 -0.577351 0.577350
vn -0.707107 0.000000 0.707107
vn -0.707107 0.707106 0.000000
vn -1.000000 0.000000 0.000000
vn -0.707107 0.000000 0.707107
vn -0.577350 0.577350 0.577351
vn 0.379288 0.132940 -0.915679
vn 0.379288 0.132940 -0.915679
vn 0.381458 0.080020 -0.920916
vn 0.381515 0.078116 -0.921056
vn 0.379288 0.132940 -0.915679
vn -0.382606 0.020468 -0.923685
vn -0.381566 0.076529 -0.921168
vn 0.381458 0.080020 -0.920916
vn -0.382606 0.020468 -0.923685
vn -0.918812 -0.104597 -0.380584
vn -0.923340 0.034172 -0.382459
vn -0.381566 0.076529 -0.921168
vn -0.918812 -0.104597 -0.380584
vn -0.910931 -0.166841 0.377319
vn -0.923447 -0.030595 0.382504
vn -0.923340 0.034172 -0.382459
vn -0.910931 -0.166841 0.377319
vn -0.379289 -0.132939 0.915679
vn -0.381517 -0.078116 0.921055
vn -0.923447 -0.030595 0.382504
vn -0.379289 -0.132939 0.915679
vn 0.382603 -0.020467 0.923686
vn 0.381634 -0.073987 0.921348
vn -0.381517 -0.078116 0.921055
vn 0.382603 -0.020467 0.923686
vn 0.918808 0.104599 0.380594
vn 0.923673 -0.020954 0.382609
vn 0.381634 -0.073987 0.921348
vn 0.918808 0.104599 0.380594
vn 0.379288 0.132940 -0.915679
vn 0.381515 0.078116 -0.921056
vn 0.923673 -0.020954 0.382609
vn 0.379288 0.132940 -0.915679
vn 0.379288 0.132940 -0.915679
vn 0.000000 -1.000000 0.000000
vn -0.382606 0.020468 -0.923685
vn 0.379288 0.132940 -0.915679
vn 0.000000 -1.000000 0.000000
vn -0.918812 -0.104597 -0.380584
vn -0.382606 0.020468 -0.923685
vn 0.000000 -1.000000 0.000000
vn -0.910931 -0.166841 0.377319
vn -0.918812 -0.104597 -0.380584
vn 0.000000 -1.000000 0.000000
vn -0.379289 -0.132939 0.915679
vn -0.910931 -0.166841 0.377319
vn 0.000000 -1.000000 0.000000
vn 0.382603 -0.020467 0.923686
vn -0.379289 -0.132939 0.915679
vn 0.000000 -1.000000 0.000000
vn 0.918808 0.104599 0.380594
vn 0.382603 -0.020467 0.923686
vn 0.000000 -1.000000 0.000000
vn 0.379288 0.132940 -0.915679
vn 0.918808 0.104599 0.380594
vn 0.000000 -1.000000 0.000000
vn -0.381137 -0.089854 0.920142
vn -0.380146 -0.115008 0.917749
vn -0.382308 0.044270 0.922974
vn -0.382286 0.045529 0.922922
vn -0.907929 -0.185020 0.376075
vn -0.381137 -0.089854 0.920142
vn -0.382286 0.045529 0.922922
vn -0.923690 0.020288 0.382604
vn -0.909227 -0.177392 -0.376613
vn -0.907929 -0.185020 0.376075
vn -0.923690 0.020288 0.382604
vn -0.923736 -0.017638 -0.382623
vn -0.382203 -0.050116 -0.922718
vn -0.909227 -0.177392 -0.376613
vn -0.923736 -0.017638 -0.382623
vn -0.382299 -0.044800 -0.922952
vn 0.380145 0.115009 -0.917749
vn -0.382203 -0.050116 -0.922718
vn -0.382299 -0.044800 -0.922952
vn 0.382310 -0.044270 -0.922973
vn 0.906047 0.195507 -0.375308
vn 0.380145 0.115009 -0.917749
vn 0.382310 -0.044270 -0.922973
vn 0.923735 -0.017440 -0.382634
vn 0.912399 0.157131 0.377939
vn 0.906047 0.195507 -0.375308
vn 0.923735 -0.017440 -0.382634
vn 0.923712 0.018847 0.382625
vn -0.380146 -0.115008 0.917749
vn 0.912399 0.157131 0.377939
vn 0.923712 0.018847 0.382625
vn -0.382308 0.044270 0.922974
vn 0.916645 -0.124870 0.379697
vn 0.916462 -0.126432 0.379622
vn 0.918808 0.104597 0.380594
vn 0.914630 0.141123 0.378863
vn 0.380090 -0.116236 0.917617
vn 0.916645 -0.124870 0.379697
vn 0.914630 0.141123 0.378863
vn 0.382683 -0.003265 0.923874
vn -0.382426 -0.036999 0.923245
vn 0.380090 -0.116236 0.917617
vn 0.382683 -0.003265 0.923874
vn -0.378558 -0.146512 0.913908
vn -0.921932 0.064900 0.381876
vn -0.382426 -0.036999 0.923245
vn -0.378558 -0.146512 0.913908
vn -0.908154 -0.183720 0.376169
vn -0.916466 0.126432 -0.379612
vn -0.921932 0.064900 0.381876
vn -0.908154 -0.183720 0.376169
vn -0.918812 -0.104602 -0.380583
vn -0.380142 0.115171 -0.917730
vn -0.916466 0.126432 -0.379612
vn -0.918812 -0.104602 -0.380583
vn -0.382575 0.024132 -0.923609
vn 0.382390 0.039198 -0.923169
vn -0.380142 0.115171 -0.917730
vn -0.382575 0.024132 -0.923609
vn 0.379260 0.133460 -0.915615
vn 0.916462 -0.126432 0.379622
vn 0.382390 0.039198 -0.923169
vn 0.379260 0.133460 -0.915615
vn 0.918808 0.104597 0.380594
vn 0.382683 -0.003265 0.923874
vn 0.914630 0.141123 0.378863
vn 0.912399 0.157131 0.377939
vn -0.380146 -0.115008 0.917749
vn -0.378558 -0.146512 0.913908
vn 0.382683 -0.003265 0.923874
vn -0.380146 -0.115008 0.917749
vn -0.381137 -0.089854 0.920142
vn -0.908154 -0.183720 0.376169
vn -0.378558 -0.146512 0.913908
vn -0.381137 -0.089854 0.920142
vn -0.907929 -0.185020 0.376075
vn -0.918812 -0.104602 -0.380583
vn -0.908154 -0.183720 0.376169
vn -0.907929 -0.185020 0.376075
vn -0.909227 -0.177392 -0.376613
vn -0.382575 0.024132 -0.923609
vn -0.918812 -0.104602 -0.380583
vn -0.909227 -0.177392 -0.376613
vn -0.382203 -0.050116 -0.922718
vn 0.379260 0.133460 -0.915615
vn -0.382575 0.024132 -0.923609
vn -0.382203 -0.050116 -0.922718
vn 0.380145 0.115009 -0.917749
vn 0.918808 0.104597 0.380594
vn 0.379260 0.133460 -0.915615
vn 0.380145 0.115009 -0.917749
vn 0.906047 0.195507 -0.375308
vn 0.914630 0.141123 0.378863
vn 0.918808 0.104597 0.380594
vn 0.906047 0.195507 -0.375308
vn 0.912399 0.157131 0.377939
vn -0.923447 -0.030595 0.382504
vn -0.381517 -0.078116 0.921055
vn 0.380090 -0.116236 0.917617
vn -0.382426 -0.036999 0.923245
vn -0.923340 0.034172 -0.382459
vn -0.923447 -0.030595 0.382504
vn -0.382426 -0.036999 0.923245
vn -0.921932 0.064900 0.381876
vn -0.381566 0.076529 -0.921168
vn -0.923340 0.034172 -0.382459
vn -0.921932 0.064900 0.381876
vn -0.916466 0.126432 -0.379612
vn 0.381458 0.080020 -0.920916
vn -0.381566 0.076529 -0.921168
vn -0.916466 0.126432 -0.379612
vn -0.380142 0.115171 -0.917730
vn 0.381515 0.078116 -0.921056
vn 0.381458 0.080020 -0.920916
vn -0.380142 0.115171 -0.917730
vn 0.382390 0.039198 -0.923169
vn 0.923673 -0.020954 0.382609
vn 0.381515 0.078116 -0.921056
vn 0.382390 0.039198 -0.923169
vn 0.916462 -0.126432 0.379622
vn 0.381634 -0.073987 0.921348
vn 0.923673 -0.020954 0.382609
vn 0.916462 -0.126432 0.379622
vn 0.916645 -0.124870 0.379697
vn -0.381517 -0.078116 0.921055
vn 0.381634 -0.073987 0.921348
vn 0.916645 -0.124870 0.379697
vn 0.380090 -0.116236 0.917617
vn 0.396006 -0.069096 0.915645
vn 0.396801 -0.070989 0.915155
vn 0.401422 -0.082061 0.912210
vn 0.401422 -0.082061 0.912210
vn -0.368182 -0.019692 0.929545
vn 0.396006 -0.069096 0.915645
vn 0.401422 -0.082061 0.912210
vn -0.360655 -0.087185 0.928616
vn -0.922047 0.041456 0.384851
vn -0.368182 -0.019692 0.929545
vn -0.360655 -0.087185 0.928616
vn -0.921767 -0.037385 0.385939
vn -0.922120 0.077863 -0.378989
vn -0.922047 0.041456 0.384851
vn -0.921767 -0.037385 0.385939
vn -0.924694 0.036447 -0.378963
vn -0.396719 0.073720 -0.914975
vn -0.922120 0.077863 -0.378989
vn -0.924694 0.036447 -0.378963
vn -0.401306 0.085511 -0.911944
vn 0.367031 0.028556 -0.929770
vn -0.396719 0.073720 -0.914975
vn -0.401306 0.085511 -0.911944
vn 0.360761 0.083671 -0.928898
vn 0.922196 -0.035911 -0.385052
vn 0.367031 0.028556 -0.929770
vn 0.360761 0.083671 -0.928898
vn 0.921879 0.033841 -0.385998
vn 0.396801 -0.070989 0.915155
vn 0.922196 -0.035911 -0.385052
vn 0.921879 0.033841 -0.385998
vn 0.401422 -0.082061 0.912210
vn 0.360761 0.083671 -0.928898
vn -0.401306 0.085511 -0.911944
vn 0.326482 0.213168 -0.920852
vn 0.326482 0.213168 -0.920852
vn -0.401306 0.085511 -0.911944
vn -0.924694 0.036447 -0.378963
vn -0.428233 0.001726 -0.903667
vn 0.326482 0.213168 -0.920852
vn -0.924694 0.036447 -0.378963
vn -0.921767 -0.037385 0.385939
vn -0.909430 -0.194419 -0.367611
vn -0.428233 0.001726 -0.903667
vn -0.921767 -0.037385 0.385939
vn -0.360655 -0.087185 0.928616
vn -0.885178 -0.274093 0.375943
vn -0.909430 -0.194419 -0.367611
vn -0.360655 -0.087185 0.928616
vn 0.401422 -0.082061 0.912210
vn -0.328761 -0.179146 0.927266
vn -0.885178 -0.274093 0.375943
vn 0.401422 -0.082061 0.912210
vn 0.401422 -0.082061 0.912210
vn 0.427898 0.039367 0.902969
vn -0.328761 -0.179146 0.927266
vn 0.401422 -0.082061 0.912210
vn 0.921879 0.033841 -0.385998
vn 0.901646 0.232798 0.364471
vn 0.427898 0.039367 0.902969
vn 0.921879 0.033841 -0.385998
vn 0.360761 0.083671 -0.928898
vn 0.326482 0.213168 -0.920852
vn 0.901646 0.232798 0.364471
vn 0.326482 0.213168 -0.920852
vn 0.326482 0.213168 -0.920852
vn 0.312741 0.087248 -0.945823
vn 0.312741 0.087248 -0.945823
vn 0.326482 0.213168 -0.920852
vn -0.428233 0.001726 -0.903667
vn -0.444723 -0.063447 -0.893418
vn 0.312741 0.087248 -0.945823
vn -0.428233 0.001726 -0.903667
vn -0.909430 -0.194419 -0.367611
vn -0.914359 -0.173026 -0.366074
vn -0.444723 -0.063447 -0.893418
vn -0.909430 -0.194419 -0.367611
vn -0.885178 -0.274093 0.375943
vn -0.901318 -0.195105 0.386729
vn -0.914359 -0.173026 -0.366074
vn -0.885178 -0.274093 0.375943
vn -0.328761 -0.179146 0.927266
vn -0.312630 -0.091375 0.945470
vn -0.901318 -0.195105 0.386729
vn -0.328761 -0.179146 0.927266
vn 0.427898 0.039367 0.902969
vn 0.444601 0.067354 0.893193
vn -0.312630 -0.091375 0.945470
vn 0.427898 0.039367 0.902969
vn 0.901646 0.232798 0.364471
vn 0.913738 0.176799 0.365820
vn 0.444601 0.067354 0.893193
vn 0.901646 0.232798 0.364471
vn 0.326482 0.213168 -0.920852
vn 0.312741 0.087248 -0.945823
vn 0.913738 0.176799 0.365820
vn 0.312741 0.087248 -0.945823
vn 0.312741 0.087248 -0.945823
vn 0.285048 -0.156561 -0.945641
vn 0.285048 -0.156561 -0.945641
vn 0.312741 0.087248 -0.945823
vn -0.444723 -0.063447 -0.893418
vn -0.460273 0.031013 -0.887236
vn 0.285048 -0.156561 -0.945641
vn -0.444723 -0.063447 -0.893418
vn -0.914359 -0.173026 -0.366074
vn -0.912714 0.183193 -0.365231
vn -0.460273 0.031013 -0.887236
vn -0.914359 -0.173026 -0.366074
vn -0.901318 -0.195105 0.386729
vn -0.888746 0.241190 0.389817
vn -0.912714 0.183193 -0.365231
vn -0.901318 -0.195105 0.386729
vn -0.312630 -0.091375 0.945470
vn -0.284825 0.150623 0.946672
vn -0.888746 0.241190 0.389817
vn -0.312630 -0.091375 0.945470
vn 0.444601 0.067354 0.893193
vn 0.459567 -0.027834 0.887707
vn -0.284825 0.150623 0.946672
vn 0.444601 0.067354 0.893193
vn 0.913738 0.176799 0.365820
vn 0.911886 -0.186368 0.365693
vn 0.459567 -0.027834 0.887707
vn 0.913738 0.176799 0.365820
vn 0.312741 0.087248 -0.945823
vn 0.285048 -0.156561 -0.945641
vn 0.911886 -0.186368 0.365693
vn 0.285048 -0.156561 -0.945641
vn 0.285048 -0.156561 -0.945641
vn 0.214938 -0.264299 -0.940185
vn 0.214938 -0.264299 -0.940185
vn 0.285048 -0.156561 -0.945641
vn -0.460273 0.031013 -0.887236
vn -0.415269 0.189583 -0.889725
vn 0.214938 -0.264299 -0.940185
vn -0.460273 0.031013 -0.887236
vn -0.912714 0.183193 -0.365231
vn -0.766978 0.529485 -0.362477
vn -0.415269 0.189583 -0.889725
vn -0.912714 0.183193 -0.365231
vn -0.888746 0.241190 0.389817
vn -0.694045 0.612182 0.378859
vn -0.766978 0.529485 -0.362477
vn -0.888746 0.241190 0.389817
vn -0.284825 0.150623 0.946672
vn -0.170960 0.344977 0.922910
vn -0.694045 0.612182 0.378859
vn -0.284825 0.150623 0.946672
vn 0.459567 -0.027834 0.887707
vn 0.449614 -0.099877 0.887622
vn -0.170960 0.344977 0.922910
vn 0.459567 -0.027834 0.887707
vn 0.911886 -0.186368 0.365693
vn 0.811761 -0.453462 0.367990
vn 0.449614 -0.099877 0.887622
vn 0.911886 -0.186368 0.365693
vn 0.285048 -0.156561 -0.945641
vn 0.214938 -0.264299 -0.940185
vn 0.811761 -0.453462 0.367990
vn 0.214938 -0.264299 -0.940185
vn 0.214938 -0.264299 -0.940185
vn 0.180083 -0.279438 -0.943125
vn 0.180083 -0.279438 -0.943125
vn 0.214938 -0.264299 -0.940185
vn -0.415269 0.189583 -0.889725
vn -0.527579 -0.041194 -0.848507
vn 0.180083 -0.279438 -0.943125
vn -0.415269 0.189583 -0.889725
vn -0.766978 0.529485 -0.362477
vn -0.924224 0.152175 -0.350218
vn -0.527579 -0.041194 -0.848507
vn -0.766978 0.529485 -0.362477
vn -0.694045 0.612182 0.378859
vn -0.889407 0.239992 0.389050
vn -0.924224 0.152175 -0.350218
vn -0.694045 0.612182 0.378859
vn -0.170960 0.344977 0.922910
vn -0.260270 0.133026 0.956328
vn -0.889407 0.239992 0.389050
vn -0.170960 0.344977 0.922910
vn 0.449614 -0.099877 0.887622
vn 0.470571 -0.088666 0.877896
vn -0.260270 0.133026 0.956328
vn 0.449614 -0.099877 0.887622
vn 0.811761 -0.453462 0.367990
vn 0.885235 -0.289584 0.364006
vn 0.470571 -0.088666 0.877896
vn 0.811761 -0.453462 0.367990
vn 0.214938 -0.264299 -0.940185
vn 0.180083 -0.279438 -0.943125
vn 0.885235 -0.289584 0.364006
vn 0.180083 -0.279438 -0.943125
vn 0.180083 -0.279438 -0.943125
vn 0.351210 0.062415 -0.934214
vn 0.351210 0.062415 -0.934214
vn 0.180083 -0.279438 -0.943125
vn -0.527579 -0.041194 -0.848507
vn -0.425241 0.203473 -0.881912
vn 0.351210 0.062415 -0.934214
vn -0.527579 -0.041194 -0.848507
vn -0.924224 0.152175 -0.350218
vn -0.859995 0.356597 -0.365030
vn -0.425241 0.203473 -0.881912
vn -0.924224 0.152175 -0.350218
vn -0.889407 0.239992 0.389050
vn -0.787460 0.469250 0.399638
vn -0.859995 0.356597 -0.365030
vn -0.889407 0.239992 0.389050
vn -0.260270 0.133026 0.956328
vn -0.091493 0.395191 0.914031
vn -0.787460 0.469250 0.399638
vn -0.260270 0.133026 0.956328
vn 0.470571 -0.088666 0.877896
vn 0.587517 0.213783 0.780462
vn -0.091493 0.395191 0.914031
vn 0.470571 -0.088666 0.877896
vn 0.885235 -0.289584 0.364006
vn 0.946234 0.075916 0.314450
vn 0.587517 0.213783 0.780462
vn 0.885235 -0.289584 0.364006
vn 0.180083 -0.279438 -0.943125
vn 0.351210 0.062415 -0.934214
vn 0.946234 0.075916 0.314450
vn 0.351210 0.062415 -0.934214
vn 0.351210 0.062415 -0.934214
vn 0.478102 0.878304 0.000000
vn 0.351210 0.062415 -0.934214
vn -0.425241 0.203473 -0.881912
vn 0.478102 0.878304 0.000000
vn -0.425241 0.203473 -0.881912
vn -0.859995 0.356597 -0.365030
vn 0.478102 0.878304 0.000000
vn -0.859995 0.356597 -0.365030
vn -0.787460 0.469250 0.399638
vn 0.478102 0.878304 0.000000
vn -0.787460 0.469250 0.399638
vn -0.091493 0.395191 0.914031
vn 0.478102 0.878304 0.000000
vn -0.091493 0.395191 0.914031
vn 0.587517 0.213783 0.780462
vn 0.478102 0.878304 0.000000
vn 0.587517 0.213783 0.780462
vn 0.946234 0.075916 0.314450
vn 0.478102 0.878304 0.000000
vn 0.946234 0.075916 0.314450
vn 0.351210 0.062415 -0.934214
vn 0.478102 0.878304 0.000000
vn -0.382286 0.045529 0.922922
vn -0.382308 0.044270 0.922974
vn -0.380749 0.100399 0.919212
vn -0.380760 0.100135 0.919236
vn -0.923690 0.020288 0.382604
vn -0.382286 0.045529 0.922922
vn -0.380760 0.100135 0.919236
vn -0.920238 0.088704 0.381174
vn -0.923736 -0.017638 -0.382623
vn -0.923690 0.020288 0.382604
vn -0.920238 0.088704 0.381174
vn -0.923580 0.025470 -0.382558
vn -0.382299 -0.044800 -0.922952
vn -0.923736 -0.017638 -0.382623
vn -0.923580 0.025470 -0.382558
vn -0.382133 -0.053631 -0.922550
vn 0.382310 -0.044270 -0.922973
vn -0.382299 -0.044800 -0.922952
vn -0.382133 -0.053631 -0.922550
vn 0.380753 -0.100400 -0.919210
vn 0.923735 -0.017440 -0.382634
vn 0.382310 -0.044270 -0.922973
vn 0.380753 -0.100400 -0.919210
vn 0.920351 -0.087275 -0.381232
vn 0.923712 0.018847 0.382625
vn 0.923735 -0.017440 -0.382634
vn 0.920351 -0.087275 -0.381232
vn 0.923636 -0.022776 0.382594
vn -0.382308 0.044270 0.922974
vn 0.923712 0.018847 0.382625
vn 0.923636 -0.022776 0.382594
vn -0.380749 0.100399 0.919212
vn -0.380760 0.100135 0.919236
vn -0.380749 0.100399 0.919212
vn -0.379482 0.113451 0.918217
vn -0.379625 0.112754 0.918244
vn -0.920238 0.088704 0.381174
vn -0.380760 0.100135 0.919236
vn -0.379625 0.112754 0.918244
vn -0.913452 0.149482 0.378499
vn -0.923580 0.025470 -0.382558
vn -0.920238 0.088704 0.381174
vn -0.913452 0.149482 0.378499
vn -0.918903 0.104194 -0.380474
vn -0.382133 -0.053631 -0.922550
vn -0.923580 0.025470 -0.382558
vn -0.918903 0.104194 -0.380474
vn -0.383441 -0.005566 -0.923549
vn 0.380753 -0.100400 -0.919210
vn -0.382133 -0.053631 -0.922550
vn -0.383441 -0.005566 -0.923549
vn 0.379468 -0.113804 -0.918179
vn 0.920351 -0.087275 -0.381232
vn 0.380753 -0.100400 -0.919210
vn 0.379468 -0.113804 -0.918179
vn 0.913423 -0.149656 -0.378498
vn 0.923636 -0.022776 0.382594
vn 0.920351 -0.087275 -0.381232
vn 0.913423 -0.149656 -0.378498
vn 0.919771 -0.094663 0.380868
vn -0.380749 0.100399 0.919212
vn 0.923636 -0.022776 0.382594
vn 0.919771 -0.094663 0.380868
vn -0.379482 0.113451 0.918217
vn -0.379625 0.112754 0.918244
vn -0.379482 0.113451 0.918217
vn 0.396006 -0.069096 0.915645
vn -0.368182 -0.019692 0.929545
vn -0.913452 0.149482 0.378499
vn -0.379625 0.112754 0.918244
vn -0.368182 -0.019692 0.929545
vn -0.922047 0.041456 0.384851
vn -0.918903 0.104194 -0.380474
vn -0.913452 0.149482 0.378499
vn -0.922047 0.041456 0.384851
vn -0.922120 0.077863 -0.378989
vn -0.383441 -0.005566 -0.923549
vn -0.918903 0.104194 -0.380474
vn -0.922120 0.077863 -0.378989
vn -0.396719 0.073720 -0.914975
vn 0.379468 -0.113804 -0.918179
vn -0.383441 -0.005566 -0.923549
vn -0.396719 0.073720 -0.914975
vn 0.367031 0.028556 -0.929770
vn 0.913423 -0.149656 -0.378498
vn 0.379468 -0.113804 -0.918179
vn 0.367031 0.028556 -0.929770
vn 0.922196 -0.035911 -0.385052
vn 0.919771 -0.094663 0.380868
vn 0.913423 -0.149656 -0.378498
vn 0.922196 -0.035911 -0.385052
vn 0.396801 -0.070989 0.915155
vn -0.379482 0.113451 0.918217
vn 0.919771 -0.094663 0.380868
vn 0.396801 -0.070989 0.915155
vn 0.396006 -0.069096 0.915645
vn 0.160956 0.438077 -0.884410
vn 0.160956 0.438077 -0.884410
vn 0.160956 0.438077 -0.884410
vn 0.160956 0.438077 -0.884410
vn 0.160956 0.438077 -0.884410
vn -0.294524 -0.233337 -0.926720
vn -0.294524 -0.233337 -0.926720
vn 0.160956 0.438077 -0.884410
vn -0.294524 -0.233337 -0.926720
vn -0.567357 -0.738060 -0.365203
vn -0.567357 -0.738060 -0.365203
vn -0.294524 -0.233337 -0.926720
vn -0.567357 -0.738060 -0.365203
vn -0.509001 -0.785634 0.351706
vn -0.509001 -0.785634 0.351706
vn -0.567357 -0.738060 -0.365203
vn -0.509001 -0.785634 0.351706
vn -0.186269 -0.410824 0.892484
vn -0.186269 -0.410824 0.892484
vn -0.509001 -0.785634 0.351706
vn -0.186269 -0.410824 0.892484
vn 0.272423 0.270464 0.923382
vn 0.272423 0.270464 0.923382
vn -0.186269 -0.410824 0.892484
vn 0.272423 0.270464 0.923382
vn 0.530464 0.768395 0.358018
vn 0.530464 0.768395 0.358018
vn 0.272423 0.270464 0.923382
vn 0.530464 0.768395 0.358018
vn 0.160956 0.438077 -0.884410
vn 0.160956 0.438077 -0.884410
vn 0.530464 0.768395 0.358018
vn 0.160956 0.438077 -0.884410
vn 0.160956 0.438077 -0.884410
vn 0.210975 0.379759 -0.900707
vn 0.210975 0.379759 -0.900707
vn 0.160956 0.438077 -0.884410
vn -0.294524 -0.233337 -0.926720
vn -0.344188 -0.165820 -0.924142
vn 0.210975 0.379759 -0.900707
vn -0.294524 -0.233337 -0.926720
vn -0.567357 -0.738060 -0.365203
vn -0.692454 -0.615525 -0.376348
vn -0.344188 -0.165820 -0.924142
vn -0.567357 -0.738060 -0.365203
vn -0.509001 -0.785634 0.351706
vn -0.624441 -0.689980 0.366062
vn -0.692454 -0.615525 -0.376348
vn -0.509001 -0.785634 0.351706
vn -0.186269 -0.410824 0.892484
vn -0.212233 -0.381928 0.899493
vn -0.624441 -0.689980 0.366062
vn -0.186269 -0.410824 0.892484
vn 0.272423 0.270464 0.923382
vn 0.345410 0.168389 0.923221
vn -0.212233 -0.381928 0.899493
vn 0.272423 0.270464 0.923382
vn 0.530464 0.768395 0.358018
vn 0.692111 0.616543 0.375310
vn 0.345410 0.168389 0.923221
vn 0.530464 0.768395 0.358018
vn 0.160956 0.438077 -0.884410
vn 0.210975 0.379759 -0.900707
vn 0.692111 0.616543 0.375310
vn 0.210975 0.379759 -0.900707
vn 0.210975 0.379759 -0.900707
vn 0.276066 0.220130 -0.935591
vn 0.276066 0.220130 -0.935591
vn 0.210975 0.379759 -0.900707
vn -0.344188 -0.165820 -0.924142
vn -0.446468 -0.034781 -0.894123
vn 0.276066 0.220130 -0.935591
vn -0.344188 -0.165820 -0.924142
vn -0.692454 -0.615525 -0.376348
vn -0.901706 -0.230278 -0.365921
vn -0.446468 -0.034781 -0.894123
vn -0.692454 -0.615525 -0.376348
vn -0.624441 -0.689980 0.366062
vn -0.883340 -0.274921 0.379642
vn -0.901706 -0.230278 -0.365921
vn -0.624441 -0.689980 0.366062
vn -0.212233 -0.381928 0.899493
vn -0.342706 -0.108070 0.933206
vn -0.883340 -0.274921 0.379642
vn -0.212233 -0.381928 0.899493
vn 0.345410 0.168389 0.923221
vn 0.381308 0.167360 0.909173
vn -0.342706 -0.108070 0.933206
vn 0.345410 0.168389 0.923221
vn 0.692111 0.616543 0.375310
vn 0.851280 0.367230 0.374787
vn 0.381308 0.167360 0.909173
vn 0.692111 0.616543 0.375310
vn 0.210975 0.379759 -0.900707
vn 0.276066 0.220130 -0.935591
vn 0.851280 0.367230 0.374787
vn 0.276066 0.220130 -0.935591
vn 0.276066 0.220130 -0.935591
vn 0.248702 0.197638 -0.948202
vn 0.248702 0.197638 -0.948202
vn 0.276066 0.220130 -0.935591
vn -0.446468 -0.034781 -0.894123
vn -0.427567 -0.190581 -0.883666
vn 0.248702 0.197638 -0.948202
vn -0.446468 -0.034781 -0.894123
vn -0.901706 -0.230278 -0.365921
vn -0.826126 -0.435586 -0.357464
vn -0.427567 -0.190581 -0.883666
vn -0.901706 -0.230278 -0.365921
vn -0.883340 -0.274921 0.379642
vn -0.800142 -0.462962 0.381365
vn -0.826126 -0.435586 -0.357464
vn -0.883340 -0.274921 0.379642
vn -0.342706 -0.108070 0.933206
vn -0.253573 -0.196437 0.947161
vn -0.800142 -0.462962 0.381365
vn -0.342706 -0.108070 0.933206
vn 0.381308 0.167360 0.909173
vn 0.426429 0.195949 0.883042
vn -0.253573 -0.196437 0.947161
vn 0.381308 0.167360 0.909173
vn 0.851280 0.367230 0.374787
vn 0.813939 0.457311 0.358287
vn 0.426429 0.195949 0.883042
vn 0.851280 0.367230 0.374787
vn 0.276066 0.220130 -0.935591
vn 0.248702 0.197638 -0.948202
vn 0.813939 0.457311 0.358287
vn 0.248702 0.197638 -0.948202
vn 0.248702 0.197638 -0.948202
vn 0.062645 0.364461 -0.929109
vn 0.062645 0.364461 -0.929109
vn 0.248702 0.197638 -0.948202
vn -0.427567 -0.190581 -0.883666
vn -0.289011 -0.333219 -0.897462
vn 0.062645 0.364461 -0.929109
vn -0.427567 -0.190581 -0.883666
vn -0.826126 -0.435586 -0.357464
vn -0.469639 -0.804194 -0.364295
vn -0.289011 -0.333219 -0.897462
vn -0.826126 -0.435586 -0.357464
vn -0.800142 -0.462962 0.381365
vn -0.393224 -0.838960 0.376192
vn -0.469639 -0.804194 -0.364295
vn -0.800142 -0.462962 0.381365
vn -0.253573 -0.196437 0.947161
vn -0.068313 -0.364305 0.928771
vn -0.393224 -0.838960 0.376192
vn -0.253573 -0.196437 0.947161
vn 0.426429 0.195949 0.883042
vn 0.288968 0.335145 0.896758
vn -0.068313 -0.364305 0.928771
vn 0.426429 0.195949 0.883042
vn 0.813939 0.457311 0.358287
vn 0.456994 0.811502 0.364171
vn 0.288968 0.335145 0.896758
vn 0.813939 0.457311 0.358287
vn 0.248702 0.197638 -0.948202
vn 0.062645 0.364461 -0.929109
vn 0.456994 0.811502 0.364171
vn 0.062645 0.364461 -0.929109
vn 0.062645 0.364461 -0.929109
vn -0.085643 0.405688 -0.909990
vn -0.085643 0.405688 -0.909990
vn 0.062645 0.364461 -0.929109
vn -0.289011 -0.333219 -0.897462
vn -0.157878 -0.352773 -0.922294
vn -0.085643 0.405688 -0.909990
vn -0.289011 -0.333219 -0.897462
vn -0.469639 -0.804194 -0.364295
vn -0.140273 -0.912942 -0.383223
vn -0.157878 -0.352773 -0.922294
vn -0.469639 -0.804194 -0.364295
vn -0.393224 -0.838960 0.376192
vn -0.041554 -0.924833 0.378097
vn -0.140273 -0.912942 -0.383223
vn -0.393224 -0.838960 0.376192
vn -0.068313 -0.364305 0.928771
vn 0.082009 -0.405946 0.910210
vn -0.041554 -0.924833 0.378097
vn -0.068313 -0.364305 0.928771
vn 0.288968 0.335145 0.896758
vn 0.160760 0.352770 0.921797
vn 0.082009 -0.405946 0.910210
vn 0.288968 0.335145 0.896758
vn 0.456994 0.811502 0.364171
vn 0.141413 0.912848 0.383029
vn 0.160760 0.352770 0.921797
vn 0.456994 0.811502 0.364171
vn 0.062645 0.364461 -0.929109
vn -0.085643 0.405688 -0.909990
vn 0.141413 0.912848 0.383029
vn -0.085643 0.405688 -0.909990
vn -0.085643 0.405688 -0.909990
vn -0.128383 0.421730 -0.897587
vn -0.128383 0.421730 -0.897587
vn -0.085643 0.405688 -0.909990
vn -0.157878 -0.352773 -0.922294
vn -0.116324 -0.335339 -0.934889
vn -0.128383 0.421730 -0.897587
vn -0.157878 -0.352773 -0.922294
vn -0.140273 -0.912942 -0.383223
vn -0.033439 -0.920156 -0.390121
vn -0.116324 -0.335339 -0.934889
vn -0.140273 -0.912942 -0.383223
vn -0.041554 -0.924833 0.378097
vn 0.064787 -0.924941 0.374548
vn -0.033439 -0.920156 -0.390121
vn -0.041554 -0.924833 0.378097
vn 0.082009 -0.405946 0.910210
vn 0.125179 -0.421811 0.898001
vn 0.064787 -0.924941 0.374548
vn 0.082009 -0.405946 0.910210
vn 0.160760 0.352770 0.921797
vn 0.119679 0.335097 0.934552
vn 0.125179 -0.421811 0.898001
vn 0.160760 0.352770 0.921797
vn 0.141413 0.912848 0.383029
vn 0.036858 0.920042 0.390083
vn 0.119679 0.335097 0.934552
vn 0.141413 0.912848 0.383029
vn -0.085643 0.405688 -0.909990
vn -0.128383 0.421730 -0.897587
vn 0.036858 0.920042 0.390083
vn -0.128383 0.421730 -0.897587
vn -0.128383 0.421730 -0.897587
vn -0.999387 -0.035012 0.000014
vn -0.128383 0.421730 -0.897587
vn -0.116324 -0.335339 -0.934889
vn -0.999387 -0.035012 0.000014
vn -0.116324 -0.335339 -0.934889
vn -0.033439 -0.920156 -0.390121
vn -0.999387 -0.035012 0.000014
vn -0.033439 -0.920156 -0.390121
vn 0.064787 -0.924941 0.374548
vn -0.999387 -0.035012 0.000014
vn 0.064787 -0.924941 0.374548
vn 0.125179 -0.421811 0.898001
vn -0.999387 -0.035012 0.000014
vn 0.125179 -0.421811 0.898001
vn 0.119679 0.335097 0.934552
vn -0.999387 -0.035012 0.000014
vn 0.119679 0.335097 0.934552
vn 0.036858 0.920042 0.390083
vn -0.999387 -0.035012 0.000014
vn 0.036858 0.920042 0.390083
vn -0.128383 0.421730 -0.897587
vn -0.999387 -0.035012 0.000014
vn -0.638067 -0.085602 0.765207
vn -0.708008 0.021072 0.705890
vn -0.692264 -0.122344 0.711198
vn -0.692264 -0.122344 0.711198
vn -0.708008 0.021072 0.705890
vn -0.758215 -0.110599 0.642555
vn -0.758215 -0.110599 0.642555
vn -0.708008 0.021072 0.705890
vn -0.879334 -0.000004 0.476206
vn -0.879334 -0.000004 0.476206
vn -0.708008 0.021072 0.705890
vn -0.812001 0.137300 0.567276
vn -0.812001 0.137300 0.567276
vn -0.708008 0.021072 0.705890
vn -0.674100 0.209299 0.708366
vn -0.674100 0.209299 0.708366
vn -0.708008 0.021072 0.705890
vn -0.590582 0.119130 0.798136
vn -0.590582 0.119130 0.798136
vn -0.708008 0.021072 0.705890
vn -0.595788 -0.005376 0.803124
vn -0.595788 -0.005376 0.803124
vn -0.708008 0.021072 0.705890
vn -0.638067 -0.085602 0.765207
vn 0.658216 0.062110 -0.750263
vn 0.697448 0.081936 -0.711936
vn 0.699567 -0.014142 -0.714427
vn 0.697448 0.081936 -0.711936
vn 0.740507 0.066735 -0.668727
vn 0.699567 -0.014142 -0.714427
vn 0.740507 0.066735 -0.668727
vn 0.806985 0.000000 -0.590571
vn 0.699567 -0.014142 -0.714427
vn 0.806985 0.000000 -0.590571
vn 0.772828 -0.074618 -0.630214
vn 0.699567 -0.014142 -0.714427
vn 0.772828 -0.074618 -0.630214
vn 0.692185 -0.139886 -0.708034
vn 0.699567 -0.014142 -0.714427
vn 0.692185 -0.139886 -0.708034
vn 0.622461 -0.090161 -0.777440
vn 0.699567 -0.014142 -0.714427
vn 0.622461 -0.090161 -0.777440
vn 0.624081 0.004729 -0.781345
vn 0.699567 -0.014142 -0.714427
vn 0.624081 0.004729 -0.781345
vn 0.658216 0.062110 -0.750263
vn 0.699567 -0.014142 -0.714427
vn 0.658216 0.062110 -0.750263
vn -0.638067 -0.085602 0.765207
vn -0.692264 -0.122344 0.711198
vn 0.697448 0.081936 -0.711936
vn 0.697448 0.081936 -0.711936
vn -0.692264 -0.122344 0.711198
vn -0.758215 -0.110599 0.642555
vn 0.740507 0.066735 -0.668727
vn 0.772828 -0.074618 -0.630214
vn -0.812001 0.137300 0.567276
vn -0.674100 0.209299 0.708366
vn 0.692185 -0.139886 -0.708034
vn 0.692185 -0.139886 -0.708034
vn -0.674100 0.209299 0.708366
vn -0.590582 0.119130 0.798136
vn 0.622461 -0.090161 -0.777440
vn 0.622461 -0.090161 -0.777440
vn -0.590582 0.119130 0.798136
vn -0.595788 -0.005376 0.803124
vn 0.624081 0.004729 -0.781345
vn 0.624081 0.004729 -0.781345
vn -0.595788 -0.005376 0.803124
vn -0.638067 -0.085602 0.765207
vn 0.658216 0.062110 -0.750263
s off
g Lake_Missionary:Lake_Missionary
usemtl Lake_Missionary:mofa_MissionarySG
f 1/1/1 2/2/2 117/3/3 118/4/4
f 2/2/5 3/5/6 116/6/7 117/3/8
f 3/5/9 4/7/10 115/8/11 116/6/12
f 4/9/13 5/10/14 114/11/15 115/12/16
f 5/10/17 6/13/18 121/14/19 114/11/20
f 6/13/21 7/15/22 120/16/23 121/14/24
f 7/15/25 8/17/26 119/18/27 120/16/28
f 8/19/29 1/1/30 118/4/31 119/20/32
f 2/2/33 1/1/34 17/21/35 18/22/36
f 3/5/37 2/2/38 18/22/39 19/23/40
f 4/7/41 3/5/42 19/23/43 20/24/44
f 5/10/45 4/9/46 20/25/47 21/26/48
f 6/13/49 5/10/50 21/26/51 22/27/52
f 7/15/53 6/13/54 22/27/55 23/28/56
f 8/17/57 7/15/58 23/28/59 24/29/60
f 1/1/61 8/19/62 24/30/63 17/21/64
f 18/22/65 17/21/66 25/31/67 26/32/68
f 19/23/69 18/22/70 26/32/71 27/33/72
f 20/24/73 19/23/74 27/33/75 28/34/76
f 21/26/77 20/25/78 28/35/79 29/36/80
f 22/27/81 21/26/82 29/36/83 30/37/84
f 23/28/85 22/27/86 30/37/87 31/38/88
f 24/29/89 23/28/90 31/38/91 32/39/92
f 17/21/93 24/30/94 32/40/95 25/31/96
f 26/32/97 25/31/98 33/41/99 34/42/100
f 27/33/101 26/32/102 34/42/103 35/43/104
f 28/34/105 27/33/106 35/43/107 36/44/108
f 29/36/109 28/35/110 36/45/111 37/46/112
f 30/37/113 29/36/114 37/46/115 38/47/116
f 31/38/117 30/37/118 38/47/119 39/48/120
f 32/39/121 31/38/122 39/48/123 40/49/124
f 25/31/125 32/40/126 40/50/127 33/41/128
f 34/42/129 33/41/130 41/51/131 42/52/132
f 35/43/133 34/42/134 42/52/135 43/53/136
f 36/44/137 35/43/138 43/53/139 44/54/140
f 37/46/141 36/45/142 44/55/143 45/56/144
f 38/47/145 37/46/146 45/56/147 46/57/148
f 39/48/149 38/47/150 46/57/151 47/58/152
f 40/49/153 39/48/154 47/58/155 48/59/156
f 33/41/157 40/50/158 48/60/159 41/51/160
f 42/52/161 41/51/162 49/61/163 50/62/164
f 43/53/165 42/52/166 50/62/167 51/63/168
f 44/54/169 43/53/170 51/63/171 52/64/172
f 45/56/173 44/55/174 52/65/175 53/66/176
f 46/57/177 45/56/178 53/66/179 54/67/180
f 47/58/181 46/57/182 54/67/183 55/68/184
f 48/59/185 47/58/186 55/68/187 56/69/188
f 41/51/189 48/60/190 56/70/191 49/61/192
f 50/62/193 49/61/194 57/71/195 58/72/196
f 51/63/197 50/62/198 58/72/199 59/73/200
f 52/64/201 51/63/202 59/73/203 60/74/204
f 53/66/205 52/65/206 60/75/207 61/76/208
f 54/67/209 53/66/210 61/76/211 62/77/212
f 55/68/213 54/67/214 62/77/215 63/78/216
f 56/69/217 55/68/218 63/78/219 64/79/220
f 49/61/221 56/70/222 64/80/223 57/71/224
f 58/72/225 57/71/226 65/81/227 66/82/228
f 59/73/229 58/72/230 66/82/231 67/83/232
f 60/74/233 59/73/234 67/83/235 68/84/236
f 61/76/237 60/75/238 68/85/239 69/86/240
f 62/77/241 61/76/242 69/86/243 70/87/244
f 63/78/245 62/77/246 70/87/247 71/88/248
f 64/79/249 63/78/250 71/88/251 72/89/252
f 57/71/253 64/80/254 72/90/255 65/81/256
f 66/82/257 65/81/258 73/91/259 74/92/260
f 67/83/261 66/82/262 74/92/263 75/93/264
f 68/84/265 67/83/266 75/93/267 76/94/268
f 69/86/269 68/85/270 76/95/271 77/96/272
f 70/87/273 69/86/274 77/96/275 78/97/276
f 71/88/277 70/87/278 78/97/279 79/98/280
f 72/89/281 71/88/282 79/98/283 80/99/284
f 65/81/285 72/90/286 80/100/287 73/91/288
f 74/92/289 73/91/290 81/101/291 82/102/292
f 75/93/293 74/92/294 82/102/295 83/103/296
f 76/94/297 75/93/298 83/103/299 84/104/300
f 77/96/301 76/95/302 84/105/303 85/106/304
f 78/97/305 77/96/306 85/106/307 86/107/308
f 79/98/309 78/97/310 86/107/311 87/108/312
f 80/99/313 79/98/314 87/108/315 88/109/316
f 73/91/317 80/100/318 88/110/319 81/101/320
f 82/102/321 81/101/322 89/111/323 90/112/324
f 83/103/325 82/102/326 90/112/327 91/113/328
f 84/104/329 83/103/330 91/113/331 92/114/332
f 85/106/333 84/105/334 92/115/335 93/116/336
f 86/107/337 85/106/338 93/116/339 94/117/340
f 87/108/341 86/107/342 94/117/343 95/118/344
f 88/109/345 87/108/346 95/118/347 96/119/348
f 81/101/349 88/110/350 96/120/351 89/111/352
f 90/112/353 89/111/354 97/121/355
f 91/113/356 90/112/357 97/121/358
f 92/114/359 91/113/360 97/121/361
f 93/116/362 92/115/363 97/122/364
f 94/117/365 93/116/366 97/122/367
f 95/118/368 94/117/369 97/122/370
f 96/119/371 95/118/372 97/122/373
f 89/111/374 96/120/375 97/121/376
f 99/123/377 98/124/378 106/125/379 107/126/380
f 100/127/381 99/123/382 107/126/383 108/128/384
f 101/129/385 100/130/386 108/131/387 109/132/388
f 102/133/389 101/129/390 109/132/391 110/134/392
f 103/135/393 102/133/394 110/134/395 111/136/396
f 104/137/397 103/135/398 111/136/399 112/138/400
f 105/139/401 104/140/402 112/141/403 113/142/404
f 98/124/405 105/139/406 113/142/407 106/125/408
f 107/126/409 106/125/410 14/143/411 13/144/412
f 108/128/413 107/126/414 13/144/415 12/145/416
f 109/132/417 108/131/418 12/146/419 11/147/420
f 110/134/421 109/132/422 11/147/423 10/148/424
f 111/136/425 110/134/426 10/148/427 9/149/428
f 112/138/429 111/136/430 9/149/431 16/150/432
f 113/142/433 112/141/434 16/151/435 15/152/436
f 106/125/437 113/142/438 15/152/439 14/143/440
f 115/12/441 114/11/442 99/123/443 100/127/444
f 116/6/445 115/8/446 100/130/447 101/129/448
f 117/3/449 116/6/450 101/129/451 102/133/452
f 118/4/453 117/3/454 102/133/455 103/135/456
f 119/20/457 118/4/458 103/135/459 104/137/460
f 120/16/461 119/18/462 104/140/463 105/139/464
f 121/14/465 120/16/466 105/139/467 98/124/468
f 114/11/469 121/14/470 98/124/471 99/123/472
f 122/153/473 129/154/474 134/155/475 132/156/476
f 129/154/477 123/157/478 130/158/479 134/155/480
f 134/159/481 130/160/482 125/161/483 131/162/484
f 132/163/485 134/159/486 131/162/487 124/164/488
f 124/164/489 131/162/490 135/165/491 126/166/492
f 131/162/493 125/161/494 133/167/495 135/165/496
f 136/168/497 127/169/498 123/157/499 129/154/500
f 128/170/501 136/168/502 129/154/503 122/153/504
f 123/157/505 127/169/506 137/171/507 130/158/508
f 130/160/509 137/172/510 133/167/511 125/161/512
f 128/170/513 122/153/514 132/156/515 138/173/516
f 138/174/517 132/163/518 124/164/519 126/166/520
f 140/175/521 139/176/522 147/177/523 148/178/524
f 139/176/525 141/179/526 149/180/527 147/177/528
f 142/181/529 143/182/530 151/183/531 150/184/532
f 144/185/533 142/181/534 150/184/535 152/186/536
f 145/187/537 144/185/538 152/186/539 153/188/540
f 141/179/541 145/187/542 153/188/543 149/180/544
f 143/182/545 146/189/546 154/190/547 151/183/548
f 146/189/549 140/175/550 148/178/551 154/190/552
f 148/178/553 147/177/554 155/191/555 156/192/556
f 147/177/557 149/180/558 157/193/559 155/191/560
f 150/184/561 151/183/562 159/194/563 158/195/564
f 152/186/565 150/184/566 158/195/567 160/196/568
f 153/188/569 152/186/570 160/196/571 161/197/572
f 149/180/573 153/188/574 161/197/575 157/193/576
f 151/183/577 154/190/578 162/198/579 159/194/580
f 154/190/581 148/178/582 156/192/583 162/198/584
f 156/192/585 155/191/586 163/199/587
f 155/191/588 157/193/589 163/199/590
f 158/195/591 159/194/592 163/199/593
f 160/196/594 158/195/595 163/199/596
f 161/197/597 160/196/598 163/199/599
f 157/193/600 161/197/601 163/199/602
f 159/194/603 162/198/604 163/199/605
f 162/198/606 156/192/607 163/199/608
f 164/200/609 165/201/610 178/202/611 179/203/612
f 165/201/613 164/200/614 167/204/615 166/205/616
f 166/205/617 167/204/618 169/206/619 168/207/620
f 168/208/621 169/209/622 171/210/623 170/211/624
f 170/211/625 171/210/626 173/212/627 172/213/628
f 172/213/629 173/212/630 175/214/631 174/215/632
f 174/215/633 175/214/634 177/216/635 176/217/636
f 176/218/637 177/219/638 179/203/639 178/202/640
f 126/166/641 135/165/642 165/201/643 166/205/644
f 135/165/645 133/167/646 178/202/647 165/201/648
f 136/168/649 128/170/650 170/211/651 172/213/652
f 127/169/653 136/168/654 172/213/655 174/215/656
f 137/171/657 127/169/658 174/215/659 176/217/660
f 133/167/661 137/172/662 176/218/663 178/202/664
f 128/170/665 138/173/666 168/208/667 170/211/668
f 138/174/669 126/166/670 166/205/671 168/207/672
f 167/204/673 164/200/674 139/220/675 140/221/676
f 169/206/677 167/204/678 140/221/679 146/222/680
f 171/210/681 169/209/682 146/223/683 143/224/684
f 173/212/685 171/210/686 143/224/687 142/225/688
f 175/214/689 173/212/690 142/225/691 144/226/692
f 177/216/693 175/214/694 144/226/695 145/227/696
f 179/203/697 177/219/698 145/228/699 141/229/700
f 164/200/701 179/203/702 141/229/703 139/220/704
f 180/230/705 181/231/706 182/232/707 183/233/708
f 181/231/709 180/230/710 184/234/711 185/235/712
f 185/235/713 184/234/714 186/236/715 187/237/716
f 187/237/717 186/236/718 188/238/719 189/239/720
f 189/240/721 188/241/722 190/242/723 191/243/724
f 191/243/725 190/242/726 192/244/727 193/245/728
f 193/245/729 192/244/730 194/246/731 195/247/732
f 195/247/733 194/246/734 183/233/735 182/232/736
f 181/231/737 197/248/738 198/249/739 182/232/740
f 183/233/741 199/250/742 196/251/743 180/230/744
f 180/230/745 196/251/746 200/252/747 184/234/748
f 185/235/749 201/253/750 197/248/751 181/231/752
f 184/234/753 200/252/754 202/254/755 186/236/756
f 187/237/757 203/255/758 201/253/759 185/235/760
f 186/236/761 202/254/762 204/256/763 188/238/764
f 189/239/765 205/257/766 203/255/767 187/237/768
f 188/241/769 204/258/770 206/259/771 190/242/772
f 191/243/773 207/260/774 205/261/775 189/240/776
f 190/242/777 206/259/778 208/262/779 192/244/780
f 193/245/781 209/263/782 207/260/783 191/243/784
f 192/244/785 208/262/786 210/264/787 194/246/788
f 195/247/789 211/265/790 209/263/791 193/245/792
f 194/246/793 210/264/794 199/250/795 183/233/796
f 182/232/797 198/249/798 211/265/799 195/247/800
f 215/266/801 212/267/802 213/268/803 214/269/804
f 216/270/805 217/271/806 515/272/807 516/273/808
f 217/271/809 218/274/810 514/275/811 515/272/812
f 218/274/813 219/276/814 513/277/815 514/275/816
f 219/276/817 220/278/818 512/279/819 513/277/820
f 220/278/821 221/280/822 511/281/823 512/279/824
f 221/280/825 222/282/826 510/283/827 511/281/828
f 222/282/829 223/284/830 509/285/831 510/283/832
f 223/286/833 224/287/834 508/288/835 509/289/836
f 224/287/837 225/290/838 507/291/839 508/288/840
f 225/290/841 226/292/842 506/293/843 507/291/844
f 226/292/845 227/294/846 505/295/847 506/293/848
f 227/294/849 228/296/850 504/297/851 505/295/852
f 228/296/853 229/298/854 519/299/855 504/297/856
f 229/298/857 230/300/858 518/301/859 519/299/860
f 230/300/861 231/302/862 517/303/863 518/301/864
f 231/304/865 216/270/866 516/273/867 517/305/868
f 497/306/869 249/307/870 248/308/871
f 233/309/872 234/310/873 250/311/874 249/307/875
f 234/310/876 235/312/877 251/313/878 250/311/879
f 235/312/880 236/314/881 252/315/882 251/313/883
f 236/314/884 237/316/885 253/317/886 252/315/887
f 237/316/888 238/318/889 254/319/890 253/317/891
f 238/318/892 239/320/893 255/321/894 254/319/895
f 239/322/896 240/323/897 256/324/898 255/325/899
f 240/323/900 241/326/901 257/327/902 256/324/903
f 241/326/904 242/328/905 258/329/906 257/327/907
f 242/328/908 243/330/909 259/331/910 258/329/911
f 243/330/912 244/332/913 260/333/914 259/331/915
f 244/332/916 245/334/917 261/335/918 260/333/919
f 261/335/920 491/336/921 495/337/922
f 500/338/923 264/339/924 263/340/925
f 249/307/926 250/311/927 265/341/928 264/339/929
f 250/311/930 251/313/931 266/342/932 265/341/933
f 251/313/934 252/315/935 267/343/936 266/342/937
f 252/315/938 253/317/939 268/344/940 267/343/941
f 253/317/942 254/319/943 269/345/944 268/344/945
f 254/319/946 255/321/947 270/346/948 269/345/949
f 255/325/950 256/324/951 271/347/952 270/348/953
f 256/324/954 257/327/955 272/349/956 271/347/957
f 257/327/958 258/329/959 273/350/960 272/349/961
f 258/329/962 259/331/963 274/351/964 273/350/965
f 259/331/966 260/333/967 275/352/968 274/351/969
f 260/333/970 261/335/971 276/353/972 275/352/973
f 276/353/974 498/354/975 277/355/976
f 498/354/977 499/356/978 278/357/979 277/355/980
f 499/358/981 500/338/982 263/340/983 278/359/984
f 263/340/985 264/339/986 321/360/987 322/361/988
f 264/339/989 265/341/990 320/362/991 321/360/992
f 265/341/993 266/342/994 319/363/995 320/362/996
f 266/342/997 267/343/998 318/364/999 319/363/1000
f 267/343/1001 268/344/1002 317/365/1003 318/364/1004
f 268/344/1005 269/345/1006 316/366/1007 317/365/1008
f 269/345/1009 270/346/1010 315/367/1011 316/366/1012
f 270/348/1013 271/347/1014 314/368/1015 315/369/1016
f 271/347/1017 478/370/1018 313/371/1019 314/368/1020
f 478/370/1021 479/372/1022 312/373/1023 313/371/1024
f 479/372/1025 480/374/1026 311/375/1027 312/373/1028
f 480/374/1029 481/376/1030 326/377/1031 311/375/1032
f 481/376/1033 482/378/1034 325/379/1035 326/377/1036
f 482/378/1037 277/355/1038 324/380/1039 325/379/1040
f 277/355/1041 278/357/1042 323/381/1043 324/380/1044
f 278/359/1045 263/340/1046 322/361/1047 323/382/1048
f 279/383/1049 280/384/1050 296/385/1051 295/386/1052
f 280/384/1053 281/387/1054 297/388/1055 296/385/1056
f 281/387/1057 282/389/1058 298/390/1059 297/388/1060
f 282/389/1061 283/391/1062 299/392/1063 298/390/1064
f 283/391/1065 284/393/1066 300/394/1067 299/392/1068
f 284/393/1069 285/395/1070 301/396/1071 300/394/1072
f 285/395/1073 286/397/1074 302/398/1075 301/396/1076
f 286/399/1077 287/400/1078 303/401/1079 302/402/1080
f 287/400/1081 288/403/1082 304/404/1083 303/401/1084
f 288/403/1085 289/405/1086 305/406/1087 304/404/1088
f 289/405/1089 471/407/1090 472/408/1091
f 471/407/1092 307/409/1093 472/408/1094
f 291/410/1095 292/411/1096 308/412/1097 307/409/1098
f 292/411/1099 293/413/1100 309/414/1101 308/412/1102
f 293/413/1103 294/415/1104 310/416/1105 309/414/1106
f 294/417/1107 279/383/1108 295/386/1109 310/418/1110
f 312/373/1111 311/375/1112 327/419/1113 328/420/1114
f 313/371/1115 312/373/1116 328/420/1117 329/421/1118
f 314/368/1119 313/371/1120 329/421/1121 330/422/1122
f 315/369/1123 314/368/1124 330/422/1125 331/423/1126
f 316/366/1127 315/367/1128 331/424/1129 332/425/1130
f 317/365/1131 316/366/1132 332/425/1133 333/426/1134
f 318/364/1135 317/365/1136 333/426/1137 334/427/1138
f 319/363/1139 318/364/1140 334/427/1141 335/428/1142
f 320/362/1143 319/363/1144 335/428/1145 336/429/1146
f 321/360/1147 320/362/1148 336/429/1149 337/430/1150
f 322/361/1151 321/360/1152 337/430/1153 338/431/1154
f 323/382/1155 322/361/1156 338/431/1157 339/432/1158
f 324/380/1159 323/381/1160 339/433/1161 340/434/1162
f 325/379/1163 324/380/1164 340/434/1165 341/435/1166
f 326/377/1167 325/379/1168 341/435/1169 342/436/1170
f 311/375/1171 326/377/1172 342/436/1173 327/419/1174
f 328/420/1175 327/419/1176 343/437/1177 344/438/1178
f 329/421/1179 328/420/1180 344/438/1181 345/439/1182
f 330/422/1183 329/421/1184 345/439/1185 346/440/1186
f 331/423/1187 330/422/1188 346/440/1189 347/441/1190
f 332/425/1191 331/424/1192 347/442/1193 348/443/1194
f 333/426/1195 332/425/1196 348/443/1197 349/444/1198
f 334/427/1199 333/426/1200 349/444/1201 350/445/1202
f 335/428/1203 334/427/1204 350/445/1205 351/446/1206
f 336/429/1207 335/428/1208 351/446/1209 352/447/1210
f 337/430/1211 336/429/1212 352/447/1213 353/448/1214
f 338/431/1215 337/430/1216 353/448/1217 354/449/1218
f 339/432/1219 338/431/1220 354/449/1221 355/450/1222
f 340/434/1223 339/433/1224 355/451/1225 356/452/1226
f 341/435/1227 340/434/1228 356/452/1229 357/453/1230
f 342/436/1231 341/435/1232 357/453/1233 358/454/1234
f 327/419/1235 342/436/1236 358/454/1237 343/437/1238
f 344/438/1239 343/437/1240 290/455/1241 289/405/1242
f 345/439/1243 344/438/1244 289/405/1245 288/403/1246
f 346/440/1247 345/439/1248 288/403/1249 287/400/1250
f 347/441/1251 346/440/1252 287/400/1253 286/399/1254
f 348/443/1255 347/442/1256 286/397/1257 285/395/1258
f 349/444/1259 348/443/1260 285/395/1261 284/393/1262
f 350/445/1263 349/444/1264 284/393/1265 283/391/1266
f 351/446/1267 350/445/1268 283/391/1269 282/389/1270
f 352/447/1271 351/446/1272 282/389/1273 281/387/1274
f 353/448/1275 352/447/1276 281/387/1277 280/384/1278
f 354/449/1279 353/448/1280 280/384/1281 279/383/1282
f 355/450/1283 354/449/1284 279/383/1285 294/417/1286
f 356/452/1287 355/451/1288 294/415/1289 293/413/1290
f 357/453/1291 356/452/1292 293/413/1293 292/411/1294
f 358/454/1295 357/453/1296 292/411/1297 291/410/1298
f 343/437/1299 358/454/1300 291/410/1301 290/455/1302
f 295/386/1303 296/385/1304 360/456/1305 359/457/1306
f 296/385/1307 297/388/1308 361/458/1309 360/456/1310
f 297/388/1311 298/390/1312 362/459/1313 361/458/1314
f 298/390/1315 299/392/1316 363/460/1317 362/459/1318
f 299/392/1319 300/394/1320 364/461/1321 363/460/1322
f 300/394/1323 301/396/1324 365/462/1325 364/461/1326
f 301/396/1327 302/398/1328 366/463/1329 365/462/1330
f 302/402/1331 303/401/1332 367/464/1333 366/465/1334
f 303/401/1335 304/404/1336 368/466/1337 367/464/1338
f 304/404/1339 305/406/1340 369/467/1341 368/466/1342
f 305/406/1343 306/468/1344 370/469/1345 369/467/1346
f 306/468/1347 307/409/1348 371/470/1349 370/469/1350
f 307/409/1351 308/412/1352 372/471/1353 371/470/1354
f 308/412/1355 309/414/1356 373/472/1357 372/471/1358
f 309/414/1359 310/416/1360 374/473/1361 373/472/1362
f 310/418/1363 295/386/1364 359/457/1365 374/474/1366
f 359/457/1367 360/456/1368 376/475/1369 375/476/1370
f 360/456/1371 361/458/1372 377/477/1373 376/475/1374
f 361/458/1375 362/459/1376 378/478/1377 377/477/1378
f 362/459/1379 363/460/1380 379/479/1381 378/478/1382
f 363/460/1383 364/461/1384 380/480/1385 379/479/1386
f 364/461/1387 365/462/1388 381/481/1389 380/480/1390
f 365/462/1391 366/463/1392 382/482/1393 381/481/1394
f 366/465/1395 367/464/1396 383/483/1397 382/484/1398
f 367/464/1399 368/466/1400 384/485/1401 383/483/1402
f 368/466/1403 369/467/1404 385/486/1405 384/485/1406
f 369/467/1407 370/469/1408 386/487/1409 385/486/1410
f 370/469/1411 371/470/1412 387/488/1413 386/487/1414
f 371/470/1415 372/471/1416 388/489/1417 387/488/1418
f 372/471/1419 373/472/1420 389/490/1421 388/489/1422
f 373/472/1423 374/473/1424 390/491/1425 389/490/1426
f 374/474/1427 359/457/1428 375/476/1429 390/492/1430
f 375/476/1431 376/475/1432 392/493/1433 391/494/1434
f 376/475/1435 377/477/1436 393/495/1437 392/493/1438
f 377/477/1439 378/478/1440 394/496/1441 393/495/1442
f 378/478/1443 379/479/1444 395/497/1445 394/496/1446
f 379/479/1447 380/480/1448 396/498/1449 395/497/1450
f 380/480/1451 381/481/1452 397/499/1453 396/498/1454
f 381/481/1455 382/482/1456 398/500/1457 397/499/1458
f 382/484/1459 383/483/1460 399/501/1461 398/502/1462
f 383/483/1463 384/485/1464 400/503/1465 399/501/1466
f 384/485/1467 385/486/1468 401/504/1469 400/503/1470
f 385/486/1471 386/487/1472 402/505/1473 401/504/1474
f 386/487/1475 387/488/1476 403/506/1477 402/505/1478
f 387/488/1479 388/489/1480 404/507/1481 403/506/1482
f 388/489/1483 389/490/1484 405/508/1485 404/507/1486
f 389/490/1487 390/491/1488 406/509/1489 405/508/1490
f 390/492/1491 375/476/1492 391/494/1493 406/510/1494
f 391/494/1495 392/493/1496 408/511/1497 407/512/1498
f 392/493/1499 393/495/1500 409/513/1501 408/511/1502
f 393/495/1503 394/496/1504 410/514/1505 409/513/1506
f 394/496/1507 395/497/1508 411/515/1509 410/514/1510
f 395/497/1511 396/498/1512 412/516/1513 411/515/1514
f 396/498/1515 397/499/1516 413/517/1517 412/516/1518
f 397/499/1519 398/500/1520 414/518/1521 413/517/1522
f 398/502/1523 399/501/1524 415/519/1525 414/520/1526
f 399/501/1527 400/503/1528 416/521/1529 415/519/1530
f 400/503/1531 401/504/1532 417/522/1533 416/521/1534
f 401/504/1535 402/505/1536 418/523/1537 417/522/1538
f 402/505/1539 403/506/1540 419/524/1541 418/523/1542
f 403/506/1543 404/507/1544 420/525/1545 419/524/1546
f 404/507/1547 405/508/1548 421/526/1549 420/525/1550
f 405/508/1551 406/509/1552 422/527/1553 421/526/1554
f 406/510/1555 391/494/1556 407/512/1557 422/528/1558
f 407/512/1559 408/511/1560 424/529/1561 423/530/1562
f 408/511/1563 409/513/1564 425/531/1565 424/529/1566
f 409/513/1567 410/514/1568 426/532/1569 425/531/1570
f 410/514/1571 411/515/1572 427/533/1573 426/532/1574
f 411/515/1575 412/516/1576 428/534/1577 427/533/1578
f 412/516/1579 413/517/1580 429/535/1581 428/534/1582
f 413/517/1583 414/518/1584 430/536/1585 429/535/1586
f 414/520/1587 415/519/1588 431/537/1589 430/538/1590
f 415/519/1591 416/521/1592 432/539/1593 431/537/1594
f 416/521/1595 417/522/1596 433/540/1597 432/539/1598
f 417/522/1599 418/523/1600 434/541/1601 433/540/1602
f 418/523/1603 419/524/1604 435/542/1605 434/541/1606
f 419/524/1607 420/525/1608 436/543/1609 435/542/1610
f 420/525/1611 421/526/1612 437/544/1613 436/543/1614
f 421/526/1615 422/527/1616 438/545/1617 437/544/1618
f 422/528/1619 407/512/1620 423/530/1621 438/546/1622
f 423/530/1623 424/529/1624 440/547/1625 439/548/1626
f 424/529/1627 425/531/1628 441/549/1629 440/547/1630
f 425/531/1631 426/532/1632 442/550/1633 441/549/1634
f 426/532/1635 427/533/1636 443/551/1637 442/550/1638
f 427/533/1639 428/534/1640 444/552/1641 443/551/1642
f 428/534/1643 429/535/1644 445/553/1645 444/552/1646
f 429/535/1647 430/536/1648 446/554/1649 445/553/1650
f 430/538/1651 431/537/1652 447/555/1653 446/556/1654
f 431/537/1655 432/539/1656 448/557/1657 447/555/1658
f 432/539/1659 433/540/1660 449/558/1661 448/557/1662
f 433/540/1663 434/541/1664 450/559/1665 449/558/1666
f 434/541/1667 435/542/1668 451/560/1669 450/559/1670
f 435/542/1671 436/543/1672 452/561/1673 451/560/1674
f 436/543/1675 437/544/1676 453/562/1677 452/561/1678
f 437/544/1679 438/545/1680 454/563/1681 453/562/1682
f 438/546/1683 423/530/1684 439/548/1685 454/564/1686
f 456/565/1687 455/566/1688 246/567/1689 245/334/1690
f 457/568/1691 456/565/1692 245/334/1693 244/332/1694
f 458/569/1695 457/568/1696 244/332/1697 243/330/1698
f 475/570/1699 458/569/1700 243/330/1701 242/328/1702
f 474/571/1703 475/570/1704 242/328/1705 241/326/1706
f 240/323/1707 474/571/1708 241/326/1709
f 462/572/1710 461/573/1711 240/323/1712 239/322/1713
f 463/574/1714 462/575/1715 239/320/1716 238/318/1717
f 464/576/1718 463/574/1719 238/318/1720 237/316/1721
f 465/577/1722 464/576/1723 237/316/1724 236/314/1725
f 466/578/1726 465/577/1727 236/314/1728 235/312/1729
f 467/579/1730 466/578/1731 235/312/1732 234/310/1733
f 468/580/1734 467/579/1735 234/310/1736 233/309/1737
f 469/581/1738 468/580/1739 233/309/1740 232/582/1741
f 470/583/1742 469/581/1743 232/582/1744 247/584/1745
f 455/566/1746 470/585/1747 247/586/1748 246/567/1749
f 289/405/1750 473/587/1751 471/407/1752
f 473/587/1753 307/409/1754 471/407/1755
f 472/408/1756 307/409/1757 306/468/1758
f 289/405/1759 472/408/1760 306/468/1761 305/406/1762
f 289/405/1763 290/455/1764 473/587/1765
f 290/455/1766 291/410/1767 307/409/1768 473/587/1769
f 240/323/1770 476/588/1771 474/571/1772
f 476/588/1773 477/589/1774 475/570/1775 474/571/1776
f 477/589/1777 458/569/1778 475/570/1779
f 461/573/1780 460/590/1781 476/588/1782 240/323/1783
f 460/590/1784 459/591/1785 477/589/1786 476/588/1787
f 459/591/1788 458/569/1789 477/589/1790
f 271/347/1791 272/349/1792 486/592/1793
f 486/592/1794 487/593/1795 479/372/1796 478/370/1797
f 487/593/1798 488/594/1799 480/374/1800 479/372/1801
f 488/594/1802 489/595/1803 481/376/1804 480/374/1805
f 489/595/1806 490/596/1807 482/378/1808 481/376/1809
f 490/596/1810 277/355/1811 482/378/1812
f 272/349/1813 273/350/1814 483/597/1815
f 273/350/1816 274/351/1817 484/598/1818 483/597/1819
f 274/351/1820 275/352/1821 485/599/1822 484/598/1823
f 275/352/1824 276/353/1825 485/599/1826
f 272/349/1827 483/597/1828 487/593/1829 486/592/1830
f 483/597/1831 484/598/1832 488/594/1833 487/593/1834
f 484/598/1835 485/599/1836 489/595/1837 488/594/1838
f 485/599/1839 276/353/1840 490/596/1841 489/595/1842
f 276/353/1843 277/355/1844 490/596/1845
f 271/347/1846 486/592/1847 478/370/1848
f 245/334/1849 246/567/1850 491/336/1851 261/335/1852
f 246/567/1853 247/586/1854 492/600/1855 491/336/1856
f 247/584/1857 232/582/1858 493/601/1859 492/602/1860
f 232/582/1861 233/309/1862 249/307/1863 493/601/1864
f 495/337/1865 496/603/1866 494/604/1867 262/605/1868
f 496/606/1869 497/306/1870 248/308/1871 494/607/1872
f 491/336/1873 492/600/1874 496/603/1875 495/337/1876
f 492/602/1877 493/601/1878 497/306/1879 496/606/1880
f 493/601/1881 249/307/1882 497/306/1883
f 261/335/1884 495/337/1885 262/605/1886
f 276/353/1887 501/608/1888 498/354/1889
f 499/356/1890 498/354/1891 501/608/1892 502/609/1893
f 502/610/1894 503/611/1895 500/338/1896 499/358/1897
f 503/611/1898 264/339/1899 500/338/1900
f 261/335/1901 262/605/1902 501/608/1903 276/353/1904
f 502/609/1905 501/608/1906 262/605/1907 494/604/1908
f 248/308/1909 503/611/1910 502/610/1911 494/607/1912
f 248/308/1913 249/307/1914 264/339/1915 503/611/1916
f 505/295/1917 504/297/1918 457/568/1919 458/569/1920
f 506/293/1921 505/295/1922 458/569/1923 459/591/1924
f 507/291/1925 506/293/1926 459/591/1927 460/590/1928
f 508/288/1929 507/291/1930 460/590/1931 461/573/1932
f 509/289/1933 508/288/1934 461/573/1935 462/572/1936
f 510/283/1937 509/285/1938 462/575/1939 463/574/1940
f 511/281/1941 510/283/1942 463/574/1943 464/576/1944
f 512/279/1945 511/281/1946 464/576/1947 465/577/1948
f 513/277/1949 512/279/1950 465/577/1951 466/578/1952
f 514/275/1953 513/277/1954 466/578/1955 467/579/1956
f 515/272/1957 514/275/1958 467/579/1959 468/580/1960
f 516/273/1961 515/272/1962 468/580/1963 469/581/1964
f 517/305/1965 516/273/1966 469/581/1967 470/583/1968
f 518/301/1969 517/303/1970 470/585/1971 455/566/1972
f 519/299/1973 518/301/1974 455/566/1975 456/565/1976
f 504/297/1977 519/299/1978 456/565/1979 457/568/1980
f 217/271/1981 216/270/1982 558/612/1983 559/613/1984
f 218/274/1985 217/271/1986 559/613/1987 560/614/1988
f 219/276/1989 218/274/1990 560/614/1991 561/615/1992
f 220/278/1993 219/276/1994 561/615/1995 562/616/1996
f 221/280/1997 220/278/1998 562/616/1999 563/617/2000
f 222/282/2001 221/280/2002 563/617/2003 564/618/2004
f 223/284/2005 222/282/2006 564/618/2007 565/619/2008
f 224/287/2009 223/286/2010 565/620/2011 566/621/2012
f 225/290/2013 224/287/2014 566/621/2015 567/622/2016
f 226/292/2017 225/290/2018 567/622/2019 568/623/2020
f 227/294/2021 226/292/2022 568/623/2023 553/624/2024
f 228/296/2025 227/294/2026 553/624/2027 554/625/2028
f 229/298/2029 228/296/2030 554/625/2031 555/626/2032
f 230/300/2033 229/298/2034 555/626/2035 556/627/2036
f 231/302/2037 230/300/2038 556/627/2039 557/628/2040
f 216/270/2041 231/304/2042 557/629/2043 558/612/2044
f 521/630/2045 520/631/2046 575/632/2047 576/633/2048
f 522/634/2049 521/630/2050 576/633/2051 577/635/2052
f 523/636/2053 522/634/2054 577/635/2055 578/637/2056
f 524/638/2057 523/636/2058 578/637/2059 579/639/2060
f 525/640/2061 524/638/2062 579/639/2063 580/641/2064
f 526/642/2065 525/640/2066 580/641/2067 581/643/2068
f 527/644/2069 526/642/2070 581/643/2071 582/645/2072
f 528/646/2073 527/647/2074 582/648/2075 583/649/2076
f 529/650/2077 528/646/2078 583/649/2079 584/651/2080
f 530/652/2081 529/650/2082 584/651/2083 569/653/2084
f 531/654/2085 530/652/2086 569/653/2087 570/655/2088
f 532/656/2089 531/654/2090 570/655/2091 571/657/2092
f 533/658/2093 532/656/2094 571/657/2095 572/659/2096
f 534/660/2097 533/658/2098 572/659/2099 573/661/2100
f 535/662/2101 534/660/2102 573/661/2103 574/663/2104
f 520/631/2105 535/664/2106 574/665/2107 575/632/2108
f 537/666/2109 536/667/2110 552/668/2111
f 538/669/2112 537/666/2113 552/668/2114
f 539/670/2115 538/669/2116 552/668/2117
f 540/671/2118 539/670/2119 552/668/2120
f 541/672/2121 540/671/2122 552/668/2123
f 542/673/2124 541/672/2125 552/668/2126
f 543/674/2127 542/673/2128 552/668/2129
f 544/675/2130 543/674/2131 552/668/2132
f 545/676/2133 544/675/2134 552/668/2135
f 546/677/2136 545/676/2137 552/668/2138
f 547/678/2139 546/677/2140 552/668/2141
f 548/679/2142 547/678/2143 552/668/2144
f 549/680/2145 548/679/2146 552/668/2147
f 550/681/2148 549/680/2149 552/668/2150
f 551/682/2151 550/681/2152 552/668/2153
f 536/667/2154 551/682/2155 552/668/2156
f 554/625/2157 553/624/2158 531/654/2159 532/656/2160
f 555/626/2161 554/625/2162 532/656/2163 533/658/2164
f 556/627/2165 555/626/2166 533/658/2167 534/660/2168
f 557/628/2169 556/627/2170 534/660/2171 535/662/2172
f 558/612/2173 557/629/2174 535/664/2175 520/631/2176
f 559/613/2177 558/612/2178 520/631/2179 521/630/2180
f 560/614/2181 559/613/2182 521/630/2183 522/634/2184
f 561/615/2185 560/614/2186 522/634/2187 523/636/2188
f 562/616/2189 561/615/2190 523/636/2191 524/638/2192
f 563/617/2193 562/616/2194 524/638/2195 525/640/2196
f 564/618/2197 563/617/2198 525/640/2199 526/642/2200
f 565/619/2201 564/618/2202 526/642/2203 527/644/2204
f 566/621/2205 565/620/2206 527/647/2207 528/646/2208
f 567/622/2209 566/621/2210 528/646/2211 529/650/2212
f 568/623/2213 567/622/2214 529/650/2215 530/652/2216
f 553/624/2217 568/623/2218 530/652/2219 531/654/2220
f 570/655/2221 569/653/2222 546/683/2223 547/684/2224
f 571/657/2225 570/655/2226 547/684/2227 548/685/2228
f 572/659/2229 571/657/2230 548/685/2231 549/686/2232
f 573/661/2233 572/659/2234 549/686/2235 550/687/2236
f 574/663/2237 573/661/2238 550/687/2239 551/688/2240
f 575/632/2241 574/665/2242 551/689/2243 536/690/2244
f 576/633/2245 575/632/2246 536/690/2247 537/691/2248
f 577/635/2249 576/633/2250 537/691/2251 538/692/2252
f 578/637/2253 577/635/2254 538/692/2255 539/693/2256
f 579/639/2257 578/637/2258 539/693/2259 540/694/2260
f 580/641/2261 579/639/2262 540/694/2263 541/695/2264
f 581/643/2265 580/641/2266 541/695/2267 542/696/2268
f 582/645/2269 581/643/2270 542/696/2271 543/697/2272
f 583/649/2273 582/648/2274 543/698/2275 544/699/2276
f 584/651/2277 583/649/2278 544/699/2279 545/700/2280
f 569/653/2281 584/651/2282 545/700/2283 546/683/2284
f 585/701/2285 588/702/2286 587/703/2287 586/704/2288
f 589/705/2289 588/702/2290 585/701/2291 590/706/2292
f 591/707/2293 589/705/2294 590/706/2295 592/708/2296
f 593/709/2297 591/710/2298 592/711/2299 594/712/2300
f 595/713/2301 593/709/2302 594/712/2303 596/714/2304
f 595/713/2305 596/714/2306 598/715/2307 597/716/2308
f 599/717/2309 586/704/2310 587/703/2311 600/718/2312
f 601/719/2313 602/720/2314 599/721/2315 600/722/2316
f 597/716/2317 598/715/2318 602/720/2319 601/719/2320
f 603/723/2321 606/724/2322 605/725/2323 604/726/2324
f 606/727/2325 608/728/2326 607/729/2327 605/730/2328
f 603/731/2329 609/732/2330 608/733/2331 606/734/2332
f 610/735/2333 608/733/2334 609/732/2335 611/736/2336
f 612/737/2337 615/738/2338 614/739/2339 613/740/2340
f 616/741/2341 617/742/2342 612/737/2343 613/740/2344
f 618/743/2345 619/744/2346 616/741/2347 613/740/2348
f 620/745/2349 618/743/2350 613/740/2351 614/739/2352
f 621/746/2353 620/745/2354 623/747/2355 622/748/2356
f 622/748/2357 623/747/2358 625/749/2359 624/750/2360
f 626/751/2361 622/748/2362 624/750/2363 627/752/2364
f 628/753/2365 621/746/2366 622/748/2367 626/751/2368
f 629/754/2369 626/751/2370 627/752/2371 630/755/2372
f 631/756/2373 623/747/2374 620/745/2375 614/739/2376
f 625/749/2377 623/747/2378 631/756/2379 632/757/2380
f 615/738/2381 633/758/2382 631/756/2383 614/739/2384
f 631/756/2385 633/758/2386 634/759/2387 632/757/2388
f 635/760/2389 629/754/2390 630/755/2391 636/761/2392
f 602/720/2393 635/760/2394 636/761/2395 599/721/2396
f 635/760/2397 602/720/2398 598/715/2399 637/762/2400
f 629/754/2401 635/760/2402 637/762/2403 638/763/2404
f 626/751/2405 629/754/2406 638/763/2407 628/753/2408
f 639/764/2409 628/753/2410 638/763/2411
f 640/765/2412 639/764/2413 638/763/2414 637/762/2415
f 641/766/2416 628/753/2417 639/764/2418 642/767/2419
f 642/767/2420 639/764/2421 640/765/2422 643/768/2423
f 596/714/2424 640/765/2425 637/762/2426 598/715/2427
f 596/714/2428 594/712/2429 643/768/2430 640/765/2431
f 641/766/2432 645/769/2433 644/770/2434 628/753/2435
f 646/771/2436 644/770/2437 645/769/2438 647/772/2439
f 648/773/2440 646/771/2441 647/772/2442 649/774/2443
f 650/775/2444 651/776/2445 646/771/2446 648/773/2447
f 644/770/2448 646/771/2449 651/776/2450 628/753/2451
f 650/775/2452 648/773/2453 653/777/2454 652/778/2455
f 653/777/2456 648/773/2457 649/774/2458 654/779/2459
f 655/780/2460 650/775/2461 652/778/2462 656/781/2463
f 618/743/2464 650/775/2465 655/780/2466 619/744/2467
f 657/782/2468 619/783/2469 655/784/2470
f 619/783/2471 657/782/2472 658/785/2473 616/786/2474
f 658/785/2475 659/787/2476 617/788/2477 616/786/2478
f 628/753/2479 651/776/2480 621/746/2481
f 617/742/2482 610/735/2483 611/736/2484 612/737/2485
f 659/787/2486 660/789/2487 610/790/2488 617/788/2489
f 661/791/2490 664/792/2491 663/793/2492 662/794/2493
f 604/726/2494 605/725/2495 661/791/2496 662/794/2497
f 605/730/2498 607/729/2499 664/792/2500 661/791/2501
f 665/795/2502 668/796/2503 667/797/2504 666/798/2505
f 666/798/2506 667/797/2507 670/799/2508 669/800/2509
f 670/799/2510 659/787/2511 658/785/2512 669/800/2513
f 671/801/2514 669/800/2515 658/785/2516 657/782/2517
f 671/801/2518 657/782/2519 655/784/2520 672/802/2521
f 672/802/2522 655/784/2523 656/803/2524 673/804/2525
f 674/805/2526 672/802/2527 673/804/2528 675/806/2529
f 669/800/2530 671/801/2531 676/807/2532 666/798/2533
f 676/807/2534 677/808/2535 665/795/2536 666/798/2537
f 678/809/2538 679/810/2539 676/807/2540 671/801/2541
f 679/810/2542 680/811/2543 677/808/2544 676/807/2545
f 672/802/2546 678/809/2547 671/801/2548
f 681/812/2549 682/813/2550 668/796/2551 665/795/2552
f 677/808/2553 683/814/2554 681/812/2555 665/795/2556
f 680/811/2557 684/815/2558 683/814/2559 677/808/2560
f 685/816/2561 686/817/2562 682/813/2563 681/812/2564
f 634/818/2565 686/817/2566 685/816/2567 632/819/2568
f 625/820/2569 632/819/2570 685/816/2571 687/821/2572
f 624/822/2573 625/820/2574 687/821/2575 688/823/2576
f 627/824/2577 624/822/2578 688/823/2579 689/825/2580
f 630/826/2581 627/824/2582 689/825/2583 690/827/2584
f 636/828/2585 630/826/2586 690/827/2587 691/829/2588
f 691/829/2589 690/827/2590 693/830/2591 692/831/2592
f 694/832/2593 693/830/2594 690/827/2595 689/825/2596
f 695/833/2597 696/834/2598 692/831/2599 693/830/2600
f 590/706/2601 585/701/2602 692/831/2603 696/834/2604
f 586/704/2605 691/829/2606 692/831/2607 585/701/2608
f 599/717/2609 636/828/2610 691/829/2611 586/704/2612
f 697/835/2613 698/836/2614 696/834/2615 695/833/2616
f 592/708/2617 590/706/2618 696/834/2619 698/836/2620
f 699/837/2621 697/835/2622 695/833/2623 700/838/2624
f 641/766/2625 642/767/2626 697/839/2627 699/840/2628
f 697/839/2629 642/767/2630 643/768/2631 698/841/2632
f 594/712/2633 592/711/2634 698/841/2635 643/768/2636
f 695/833/2637 693/830/2638 694/832/2639 700/838/2640
f 701/842/2641 699/837/2642 700/838/2643 702/843/2644
f 703/844/2645 704/845/2646 701/842/2647 702/843/2648
f 647/772/2649 645/769/2650 701/846/2651 704/847/2652
f 674/805/2653 705/848/2654 704/845/2655 703/844/2656
f 649/774/2657 647/772/2658 704/847/2659 705/849/2660
f 675/806/2661 706/850/2662 705/848/2663 674/805/2664
f 654/779/2665 649/774/2666 705/849/2667 706/851/2668
f 703/844/2669 672/802/2670 674/805/2671
f 678/809/2672 703/844/2673 702/843/2674
f 699/840/2675 701/846/2676 645/769/2677 641/766/2678
f 678/809/2679 702/843/2680 700/838/2681 679/810/2682
f 694/832/2683 680/811/2684 679/810/2685 700/838/2686
f 687/821/2687 685/816/2688 681/812/2689 683/814/2690
f 688/823/2691 687/821/2692 683/814/2693 684/815/2694
f 688/823/2695 684/815/2696 689/825/2697
f 707/852/2698 603/723/2699 604/726/2700 708/853/2701
f 709/854/2702 611/736/2703 609/732/2704 710/855/2705
f 615/738/2706 612/737/2707 611/736/2708 709/854/2709
f 708/853/2710 604/726/2711 662/794/2712 711/856/2713
f 712/857/2714 663/793/2715 714/858/2716 713/859/2717
f 713/859/2718 714/858/2719 667/797/2720 668/796/2721
f 712/857/2722 711/856/2723 662/794/2724 663/793/2725
f 707/860/2726 716/861/2727 715/862/2728 710/855/2729
f 715/862/2730 717/863/2731 709/854/2732 710/855/2733
f 717/863/2734 633/758/2735 615/738/2736 709/854/2737
f 716/864/2738 707/852/2739 708/853/2740 718/865/2741
f 716/864/2742 718/865/2743 719/866/2744
f 719/867/2745 720/868/2746 715/862/2747 716/861/2748
f 721/869/2749 634/759/2750 633/758/2751 717/863/2752
f 720/868/2753 721/869/2754 717/863/2755 715/862/2756
f 722/870/2757 723/871/2758 719/866/2759 718/865/2760
f 723/871/2761 724/872/2762 720/873/2763 719/874/2764
f 722/870/2765 725/875/2766 724/872/2767 723/871/2768
f 712/857/2769 725/875/2770 722/870/2771 711/856/2772
f 718/865/2773 708/853/2774 711/856/2775 722/870/2776
f 686/817/2777 727/876/2778 726/877/2779 682/813/2780
f 721/878/2781 727/876/2782 686/817/2783 634/818/2784
f 727/876/2785 724/872/2786 725/875/2787 726/877/2788
f 720/873/2789 724/872/2790 727/876/2791 721/878/2792
f 728/879/2793 731/880/2794 730/881/2795 729/882/2796
f 731/880/2797 733/883/2798 732/884/2799 730/881/2800
f 728/879/2801 734/885/2802 733/883/2803 731/880/2804
f 729/882/2805 730/881/2806 736/886/2807 735/887/2808
f 730/881/2809 732/884/2810 737/888/2811 736/886/2812
f 737/888/2813 732/884/2814 739/889/2815 738/890/2816
f 740/891/2817 741/892/2818 738/890/2819 739/889/2820
f 732/884/2821 733/883/2822 742/893/2823 739/889/2824
f 743/894/2825 740/891/2826 739/889/2827 742/893/2828
f 742/893/2829 733/883/2830 734/885/2831 744/895/2832
f 745/896/2833 743/894/2834 742/893/2835 744/895/2836
f 746/897/2837 743/894/2838 745/896/2839 747/898/2840
f 741/892/2841 740/891/2842 749/899/2843 748/900/2844
f 749/899/2845 740/891/2846 743/894/2847 746/897/2848
f 747/898/2849 656/781/2850 652/778/2851 746/897/2852
f 653/777/2853 749/899/2854 746/897/2855 652/778/2856
f 654/779/2857 748/900/2858 749/899/2859 653/777/2860
f 728/901/2861 729/902/2862 750/903/2863
f 750/903/2864 751/904/2865 734/905/2866 728/901/2867
f 735/906/2868 752/907/2869 750/903/2870 729/902/2871
f 752/907/2872 753/908/2873 751/904/2874 750/903/2875
f 752/907/2876 735/906/2877 754/909/2878 753/908/2879
f 754/910/2880 735/887/2881 736/886/2882 737/888/2883
f 755/911/2884 753/908/2885 754/909/2886 756/912/2887
f 757/913/2888 755/911/2889 756/912/2890 758/914/2891
f 754/910/2892 737/888/2893 738/890/2894 756/915/2895
f 741/892/2896 758/916/2897 756/915/2898 738/890/2899
f 759/917/2900 760/918/2901 755/911/2902 757/913/2903
f 760/918/2904 751/904/2905 753/908/2906 755/911/2907
f 745/919/2908 744/920/2909 760/918/2910 759/917/2911
f 734/905/2912 751/904/2913 760/918/2914 744/920/2915
f 761/921/2916 759/917/2917 757/913/2918 762/922/2919
f 757/913/2920 758/914/2921 763/923/2922 762/922/2923
f 747/924/2924 745/919/2925 759/917/2926 761/921/2927
f 758/916/2928 741/892/2929 748/900/2930 763/925/2931
f 762/922/2932 675/806/2933 673/804/2934 761/921/2935
f 763/923/2936 706/850/2937 675/806/2938 762/922/2939
f 747/924/2940 761/921/2941 673/804/2942 656/803/2943
f 654/779/2944 706/851/2945 763/925/2946 748/900/2947
f 764/926/2948 670/799/2949 667/797/2950 714/858/2951
f 659/787/2952 670/799/2953 764/926/2954 660/789/2955
f 664/792/2956 764/926/2957 714/858/2958 663/793/2959
f 607/729/2960 660/789/2961 764/926/2962 664/792/2963
f 610/790/2964 660/789/2965 607/729/2966 608/728/2967
f 707/860/2968 710/855/2969 609/732/2970 603/731/2971
f 726/877/2972 725/875/2973 712/857/2974 713/859/2975
f 682/813/2976 726/877/2977 713/859/2978 668/796/2979
f 618/743/2980 651/776/2981 650/775/2982
f 618/743/2983 620/745/2984 621/746/2985 651/776/2986
f 694/832/2987 689/825/2988 684/815/2989 680/811/2990
f 678/809/2991 672/802/2992 703/844/2993
f 805/927/2994 810/928/2995 812/929/2996
f 810/928/2997 820/930/2998 817/931/2999
f 810/928/3000 815/932/3001 820/930/3002
f 803/933/3003 809/934/3004 810/928/3005
f 804/935/3006 810/928/3007 805/927/3008
f 810/928/3009 817/931/3010 812/929/3011
f 809/934/3012 815/932/3013 810/928/3014
f 803/933/3015 810/928/3016 804/935/3017
f 790/936/3018 821/937/3019 822/938/3020 796/939/3021
f 796/939/3022 822/938/3023 818/940/3024 797/941/3025
f 786/942/3026 813/943/3027 821/937/3028 790/936/3029
f 785/944/3030 806/945/3031 813/943/3032 786/942/3033
f 797/946/3034 818/947/3035 807/948/3036 795/949/3037
f 793/950/3038 798/951/3039 806/952/3040 785/953/3041
f 816/954/3042 817/931/3043 820/930/3044 819/955/3045
f 814/956/3046 819/955/3047 820/930/3048 815/932/3049
f 799/957/3050 803/933/3051 804/935/3052 800/958/3053
f 800/958/3054 804/935/3055 805/927/3056 801/959/3057
f 792/960/3058 802/961/3059 798/951/3060 793/950/3061
f 799/957/3062 808/962/3063 809/934/3064 803/933/3065
f 801/959/3066 805/927/3067 812/929/3068 811/963/3069
f 792/960/3070 795/949/3071 807/948/3072 802/961/3073
f 808/962/3074 814/956/3075 815/932/3076 809/934/3077
f 811/963/3078 812/929/3079 817/931/3080 816/954/3081
f 769/964/3082 766/965/3083 767/966/3084 765/967/3085
f 767/966/3086 768/968/3087 771/969/3088 765/967/3089
f 771/969/3090 773/970/3091 769/964/3092 765/967/3093
f 774/971/3094 770/972/3095 767/973/3096 766/974/3097
f 769/964/3098 772/975/3099 777/976/3100 766/965/3101
f 777/977/3102 779/978/3103 774/971/3104 766/974/3105
f 767/973/3106 770/972/3107 775/979/3108 768/980/3109
f 781/981/3110 776/982/3111 771/969/3112 768/968/3113
f 775/979/3114 780/983/3115 781/984/3116 768/980/3117
f 774/971/3118 778/985/3119 775/979/3120 770/972/3121
f 769/964/3122 773/970/3123 782/986/3124 772/975/3125
f 782/986/3126 783/987/3127 777/976/3128 772/975/3129
f 771/969/3130 776/982/3131 784/988/3132 773/970/3133
f 784/988/3134 787/989/3135 782/986/3136 773/970/3137
f 774/971/3138 779/978/3139 788/990/3140 778/985/3141
f 778/985/3142 789/991/3143 780/983/3144 775/979/3145
f 788/990/3146 791/992/3147 789/991/3148 778/985/3149
f 777/977/3150 783/993/3151 788/990/3152 779/978/3153
f 782/986/3154 787/989/3155 794/994/3156 783/987/3157
f 794/995/3158 791/992/3159 788/990/3160 783/993/3161
f 802/996/3162 799/957/3163 800/958/3164 798/997/3165
f 800/958/3166 801/959/3167 806/998/3168 798/997/3169
f 802/996/3170 807/999/3171 808/962/3172 799/957/3173
f 811/963/3174 813/1000/3175 806/998/3176 801/959/3177
f 818/1001/3178 814/956/3179 808/962/3180 807/999/3181
f 811/963/3182 816/954/3183 821/1002/3184 813/1000/3185
f 818/1001/3186 822/1003/3187 819/955/3188 814/956/3189
f 819/955/3190 822/1003/3191 821/1002/3192 816/954/3193
f 787/989/3194 796/939/3195 797/941/3196 794/994/3197
f 791/992/3198 795/949/3199 792/960/3200 789/991/3201
f 786/942/3202 776/982/3203 781/981/3204 785/944/3205
f 793/950/3206 780/983/3207 789/991/3208 792/960/3209
f 790/936/3210 796/939/3211 787/989/3212 784/988/3213
f 786/942/3214 790/936/3215 784/988/3216 776/982/3217
f 793/950/3218 785/953/3219 781/984/3220 780/983/3221
f 797/946/3222 795/949/3223 791/992/3224 794/995/3225
f 823/1004/3226 824/1005/3227 825/1006/3228 826/1007/3229
f 824/1005/3230 823/1004/3231 827/1008/3232 828/1009/3233
f 828/1009/3234 827/1008/3235 829/1010/3236 830/1011/3237
f 830/1011/3238 829/1010/3239 831/1012/3240 832/1013/3241
f 832/1014/3242 831/1015/3243 833/1016/3244 834/1017/3245
f 834/1017/3246 833/1016/3247 835/1018/3248 836/1019/3249
f 836/1019/3250 835/1018/3251 837/1020/3252 838/1021/3253
f 838/1021/3254 837/1020/3255 826/1007/3256 825/1006/3257
f 824/1005/3258 840/1022/3259 841/1023/3260 825/1006/3261
f 826/1007/3262 842/1024/3263 839/1025/3264 823/1004/3265
f 823/1004/3266 839/1025/3267 843/1026/3268 827/1008/3269
f 828/1009/3270 844/1027/3271 840/1022/3272 824/1005/3273
f 827/1008/3274 843/1026/3275 845/1028/3276 829/1010/3277
f 830/1011/3278 846/1029/3279 844/1027/3280 828/1009/3281
f 829/1010/3282 845/1028/3283 847/1030/3284 831/1012/3285
f 832/1013/3286 848/1031/3287 846/1029/3288 830/1011/3289
f 831/1015/3290 847/1032/3291 849/1033/3292 833/1016/3293
f 834/1017/3294 850/1034/3295 848/1035/3296 832/1014/3297
f 833/1016/3298 849/1033/3299 851/1036/3300 835/1018/3301
f 836/1019/3302 852/1037/3303 850/1034/3304 834/1017/3305
f 835/1018/3306 851/1036/3307 853/1038/3308 837/1020/3309
f 838/1021/3310 854/1039/3311 852/1037/3312 836/1019/3313
f 837/1020/3314 853/1038/3315 842/1024/3316 826/1007/3317
f 825/1006/3318 841/1023/3319 854/1039/3320 838/1021/3321
f 855/1040/3322 857/1041/3323 858/1042/3324 856/1043/3325
f 860/1044/3326 859/1045/3327 858/1042/3328 857/1041/3329
f 870/1046/3330 871/1047/3331 872/1048/3332
f 871/1047/3333 873/1049/3334 872/1048/3335
f 873/1049/3336 874/1050/3337 872/1048/3338
f 874/1050/3339 875/1051/3340 872/1048/3341
f 875/1051/3342 876/1052/3343 872/1048/3344
f 876/1052/3345 877/1053/3346 872/1048/3347
f 877/1053/3348 878/1054/3349 872/1048/3350
f 878/1054/3351 870/1046/3352 872/1048/3353
f 861/1055/3354 869/1056/3355 862/1057/3356
f 862/1057/3357 869/1056/3358 863/1058/3359
f 863/1058/3360 869/1056/3361 864/1059/3362
f 864/1059/3363 869/1056/3364 865/1060/3365
f 865/1060/3366 869/1056/3367 866/1061/3368
f 866/1061/3369 869/1056/3370 867/1062/3371
f 867/1062/3372 869/1056/3373 868/1063/3374
f 868/1063/3375 869/1056/3376 861/1055/3377
f 861/1055/3378 862/1057/3379 871/1064/3380 870/1065/3381
f 862/1057/3382 863/1058/3383 873/1066/3384 871/1064/3385
f 865/1060/3386 866/1061/3387 876/1067/3388 875/1068/3389
f 866/1061/3390 867/1062/3391 877/1069/3392 876/1067/3393
f 867/1062/3394 868/1063/3395 878/1070/3396 877/1069/3397
f 868/1063/3398 861/1055/3399 870/1065/3400 878/1070/3401
f 880/1071/3402 881/1072/3403 882/1073/3404 879/1074/3405
f 886/1075/3406 883/1076/3407 884/1077/3408 885/1078/3409
f 887/1079/3410 888/1080/3411 889/1081/3412 890/1082/3413
f 1035/1083/3414 1036/1084/3415 1005/1085/3416 1006/1086/3417
f 1036/1084/3418 1037/1087/3419 1004/1088/3420 1005/1085/3421
f 1195/1089/3422 895/1090/3423 896/1091/3424 1194/1092/3425
f 896/1091/3426 899/1093/3427 1193/1094/3428 1194/1092/3429
f 903/1095/3430 1029/1096/3431 1030/1097/3432 904/1098/3433
f 903/1095/3434 904/1098/3435 1027/1099/3436 1028/1100/3437
f 1008/1101/3438 1009/1102/3439 1032/1103/3440 1033/1104/3441
f 908/1105/3442 909/1106/3443 910/1107/3444 911/1108/3445
f 912/1109/3446 911/1108/3447 913/1110/3448 914/1111/3449
f 1030/1097/3450 1031/1112/3451 1010/1113/3452 904/1098/3453
f 1034/1114/3454 1035/1083/3455 1006/1086/3456 1007/1115/3457
f 899/1093/3458 917/1116/3459 1192/1117/3460 1193/1094/3461
f 913/1118/3462 919/1119/3463 918/1120/3464 914/1121/3465
f 920/1122/3466 921/1123/3467 922/1124/3468 923/1125/3469
f 1009/1102/3470 1010/1113/3471 1031/1112/3472 1032/1103/3473
f 927/1126/3474 924/1127/3475 1189/1128/3476 1190/1129/3477
f 1186/1130/3478 1187/1131/3479 920/1122/3480 923/1125/3481
f 928/1132/3482 956/1133/3483 957/1134/3484 929/1135/3485
f 958/1136/3486 930/1137/3487 929/1135/3488 957/1134/3489
f 958/1136/3490 959/1138/3491 931/1139/3492 930/1137/3493
f 931/1139/3494 909/1106/3495 908/1105/3496 930/1137/3497
f 908/1105/3498 932/1140/3499 929/1135/3500 930/1137/3501
f 928/1132/3502 932/1140/3503 933/1141/3504
f 1033/1142/3505 1034/1114/3506 1007/1115/3507 1008/1143/3508
f 934/1144/3509 935/1145/3510 912/1109/3511 914/1111/3512
f 936/1146/3513 934/1147/3514 914/1121/3515 918/1120/3516
f 935/1145/3517 933/1141/3518 932/1140/3519 912/1109/3520
f 1189/1128/3521 924/1127/3522 937/1148/3523 1188/1149/3524
f 938/1150/3525 939/1151/3526 921/1123/3527 920/1122/3528
f 939/1151/3529 936/1146/3530 918/1120/3531 921/1123/3532
f 940/1152/3533 956/1133/3534 928/1132/3535 954/1153/3536
f 927/1154/3537 940/1155/3538 945/1156/3539 948/1157/3540
f 948/1157/3541 949/1158/3542 924/1159/3543 927/1154/3544
f 950/1160/3545 951/1161/3546 938/1162/3547 937/1163/3548
f 943/1164/3549 942/1165/3550 936/1166/3551 939/1167/3552
f 936/1166/3553 942/1165/3554 941/1168/3555 934/1169/3556
f 934/1169/3557 941/1168/3558 944/1170/3559 935/1171/3560
f 935/1171/3561 944/1170/3562 946/1172/3563 933/1173/3564
f 940/1155/3565 954/1174/3566 955/1175/3567 945/1156/3568
f 951/1161/3569 943/1164/3570 939/1167/3571 938/1162/3572
f 937/1148/3573 938/1150/3574 920/1122/3575 1187/1131/3576
f 911/1108/3577 912/1109/3578 932/1140/3579 908/1105/3580
f 928/1132/3581 929/1135/3582 932/1140/3583
f 950/1176/3584 937/1177/3585 924/1159/3586 949/1158/3587
f 927/1126/3588 953/1178/3589 940/1179/3590
f 918/1120/3591 919/1119/3592 922/1124/3593 921/1123/3594
f 953/1178/3595 927/1126/3596 1190/1129/3597 1191/1180/3598
f 917/1116/3599 953/1181/3600 1191/1182/3601 1192/1117/3602
f 955/1175/3603 954/1174/3604 933/1173/3605 946/1172/3606
f 956/1133/3607 917/1116/3608 899/1093/3609 957/1134/3610
f 896/1091/3611 958/1136/3612 957/1134/3613 899/1093/3614
f 896/1091/3615 895/1090/3616 959/1138/3617 958/1136/3618
f 940/1152/3619 953/1181/3620 917/1116/3621 956/1133/3622
f 928/1132/3623 933/1141/3624 954/1153/3625
f 941/1168/3626 942/1165/3627 989/1183/3628 990/1184/3629
f 942/1165/3630 943/1164/3631 988/1185/3632 989/1183/3633
f 944/1170/3634 941/1168/3635 990/1184/3636 991/1186/3637
f 945/1156/3638 955/1175/3639 982/1187/3640 983/1188/3641
f 946/1172/3642 944/1170/3643 991/1186/3644 992/1189/3645
f 948/1157/3646 945/1156/3647 983/1188/3648 984/1190/3649
f 949/1158/3650 948/1157/3651 984/1190/3652 985/1191/3653
f 951/1161/3654 950/1160/3655 986/1192/3656 987/1193/3657
f 950/1176/3658 949/1158/3659 985/1191/3660 986/1194/3661
f 943/1164/3662 951/1161/3663 987/1193/3664 988/1185/3665
f 955/1175/3666 946/1172/3667 992/1189/3668 982/1187/3669
f 972/1195/3670 971/1196/3671 998/1197/3672 999/1198/3673
f 973/1199/3674 972/1195/3675 999/1198/3676 1000/1200/3677
f 974/1201/3678 973/1199/3679 1000/1200/3680 1001/1202/3681
f 975/1203/3682 974/1201/3683 1001/1202/3684 1002/1204/3685
f 976/1205/3686 975/1206/3687 1002/1207/3688 1003/1208/3689
f 977/1209/3690 976/1205/3691 1003/1208/3692 993/1210/3693
f 978/1211/3694 977/1209/3695 993/1210/3696 994/1212/3697
f 979/1213/3698 978/1211/3699 994/1212/3700 995/1214/3701
f 980/1215/3702 979/1213/3703 995/1214/3704 996/1216/3705
f 981/1217/3706 980/1215/3707 996/1216/3708 997/1218/3709
f 971/1196/3710 981/1217/3711 997/1218/3712 998/1197/3713
f 983/1188/3714 982/1187/3715 971/1196/3716 972/1195/3717
f 984/1190/3718 983/1188/3719 972/1195/3720 973/1199/3721
f 985/1191/3722 984/1190/3723 973/1199/3724 974/1201/3725
f 986/1194/3726 985/1191/3727 974/1201/3728 975/1203/3729
f 987/1193/3730 986/1192/3731 975/1206/3732 976/1205/3733
f 988/1185/3734 987/1193/3735 976/1205/3736 977/1209/3737
f 989/1183/3738 988/1185/3739 977/1209/3740 978/1211/3741
f 990/1184/3742 989/1183/3743 978/1211/3744 979/1213/3745
f 991/1186/3746 990/1184/3747 979/1213/3748 980/1215/3749
f 992/1189/3750 991/1186/3751 980/1215/3752 981/1217/3753
f 982/1187/3754 992/1189/3755 981/1217/3756 971/1196/3757
f 994/1212/3758 993/1210/3759 962/1219/3760 961/1220/3761
f 995/1214/3762 994/1212/3763 961/1220/3764 960/1221/3765
f 996/1216/3766 995/1214/3767 960/1221/3768 963/1222/3769
f 997/1218/3770 996/1216/3771 963/1222/3772 966/1223/3773
f 998/1197/3774 997/1218/3775 966/1223/3776 965/1224/3777
f 999/1198/3778 998/1197/3779 965/1224/3780 964/1225/3781
f 1000/1200/3782 999/1198/3783 964/1225/3784 967/1226/3785
f 1001/1202/3786 1000/1200/3787 967/1226/3788 968/1227/3789
f 1002/1204/3790 1001/1202/3791 968/1227/3792 969/1228/3793
f 1003/1208/3794 1002/1207/3795 969/1229/3796 970/1230/3797
f 993/1210/3798 1003/1208/3799 970/1230/3800 962/1219/3801
f 1011/1231/3802 1012/1232/3803 1005/1085/3804 1004/1088/3805
f 1012/1232/3806 1013/1233/3807 1006/1086/3808 1005/1085/3809
f 1013/1233/3810 1014/1234/3811 1007/1115/3812 1006/1086/3813
f 1014/1234/3814 1015/1235/3815 1008/1143/3816 1007/1115/3817
f 1015/1236/3818 1016/1237/3819 1009/1102/3820 1008/1101/3821
f 1016/1237/3822 1017/1238/3823 1010/1113/3824 1009/1102/3825
f 904/1098/3826 1010/1113/3827 1017/1238/3828 1027/1099/3829
f 1023/1239/3830 1024/1240/3831 894/1241/3832 897/1242/3833
f 1022/1243/3834 1023/1239/3835 897/1242/3836 898/1244/3837
f 1021/1245/3838 1022/1243/3839 898/1244/3840 916/1246/3841
f 1020/1247/3842 1021/1245/3843 916/1246/3844 947/1248/3845
f 926/1249/3846 1019/1250/3847 1020/1251/3848 947/1252/3849
f 926/1249/3850 925/1253/3851 1018/1254/3852 1019/1250/3853
f 1019/1250/3854 1018/1254/3855 1017/1238/3856 1016/1237/3857
f 1020/1251/3858 1019/1250/3859 1016/1237/3860 1015/1236/3861
f 1015/1235/3862 1014/1234/3863 1021/1245/3864 1020/1247/3865
f 1014/1234/3866 1013/1233/3867 1022/1243/3868 1021/1245/3869
f 1013/1233/3870 1012/1232/3871 1023/1239/3872 1022/1243/3873
f 1012/1232/3874 1011/1231/3875 1024/1240/3876 1023/1239/3877
f 905/1255/3878 1025/1256/3879 1018/1254/3880 925/1253/3881
f 902/1257/3882 1026/1258/3883 1025/1256/3884 905/1255/3885
f 1018/1254/3886 1025/1256/3887 1027/1099/3888 1017/1238/3889
f 1025/1256/3890 1026/1258/3891 1028/1100/3892 1027/1099/3893
f 1046/1259/3894 901/1260/3895 900/1261/3896 1045/1262/3897
f 900/1261/3898 907/1263/3899 1044/1264/3900 1045/1262/3901
f 1043/1265/3902 1044/1264/3903 907/1263/3904 952/1266/3905
f 1042/1267/3906 1043/1265/3907 952/1266/3908 906/1268/3909
f 906/1269/3910 915/1270/3911 1041/1271/3912 1042/1272/3913
f 915/1270/3914 891/1273/3915 1040/1274/3916 1041/1271/3917
f 891/1273/3918 892/1275/3919 1039/1276/3920 1040/1274/3921
f 892/1275/3922 893/1277/3923 1038/1278/3924 1039/1276/3925
f 1039/1276/3926 1038/1278/3927 1037/1087/3928 1036/1084/3929
f 1040/1274/3930 1039/1276/3931 1036/1084/3932 1035/1083/3933
f 1041/1271/3934 1040/1274/3935 1035/1083/3936 1034/1114/3937
f 1042/1272/3938 1041/1271/3939 1034/1114/3940 1033/1142/3941
f 1033/1104/3942 1032/1103/3943 1043/1265/3944 1042/1267/3945
f 1032/1103/3946 1031/1112/3947 1044/1264/3948 1043/1265/3949
f 1045/1262/3950 1044/1264/3951 1031/1112/3952 1030/1097/3953
f 1029/1096/3954 1046/1259/3955 1045/1262/3956 1030/1097/3957
f 1174/1279/3958 1150/1280/3959 1149/1281/3960 1175/1282/3961
f 1175/1282/3962 1149/1281/3963 1004/1283/3964 1176/1284/3965
f 1195/1285/3966 1196/1286/3967 1050/1287/3968 895/1288/3969
f 1050/1287/3970 1196/1286/3971 1197/1289/3972 1053/1290/3973
f 903/1291/3974 1055/1292/3975 1169/1293/3976 1029/1294/3977
f 1152/1295/3978 1172/1296/3979 1171/1297/3980 1153/1298/3981
f 1059/1299/3982 1060/1300/3983 910/1301/3984 909/1302/3985
f 1061/1303/3986 1063/1304/3987 1062/1305/3988 1060/1300/3989
f 1169/1293/3990 1055/1292/3991 1154/1306/3992 1170/1307/3993
f 1173/1308/3994 1151/1309/3995 1150/1280/3996 1174/1279/3997
f 1053/1290/3998 1197/1289/3999 1198/1310/4000 1066/1311/4001
f 1062/1312/4002 1063/1313/4003 1067/1314/4004 1068/1315/4005
f 1069/1316/4006 923/1317/4007 922/1318/4008 1070/1319/4009
f 1153/1298/4010 1171/1297/4011 1170/1307/4012 1154/1306/4013
f 1074/1320/4014 1200/1321/4015 1201/1322/4016 1071/1323/4017
f 1185/1324/4018 1186/1325/4019 923/1317/4020 1069/1316/4021
f 1075/1326/4022 1076/1327/4023 1103/1328/4024 1102/1329/4025
f 1104/1330/4026 1103/1328/4027 1076/1327/4028 1077/1331/4029
f 1104/1330/4030 1077/1331/4031 931/1332/4032 959/1333/4033
f 931/1332/4034 1077/1331/4035 1059/1299/4036 909/1302/4037
f 1059/1299/4038 1077/1331/4039 1076/1327/4040 1078/1334/4041
f 1075/1326/4042 1079/1335/4043 1078/1334/4044
f 1172/1336/4045 1152/1337/4046 1151/1309/4047 1173/1308/4048
f 1080/1338/4049 1063/1304/4050 1061/1303/4051 1081/1339/4052
f 1082/1340/4053 1067/1314/4054 1063/1313/4055 1080/1341/4056
f 1081/1339/4057 1061/1303/4058 1078/1334/4059 1079/1335/4060
f 1201/1322/4061 1202/1342/4062 1083/1343/4063 1071/1323/4064
f 1084/1344/4065 1069/1316/4066 1070/1319/4067 1085/1345/4068
f 1085/1345/4069 1070/1319/4070 1067/1314/4071 1082/1340/4072
f 1086/1346/4073 1100/1347/4074 1075/1326/4075 1102/1329/4076
f 1074/1348/4077 1094/1349/4078 1091/1350/4079 1086/1351/4080
f 1094/1352/4081 1074/1353/4082 1071/1354/4083 1095/1355/4084
f 1096/1356/4085 1083/1357/4086 1084/1358/4087 1097/1359/4088
f 1089/1360/4089 1085/1361/4090 1082/1362/4091 1088/1363/4092
f 1082/1362/4093 1080/1364/4094 1087/1365/4095 1088/1363/4096
f 1080/1364/4097 1081/1366/4098 1090/1367/4099 1087/1365/4100
f 1081/1366/4101 1079/1368/4102 1092/1369/4103 1090/1367/4104
f 1086/1351/4105 1091/1350/4106 1101/1370/4107 1100/1371/4108
f 1097/1359/4109 1084/1358/4110 1085/1361/4111 1089/1360/4112
f 1083/1343/4113 1185/1324/4114 1069/1316/4115 1084/1344/4116
f 1060/1300/4117 1059/1299/4118 1078/1334/4119 1061/1303/4120
f 1075/1326/4121 1078/1334/4122 1076/1327/4123
f 1096/1356/4124 1095/1355/4125 1071/1354/4126 1083/1357/4127
f 1074/1320/4128 1086/1372/4129 1099/1373/4130
f 1067/1314/4131 1070/1319/4132 922/1318/4133 1068/1315/4134
f 1099/1373/4135 1199/1374/4136 1200/1321/4137 1074/1320/4138
f 1066/1311/4139 1198/1310/4140 1199/1375/4141 1099/1376/4142
f 1101/1370/4143 1092/1369/4144 1079/1368/4145 1100/1371/4146
f 1102/1329/4147 1103/1328/4148 1053/1290/4149 1066/1311/4150
f 1050/1287/4151 1053/1290/4152 1103/1328/4153 1104/1330/4154
f 1050/1287/4155 1104/1330/4156 959/1333/4157 895/1288/4158
f 1086/1346/4159 1102/1329/4160 1066/1311/4161 1099/1376/4162
f 1075/1326/4163 1100/1347/4164 1079/1335/4165
f 1087/1365/4166 1135/1377/4167 1134/1378/4168 1088/1363/4169
f 1088/1363/4170 1134/1378/4171 1133/1379/4172 1089/1360/4173
f 1090/1367/4174 1136/1380/4175 1135/1377/4176 1087/1365/4177
f 1091/1350/4178 1128/1381/4179 1127/1382/4180 1101/1370/4181
f 1092/1369/4182 1137/1383/4183 1136/1380/4184 1090/1367/4185
f 1094/1349/4186 1129/1384/4187 1128/1381/4188 1091/1350/4189
f 1095/1355/4190 1130/1385/4191 1129/1386/4192 1094/1352/4193
f 1097/1359/4194 1132/1387/4195 1131/1388/4196 1096/1356/4197
f 1096/1356/4198 1131/1388/4199 1130/1385/4200 1095/1355/4201
f 1089/1360/4202 1133/1379/4203 1132/1387/4204 1097/1359/4205
f 1101/1370/4206 1127/1382/4207 1137/1383/4208 1092/1369/4209
f 1117/1389/4210 1144/1390/4211 1143/1391/4212 1116/1392/4213
f 1118/1393/4214 1145/1394/4215 1144/1390/4216 1117/1389/4217
f 1119/1395/4218 1146/1396/4219 1145/1397/4220 1118/1398/4221
f 1120/1399/4222 1147/1400/4223 1146/1396/4224 1119/1395/4225
f 1121/1401/4226 1148/1402/4227 1147/1400/4228 1120/1399/4229
f 1122/1403/4230 1138/1404/4231 1148/1402/4232 1121/1401/4233
f 1123/1405/4234 1139/1406/4235 1138/1404/4236 1122/1403/4237
f 1124/1407/4238 1140/1408/4239 1139/1406/4240 1123/1405/4241
f 1125/1409/4242 1141/1410/4243 1140/1408/4244 1124/1407/4245
f 1126/1411/4246 1142/1412/4247 1141/1410/4248 1125/1409/4249
f 1116/1392/4250 1143/1391/4251 1142/1412/4252 1126/1411/4253
f 1128/1381/4254 1117/1389/4255 1116/1392/4256 1127/1382/4257
f 1129/1384/4258 1118/1393/4259 1117/1389/4260 1128/1381/4261
f 1130/1385/4262 1119/1395/4263 1118/1398/4264 1129/1386/4265
f 1131/1388/4266 1120/1399/4267 1119/1395/4268 1130/1385/4269
f 1132/1387/4270 1121/1401/4271 1120/1399/4272 1131/1388/4273
f 1133/1379/4274 1122/1403/4275 1121/1401/4276 1132/1387/4277
f 1134/1378/4278 1123/1405/4279 1122/1403/4280 1133/1379/4281
f 1135/1377/4282 1124/1407/4283 1123/1405/4284 1134/1378/4285
f 1136/1380/4286 1125/1409/4287 1124/1407/4288 1135/1377/4289
f 1137/1383/4290 1126/1411/4291 1125/1409/4292 1136/1380/4293
f 1127/1382/4294 1116/1392/4295 1126/1411/4296 1137/1383/4297
f 1139/1406/4298 1106/1413/4299 1107/1414/4300 1138/1404/4301
f 1140/1408/4302 1105/1415/4303 1106/1413/4304 1139/1406/4305
f 1141/1410/4306 1108/1416/4307 1105/1415/4308 1140/1408/4309
f 1142/1412/4310 1111/1417/4311 1108/1416/4312 1141/1410/4313
f 1143/1391/4314 1110/1418/4315 1111/1417/4316 1142/1412/4317
f 1144/1390/4318 1109/1419/4319 1110/1418/4320 1143/1391/4321
f 1145/1394/4322 1112/1420/4323 1109/1419/4324 1144/1390/4325
f 1146/1396/4326 1113/1421/4327 1112/1422/4328 1145/1397/4329
f 1147/1400/4330 1114/1423/4331 1113/1421/4332 1146/1396/4333
f 1148/1402/4334 1115/1424/4335 1114/1423/4336 1147/1400/4337
f 1138/1404/4338 1107/1414/4339 1115/1424/4340 1148/1402/4341
f 1166/1425/4342 1051/1426/4343 894/1427/4344 1024/1428/4345
f 1165/1429/4346 1052/1430/4347 1051/1426/4348 1166/1425/4349
f 1164/1431/4350 1065/1432/4351 1052/1430/4352 1165/1429/4353
f 1163/1433/4354 1093/1434/4355 1065/1432/4356 1164/1431/4357
f 1073/1435/4358 1093/1436/4359 1163/1437/4360 1162/1438/4361
f 1073/1435/4362 1162/1438/4363 1161/1439/4364 1072/1440/4365
f 1153/1298/4366 1154/1306/4367 1160/1441/4368 1159/1442/4369
f 1152/1295/4370 1153/1298/4371 1159/1442/4372 1158/1443/4373
f 1151/1309/4374 1152/1337/4375 1158/1444/4376 1157/1445/4377
f 1150/1280/4378 1151/1309/4379 1157/1445/4380 1156/1446/4381
f 1149/1281/4382 1150/1280/4383 1156/1446/4384 1155/1447/4385
f 1011/1448/4386 1004/1283/4387 1149/1281/4388 1155/1447/4389
f 1162/1438/4390 1159/1442/4391 1160/1441/4392 1161/1439/4393
f 1163/1437/4394 1158/1443/4395 1159/1442/4396 1162/1438/4397
f 1158/1444/4398 1163/1433/4399 1164/1431/4400 1157/1445/4401
f 1157/1445/4402 1164/1431/4403 1165/1429/4404 1156/1446/4405
f 1156/1446/4406 1165/1429/4407 1166/1425/4408 1155/1447/4409
f 1155/1447/4410 1166/1425/4411 1024/1428/4412 1011/1448/4413
f 1056/1449/4414 1072/1440/4415 1161/1439/4416 1167/1450/4417
f 902/1451/4418 1056/1449/4419 1167/1450/4420 1026/1452/4421
f 1161/1439/4422 1160/1441/4423 1168/1453/4424 1167/1450/4425
f 1167/1450/4426 1168/1453/4427 1028/1454/4428 1026/1452/4429
f 1168/1453/4430 1160/1441/4431 1154/1306/4432 1055/1292/4433
f 903/1291/4434 1028/1454/4435 1168/1453/4436 1055/1292/4437
f 1046/1455/4438 1184/1456/4439 1054/1457/4440 901/1458/4441
f 1054/1457/4442 1184/1456/4443 1183/1459/4444 1058/1460/4445
f 1182/1461/4446 1098/1462/4447 1058/1460/4448 1183/1459/4449
f 1181/1463/4450 1057/1464/4451 1098/1462/4452 1182/1461/4453
f 1057/1465/4454 1181/1466/4455 1180/1467/4456 1064/1468/4457
f 1064/1468/4458 1180/1467/4459 1179/1469/4460 1047/1470/4461
f 1047/1470/4462 1179/1469/4463 1178/1471/4464 1048/1472/4465
f 1048/1472/4466 1178/1471/4467 1177/1473/4468 1049/1474/4469
f 1178/1471/4470 1175/1282/4471 1176/1284/4472 1177/1473/4473
f 1179/1469/4474 1174/1279/4475 1175/1282/4476 1178/1471/4477
f 1180/1467/4478 1173/1308/4479 1174/1279/4480 1179/1469/4481
f 1181/1466/4482 1172/1336/4483 1173/1308/4484 1180/1467/4485
f 1172/1296/4486 1181/1463/4487 1182/1461/4488 1171/1297/4489
f 1171/1297/4490 1182/1461/4491 1183/1459/4492 1170/1307/4493
f 1184/1456/4494 1169/1293/4495 1170/1307/4496 1183/1459/4497
f 1029/1294/4498 1169/1293/4499 1184/1456/4500 1046/1455/4501
f 1083/1343/4502 1202/1342/4503 1185/1324/4504
f 1202/1342/4505 1203/1475/4506 1186/1325/4507 1185/1324/4508
f 1203/1476/4509 1188/1149/4510 1187/1131/4511 1186/1130/4512
f 937/1148/4513 1187/1131/4514 1188/1149/4515
f 1190/1129/4516 1189/1128/4517 925/1253/4518 926/1249/4519
f 1191/1180/4520 1190/1129/4521 926/1249/4522 947/1252/4523
f 1192/1117/4524 1191/1182/4525 947/1248/4526 916/1246/4527
f 1193/1094/4528 1192/1117/4529 916/1246/4530 898/1244/4531
f 1194/1092/4532 1193/1094/4533 898/1244/4534 897/1242/4535
f 894/1241/4536 1195/1089/4537 1194/1092/4538 897/1242/4539
f 894/1427/4540 1051/1426/4541 1196/1286/4542 1195/1285/4543
f 1197/1289/4544 1196/1286/4545 1051/1426/4546 1052/1430/4547
f 1198/1310/4548 1197/1289/4549 1052/1430/4550 1065/1432/4551
f 1199/1375/4552 1198/1310/4553 1065/1432/4554 1093/1434/4555
f 1200/1321/4556 1199/1374/4557 1093/1436/4558 1073/1435/4559
f 1201/1322/4560 1200/1321/4561 1073/1435/4562 1072/1440/4563
f 1202/1342/4564 1201/1322/4565 1072/1440/4566 1056/1449/4567
f 1056/1449/4568 902/1451/4569 1203/1475/4570 1202/1342/4571
f 905/1255/4572 1188/1149/4573 1203/1476/4574 902/1257/4575
f 1188/1149/4576 905/1255/4577 925/1253/4578 1189/1128/4579
f 1205/1477/4580 1206/1478/4581 1207/1479/4582 1204/1480/4583
f 1209/1481/4584 1210/1482/4585 1211/1483/4586 1208/1484/4587
f 1246/1485/4588 1302/1486/4589 1310/1487/4590 1309/1488/4591
f 1261/1489/4592 1243/1490/4593 1313/1491/4594 1312/1492/4595
f 1243/1490/4596 1248/1493/4597 1314/1494/4598 1313/1491/4599
f 1277/1495/4600 1245/1496/4601 1317/1497/4602 1316/1498/4603
f 1248/1493/4604 1242/1499/4605 1315/1500/4606 1314/1494/4607
f 1307/1501/4608 1306/1502/4609 1260/1503/4610 1255/1504/4611
f 1253/1505/4612 1281/1506/4613 1280/1507/4614 1252/1508/4615
f 1301/1509/4616 1300/1510/4617 1270/1511/4618 1239/1512/4619
f 1262/1513/4620 1241/1514/4621 1272/1515/4622 1271/1516/4623
f 1241/1514/4624 1247/1517/4625 1273/1518/4626 1272/1515/4627
f 1278/1519/4628 1240/1520/4629 1275/1521/4630 1279/1522/4631
f 1317/1497/4632 1245/1496/4633 1276/1523/4634 1318/1524/4635
f 1246/1485/4636 1309/1488/4637 1308/1525/4638 1269/1526/4639
f 1247/1517/4640 1244/1527/4641 1274/1528/4642 1273/1518/4643
f 1254/1529/4644 1259/1530/4645 1320/1531/4646 1319/1532/4647
f 1370/1533/4648 1266/1534/4649 1213/1535/4650 1371/1536/4651
f 1305/1537/4652 1264/1538/4653 1214/1539/4654 1223/1540/4655
f 1268/1541/4656 1215/1542/4657 1221/1543/4658 1284/1544/4659
f 1282/1545/4660 1216/1546/4661 1220/1547/4662
f 1268/1541/4663 1287/1548/4664 1222/1549/4665 1215/1542/4666
f 1266/1534/4667 1265/1550/4668 1219/1551/4669 1213/1535/4670
f 1304/1552/4671 1291/1553/4672 1264/1538/4673 1305/1537/4674
f 1266/1534/4675 1289/1554/4676 1263/1555/4677 1265/1550/4678
f 1369/1556/4679 1289/1554/4680 1266/1534/4681 1370/1533/4682
f 1306/1502/4683 1224/1557/4684 1218/1558/4685 1260/1503/4686
f 1281/1506/4687 1253/1505/4688 1295/1559/4689
f 1258/1560/4690 1286/1561/4691 1294/1562/4692 1293/1563/4693
f 1283/1564/4694 1258/1560/4695 1293/1563/4696 1292/1565/4697
f 1308/1525/4698 1307/1501/4699 1255/1504/4700 1269/1526/4701
f 1270/1511/4702 1300/1510/4703 1299/1566/4704 1249/1567/4705
f 1272/1515/4706 1273/1518/4707 1251/1568/4708 1250/1569/4709
f 1274/1528/4710 1285/1570/4711 1251/1568/4712 1273/1518/4713
f 1275/1521/4714 1252/1508/4715 1280/1507/4716 1279/1522/4717
f 1276/1523/4718 1254/1529/4719 1319/1532/4720 1318/1524/4721
f 1242/1499/4722 1277/1495/4723 1316/1498/4724 1315/1500/4725
f 1244/1527/4726 1278/1519/4727 1279/1522/4728 1274/1528/4729
f 1280/1507/4730 1285/1570/4731 1274/1528/4732 1279/1522/4733
f 1281/1506/4734 1286/1561/4735 1285/1570/4736 1280/1507/4737
f 1286/1561/4738 1281/1506/4739 1295/1559/4740 1294/1562/4741
f 1287/1548/4742 1282/1545/4743 1220/1547/4744 1222/1549/4745
f 1283/1564/4746 1250/1569/4747 1251/1568/4748 1258/1560/4749
f 1284/1544/4750 1264/1538/4751 1291/1553/4752 1292/1565/4753
f 1221/1543/4754 1214/1539/4755 1264/1538/4756 1284/1544/4757
f 1258/1560/4758 1251/1568/4759 1285/1570/4760 1286/1561/4761
f 1288/1571/4762 1290/1572/4763 1296/1573/4764 1271/1516/4765
f 1299/1566/4766 1289/1554/4767 1369/1556/4768
f 1250/1569/4769 1288/1571/4770 1271/1516/4771 1272/1515/4772
f 1250/1569/4773 1283/1564/4774 1257/1574/4775 1288/1571/4776
f 1257/1574/4777 1303/1575/4778 1290/1572/4779 1288/1571/4780
f 1291/1553/4781 1304/1552/4782 1303/1575/4783 1257/1574/4784
f 1293/1563/4785 1268/1541/4786 1284/1544/4787 1292/1565/4788
f 1293/1563/4789 1294/1562/4790 1287/1548/4791 1268/1541/4792
f 1282/1545/4793 1287/1548/4794 1294/1562/4795 1295/1559/4796
f 1253/1505/4797 1216/1546/4798 1282/1545/4799 1295/1559/4800
f 1259/1530/4801 1217/1576/4802 1225/1577/4803 1320/1531/4804
f 1257/1574/4805 1283/1564/4806 1292/1565/4807 1291/1553/4808
f 1271/1516/4809 1296/1573/4810 1297/1578/4811 1262/1513/4812
f 1312/1492/4813 1311/1579/4814 1298/1580/4815 1261/1489/4816
f 1290/1572/4817 1303/1575/4818 1289/1554/4819
f 1300/1510/4820 1296/1573/4821 1290/1572/4822 1299/1566/4823
f 1297/1578/4824 1296/1573/4825 1300/1510/4826 1301/1509/4827
f 1302/1486/4828 1298/1580/4829 1311/1579/4830 1310/1487/4831
f 1304/1552/4832 1263/1555/4833 1289/1554/4834 1303/1575/4835
f 1263/1555/4836 1304/1552/4837 1305/1537/4838 1265/1550/4839
f 1219/1551/4840 1265/1550/4841 1305/1537/4842 1223/1540/4843
f 1212/1581/4844 1224/1582/4845 1267/1583/4846
f 1256/1584/4847 1267/1583/4848 1224/1582/4849 1306/1585/4850
f 1249/1567/4851 1256/1584/4852 1306/1585/4853 1307/1586/4854
f 1270/1511/4855 1249/1567/4856 1307/1586/4857 1308/1587/4858
f 1309/1588/4859 1239/1512/4860 1270/1511/4861 1308/1587/4862
f 1310/1589/4863 1301/1509/4864 1239/1512/4865 1309/1590/4866
f 1311/1591/4867 1297/1578/4868 1301/1509/4869 1310/1589/4870
f 1262/1513/4871 1297/1578/4872 1311/1591/4873 1312/1592/4874
f 1313/1593/4875 1241/1514/4876 1262/1513/4877 1312/1592/4878
f 1314/1594/4879 1247/1517/4880 1241/1514/4881 1313/1593/4882
f 1315/1595/4883 1244/1527/4884 1247/1517/4885 1314/1594/4886
f 1316/1596/4887 1278/1519/4888 1244/1527/4889 1315/1595/4890
f 1317/1597/4891 1240/1520/4892 1278/1519/4893 1316/1596/4894
f 1240/1520/4895 1317/1598/4896 1318/1599/4897 1275/1521/4898
f 1319/1600/4899 1252/1508/4900 1275/1521/4901 1318/1599/4902
f 1319/1600/4903 1320/1601/4904 1253/1505/4905 1252/1508/4906
f 1216/1546/4907 1253/1505/4908 1320/1601/4909 1225/1602/4910
f 1246/1485/4911 1324/1603/4912 1325/1604/4913 1302/1486/4914
f 1261/1489/4915 1327/1605/4916 1328/1606/4917 1243/1490/4918
f 1243/1490/4919 1328/1606/4920 1329/1607/4921 1248/1493/4922
f 1277/1495/4923 1331/1608/4924 1332/1609/4925 1245/1496/4926
f 1248/1493/4927 1329/1607/4928 1330/1610/4929 1242/1499/4930
f 1322/1611/4931 1255/1504/4932 1260/1503/4933 1321/1612/4934
f 1332/1609/4935 1333/1613/4936 1276/1523/4937 1245/1496/4938
f 1246/1485/4939 1269/1526/4940 1323/1614/4941 1324/1603/4942
f 1254/1529/4943 1334/1615/4944 1335/1616/4945 1259/1530/4946
f 1321/1612/4947 1260/1503/4948 1218/1558/4949 1226/1617/4950
f 1323/1614/4951 1269/1526/4952 1255/1504/4953 1322/1611/4954
f 1276/1523/4955 1333/1613/4956 1334/1615/4957 1254/1529/4958
f 1242/1499/4959 1330/1610/4960 1331/1608/4961 1277/1495/4962
f 1259/1530/4963 1335/1616/4964 1227/1618/4965 1217/1576/4966
f 1327/1605/4967 1261/1489/4968 1298/1580/4969 1326/1619/4970
f 1302/1486/4971 1325/1604/4972 1326/1619/4973 1298/1580/4974
f 1321/1612/4975 1226/1617/4976 1228/1620/4977 1336/1621/4978
f 1322/1611/4979 1321/1612/4980 1336/1621/4981 1337/1622/4982
f 1323/1614/4983 1322/1611/4984 1337/1622/4985 1338/1623/4986
f 1324/1603/4987 1323/1614/4988 1338/1623/4989 1339/1624/4990
f 1325/1604/4991 1324/1603/4992 1339/1624/4993 1340/1625/4994
f 1326/1619/4995 1325/1604/4996 1340/1625/4997 1341/1626/4998
f 1327/1605/4999 1326/1619/5000 1341/1626/5001 1342/1627/5002
f 1328/1606/5003 1327/1605/5004 1342/1627/5005 1343/1628/5006
f 1329/1607/5007 1328/1606/5008 1343/1628/5009 1344/1629/5010
f 1330/1610/5011 1329/1607/5012 1344/1629/5013 1345/1630/5014
f 1331/1608/5015 1330/1610/5016 1345/1630/5017 1346/1631/5018
f 1332/1609/5019 1331/1608/5020 1346/1631/5021 1347/1632/5022
f 1333/1613/5023 1332/1609/5024 1347/1632/5025 1348/1633/5026
f 1334/1615/5027 1333/1613/5028 1348/1633/5029 1349/1634/5030
f 1335/1616/5031 1334/1615/5032 1349/1634/5033 1350/1635/5034
f 1227/1618/5035 1335/1616/5036 1350/1635/5037 1229/1636/5038
f 1358/1637/5039 1357/1638/5040 1365/1639/5041 1366/1640/5042
f 1340/1625/5043 1339/1624/5044 1367/1641/5045 1351/1642/5046
f 1341/1626/5047 1340/1625/5048 1351/1642/5049 1352/1643/5050
f 1342/1627/5051 1341/1626/5052 1352/1643/5053 1353/1644/5054
f 1343/1628/5055 1342/1627/5056 1353/1644/5057 1354/1645/5058
f 1344/1629/5059 1343/1628/5060 1354/1645/5061 1355/1646/5062
f 1345/1630/5063 1344/1629/5064 1355/1646/5065 1356/1647/5066
f 1346/1631/5067 1345/1630/5068 1356/1647/5069 1357/1638/5070
f 1352/1643/5071 1351/1642/5072 1359/1648/5073 1360/1649/5074
f 1353/1644/5075 1352/1643/5076 1360/1649/5077 1361/1650/5078
f 1354/1645/5079 1353/1644/5080 1361/1650/5081 1362/1651/5082
f 1355/1646/5083 1354/1645/5084 1362/1651/5085 1363/1652/5086
f 1356/1647/5087 1355/1646/5088 1363/1652/5089 1364/1653/5090
f 1357/1638/5091 1356/1647/5092 1364/1653/5093 1365/1639/5094
f 1347/1632/5095 1346/1631/5096 1357/1638/5097 1358/1637/5098
f 1349/1634/5099 1348/1633/5100 1347/1632/5101 1358/1637/5102
f 1360/1649/5103 1359/1648/5104 1233/1654/5105 1234/1655/5106
f 1361/1650/5107 1360/1649/5108 1234/1655/5109 1235/1656/5110
f 1362/1651/5111 1361/1650/5112 1235/1656/5113 1236/1657/5114
f 1363/1652/5115 1362/1651/5116 1236/1657/5117 1237/1658/5118
f 1364/1653/5119 1363/1652/5120 1237/1658/5121 1238/1659/5122
f 1365/1639/5123 1364/1653/5124 1238/1659/5125 1230/1660/5126
f 1366/1640/5127 1365/1639/5128 1230/1660/5129 1231/1661/5130
f 1229/1636/5131 1350/1635/5132 1366/1640/5133 1231/1661/5134
f 1350/1635/5135 1349/1634/5136 1358/1637/5137 1366/1640/5138
f 1351/1642/5139 1367/1641/5140 1368/1662/5141 1359/1648/5142
f 1359/1648/5143 1368/1662/5144 1232/1663/5145 1233/1654/5146
f 1336/1621/5147 1228/1620/5148 1232/1663/5149 1368/1662/5150
f 1337/1622/5151 1336/1621/5152 1368/1662/5153 1367/1641/5154
f 1338/1623/5155 1337/1622/5156 1367/1641/5157 1339/1624/5158
f 1369/1556/5159 1256/1584/5160 1249/1567/5161
f 1256/1584/5162 1369/1556/5163 1370/1533/5164 1267/1583/5165
f 1267/1583/5166 1370/1533/5167 1371/1536/5168 1212/1581/5169
f 1299/1566/5170 1369/1556/5171 1249/1567/5172
f 1379/1664/5173 1442/1665/5174 1443/1666/5175 1435/1667/5176
f 1394/1668/5177 1445/1669/5178 1446/1670/5179 1376/1671/5180
f 1376/1671/5181 1446/1670/5182 1447/1672/5183 1381/1673/5184
f 1410/1674/5185 1449/1675/5186 1450/1676/5187 1378/1677/5188
f 1381/1673/5189 1447/1672/5190 1448/1678/5191 1375/1679/5192
f 1440/1680/5193 1388/1681/5194 1393/1682/5195 1439/1683/5196
f 1386/1684/5197 1385/1685/5198 1413/1686/5199 1414/1687/5200
f 1434/1688/5201 1372/1689/5202 1403/1690/5203 1433/1691/5204
f 1395/1692/5205 1404/1693/5206 1405/1694/5207 1374/1695/5208
f 1374/1695/5209 1405/1694/5210 1406/1696/5211 1380/1697/5212
f 1411/1698/5213 1412/1699/5214 1408/1700/5215 1373/1701/5216
f 1450/1676/5217 1451/1702/5218 1409/1703/5219 1378/1677/5220
f 1379/1664/5221 1402/1704/5222 1441/1705/5223 1442/1665/5224
f 1380/1697/5225 1406/1696/5226 1407/1706/5227 1377/1707/5228
f 1387/1708/5229 1452/1709/5230 1453/1710/5231 1392/1711/5232
f 1503/1712/5233 1371/1536/5234 1213/1535/5235 1399/1713/5236
f 1438/1714/5237 1223/1540/5238 1214/1539/5239 1397/1715/5240
f 1401/1716/5241 1417/1717/5242 1221/1543/5243 1215/1542/5244
f 1415/1718/5245 1220/1547/5246 1216/1546/5247
f 1401/1716/5248 1215/1542/5249 1222/1549/5250 1420/1719/5251
f 1399/1713/5252 1213/1535/5253 1219/1551/5254 1398/1720/5255
f 1437/1721/5256 1438/1714/5257 1397/1715/5258 1424/1722/5259
f 1399/1713/5260 1398/1720/5261 1396/1723/5262 1422/1724/5263
f 1502/1725/5264 1503/1712/5265 1399/1713/5266 1422/1724/5267
f 1439/1683/5268 1393/1682/5269 1218/1558/5270 1224/1557/5271
f 1414/1687/5272 1428/1726/5273 1386/1684/5274
f 1391/1727/5275 1426/1728/5276 1427/1729/5277 1419/1730/5278
f 1416/1731/5279 1425/1732/5280 1426/1728/5281 1391/1727/5282
f 1441/1705/5283 1402/1704/5284 1388/1681/5285 1440/1680/5286
f 1403/1690/5287 1382/1733/5288 1432/1734/5289 1433/1691/5290
f 1405/1694/5291 1383/1735/5292 1384/1736/5293 1406/1696/5294
f 1407/1706/5295 1406/1696/5296 1384/1736/5297 1418/1737/5298
f 1408/1700/5299 1412/1699/5300 1413/1686/5301 1385/1685/5302
f 1409/1703/5303 1451/1702/5304 1452/1709/5305 1387/1708/5306
f 1375/1679/5307 1448/1678/5308 1449/1675/5309 1410/1674/5310
f 1377/1707/5311 1407/1706/5312 1412/1699/5313 1411/1698/5314
f 1413/1686/5315 1412/1699/5316 1407/1706/5317 1418/1737/5318
f 1414/1687/5319 1413/1686/5320 1418/1737/5321 1419/1730/5322
f 1419/1730/5323 1427/1729/5324 1428/1726/5325 1414/1687/5326
f 1420/1719/5327 1222/1549/5328 1220/1547/5329 1415/1718/5330
f 1416/1731/5331 1391/1727/5332 1384/1736/5333 1383/1735/5334
f 1417/1717/5335 1425/1732/5336 1424/1722/5337 1397/1715/5338
f 1221/1543/5339 1417/1717/5340 1397/1715/5341 1214/1539/5342
f 1391/1727/5343 1419/1730/5344 1418/1737/5345 1384/1736/5346
f 1421/1738/5347 1404/1693/5348 1429/1739/5349 1423/1740/5350
f 1432/1734/5351 1502/1725/5352 1422/1724/5353
f 1383/1735/5354 1405/1694/5355 1404/1693/5356 1421/1738/5357
f 1383/1735/5358 1421/1738/5359 1390/1741/5360 1416/1731/5361
f 1390/1741/5362 1421/1738/5363 1423/1740/5364 1436/1742/5365
f 1424/1722/5366 1390/1741/5367 1436/1742/5368 1437/1721/5369
f 1426/1728/5370 1425/1732/5371 1417/1717/5372 1401/1716/5373
f 1426/1728/5374 1401/1716/5375 1420/1719/5376 1427/1729/5377
f 1415/1718/5378 1428/1726/5379 1427/1729/5380 1420/1719/5381
f 1386/1684/5382 1428/1726/5383 1415/1718/5384 1216/1546/5385
f 1392/1711/5386 1453/1710/5387 1225/1577/5388 1217/1576/5389
f 1390/1741/5390 1424/1722/5391 1425/1732/5392 1416/1731/5393
f 1404/1693/5394 1395/1692/5395 1430/1743/5396 1429/1739/5397
f 1445/1669/5398 1394/1668/5399 1431/1744/5400 1444/1745/5401
f 1423/1740/5402 1422/1724/5403 1436/1742/5404
f 1433/1691/5405 1432/1734/5406 1423/1740/5407 1429/1739/5408
f 1430/1743/5409 1434/1688/5410 1433/1691/5411 1429/1739/5412
f 1435/1667/5413 1443/1666/5414 1444/1745/5415 1431/1744/5416
f 1437/1721/5417 1436/1742/5418 1422/1724/5419 1396/1723/5420
f 1396/1723/5421 1398/1720/5422 1438/1714/5423 1437/1721/5424
f 1219/1551/5425 1223/1540/5426 1438/1714/5427 1398/1720/5428
f 1212/1581/5429 1400/1746/5430 1224/1582/5431
f 1389/1747/5432 1439/1748/5433 1224/1582/5434 1400/1746/5435
f 1382/1733/5436 1440/1749/5437 1439/1748/5438 1389/1747/5439
f 1403/1690/5440 1441/1750/5441 1440/1749/5442 1382/1733/5443
f 1442/1751/5444 1441/1750/5445 1403/1690/5446 1372/1689/5447
f 1443/1752/5448 1442/1753/5449 1372/1689/5450 1434/1688/5451
f 1444/1754/5452 1443/1752/5453 1434/1688/5454 1430/1743/5455
f 1395/1692/5456 1445/1755/5457 1444/1754/5458 1430/1743/5459
f 1446/1756/5460 1445/1755/5461 1395/1692/5462 1374/1695/5463
f 1447/1757/5464 1446/1756/5465 1374/1695/5466 1380/1697/5467
f 1448/1758/5468 1447/1757/5469 1380/1697/5470 1377/1707/5471
f 1449/1759/5472 1448/1758/5473 1377/1707/5474 1411/1698/5475
f 1450/1760/5476 1449/1759/5477 1411/1698/5478 1373/1701/5479
f 1373/1701/5480 1408/1700/5481 1451/1761/5482 1450/1762/5483
f 1452/1763/5484 1451/1761/5485 1408/1700/5486 1385/1685/5487
f 1452/1763/5488 1385/1685/5489 1386/1684/5490 1453/1764/5491
f 1216/1546/5492 1225/1602/5493 1453/1764/5494 1386/1684/5495
f 1379/1664/5496 1435/1667/5497 1458/1765/5498 1457/1766/5499
f 1394/1668/5500 1376/1671/5501 1461/1767/5502 1460/1768/5503
f 1376/1671/5504 1381/1673/5505 1462/1769/5506 1461/1767/5507
f 1410/1674/5508 1378/1677/5509 1465/1770/5510 1464/1771/5511
f 1381/1673/5512 1375/1679/5513 1463/1772/5514 1462/1769/5515
f 1455/1773/5516 1454/1774/5517 1393/1682/5518 1388/1681/5519
f 1465/1770/5520 1378/1677/5521 1409/1703/5522 1466/1775/5523
f 1379/1664/5524 1457/1766/5525 1456/1776/5526 1402/1704/5527
f 1387/1708/5528 1392/1711/5529 1468/1777/5530 1467/1778/5531
f 1454/1774/5532 1226/1617/5533 1218/1558/5534 1393/1682/5535
f 1456/1776/5536 1455/1773/5537 1388/1681/5538 1402/1704/5539
f 1409/1703/5540 1387/1708/5541 1467/1778/5542 1466/1775/5543
f 1375/1679/5544 1410/1674/5545 1464/1771/5546 1463/1772/5547
f 1392/1711/5548 1217/1576/5549 1227/1618/5550 1468/1777/5551
f 1460/1768/5552 1459/1779/5553 1431/1744/5554 1394/1668/5555
f 1435/1667/5556 1431/1744/5557 1459/1779/5558 1458/1765/5559
f 1454/1774/5560 1469/1780/5561 1228/1620/5562 1226/1617/5563
f 1455/1773/5564 1470/1781/5565 1469/1780/5566 1454/1774/5567
f 1456/1776/5568 1471/1782/5569 1470/1781/5570 1455/1773/5571
f 1457/1766/5572 1472/1783/5573 1471/1782/5574 1456/1776/5575
f 1458/1765/5576 1473/1784/5577 1472/1783/5578 1457/1766/5579
f 1459/1779/5580 1474/1785/5581 1473/1784/5582 1458/1765/5583
f 1460/1768/5584 1475/1786/5585 1474/1785/5586 1459/1779/5587
f 1461/1767/5588 1476/1787/5589 1475/1786/5590 1460/1768/5591
f 1462/1769/5592 1477/1788/5593 1476/1787/5594 1461/1767/5595
f 1463/1772/5596 1478/1789/5597 1477/1788/5598 1462/1769/5599
f 1464/1771/5600 1479/1790/5601 1478/1789/5602 1463/1772/5603
f 1465/1770/5604 1480/1791/5605 1479/1790/5606 1464/1771/5607
f 1466/1775/5608 1481/1792/5609 1480/1791/5610 1465/1770/5611
f 1467/1778/5612 1482/1793/5613 1481/1792/5614 1466/1775/5615
f 1468/1777/5616 1483/1794/5617 1482/1793/5618 1467/1778/5619
f 1227/1618/5620 1229/1636/5621 1483/1794/5622 1468/1777/5623
f 1491/1795/5624 1499/1796/5625 1498/1797/5626 1490/1798/5627
f 1473/1784/5628 1484/1799/5629 1500/1800/5630 1472/1783/5631
f 1474/1785/5632 1485/1801/5633 1484/1799/5634 1473/1784/5635
f 1475/1786/5636 1486/1802/5637 1485/1801/5638 1474/1785/5639
f 1476/1787/5640 1487/1803/5641 1486/1802/5642 1475/1786/5643
f 1477/1788/5644 1488/1804/5645 1487/1803/5646 1476/1787/5647
f 1478/1789/5648 1489/1805/5649 1488/1804/5650 1477/1788/5651
f 1479/1790/5652 1490/1798/5653 1489/1805/5654 1478/1789/5655
f 1485/1801/5656 1493/1806/5657 1492/1807/5658 1484/1799/5659
f 1486/1802/5660 1494/1808/5661 1493/1806/5662 1485/1801/5663
f 1487/1803/5664 1495/1809/5665 1494/1808/5666 1486/1802/5667
f 1488/1804/5668 1496/1810/5669 1495/1809/5670 1487/1803/5671
f 1489/1805/5672 1497/1811/5673 1496/1810/5674 1488/1804/5675
f 1490/1798/5676 1498/1797/5677 1497/1811/5678 1489/1805/5679
f 1480/1791/5680 1491/1795/5681 1490/1798/5682 1479/1790/5683
f 1482/1793/5684 1491/1795/5685 1480/1791/5686 1481/1792/5687
f 1493/1806/5688 1234/1655/5689 1233/1654/5690 1492/1807/5691
f 1494/1808/5692 1235/1656/5693 1234/1655/5694 1493/1806/5695
f 1495/1809/5696 1236/1657/5697 1235/1656/5698 1494/1808/5699
f 1496/1810/5700 1237/1658/5701 1236/1657/5702 1495/1809/5703
f 1497/1811/5704 1238/1659/5705 1237/1658/5706 1496/1810/5707
f 1498/1797/5708 1230/1660/5709 1238/1659/5710 1497/1811/5711
f 1499/1796/5712 1231/1661/5713 1230/1660/5714 1498/1797/5715
f 1229/1636/5716 1231/1661/5717 1499/1796/5718 1483/1794/5719
f 1483/1794/5720 1499/1796/5721 1491/1795/5722 1482/1793/5723
f 1484/1799/5724 1492/1807/5725 1501/1812/5726 1500/1800/5727
f 1492/1807/5728 1233/1654/5729 1232/1663/5730 1501/1812/5731
f 1469/1780/5732 1501/1812/5733 1232/1663/5734 1228/1620/5735
f 1470/1781/5736 1500/1800/5737 1501/1812/5738 1469/1780/5739
f 1471/1782/5740 1472/1783/5741 1500/1800/5742 1470/1781/5743
f 1502/1725/5744 1382/1733/5745 1389/1747/5746
f 1389/1747/5747 1400/1746/5748 1503/1712/5749 1502/1725/5750
f 1400/1746/5751 1212/1581/5752 1371/1536/5753 1503/1712/5754
f 1432/1734/5755 1382/1733/5756 1502/1725/5757
f 1423/1740/5758 1432/1734/5759 1422/1724/5760
f 1290/1572/5761 1289/1554/5762 1299/1566/5763
f 1536/1813/5764 1537/1814/5765 1576/1815/5766 1577/1816/5767
f 1569/1817/5768 1570/1818/5769 1542/1819/5770 1543/1820/5771
f 1570/1818/5772 1571/1821/5773 1545/1822/5774 1542/1819/5775
f 1571/1821/5776 1572/1823/5777 1547/1824/5778 1545/1822/5779
f 1572/1823/5780 1573/1825/5781 1549/1826/5782 1547/1824/5783
f 1573/1825/5784 1574/1827/5785 1551/1828/5786 1549/1826/5787
f 1574/1827/5788 1575/1829/5789 1553/1830/5790 1551/1828/5791
f 1537/1814/5792 1553/1830/5793 1575/1829/5794 1576/1815/5795
f 1554/1831/5796 1555/1832/5797 1579/1833/5798 1580/1834/5799
f 1558/1835/5800 1554/1831/5801 1580/1834/5802 1581/1836/5803
f 1560/1837/5804 1558/1835/5805 1581/1836/5806 1582/1838/5807
f 1562/1839/5808 1560/1837/5809 1582/1838/5810 1583/1840/5811
f 1564/1841/5812 1562/1839/5813 1583/1840/5814 1568/1842/5815
f 1569/1817/5816 1543/1820/5817 1564/1841/5818 1568/1842/5819
f 1578/1843/5820 1579/1833/5821 1555/1832/5822 1567/1844/5823
f 1536/1845/5824 1577/1846/5825 1578/1843/5826 1567/1844/5827
f 1504/1847/5828 1505/1848/5829 1537/1814/5830 1536/1813/5831
f 1506/1849/5832 1507/1850/5833 1539/1851/5834 1538/1852/5835
f 1508/1853/5836 1509/1854/5837 1541/1855/5838 1540/1856/5839
f 1510/1857/5840 1511/1858/5841 1543/1820/5842 1542/1819/5843
f 1509/1854/5844 1512/1859/5845 1544/1860/5846 1541/1855/5847
f 1513/1861/5848 1510/1857/5849 1542/1819/5850 1545/1822/5851
f 1512/1859/5852 1514/1862/5853 1546/1863/5854 1544/1860/5855
f 1515/1864/5856 1513/1861/5857 1545/1822/5858 1547/1824/5859
f 1514/1862/5860 1516/1865/5861 1548/1866/5862 1546/1863/5863
f 1517/1867/5864 1515/1864/5865 1547/1824/5866 1549/1826/5867
f 1516/1865/5868 1518/1868/5869 1550/1869/5870 1548/1866/5871
f 1519/1870/5872 1517/1867/5873 1549/1826/5874 1551/1828/5875
f 1518/1868/5876 1520/1871/5877 1552/1872/5878 1550/1869/5879
f 1521/1873/5880 1519/1870/5881 1551/1828/5882 1553/1830/5883
f 1505/1848/5884 1521/1873/5885 1553/1830/5886 1537/1814/5887
f 1520/1871/5888 1506/1849/5889 1538/1852/5890 1552/1872/5891
f 1522/1874/5892 1523/1875/5893 1555/1832/5894 1554/1831/5895
f 1524/1876/5896 1525/1877/5897 1557/1878/5898 1556/1879/5899
f 1526/1880/5900 1522/1874/5901 1554/1831/5902 1558/1835/5903
f 1525/1877/5904 1527/1881/5905 1559/1882/5906 1557/1878/5907
f 1528/1883/5908 1526/1880/5909 1558/1835/5910 1560/1837/5911
f 1527/1881/5912 1529/1884/5913 1561/1885/5914 1559/1882/5915
f 1530/1886/5916 1528/1883/5917 1560/1837/5918 1562/1839/5919
f 1529/1884/5920 1531/1887/5921 1563/1888/5922 1561/1885/5923
f 1532/1889/5924 1530/1886/5925 1562/1839/5926 1564/1841/5927
f 1531/1887/5928 1533/1890/5929 1565/1891/5930 1563/1888/5931
f 1511/1858/5932 1532/1889/5933 1564/1841/5934 1543/1820/5935
f 1533/1890/5936 1508/1853/5937 1540/1856/5938 1565/1891/5939
f 1534/1892/5940 1524/1876/5941 1556/1879/5942 1566/1893/5943
f 1523/1875/5944 1535/1894/5945 1567/1844/5946 1555/1832/5947
f 1507/1895/5948 1534/1892/5949 1566/1893/5950 1539/1896/5951
f 1535/1894/5952 1504/1897/5953 1536/1845/5954 1567/1844/5955
f 1540/1856/5956 1569/1817/5957 1568/1842/5958 1565/1891/5959
f 1540/1856/5960 1541/1855/5961 1570/1818/5962 1569/1817/5963
f 1541/1855/5964 1544/1860/5965 1571/1821/5966 1570/1818/5967
f 1544/1860/5968 1546/1863/5969 1572/1823/5970 1571/1821/5971
f 1546/1863/5972 1548/1866/5973 1573/1825/5974 1572/1823/5975
f 1548/1866/5976 1550/1869/5977 1574/1827/5978 1573/1825/5979
f 1550/1869/5980 1552/1872/5981 1575/1829/5982 1574/1827/5983
f 1576/1815/5984 1575/1829/5985 1552/1872/5986 1538/1852/5987
f 1577/1816/5988 1576/1815/5989 1538/1852/5990 1539/1851/5991
f 1578/1843/5992 1577/1846/5993 1539/1896/5994 1566/1893/5995
f 1566/1893/5996 1556/1879/5997 1579/1833/5998 1578/1843/5999
f 1580/1834/6000 1579/1833/6001 1556/1879/6002 1557/1878/6003
f 1581/1836/6004 1580/1834/6005 1557/1878/6006 1559/1882/6007
f 1582/1838/6008 1581/1836/6009 1559/1882/6010 1561/1885/6011
f 1583/1840/6012 1582/1838/6013 1561/1885/6014 1563/1888/6015
f 1568/1842/6016 1583/1840/6017 1563/1888/6018 1565/1891/6019
f 1584/1898/6020 1598/1899/6021 1604/1900/6022 1601/1901/6023
f 1598/1899/6024 1585/1902/6025 1599/1903/6026 1604/1900/6027
f 1604/1904/6028 1599/1905/6029 1587/1906/6030 1600/1907/6031
f 1601/1908/6032 1604/1904/6033 1600/1907/6034 1586/1909/6035
f 1586/1909/6036 1600/1907/6037 1605/1910/6038 1592/1911/6039
f 1600/1907/6040 1587/1906/6041 1602/1912/6042 1605/1910/6043
f 1605/1910/6044 1602/1912/6045 1589/1913/6046 1603/1914/6047
f 1592/1911/6048 1605/1910/6049 1603/1914/6050 1588/1915/6051
f 1588/1915/6052 1603/1914/6053 1606/1916/6054 1595/1917/6055
f 1603/1914/6056 1589/1913/6057 1593/1918/6058 1606/1916/6059
f 1606/1919/6060 1593/1920/6061 1591/1921/6062 1594/1922/6063
f 1595/1923/6064 1606/1919/6065 1594/1922/6066 1590/1924/6067
f 1590/1924/6068 1594/1922/6069 1607/1925/6070 1597/1926/6071
f 1594/1922/6072 1591/1921/6073 1596/1927/6074 1607/1925/6075
f 1607/1925/6076 1596/1927/6077 1585/1902/6078 1598/1899/6079
f 1597/1926/6080 1607/1925/6081 1598/1899/6082 1584/1898/6083
f 1585/1902/6084 1596/1927/6085 1608/1928/6086 1599/1903/6087
f 1596/1927/6088 1591/1921/6089 1593/1920/6090 1608/1928/6091
f 1608/1929/6092 1593/1918/6093 1589/1913/6094 1602/1912/6095
f 1599/1905/6096 1608/1929/6097 1602/1912/6098 1587/1906/6099
f 1590/1924/6100 1597/1926/6101 1609/1930/6102 1595/1923/6103
f 1597/1926/6104 1584/1898/6105 1601/1901/6106 1609/1930/6107
f 1609/1931/6108 1601/1908/6109 1586/1909/6110 1592/1911/6111
f 1595/1917/6112 1609/1931/6113 1592/1911/6114 1588/1915/6115
f 1610/1932/6116 1611/1933/6117 1655/1934/6118 1656/1935/6119
f 1611/1933/6120 1612/1936/6121 1654/1937/6122 1655/1934/6123
f 1612/1936/6124 1613/1938/6125 1653/1939/6126 1654/1937/6127
f 1613/1938/6128 1614/1940/6129 1652/1941/6130 1653/1939/6131
f 1614/1940/6132 1615/1942/6133 1651/1943/6134 1652/1941/6135
f 1615/1944/6136 1616/1945/6137 1658/1946/6138 1651/1947/6139
f 1616/1945/6140 1617/1948/6141 1657/1949/6142 1658/1946/6143
f 1617/1948/6144 1610/1932/6145 1656/1935/6146 1657/1949/6147
f 1611/1950/6148 1610/1951/6149 1618/1952/6150
f 1612/1953/6151 1611/1950/6152 1618/1952/6153
f 1613/1954/6154 1612/1953/6155 1618/1952/6156
f 1614/1955/6157 1613/1954/6158 1618/1952/6159
f 1615/1956/6160 1614/1955/6161 1618/1952/6162
f 1616/1957/6163 1615/1958/6164 1618/1952/6165
f 1617/1959/6166 1616/1957/6167 1618/1952/6168
f 1610/1951/6169 1617/1959/6170 1618/1952/6171
f 1628/1960/6172 1627/1961/6173 1716/1962/6174 1717/1963/6175
f 1629/1964/6176 1628/1960/6177 1717/1963/6178 1718/1965/6179
f 1630/1966/6180 1629/1964/6181 1718/1965/6182 1719/1967/6183
f 1631/1968/6184 1630/1966/6185 1719/1967/6186 1720/1969/6187
f 1632/1970/6188 1631/1968/6189 1720/1969/6190 1721/1971/6191
f 1633/1972/6192 1632/1970/6193 1721/1971/6194 1722/1973/6195
f 1634/1974/6196 1633/1972/6197 1722/1973/6198 1723/1975/6199
f 1627/1976/6200 1634/1974/6201 1723/1975/6202 1716/1977/6203
f 1636/1978/6204 1635/1979/6205 1650/1980/6206 1643/1981/6207
f 1637/1982/6208 1636/1978/6209 1643/1981/6210 1644/1983/6211
f 1638/1984/6212 1637/1985/6213 1644/1986/6214 1645/1987/6215
f 1639/1988/6216 1638/1984/6217 1645/1987/6218 1646/1989/6219
f 1640/1990/6220 1639/1988/6221 1646/1989/6222 1647/1991/6223
f 1641/1992/6224 1640/1990/6225 1647/1991/6226 1648/1993/6227
f 1642/1994/6228 1641/1992/6229 1648/1993/6230 1649/1995/6231
f 1635/1979/6232 1642/1994/6233 1649/1995/6234 1650/1980/6235
f 1644/1983/6236 1643/1981/6237 1634/1974/6238 1627/1976/6239
f 1645/1987/6240 1644/1986/6241 1627/1961/6242 1628/1960/6243
f 1646/1989/6244 1645/1987/6245 1628/1960/6246 1629/1964/6247
f 1647/1991/6248 1646/1989/6249 1629/1964/6250 1630/1966/6251
f 1648/1993/6252 1647/1991/6253 1630/1966/6254 1631/1968/6255
f 1649/1995/6256 1648/1993/6257 1631/1968/6258 1632/1970/6259
f 1650/1980/6260 1649/1995/6261 1632/1970/6262 1633/1972/6263
f 1643/1981/6264 1650/1980/6265 1633/1972/6266 1634/1974/6267
f 1652/1941/6268 1651/1943/6269 1637/1985/6270 1638/1984/6271
f 1653/1939/6272 1652/1941/6273 1638/1984/6274 1639/1988/6275
f 1654/1937/6276 1653/1939/6277 1639/1988/6278 1640/1990/6279
f 1655/1934/6280 1654/1937/6281 1640/1990/6282 1641/1992/6283
f 1656/1935/6284 1655/1934/6285 1641/1992/6286 1642/1994/6287
f 1657/1949/6288 1656/1935/6289 1642/1994/6290 1635/1979/6291
f 1658/1946/6292 1657/1949/6293 1635/1979/6294 1636/1978/6295
f 1651/1947/6296 1658/1946/6297 1636/1978/6298 1637/1982/6299
f 1660/1996/6300 1659/1997/6301 1625/1998/6302 1624/1999/6303
f 1661/2000/6304 1660/2001/6305 1624/2002/6306 1623/2003/6307
f 1662/2004/6308 1661/2000/6309 1623/2003/6310 1622/2005/6311
f 1663/2006/6312 1662/2004/6313 1622/2005/6314 1621/2007/6315
f 1664/2008/6316 1663/2006/6317 1621/2007/6318 1620/2009/6319
f 1665/2010/6320 1664/2008/6321 1620/2009/6322 1619/2011/6323
f 1666/2012/6324 1665/2010/6325 1619/2011/6326 1626/2013/6327
f 1659/1997/6328 1666/2012/6329 1626/2013/6330 1625/1998/6331
f 1619/2011/6332 1620/2009/6333 1667/2014/6334 1668/2015/6335
f 1620/2009/6336 1621/2007/6337 1669/2016/6338 1667/2014/6339
f 1621/2007/6340 1622/2005/6341 1670/2017/6342 1669/2016/6343
f 1622/2005/6344 1623/2003/6345 1671/2018/6346 1670/2017/6347
f 1623/2003/6348 1624/2002/6349 1672/2019/6350 1671/2018/6351
f 1624/1999/6352 1625/1998/6353 1673/2020/6354 1672/2021/6355
f 1625/1998/6356 1626/2013/6357 1674/2022/6358 1673/2020/6359
f 1626/2013/6360 1619/2011/6361 1668/2015/6362 1674/2022/6363
f 1668/2015/6364 1667/2014/6365 1675/2023/6366 1676/2024/6367
f 1667/2014/6368 1669/2016/6369 1677/2025/6370 1675/2023/6371
f 1669/2016/6372 1670/2017/6373 1678/2026/6374 1677/2025/6375
f 1670/2017/6376 1671/2018/6377 1679/2027/6378 1678/2026/6379
f 1671/2018/6380 1672/2019/6381 1680/2028/6382 1679/2027/6383
f 1672/2021/6384 1673/2020/6385 1681/2029/6386 1680/2030/6387
f 1673/2020/6388 1674/2022/6389 1682/2031/6390 1681/2029/6391
f 1674/2022/6392 1668/2015/6393 1676/2024/6394 1682/2031/6395
f 1676/2024/6396 1675/2023/6397 1683/2032/6398 1684/2033/6399
f 1675/2023/6400 1677/2025/6401 1685/2034/6402 1683/2032/6403
f 1677/2025/6404 1678/2026/6405 1686/2035/6406 1685/2034/6407
f 1678/2026/6408 1679/2027/6409 1687/2036/6410 1686/2035/6411
f 1679/2027/6412 1680/2028/6413 1688/2037/6414 1687/2036/6415
f 1680/2030/6416 1681/2029/6417 1689/2038/6418 1688/2039/6419
f 1681/2029/6420 1682/2031/6421 1690/2040/6422 1689/2038/6423
f 1682/2031/6424 1676/2024/6425 1684/2033/6426 1690/2040/6427
f 1684/2033/6428 1683/2032/6429 1691/2041/6430 1692/2042/6431
f 1683/2032/6432 1685/2034/6433 1693/2043/6434 1691/2041/6435
f 1685/2034/6436 1686/2035/6437 1694/2044/6438 1693/2043/6439
f 1686/2035/6440 1687/2036/6441 1695/2045/6442 1694/2044/6443
f 1687/2036/6444 1688/2037/6445 1696/2046/6446 1695/2045/6447
f 1688/2039/6448 1689/2038/6449 1697/2047/6450 1696/2048/6451
f 1689/2038/6452 1690/2040/6453 1698/2049/6454 1697/2047/6455
f 1690/2040/6456 1684/2033/6457 1692/2042/6458 1698/2049/6459
f 1692/2042/6460 1691/2041/6461 1699/2050/6462 1700/2051/6463
f 1691/2041/6464 1693/2043/6465 1701/2052/6466 1699/2050/6467
f 1693/2043/6468 1694/2044/6469 1702/2053/6470 1701/2052/6471
f 1694/2044/6472 1695/2045/6473 1703/2054/6474 1702/2053/6475
f 1695/2045/6476 1696/2046/6477 1704/2055/6478 1703/2054/6479
f 1696/2048/6480 1697/2047/6481 1705/2056/6482 1704/2057/6483
f 1697/2047/6484 1698/2049/6485 1706/2058/6486 1705/2056/6487
f 1698/2049/6488 1692/2042/6489 1700/2051/6490 1706/2058/6491
f 1700/2051/6492 1699/2050/6493 1707/2059/6494 1708/2060/6495
f 1699/2050/6496 1701/2052/6497 1709/2061/6498 1707/2059/6499
f 1701/2052/6500 1702/2053/6501 1710/2062/6502 1709/2061/6503
f 1702/2053/6504 1703/2054/6505 1711/2063/6506 1710/2062/6507
f 1703/2054/6508 1704/2055/6509 1712/2064/6510 1711/2063/6511
f 1704/2057/6512 1705/2056/6513 1713/2065/6514 1712/2066/6515
f 1705/2056/6516 1706/2058/6517 1714/2067/6518 1713/2065/6519
f 1706/2058/6520 1700/2051/6521 1708/2060/6522 1714/2067/6523
f 1708/2068/6524 1707/2069/6525 1715/2070/6526
f 1707/2069/6527 1709/2071/6528 1715/2070/6529
f 1709/2071/6530 1710/2072/6531 1715/2070/6532
f 1710/2072/6533 1711/2073/6534 1715/2070/6535
f 1711/2073/6536 1712/2074/6537 1715/2070/6538
f 1712/2074/6539 1713/2075/6540 1715/2070/6541
f 1713/2075/6542 1714/2076/6543 1715/2070/6544
f 1714/2076/6545 1708/2068/6546 1715/2070/6547
f 1717/1963/6548 1716/1962/6549 1724/2077/6550 1725/2078/6551
f 1718/1965/6552 1717/1963/6553 1725/2078/6554 1726/2079/6555
f 1719/1967/6556 1718/1965/6557 1726/2079/6558 1727/2080/6559
f 1720/1969/6560 1719/1967/6561 1727/2080/6562 1728/2081/6563
f 1721/1971/6564 1720/1969/6565 1728/2081/6566 1729/2082/6567
f 1722/1973/6568 1721/1971/6569 1729/2082/6570 1730/2083/6571
f 1723/1975/6572 1722/1973/6573 1730/2083/6574 1731/2084/6575
f 1716/1977/6576 1723/1975/6577 1731/2084/6578 1724/2085/6579
f 1725/2078/6580 1724/2077/6581 1732/2086/6582 1733/2087/6583
f 1726/2079/6584 1725/2078/6585 1733/2087/6586 1734/2088/6587
f 1727/2080/6588 1726/2079/6589 1734/2088/6590 1735/2089/6591
f 1728/2081/6592 1727/2080/6593 1735/2089/6594 1736/2090/6595
f 1729/2082/6596 1728/2081/6597 1736/2090/6598 1737/2091/6599
f 1730/2083/6600 1729/2082/6601 1737/2091/6602 1738/2092/6603
f 1731/2084/6604 1730/2083/6605 1738/2092/6606 1739/2093/6607
f 1724/2085/6608 1731/2084/6609 1739/2093/6610 1732/2094/6611
f 1733/2087/6612 1732/2086/6613 1660/2001/6614 1661/2000/6615
f 1734/2088/6616 1733/2087/6617 1661/2000/6618 1662/2004/6619
f 1735/2089/6620 1734/2088/6621 1662/2004/6622 1663/2006/6623
f 1736/2090/6624 1735/2089/6625 1663/2006/6626 1664/2008/6627
f 1737/2091/6628 1736/2090/6629 1664/2008/6630 1665/2010/6631
f 1738/2092/6632 1737/2091/6633 1665/2010/6634 1666/2012/6635
f 1739/2093/6636 1738/2092/6637 1666/2012/6638 1659/1997/6639
f 1732/2094/6640 1739/2093/6641 1659/1997/6642 1660/1996/6643
f 1740/2095/6644 1741/2096/6645 1742/2097/6646 1743/2098/6647
f 1741/2096/6648 1744/2099/6649 1745/2100/6650 1742/2097/6651
f 1744/2099/6652 1746/2101/6653 1747/2102/6654 1745/2100/6655
f 1746/2103/6656 1748/2104/6657 1749/2105/6658 1747/2106/6659
f 1748/2104/6660 1750/2107/6661 1751/2108/6662 1749/2105/6663
f 1750/2107/6664 1752/2109/6665 1753/2110/6666 1751/2108/6667
f 1752/2109/6668 1754/2111/6669 1755/2112/6670 1753/2110/6671
f 1754/2111/6672 1740/2095/6673 1743/2098/6674 1755/2112/6675
f 1743/2098/6676 1742/2097/6677 1756/2113/6678 1757/2114/6679
f 1742/2097/6680 1745/2100/6681 1758/2115/6682 1756/2113/6683
f 1745/2100/6684 1747/2102/6685 1759/2116/6686 1758/2115/6687
f 1747/2106/6688 1749/2105/6689 1760/2117/6690 1759/2118/6691
f 1749/2105/6692 1751/2108/6693 1761/2119/6694 1760/2117/6695
f 1751/2108/6696 1753/2110/6697 1762/2120/6698 1761/2119/6699
f 1753/2110/6700 1755/2112/6701 1763/2121/6702 1762/2120/6703
f 1755/2112/6704 1743/2098/6705 1757/2114/6706 1763/2121/6707
f 1757/2114/6708 1756/2113/6709 1764/2122/6710 1765/2123/6711
f 1756/2113/6712 1758/2115/6713 1766/2124/6714 1764/2122/6715
f 1758/2115/6716 1759/2116/6717 1767/2125/6718 1766/2124/6719
f 1759/2118/6720 1760/2117/6721 1768/2126/6722 1767/2127/6723
f 1760/2117/6724 1761/2119/6725 1769/2128/6726 1768/2126/6727
f 1761/2119/6728 1762/2120/6729 1770/2129/6730 1769/2128/6731
f 1762/2120/6732 1763/2121/6733 1771/2130/6734 1770/2129/6735
f 1763/2121/6736 1757/2114/6737 1765/2123/6738 1771/2130/6739
f 1765/2123/6740 1764/2122/6741 1772/2131/6742 1773/2132/6743
f 1764/2122/6744 1766/2124/6745 1774/2133/6746 1772/2131/6747
f 1766/2124/6748 1767/2125/6749 1775/2134/6750 1774/2133/6751
f 1767/2127/6752 1768/2126/6753 1776/2135/6754 1775/2136/6755
f 1768/2126/6756 1769/2128/6757 1777/2137/6758 1776/2135/6759
f 1769/2128/6760 1770/2129/6761 1778/2138/6762 1777/2137/6763
f 1770/2129/6764 1771/2130/6765 1779/2139/6766 1778/2138/6767
f 1771/2130/6768 1765/2123/6769 1773/2132/6770 1779/2139/6771
f 1773/2132/6772 1772/2131/6773 1780/2140/6774 1781/2141/6775
f 1772/2131/6776 1774/2133/6777 1782/2142/6778 1780/2140/6779
f 1774/2133/6780 1775/2134/6781 1783/2143/6782 1782/2142/6783
f 1775/2136/6784 1776/2135/6785 1784/2144/6786 1783/2145/6787
f 1776/2135/6788 1777/2137/6789 1785/2146/6790 1784/2144/6791
f 1777/2137/6792 1778/2138/6793 1786/2147/6794 1785/2146/6795
f 1778/2138/6796 1779/2139/6797 1787/2148/6798 1786/2147/6799
f 1779/2139/6800 1773/2132/6801 1781/2141/6802 1787/2148/6803
f 1781/2141/6804 1780/2140/6805 1788/2149/6806 1789/2150/6807
f 1780/2140/6808 1782/2142/6809 1790/2151/6810 1788/2149/6811
f 1782/2142/6812 1783/2143/6813 1791/2152/6814 1790/2151/6815
f 1783/2145/6816 1784/2144/6817 1792/2153/6818 1791/2154/6819
f 1784/2144/6820 1785/2146/6821 1793/2155/6822 1792/2153/6823
f 1785/2146/6824 1786/2147/6825 1794/2156/6826 1793/2155/6827
f 1786/2147/6828 1787/2148/6829 1795/2157/6830 1794/2156/6831
f 1787/2148/6832 1781/2141/6833 1789/2150/6834 1795/2157/6835
f 1789/2150/6836 1788/2149/6837 1796/2158/6838 1797/2159/6839
f 1788/2149/6840 1790/2151/6841 1798/2160/6842 1796/2158/6843
f 1790/2151/6844 1791/2152/6845 1799/2161/6846 1798/2160/6847
f 1791/2154/6848 1792/2153/6849 1800/2162/6850 1799/2163/6851
f 1792/2153/6852 1793/2155/6853 1801/2164/6854 1800/2162/6855
f 1793/2155/6856 1794/2156/6857 1802/2165/6858 1801/2164/6859
f 1794/2156/6860 1795/2157/6861 1803/2166/6862 1802/2165/6863
f 1795/2157/6864 1789/2150/6865 1797/2159/6866 1803/2166/6867
f 1797/2167/6868 1796/2168/6869 1804/2169/6870
f 1796/2168/6871 1798/2170/6872 1804/2169/6873
f 1798/2170/6874 1799/2171/6875 1804/2169/6876
f 1799/2171/6877 1800/2172/6878 1804/2169/6879
f 1800/2172/6880 1801/2173/6881 1804/2169/6882
f 1801/2173/6883 1802/2174/6884 1804/2169/6885
f 1802/2174/6886 1803/2175/6887 1804/2169/6888
f 1803/2175/6889 1797/2167/6890 1804/2169/6891
f 1805/2176/6892 1807/2178/6893 1806/2177/6894
f 1806/2177/6895 1807/2178/6896 1808/2179/6897
f 1808/2179/6898 1807/2178/6899 1809/2180/6900
f 1809/2180/6901 1807/2178/6902 1810/2181/6903
f 1810/2181/6904 1807/2178/6905 1811/2182/6906
f 1811/2182/6907 1807/2178/6908 1812/2183/6909
f 1812/2183/6910 1807/2178/6911 1813/2184/6912
f 1813/2184/6913 1807/2178/6914 1805/2176/6915
f 1814/2185/6916 1816/2187/6917 1815/2186/6918
f 1816/2187/6919 1817/2188/6920 1815/2186/6921
f 1817/2188/6922 1818/2189/6923 1815/2186/6924
f 1818/2189/6925 1819/2190/6926 1815/2186/6927
f 1819/2190/6928 1820/2191/6929 1815/2186/6930
f 1820/2191/6931 1821/2192/6932 1815/2186/6933
f 1821/2192/6934 1822/2193/6935 1815/2186/6936
f 1822/2193/6937 1814/2185/6938 1815/2186/6939
f 1814/2185/6940 1805/2195/6941 1806/2194/6942 1816/2187/6943
f 1816/2187/6944 1806/2194/6945 1808/2196/6946 1817/2188/6947
f 1819/2190/6948 1810/2198/6949 1811/2197/6950 1820/2191/6951
f 1820/2191/6952 1811/2197/6953 1812/2199/6954 1821/2192/6955
f 1821/2192/6956 1812/2199/6957 1813/2200/6958 1822/2193/6959
f 1822/2193/6960 1813/2200/6961 1805/2195/6962 1814/2185/6963
