# This file uses centimeters as units for non-parametric coordinates.

mtllib Lake_Soldier.mtl
g default
v -25.763885 0.000000 34.078480
v -11.255310 177.027374 4.734236
v 0.000000 -0.000122 35.904350
v 0.000000 177.027374 5.382412
v 11.255432 177.027374 4.734236
v 25.764038 0.000000 34.078480
v 50.598206 144.859894 0.449880
v 59.071838 138.100586 11.721493
v 45.894531 140.901886 9.255132
v 40.142334 153.304596 8.443624
v 61.013733 142.703979 -1.030420
v 46.965942 144.411774 19.347496
v 46.816589 154.106873 -3.488820
v 69.364807 147.081390 4.109641
v 60.301331 155.707275 -5.270440
v 56.110229 142.098999 24.481359
v 41.913025 153.501984 22.022961
v 48.332031 163.974701 0.467570
v 71.229431 143.901001 14.195814
v 53.763245 154.900696 28.745270
v 65.732544 146.633301 23.007259
v 44.699585 163.526581 19.365185
v 42.835144 166.707001 9.279012
v 72.151428 157.106079 1.451861
v 73.922241 157.303375 15.031200
v 57.954285 168.508972 -1.006540
v 49.586792 170.371674 10.219380
v 51.656616 170.620575 6.518983
v 67.098633 166.196198 4.127330
v 67.247803 156.501099 26.963650
v 53.050842 167.904083 24.505239
v 56.291138 171.170471 5.906671
v 63.466187 165.748077 23.024950
v 54.044128 170.893280 17.597263
v 49.971436 170.412598 15.286929
v 68.170044 169.706085 14.219693
v 58.678528 171.443390 16.984955
v 60.363831 171.651276 8.217008
v 60.912903 171.712494 12.428128
v 48.323303 184.313385 15.299793
v 51.616394 185.473083 21.195770
v 45.399902 184.739777 17.227608
v 44.064087 184.588074 9.939256
v 52.395996 184.794098 17.610128
v 51.144287 189.454681 21.199450
v 44.927917 188.721375 17.231293
v 43.592041 188.569672 9.942941
v 47.714844 184.245575 10.632818
v 57.030396 185.344177 16.997818
v 58.853943 186.332397 19.851326
v 58.381836 190.313995 19.855011
v 52.956787 189.678375 11.769224
v 48.004028 185.060974 3.679757
v 47.531921 189.042572 3.683442
v 50.008606 184.521301 6.531847
v 62.793701 186.805298 13.591822
v 62.321716 190.786896 13.595507
v 55.241516 185.920288 2.335314
v 54.769531 189.901886 2.338998
v 59.324341 185.619873 12.896851
v 61.457886 186.653595 6.303468
v 60.985840 190.635284 6.307153
v 54.643005 185.071289 5.919536
v 58.715698 185.551971 8.229872
v 52.962891 177.936096 18.866150
v 53.458801 173.753387 18.862278
v 59.093994 174.422272 18.117729
v 58.598206 178.604889 18.121601
v 48.010620 177.351593 16.056871
v 48.506531 173.168884 16.053001
v 47.270691 177.269073 10.382029
v 47.766602 173.086395 10.378158
v 50.059937 177.604401 5.395416
v 50.555725 173.421692 5.391545
v 55.695190 178.273193 4.650874
v 56.191040 174.090485 4.647003
v 60.647400 178.857697 7.460144
v 61.143188 174.675079 7.456274
v 61.387390 178.940186 13.134996
v 61.883301 174.757477 13.131126
v 53.243408 177.970673 17.406740
v 53.739197 173.787994 17.402868
v 58.217529 174.319489 16.811197
v 57.721619 178.502197 16.815069
v 49.308044 177.506195 15.174292
v 49.803894 173.323578 15.170420
v 48.720032 177.440674 10.664662
v 49.215942 173.257996 10.660790
v 50.936401 177.707092 6.701949
v 51.432312 173.524384 6.698078
v 55.414734 178.238586 6.110284
v 55.910522 174.055878 6.106413
v 59.350037 178.703094 8.342727
v 59.845886 174.520477 8.338857
v 59.938110 178.768585 12.852364
v 60.434021 174.585999 12.848493
v -48.956390 268.965790 31.799299
v -54.115570 279.398071 33.970280
v -9.900574 284.723267 36.844490
v -16.994080 299.067078 39.829453
v -9.900574 287.306885 24.429670
v -16.994080 301.650696 27.414629
v -48.956390 270.844788 22.769930
v -54.115570 281.277100 24.940899
v -1.763855 286.773376 30.794880
v -36.342285 295.828888 24.067631
v -56.550995 274.012573 21.780590
v -26.909698 276.755371 20.098400
v -60.033386 279.786072 29.340820
v -53.068573 265.702484 26.410011
v -56.550995 271.475891 33.970238
v -36.342285 292.393494 40.576160
v -6.552063 294.711609 41.189728
v -26.909698 273.319885 36.606930
v -11.340210 306.137482 34.824570
v -6.552063 298.199280 24.429729
v -31.625977 282.284088 41.342972
v 2.313293 300.657684 33.684219
v -31.625977 286.864685 19.331589
v -62.998871 269.687988 27.239389
v -37.914398 297.290192 32.983429
v -25.337677 271.858704 27.691130
v 0.000000 281.860291 19.647058
v 0.000000 297.681183 28.461750
v 0.000000 321.597595 47.869671
v 0.000000 347.427979 31.685900
v -0.004578 403.927277 12.287199
v -0.017212 416.008392 -28.096001
v 0.000000 269.026489 -23.776459
v 0.000000 301.409180 40.290268
v -0.009399 383.754700 23.368740
v 0.000000 334.048889 39.885559
v 0.000000 362.226685 29.308430
v 0.000000 310.307190 48.615688
v 0.000000 272.006989 -1.658530
v -0.032593 414.065277 -6.342970
v 0.000000 273.199982 -44.718609
v -0.005066 413.493896 -50.335480
v 0.000000 282.983276 -63.444202
v 0.000000 404.703094 -71.751373
v 0.000000 377.414368 -87.556244
v 0.000000 391.999878 -81.667801
v 0.000000 292.643890 -74.726654
v 0.000000 304.584778 -80.554657
v 0.000000 310.313782 -83.247223
v 0.000000 321.800385 -87.339127
v 0.000000 334.183899 -89.870483
v 0.000000 346.634491 -91.354294
v 0.000000 361.670593 -90.397095
v 42.184692 284.551270 -3.925830
v 53.945740 390.320984 -7.116369
v 54.884705 333.703064 1.720444
v 66.444031 361.727600 -32.390282
v 59.552917 333.770081 -31.602661
v 59.312317 361.868164 0.160769
v 61.113525 386.500183 -34.823898
v 46.339600 289.288086 -32.027962
v 58.003601 346.713989 -0.505420
v 64.398193 346.509491 -32.692360
v 24.605896 283.566681 15.362146
v 32.294312 333.599976 17.123161
v 31.026245 347.202179 13.618119
v 31.469238 397.942505 8.835913
v 14.292603 401.910797 11.256122
v 31.382202 410.499390 -29.057159
v 23.632141 273.071289 -25.112671
v 13.339111 282.177887 18.317621
v 23.923340 321.584991 27.222589
v 16.137085 347.487183 18.680717
v 16.092529 414.768799 -28.202358
v 10.523438 270.009705 -22.969952
v 54.908386 321.615479 -30.169590
v 49.971008 321.144897 3.655697
v 12.963135 304.358276 32.247192
v 9.770020 321.577789 45.924541
v 5.806702 302.157288 38.843948
v 5.568298 298.598389 28.435749
v 6.996216 281.947693 19.281292
v 6.019836 347.468781 30.225000
v 34.970703 278.822205 -26.959091
v 34.715332 283.408569 7.563700
v 40.314026 320.899170 16.175121
v 45.397522 333.671570 13.148596
v 47.288940 346.889404 9.893093
v 48.026245 361.972687 10.651548
v 45.140320 393.398590 2.950043
v 48.132202 401.344086 -30.300079
v 65.504639 374.686768 -34.061329
v 58.496399 376.495972 -2.142241
v 46.547485 379.318176 9.512756
v 30.584290 381.616089 14.309439
v 13.575928 382.932587 17.509768
v 2.313904 383.809265 22.869890
v 20.228088 333.705505 21.944729
v 8.038696 334.115082 38.121349
v 30.150940 362.154480 14.103061
v 13.211243 362.392090 18.060833
v 4.668396 362.261383 28.131390
v 31.640808 321.346069 21.332510
v 17.036621 302.769897 28.283131
v 30.465942 308.603699 24.036831
v 17.876831 321.627197 33.709122
v 14.979126 333.961792 29.711790
v 12.236938 347.438690 24.717129
v 9.754822 362.330505 23.870689
v 11.427124 382.879700 20.457903
v 40.057800 308.605103 18.070564
v 49.369629 309.039185 4.766118
v 54.170837 309.745300 -29.514198
v 27.576538 296.700378 25.200119
v 41.426086 296.618774 18.069391
v 50.448730 298.543396 4.789879
v 54.689026 302.081299 -29.220139
v 22.727539 309.734283 30.039240
v 18.548645 310.566467 34.873833
v 9.352234 310.701172 46.711201
v 11.496338 272.464905 -1.014370
v 25.304993 274.650085 -4.295910
v 33.914246 278.132874 -8.517380
v 45.974792 286.606506 -17.203461
v 54.462341 300.884705 -11.575710
v 53.936401 309.537079 -11.214460
v 54.916016 321.629089 -11.548010
v 59.388245 333.721283 -13.439070
v 63.804016 346.607666 -14.957060
v 65.568604 361.796509 -14.695200
v 64.241821 375.857971 -18.368759
v 59.155396 388.124878 -20.103790
v 46.147400 400.346588 -11.891171
v 31.719604 407.719971 -7.970350
v 16.659912 412.062897 -6.841900
v 10.012085 274.331909 -44.233681
v 21.024597 277.452393 -45.185940
v 33.824829 283.276794 -44.069981
v 44.117798 293.399597 -47.037369
v 51.539429 303.055603 -46.786430
v 51.052429 309.887787 -48.182011
v 51.765503 321.572876 -49.675388
v 56.522400 333.746765 -51.056702
v 61.143127 346.310486 -51.986801
v 63.230042 361.625305 -51.311539
v 63.602417 373.673584 -51.319118
v 60.916443 384.868683 -51.028240
v 49.166626 399.836792 -48.793098
v 30.944214 408.757477 -50.603859
v 16.248413 412.579102 -50.110592
v 10.201233 283.881989 -62.782993
v 20.357605 286.207886 -61.844059
v 30.291687 290.385803 -60.061749
v 38.351929 297.069794 -60.695293
v 44.709045 304.287170 -62.328190
v 44.022888 310.088287 -64.972946
v 44.453430 321.588379 -67.798477
v 48.630493 333.856079 -69.579453
v 52.709900 346.228271 -70.697876
v 54.549500 361.476868 -69.445404
v 56.451233 372.793793 -67.882187
v 55.391418 383.216888 -66.787415
v 46.297302 393.756592 -67.356491
v 32.312500 400.730774 -69.956421
v 17.866638 403.805603 -70.955292
v 31.817139 305.065308 -73.288040
v 31.447205 310.403992 -75.757004
v 31.674194 321.703979 -79.316711
v 34.560242 334.053680 -81.526184
v 37.455444 346.400391 -82.983246
v 38.642700 361.528381 -81.794281
v 40.351013 374.167908 -79.896393
v 39.857727 386.059204 -76.683807
v 15.158203 305.057587 -79.001694
v 14.906921 310.459595 -81.504303
v 14.892395 321.787170 -85.409103
v 16.349915 334.143799 -87.748672
v 17.846985 346.584290 -89.213867
v 18.497498 361.639984 -88.240860
v 19.326599 376.877197 -85.633957
v 19.405823 391.083496 -80.237579
v 27.418945 296.456970 -69.440933
v 13.074036 293.893066 -73.713364
v 14.972229 291.148499 25.756100
v 7.204285 289.418396 24.968040
v 0.000000 288.885193 24.725189
v -42.184692 284.551270 -3.925830
v -53.940094 390.315796 -7.124910
v -54.887787 333.703186 1.730908
v -66.443878 361.727295 -32.390289
v -59.552795 333.770081 -31.602680
v -59.312897 361.869385 0.163910
v -61.113373 386.500183 -34.823891
v -46.339600 289.288086 -32.027962
v -58.009399 346.714081 -0.479100
v -64.398071 346.509186 -32.692341
v -24.605774 283.566681 15.362146
v -32.218170 333.599670 17.086222
v -30.776093 347.209473 13.494750
v -31.484375 397.982971 8.899860
v -14.296509 401.910278 11.256295
v -31.366882 410.496094 -29.058048
v -23.632080 273.071289 -25.112671
v -13.339111 282.177887 18.317621
v -23.923187 321.584991 27.222549
v -16.136963 347.486786 18.680805
v -16.029358 414.816681 -28.178780
v -10.523254 270.009705 -22.969959
v -54.908295 321.615692 -30.169571
v -49.973175 321.144287 3.659950
v -12.962769 304.358276 32.247192
v -9.769958 321.577881 45.924610
v -5.806458 302.157288 38.843948
v -5.568298 298.598389 28.435749
v -6.995972 281.947693 19.281292
v -6.019775 347.468201 30.225420
v -34.970581 278.822083 -26.959091
v -34.715179 283.408569 7.563698
v -40.313477 320.898071 16.175419
v -45.397491 333.671692 13.148551
v -47.288971 346.890503 9.892767
v -48.026184 361.974304 10.651604
v -45.140198 393.398590 2.950049
v -48.132080 401.344086 -30.300091
v -65.504486 374.686707 -34.061340
v -58.490875 376.492889 -2.148710
v -46.547394 379.318909 9.512733
v -30.620880 381.645203 14.364878
v -13.590271 382.916809 17.495068
v -2.324280 383.817566 22.877090
v -20.227661 333.706085 21.944420
v -8.038757 334.114380 38.121872
v -30.109375 362.151306 14.089175
v -13.212097 362.389893 18.060829
v -4.668274 362.261902 28.131411
v -31.621979 321.346008 21.323420
v -17.036499 302.769897 28.283131
v -30.461975 308.604004 24.034809
v -17.876465 321.625092 33.751999
v -14.977661 333.949188 30.051121
v -12.232605 347.384766 26.108000
v -9.752258 362.327393 24.184080
v -11.418457 382.862305 20.369673
v -40.057678 308.605286 18.070539
v -49.369995 309.039185 4.766898
v -54.170776 309.745300 -29.514210
v -27.576477 296.700378 25.200119
v -41.425995 296.618774 18.069391
v -50.448486 298.543396 4.789871
v -54.688873 302.081299 -29.220161
v -22.727386 309.734283 30.039240
v -18.548462 310.566467 34.873833
v -9.352112 310.701172 46.711201
v -11.496277 272.464905 -1.014370
v -25.304871 274.650085 -4.295910
v -33.914093 278.132874 -8.517389
v -45.974792 286.606506 -17.203461
v -54.462097 300.884705 -11.575720
v -53.936279 309.537079 -11.214451
v -54.915894 321.629486 -11.547979
v -59.388092 333.721191 -13.439091
v -63.803894 346.607300 -14.957020
v -65.568390 361.796082 -14.695230
v -64.241699 375.857788 -18.368790
v -59.155396 388.124878 -20.103790
v -46.147400 400.346680 -11.891171
v -31.698090 407.732300 -7.964430
v -16.546509 412.142883 -6.796949
v -10.011963 274.331909 -44.233681
v -21.024597 277.452393 -45.185928
v -33.824677 283.276794 -44.069988
v -44.117798 293.399597 -47.037369
v -51.539276 303.055603 -46.786430
v -51.052277 309.887787 -48.182030
v -51.765472 321.572876 -49.675381
v -56.522278 333.746765 -51.056702
v -61.142975 346.310364 -51.986790
v -63.229889 361.625183 -51.311550
v -63.602295 373.673492 -51.319118
v -60.916290 384.868683 -51.028229
v -49.166473 399.836884 -48.793110
v -30.938782 408.754272 -50.604431
v -16.228271 412.596802 -50.102100
v -10.201111 283.881989 -62.782993
v -20.357483 286.207886 -61.844059
v -30.291595 290.385803 -60.061749
v -38.351685 297.069794 -60.695293
v -44.708893 304.287170 -62.328190
v -44.022797 310.088287 -64.972946
v -44.453278 321.588379 -67.798477
v -48.630371 333.856079 -69.579453
v -52.709778 346.228271 -70.697876
v -54.549500 361.476868 -69.445404
v -56.451172 372.793793 -67.882187
v -55.391296 383.216888 -66.787384
v -46.297272 393.756592 -67.356476
v -32.312500 400.730774 -69.956406
v -17.866394 403.805603 -70.955292
v -31.816895 305.065308 -73.288040
v -31.447083 310.403992 -75.757004
v -31.674072 321.703979 -79.316711
v -34.559998 334.053680 -81.526184
v -37.455292 346.400391 -82.983261
v -38.642578 361.528381 -81.794281
v -40.350891 374.167908 -79.896393
v -39.857574 386.059204 -76.683807
v -15.158203 305.057587 -79.001694
v -14.906799 310.459595 -81.504303
v -14.892273 321.787170 -85.409103
v -16.349792 334.143799 -87.748672
v -17.846863 346.584290 -89.213867
v -18.497375 361.639984 -88.240860
v -19.326355 376.877197 -85.633957
v -19.405701 391.083496 -80.237579
v -27.418793 296.456970 -69.440933
v -13.073914 293.893066 -73.713364
v -14.972107 291.148499 25.756100
v -7.204163 289.418396 24.968040
v 68.176941 337.298401 -34.608459
v 57.639099 342.191589 -24.303860
v 48.990845 336.492798 -15.846901
v 48.990601 322.734802 -15.846870
v 48.990845 308.976685 -15.846901
v 57.639099 303.277893 -24.303860
v 66.592896 308.976685 -33.059570
v 71.885742 322.734802 -38.235199
v 56.270142 317.592896 -25.793678
v 68.972107 335.950684 -29.289101
v 59.409485 340.390991 -19.938110
v 56.029541 317.915283 -20.514370
v 51.561401 335.219604 -12.263769
v 51.561401 322.734802 -12.263741
v 51.561401 310.249878 -12.263769
v 59.409485 305.078491 -19.938110
v 67.534729 310.249878 -27.883549
v 72.337708 322.734802 -32.580212
v 26.849487 147.183594 21.286091
v 33.350586 145.961182 21.362850
v 26.880310 147.760986 27.876230
v 33.381409 146.538574 27.952990
v 26.360229 151.313873 28.729521
v 35.095093 148.884094 19.936470
v 26.318604 150.534393 19.832842
v 29.880432 145.338074 20.271492
v 34.289429 144.902679 24.771650
v 29.921936 146.117584 29.168180
v 25.512939 146.552887 24.668020
v 35.136597 149.663574 28.833151
v 29.625732 144.270691 24.848780
v 30.755432 150.618683 30.264120
v 30.700012 149.579285 18.401876
v 36.578735 148.998779 24.402081
v 24.876831 151.199188 24.263910
v 38.580811 192.005188 26.601530
v 34.185608 192.700378 25.066940
v 42.962097 191.050201 25.170570
v 38.525391 190.965881 14.739290
v 34.144104 191.920898 16.170258
v 42.920593 190.270691 16.273884
v 44.404114 190.385376 20.739500
v 32.702209 192.585693 20.601326
v 38.740234 193.076874 30.172449
v 31.947144 194.115784 27.397089
v 45.508118 191.565796 27.557209
v 38.650940 191.400299 11.035084
v 31.882935 192.911377 13.650325
v 45.444031 190.361389 13.810443
v 48.134888 190.463684 20.715219
v 29.256104 194.013580 20.492313
v 39.482300 197.001892 29.825109
v 32.689209 198.040680 27.049749
v 46.250244 195.490692 27.209869
v 39.393005 195.325073 10.687740
v 32.625000 196.836273 13.302980
v 46.186096 194.286285 13.463100
v 48.877014 194.388580 20.367880
v 29.998291 197.938477 20.144970
v 39.437744 196.163483 20.256424
v 35.808044 177.340698 27.899300
v 35.191895 174.082184 28.187660
v 30.796692 174.777374 26.653069
v 31.412842 178.035797 26.364710
v 29.313293 174.662689 22.187460
v 29.929443 177.921173 21.899101
v 30.755188 173.997894 17.756388
v 31.371338 177.256378 17.468027
v 35.136536 173.042877 16.325422
v 35.752625 176.301300 16.037060
v 39.531738 172.347687 17.860016
v 40.147827 175.606079 17.571653
v 41.015198 172.462372 22.325630
v 41.631287 175.720795 22.037270
v 39.573242 173.127197 26.756701
v 40.189331 176.385590 26.468340
v 35.895691 177.885193 29.141911
v 35.116089 173.762085 29.506790
v 40.443604 172.600800 27.766800
v 41.223206 176.723785 27.401920
v 30.551392 178.730499 27.275909
v 29.771790 174.607483 27.640789
v 28.747498 178.591095 21.845921
v 27.967896 174.467987 22.210789
v 30.500916 177.782684 16.457920
v 29.721313 173.659698 16.822800
v 35.828430 176.621399 14.717927
v 35.048828 172.498291 15.082806
v 41.172729 175.776001 16.583927
v 40.393127 171.652985 16.948807
v 42.976624 175.915497 22.013920
v 42.197021 171.792480 22.378799
v 35.888794 177.755402 27.661079
v 35.109192 173.632385 28.025959
v 39.342834 172.709473 26.643230
v 40.122437 176.832581 26.278360
v 31.641785 178.427277 26.178219
v 30.862244 174.304199 26.543100
v 30.208435 178.316376 21.863171
v 29.428833 174.193298 22.228050
v 31.601746 177.673981 17.581486
v 30.822144 173.550995 17.946363
v 35.835327 176.751190 16.198765
v 35.055725 172.628082 16.563644
v 40.082336 176.079376 17.681618
v 39.302734 171.956299 18.046497
v 41.515808 176.190186 21.996681
v 40.736206 172.067078 22.361561
v -62.661774 0.000000 32.293678
v -38.476288 0.000000 42.902039
v -22.879089 0.000000 50.060600
v 0.000000 189.776581 19.088276
v 0.000000 237.845978 15.292866
v -14.123962 237.562286 14.719442
v -14.919556 189.527893 18.443459
v -30.616272 188.971100 16.308239
v -28.174072 236.850800 12.910293
v -44.784973 -0.013489 -89.323746
v 0.000000 -0.021790 -97.894684
v 0.000000 186.505188 -65.000336
v 0.000000 172.205780 -63.526218
v -23.998291 172.162689 -58.821568
v -28.963684 186.753998 -61.563923
v -99.111298 0.108398 -2.496120
v -82.235382 0.006165 -62.954838
v -12.886658 266.866882 -3.734550
v 0.000000 264.660492 -2.993630
v 0.000000 268.238892 -15.239210
v -14.279480 273.097382 -16.342930
v -31.856384 281.664001 -16.711451
v -15.551697 275.510193 -26.307610
v -32.815186 283.901794 -27.685299
v -85.278778 0.000000 19.100332
v -45.388275 188.764374 8.658266
v -42.559784 236.366974 6.148176
v -32.616180 280.119293 -38.622742
v -10.075867 276.306396 -38.658981
v -30.569885 257.757477 -53.475208
v -31.533173 271.331970 -47.389198
v 0.000000 272.980591 -48.675209
v 0.000000 258.938995 -53.568172
v -47.951691 221.243378 -27.072441
v -44.189270 187.041779 -43.670849
v -51.445496 184.781372 -23.522572
v -57.011200 230.776276 -13.053820
v -40.746674 259.726501 -1.215430
v -28.361572 262.356873 2.759356
v -13.129456 259.201080 4.464076
v 0.000000 258.399780 5.061257
v -29.707184 274.585571 -6.722960
v -54.302673 270.711792 -17.275419
v -48.808380 273.702484 -38.103580
v -52.109772 274.737091 -28.105412
v -45.894897 266.455078 -45.995201
v -38.717590 228.544800 -45.094189
v -42.702972 243.958496 -47.354851
v -43.582977 255.689178 -49.477859
v -56.854797 248.915283 -4.282040
v -62.814270 257.642181 -38.545650
v -59.388794 251.916473 -43.560799
v -55.350098 244.580872 -44.743759
v -64.730499 260.153198 -28.397652
v -56.254578 239.702179 -4.112720
v -64.197784 258.241394 -17.465931
v -54.023193 187.514984 -6.387480
v -54.236786 231.183990 -10.596189
v -48.261688 225.059296 -19.966261
v -47.289093 225.661285 -32.790131
v -50.609772 235.320984 -40.273300
v -98.126373 0.082764 -34.188438
v -51.886078 233.490601 -6.789909
v -57.476990 260.896973 -8.277260
v -61.133789 252.035980 -7.591070
v -41.178986 248.186798 2.745285
v -27.460083 248.831573 8.646358
v -13.766174 249.453796 10.036541
v 0.000000 249.688293 10.512661
v -137.980988 227.286072 53.835468
v -141.784973 210.724274 55.948490
v -141.622498 194.767792 60.229500
v -129.382599 240.962799 55.291561
v -105.502289 223.741882 73.817101
v -109.131592 241.379883 67.061386
v -119.352783 246.478882 59.728050
v -110.172791 204.365875 76.159943
v -116.827789 185.906281 77.098465
v -124.788574 175.117096 75.258942
v -135.143799 180.089600 67.880325
v -77.231171 226.830872 0.670395
v -72.532196 213.266876 9.747997
v -72.407898 198.950989 6.251146
v -73.483795 185.646973 -0.437110
v -76.473389 178.896698 -10.009729
v -83.270782 186.874481 -23.959492
v -89.725372 199.281097 -36.838322
v -92.334076 210.529297 -40.537640
v -92.660675 221.647797 -38.600410
v -89.345398 229.304596 -28.997559
v -84.206085 231.559174 -15.977180
v -72.946899 231.791199 -2.525010
v -67.575897 218.140686 4.931202
v -64.830688 206.954498 1.627007
v -65.071991 193.827789 -5.639641
v -68.309875 188.518585 -15.151791
v -74.943176 197.165680 -28.922699
v -81.261078 208.934601 -40.231331
v -84.162292 219.220978 -42.962620
v -85.223297 229.156281 -40.351372
v -83.218597 235.738892 -30.328369
v -79.194885 237.073792 -17.613091
v -97.716797 196.708588 -24.509979
v -100.097870 208.588074 -28.445148
v -99.899872 220.488281 -27.112942
v -95.763489 228.990082 -18.558990
v -89.824890 231.788788 -6.457741
v -82.167572 227.275482 9.448992
v -77.559998 213.455200 18.466272
v -78.207794 198.245300 15.397608
v -80.147278 184.241180 9.753654
v -83.745575 176.686676 1.131859
v -91.057281 184.110077 -12.029350
v 0.000000 171.900299 18.221401
v -16.081604 171.947693 16.645199
v -32.273071 171.997192 12.851250
v -44.943695 172.068390 4.823049
v -52.193787 172.062073 -9.709190
v -51.636475 172.029999 -28.455799
v -43.000671 172.035278 -45.199390
v 0.000000 177.359375 17.312851
v -15.539185 177.355499 16.069096
v -31.446594 177.280273 12.792204
v -44.299683 177.283478 5.021588
v -51.698181 176.957794 -9.035681
v -51.346680 176.409271 -27.685848
v -42.875580 175.956299 -44.479370
v -45.891388 177.616699 -45.312542
v -54.340393 178.546600 -26.869968
v -54.593384 179.435272 -7.184450
v -46.282593 180.037872 7.976950
v -31.989685 180.058472 16.034655
v -15.563354 180.236389 18.783754
v 0.000000 180.311279 19.680027
v -25.875885 177.452179 -60.230320
v 0.000000 177.499573 -65.333313
v -24.013489 175.825989 -58.420567
v 0.000000 175.763275 -63.254963
v 0.000000 134.508179 -78.868576
v -30.581573 134.475372 -72.780228
v -55.283600 134.377472 -53.966053
v -66.215698 134.392700 -32.003632
v -66.658173 134.424500 -7.701309
v -57.322174 134.400787 10.190684
v -41.416290 134.344879 19.928837
v -22.333282 134.306091 25.907410
v -7.698303 134.268799 29.264019
v -15.137756 62.619293 43.441620
v -30.820496 62.638397 38.207069
v -53.277771 62.658478 29.489750
v -73.279175 62.687378 17.394800
v -85.309998 62.755981 -3.380301
v -84.807373 62.727081 -33.183990
v -70.950684 62.679596 -60.270908
v -38.941895 62.721893 -84.326447
v 0.000000 62.735474 -91.743393
v 62.661926 0.000000 32.293678
v 38.476440 0.000000 42.902039
v 22.879089 0.000000 50.060600
v 14.124023 237.562286 14.719442
v 14.919617 189.527893 18.443459
v 30.616333 188.971100 16.308239
v 28.174194 236.850800 12.910294
v 44.785034 -0.013489 -89.323746
v 23.998291 172.162689 -58.821568
v 28.302307 185.598785 -61.358341
v 99.111328 0.108398 -2.496120
v 82.235413 0.006165 -62.954838
v 12.886841 266.866882 -3.734550
v 14.279541 273.097382 -16.342930
v 31.856445 281.664001 -16.711451
v 15.551697 275.510193 -26.307610
v 32.815186 283.901794 -27.685299
v 85.278931 0.000000 19.100332
v 45.388306 188.764374 8.658266
v 42.559692 236.366974 6.148176
v 32.616089 280.119293 -38.622742
v 10.075928 276.306396 -38.658981
v 30.569885 257.757477 -53.475208
v 31.533203 271.331970 -47.389198
v 48.416443 226.575378 -35.317070
v 46.386719 184.384186 -44.189629
v 55.842590 186.048798 -24.865662
v 51.242126 230.530090 -20.955441
v 40.746704 259.726501 -1.215430
v 28.361633 262.356873 2.759356
v 13.129517 259.201080 4.464076
v 29.707214 274.585571 -6.722960
v 51.994507 269.354797 -10.714140
v 51.616943 277.375092 -30.456070
v 50.782898 275.601990 -19.358511
v 50.861145 272.669373 -39.327019
v 42.458801 235.095978 -50.256001
v 45.113098 252.139679 -49.344791
v 48.514343 264.193878 -45.943539
v 51.016602 244.294373 -6.083111
v 67.933533 261.562286 -32.727261
v 65.842529 258.103485 -40.518902
v 62.051514 251.772797 -45.431011
v 67.048523 260.212982 -21.652901
v 51.561829 232.458984 -8.424240
v 63.447632 254.517487 -12.122070
v 54.023193 187.514984 -6.387480
v 48.920593 226.878876 -18.892349
v 47.817688 224.596588 -31.026211
v 51.221619 231.738373 -42.474480
v 55.960938 241.625183 -45.874241
v 98.126526 0.082764 -34.188438
v 51.886230 233.490601 -6.789909
v 52.674011 256.805695 -5.289130
v 57.563293 245.265594 -5.856110
v 41.179016 248.186798 2.745285
v 27.460144 248.831573 8.646358
v 13.766235 249.453796 10.036541
v 115.905334 129.354187 -33.148960
v 112.281128 127.653778 -42.243809
v 105.505188 124.474579 -48.149422
v 114.216187 128.561676 -21.565300
v 86.564697 115.587799 -10.245750
v 97.014404 120.490692 -6.292549
v 107.904907 125.600494 -11.995661
v 82.513428 113.686981 -21.050320
v 80.545898 112.763794 -32.989880
v 82.889038 113.863098 -43.007011
v 93.841736 119.002075 -48.857861
v 71.007935 207.056488 -4.482210
v 62.628540 195.262573 -8.952230
v 59.379700 190.690186 -21.892750
v 57.818604 188.492981 -35.932072
v 59.680786 191.113892 -46.874001
v 68.463745 203.475677 -50.137508
v 77.860535 216.701385 -48.700699
v 83.191711 224.204773 -42.475899
v 86.156311 228.377380 -32.816051
v 84.645630 226.251190 -20.885429
v 79.740845 219.347900 -11.049200
v 64.647339 226.295288 -5.306600
v 56.271301 213.785095 -9.339201
v 51.597290 209.432587 -18.988190
v 51.466187 208.341583 -30.551491
v 55.951721 212.314575 -41.753979
v 63.668518 223.535980 -47.113350
v 71.469604 235.188293 -46.925499
v 75.935913 242.024597 -41.676090
v 78.458801 245.848480 -33.101139
v 77.295837 244.147278 -21.609322
v 72.685303 237.503876 -11.839769
v 81.476501 204.701385 -48.871929
v 87.000732 211.660797 -42.520351
v 90.031311 215.478790 -32.816051
v 88.494202 213.542389 -20.889681
v 83.409302 207.136475 -11.049200
v 74.395386 195.780579 -4.557981
v 65.746338 184.884399 -8.975660
v 62.393127 180.659882 -21.833328
v 60.745300 178.584076 -35.773552
v 62.703796 181.051392 -46.756481
v 71.769409 192.472290 -50.468121
v 16.081604 171.947693 16.645199
v 32.273132 171.997192 12.851250
v 44.943726 172.068390 4.823049
v 52.193787 172.062073 -9.709190
v 51.636536 172.029999 -28.455799
v 43.000732 172.035278 -45.199390
v 15.539246 177.355499 16.069096
v 31.446594 177.280273 12.792204
v 44.299744 177.283478 5.021588
v 51.698242 176.957794 -9.035681
v 51.346741 176.409271 -27.685848
v 42.875488 175.956299 -44.479370
v 45.891541 177.616699 -45.312531
v 54.340393 178.546600 -26.869961
v 54.593445 179.435272 -7.184450
v 46.282593 180.037872 7.976950
v 31.989807 180.058472 16.034655
v 15.563538 180.236389 18.783754
v 25.876099 177.452179 -60.230320
v 24.013489 175.825989 -58.420567
v 30.581543 134.475372 -72.780228
v 55.283630 134.377472 -53.966038
v 66.215698 134.392700 -32.003632
v 66.658203 134.424500 -7.701309
v 57.322205 134.400787 10.190684
v 41.416321 134.344879 19.928837
v 22.333313 134.306091 25.907410
v 7.698303 134.268799 29.264019
v 15.137817 62.619293 43.441620
v 30.820496 62.638397 38.207069
v 53.277893 62.658478 29.489750
v 73.279236 62.687378 17.394800
v 85.309998 62.755981 -3.380301
v 84.807434 62.727081 -33.183990
v 70.950745 62.679596 -60.270908
v 38.941895 62.721893 -84.326447
v 29.839844 234.825775 -56.013218
v 0.000000 232.892487 -57.679058
v -29.962799 230.922577 -56.899464
v -30.311371 208.769196 -56.673138
v -45.356598 205.804596 -37.749722
v -49.070770 208.814087 -18.580021
v -51.452271 210.712585 -6.810261
v -44.015381 212.719574 8.875533
v -28.990784 213.109589 16.144638
v -14.348572 213.826996 17.971779
v 0.000000 214.109772 18.506584
v 14.348633 213.826996 17.971779
v 28.990845 213.109589 16.144638
v 44.015442 212.719574 8.875533
v 52.994995 210.494995 -6.456400
v 51.585693 208.459686 -22.592739
v 48.148193 210.764801 -42.539120
v 31.033203 210.771484 -56.992924
v 0.000000 209.746277 -61.828472
v 28.754333 283.824890 15.039402
v 0.000000 299.262573 10.551182
v -33.452698 286.153503 14.806736
v -46.511871 284.611481 21.535679
v -32.937195 293.201477 27.880590
v 0.000000 299.262573 30.663670
v 31.040039 293.260498 27.879000
v 41.667725 283.805969 21.586700
v 5.884888 120.521973 31.310459
v -10.129272 120.553772 29.675329
v -26.143494 120.521973 31.310459
v -32.776794 120.547699 35.257721
v -26.143494 120.537201 39.205238
v -10.129272 120.575287 40.840240
v 5.884888 120.537201 39.205238
v 12.518188 120.547699 35.257721
v 6.719421 88.281281 40.128330
v -5.738464 88.288391 38.462070
v -18.196411 88.281281 40.128330
v -23.356476 88.287201 44.151279
v -18.196411 88.284698 48.173981
v -5.738464 88.293488 49.840488
v 6.719421 88.284698 48.173981
v 11.879639 88.287201 44.151279
v 7.062805 64.400696 45.702061
v -2.192261 64.400696 44.720371
v -11.447388 64.400696 45.702061
v -15.281006 64.400696 48.072418
v -11.447388 64.400696 50.442539
v -2.192261 64.400696 51.424229
v 7.062805 64.400696 50.442539
v 10.896423 64.400696 48.072418
v 7.069641 46.483185 46.270180
v -0.155273 46.483185 45.288490
v -7.380188 46.483185 46.270180
v -10.372803 46.483185 48.640289
v -7.380188 46.483185 51.010658
v -0.155273 46.483185 51.992340
v 7.069641 46.483185 51.010658
v 10.062195 46.483185 48.640289
v -0.291809 35.828400 47.295319
v -3.497681 35.828400 46.737461
v -6.703613 35.828400 47.295319
v -8.031372 35.828400 48.641762
v -6.703613 35.828400 49.988190
v -3.497681 35.828400 50.545811
v -0.291809 35.828400 49.988190
v 1.036133 35.828400 48.641762
v -7.314697 26.064301 47.379791
v -9.634155 26.064301 46.976479
v -11.953674 26.064301 47.379791
v -12.914368 26.064301 48.353920
v -11.953674 26.064301 49.328281
v -9.634155 26.064301 49.731602
v -7.314697 26.064301 49.328281
v -6.354004 26.064301 48.353920
v -8.394409 15.326996 47.663490
v -9.359314 15.199982 47.494301
v -10.324402 15.073090 47.663490
v -10.724060 15.020294 48.072418
v -10.324402 15.073090 48.481110
v -9.359314 15.199982 48.650551
v -8.394409 15.326996 48.481110
v -7.994568 15.379181 48.072418
v -9.359314 15.199982 48.072418
v -7.458984 220.988586 32.814369
v -34.674988 220.988678 30.597200
v -45.948090 220.988678 25.244659
v -34.674988 220.988678 19.892002
v -7.458984 220.988678 17.674839
v 19.756897 220.988678 19.892002
v 31.030029 220.988678 25.244659
v 19.756897 220.988678 30.597200
v -5.745300 262.828583 31.087070
v -35.158783 262.828583 28.693760
v -47.342194 262.828583 22.915810
v -35.158783 262.828583 17.137791
v -5.745300 262.828583 14.744419
v 23.668091 262.828583 17.137791
v 35.851501 262.828583 22.915810
v 23.668091 262.828583 28.693760
v -28.426971 168.104095 29.140049
v -37.327789 168.135681 25.391150
v -28.426971 168.058289 21.642250
v -6.938599 168.154175 20.089390
v 14.549744 168.058289 21.642250
v 23.450439 168.135681 25.391150
v 14.549744 168.104095 29.140049
v -6.938599 168.218872 30.692909
v 48.956543 268.965790 31.799299
v 54.115601 279.398071 33.970280
v 9.900696 284.723267 36.844490
v 16.994202 299.067078 39.829453
v 9.900696 287.306885 24.429670
v 16.994141 301.650696 27.414629
v 48.956543 270.844788 22.769930
v 54.115601 281.277100 24.940899
v 1.764038 286.773376 30.794880
v 36.342285 295.828888 24.067631
v 56.551086 274.012573 21.780590
v 26.909790 276.755371 20.098400
v 60.033508 279.786072 29.340820
v 53.068604 265.702484 26.410011
v 56.551086 271.475891 33.970238
v 36.342285 292.393494 40.576160
v 6.552124 294.711609 41.189728
v 26.909790 273.319885 36.606930
v 11.340332 306.137482 34.824570
v 6.552124 298.199280 24.429729
v 31.626099 282.284088 41.342972
v -2.313293 300.657684 33.684219
v 31.626099 286.864685 19.331589
v 62.998901 269.687988 27.239389
v 37.914490 297.290192 32.983429
v 25.337830 271.858704 27.691130
v -122.473877 228.427887 55.176731
v -121.734375 223.277802 58.199558
v -110.574097 209.943390 42.919281
v -112.046875 214.523285 39.061680
v -109.684387 220.847076 36.161201
v -120.319977 233.332275 53.185341
v -105.177582 224.786285 36.946079
v -115.864777 236.360382 53.838779
v -101.305481 225.035095 40.251442
v -113.541870 235.542999 56.724892
v -98.930573 222.243774 44.500710
v -113.175079 232.235992 60.658241
v -98.871490 218.354401 47.424351
v -113.498871 230.516998 61.496368
v -118.766083 223.726593 59.773899
v -106.954987 209.245300 45.516209
v -101.232300 211.992889 48.263519
v -115.676880 225.717377 62.743198
v -124.073181 261.938873 91.572479
v -122.514191 263.297791 93.027863
v -126.059784 267.590393 91.596100
v -126.064697 266.271088 90.137177
v -137.287994 264.652802 91.516388
v -136.954285 262.701782 89.947235
v -135.310272 258.306793 91.132416
v -137.270294 260.957886 88.288971
v -136.769897 256.491882 90.670746
v -137.795898 254.164185 88.360809
v -134.762390 251.127686 84.291107
v -134.289093 241.099274 86.889130
v -137.013397 243.281372 91.027435
v -134.341095 256.783875 81.186737
v -136.732971 259.241974 86.308075
v -131.551971 249.266876 81.983917
v -131.711975 255.782501 79.650543
v -131.302887 240.009979 83.690155
v -124.046875 238.710999 76.537384
v -123.416992 228.996399 78.588287
v -129.744598 231.035675 83.421295
v -127.404694 227.321075 74.548065
v -131.962677 228.730774 81.941010
v -120.011200 229.013397 70.929909
v -124.624695 227.129395 69.062050
v -118.255798 236.534393 68.425140
v -119.218781 228.766785 68.188080
v -123.329895 227.119202 66.398041
v -133.850891 233.170380 87.483734
v -134.933472 229.857697 86.552536
v -134.810699 234.837097 91.556915
v -135.109680 231.240875 91.254257
v -118.138275 227.815277 65.400429
v -120.811096 225.834381 63.085239
v -115.237091 232.393890 64.027557
v -117.224182 234.680573 66.997292
v -116.902985 235.888885 66.187897
v -114.885376 234.045685 63.266029
v -115.901794 243.382294 64.733368
v -115.940094 241.238892 62.928009
v -114.638977 238.118500 59.638340
v -117.207581 245.925598 71.423065
v -116.508179 247.942688 67.755585
v -118.669983 251.371674 74.110016
v -117.261200 253.581482 70.559669
v -120.173981 254.846680 76.371063
v -118.728180 257.228180 72.415619
v -124.834595 254.820892 79.365753
v -121.800293 245.469391 75.505829
v -122.798492 258.334686 80.222748
v -120.168488 256.885773 77.089767
v -118.873688 258.701080 73.408539
v -128.240479 259.609772 76.080536
v -127.090698 260.908295 76.652191
v -133.092377 257.608978 77.733063
v -135.942200 257.820190 79.586456
v -138.607788 261.161774 85.591217
v -138.924377 262.862793 88.935944
v -126.189880 267.066284 92.407440
v -123.330872 263.460876 94.312057
v -135.462097 260.529388 96.059357
v -136.947876 264.565399 93.949066
v -143.478271 241.972290 79.910553
v -141.643677 253.683777 77.308380
v -143.749084 256.960999 86.529755
v -144.446075 244.349976 89.708786
v -138.455872 257.469574 76.547028
v -141.473572 260.771393 85.084564
v -135.938477 255.533691 72.463165
v -129.062897 257.443695 71.397621
v -125.939392 261.579102 73.692360
v -125.334198 258.884399 69.950600
v -123.282471 261.542694 71.775116
v -138.683594 251.068481 73.256989
v -140.086487 240.418976 75.110687
v -131.701294 251.108795 67.311066
v -134.081970 246.943390 68.046791
v -135.594971 238.488190 69.736176
v -140.992371 232.648590 82.370026
v -141.544800 234.354889 90.992889
v -138.041779 231.391998 77.260040
v -133.637787 230.155792 71.234901
v -137.554596 229.406799 84.488327
v -137.792786 230.808472 91.188141
v -134.987396 228.077881 79.463348
v -131.434174 227.489594 72.199501
v -129.101990 228.210571 66.792580
v -126.491577 228.244202 63.069061
v -124.444275 225.834686 60.755829
v -124.308472 231.143097 58.184731
v -126.880188 233.608398 61.141392
v -131.252380 236.150177 65.447784
v -124.586975 239.621796 59.649391
v -122.258484 235.966583 56.064610
v -118.597473 242.660187 59.467690
v -117.217499 239.477875 56.706821
v -119.097382 245.192474 61.470131
v -126.982178 244.169586 62.528542
v -119.825287 250.202484 64.174721
v -125.888977 250.320099 64.090431
v -126.059692 253.813599 66.564491
v -120.699890 254.654175 67.107208
v -121.781677 258.545074 70.014069
v -120.660095 260.511475 71.926430
v -120.436279 248.752777 92.878693
v -118.399872 249.033691 94.710617
v -135.248077 244.905792 92.905487
v -132.971100 246.293091 92.220245
v -119.186676 248.904999 95.907578
v -132.387787 246.872772 97.894684
v -140.244995 245.964386 97.261017
v -141.643188 258.959381 93.414825
v -133.907990 235.520081 90.727264
v -122.310974 237.052673 91.415756
v -133.785370 235.193298 91.793671
v -120.220398 236.909271 93.034088
v -124.746887 231.954987 91.325897
v -135.299377 231.058075 91.314240
v -134.481171 231.125183 91.640594
v -120.603180 236.910187 94.884247
v -124.797974 231.936188 92.477386
v -135.438873 231.355072 93.625519
v -133.728973 235.880188 96.688766
v -138.625977 235.306488 96.163666
v -136.566376 231.103699 93.325287
v -119.426575 273.155396 84.944244
v -116.939575 273.681885 84.479095
v -116.435699 271.837891 85.275970
v -117.510590 271.633484 85.948761
v -117.495697 266.951477 83.490753
v -119.937683 266.548401 85.476593
v -122.844177 269.300293 83.867401
v -116.459778 273.884277 83.402435
v -115.545197 273.184265 83.902496
v -116.812500 268.318298 81.772858
v -117.371094 266.279480 80.086700
v -117.974670 264.963989 82.126923
v -118.456085 263.502197 81.332687
v -117.874878 264.870087 78.962677
v -120.739075 264.382996 83.990631
v -121.219696 263.098785 82.970306
v -123.589478 267.038086 82.278168
v -123.939270 265.644684 81.248199
v -121.871582 261.412872 81.957428
v -124.764679 264.292297 80.067535
v -118.232574 263.000488 77.387726
v -118.994873 261.702301 80.054108
v -118.652496 274.074768 83.684357
v -122.178589 270.626709 81.384613
v -117.594696 274.356567 82.810089
v -120.361084 270.773285 79.918549
v -118.413879 269.640381 80.652863
v -121.082886 268.830994 78.490997
v -118.771088 267.907990 78.778778
v -121.452881 267.533997 77.477142
v -119.093079 266.543274 77.564545
v -123.354492 267.457275 78.620209
v -122.870697 268.763184 79.741867
v -124.009888 265.852081 77.328339
v -121.993774 265.746277 75.768036
v -119.618591 264.702881 75.960358
v -141.019684 262.819489 90.751007
v 0.038086 172.887177 -63.821102
v -25.566986 172.827698 -57.614231
v -25.672180 176.474396 -58.742702
v 0.038086 176.370575 -65.279892
v 0.038086 177.876495 15.974573
v -15.102966 177.872772 14.681221
v -15.631470 172.603485 15.588644
v 0.038086 172.557281 17.097757
v -30.602692 177.799500 11.331542
v -31.408081 172.651672 11.828832
v -43.126495 177.802490 3.102544
v -43.753998 172.721100 3.499692
v -50.335388 177.485199 -11.325951
v -50.818298 172.714996 -11.116819
v -51.834198 176.911285 -26.322300
v -52.198975 172.623779 -26.231800
v -42.358185 176.555573 -45.640678
v -42.434570 172.694794 -45.052910
v 52.275085 172.623779 -26.231800
v 42.510803 172.694794 -45.052910
v 42.434204 176.555573 -45.640678
v 51.910339 176.911285 -26.322300
v 50.894531 172.714996 -11.116819
v 50.411499 177.485199 -11.325951
v 43.830139 172.721100 3.499692
v 43.202637 177.802490 3.102544
v 31.484192 172.651672 11.828832
v 30.678894 177.799500 11.331542
v 15.707642 172.603485 15.588644
v 15.179138 177.872772 14.681221
v 25.748291 176.474396 -58.742702
v 25.643127 172.827698 -57.614231
v 0.038086 173.150574 -66.359695
v -26.291992 173.259674 -59.951878
v -26.303772 175.270172 -60.431187
v 0.038086 175.085999 -67.003479
v 0.038086 176.952179 18.462608
v -15.466797 176.932800 17.105000
v -15.759277 174.172272 17.711853
v 0.038086 174.168793 19.180975
v -31.409698 176.855591 13.525944
v -31.871887 174.155487 13.913648
v -44.521393 176.866394 4.744849
v -44.926178 174.201294 5.046028
v -52.158997 176.597290 -10.588190
v -52.521393 174.078278 -10.434469
v -53.617279 176.050690 -26.756111
v -53.913177 173.765381 -26.734669
v -43.634796 175.569794 -46.997040
v -43.758575 173.471893 -46.776100
v 53.989319 173.765381 -26.734680
v 43.834595 173.471893 -46.776100
v 43.710999 175.569794 -46.997040
v 53.693542 176.050690 -26.756111
v 52.597595 174.078278 -10.434469
v 52.235229 176.597290 -10.588190
v 45.002441 174.201294 5.046027
v 44.597595 176.866394 4.744849
v 31.947998 174.155487 13.913649
v 31.485901 176.855591 13.525944
v 15.835388 174.172272 17.711853
v 15.542786 176.932800 17.105000
v 26.379944 175.270172 -60.431187
v 26.368103 173.259674 -59.951878
v 15.831299 175.680878 18.687782
v 0.038086 175.703796 20.110870
v -15.755188 175.680878 18.687782
v -32.002380 175.618683 14.918741
v -45.446472 175.641388 5.789821
v -53.329681 175.423981 -10.112761
v -54.749481 174.930298 -27.006531
v -44.424286 174.406281 -47.738338
v -26.674591 173.997284 -61.297619
v 0.038086 173.789093 -67.847137
v 26.750732 173.997284 -61.297619
v 44.500488 174.406281 -47.738338
v 54.825745 174.930298 -27.006538
v 53.405823 175.423981 -10.112761
v 45.522705 175.641388 5.789821
v 32.078491 175.618683 14.918741
v -126.500702 38.277283 80.428795
v -131.276123 38.277283 78.450760
v -136.051514 38.277283 80.428795
v -138.029510 38.277283 85.204185
v -136.051514 38.277283 89.979576
v -131.276123 38.277283 91.957603
v -126.500702 38.277283 89.979576
v -124.522614 38.277283 85.204185
v -126.500702 416.804565 80.428795
v -131.276123 416.804565 78.450760
v -136.051514 416.804565 80.428795
v -138.029510 416.804565 85.204185
v -136.051514 416.804565 89.979576
v -131.276123 416.804565 91.957603
v -126.500702 416.804565 89.979576
v -124.522614 416.804565 85.204185
v -149.116699 360.744781 74.324409
v -147.661102 420.279816 99.051750
v -153.229523 383.595093 86.690849
v -113.073303 386.283203 82.461174
v -130.467712 370.214874 57.981781
v -146.922699 362.711182 76.393463
v -130.885315 371.003876 62.728806
v -142.205200 364.819092 70.011620
v -144.268402 362.802185 67.236847
v -148.997314 362.570282 75.285004
v -144.188324 364.790466 68.342949
v -136.834229 367.523865 64.989525
v -138.243500 365.744781 61.211769
v -138.548523 367.705872 62.776749
v -131.713104 371.778564 59.994545
v -145.930023 360.903687 76.391983
v -141.057800 362.847382 69.937775
v -147.285919 359.689697 75.113754
v -142.332916 361.602081 68.223618
v -129.126709 368.959595 62.407349
v -135.467804 365.448883 64.793320
v -136.339020 364.350586 62.459579
v -128.869415 368.472961 59.474861
v -117.831207 383.657959 83.733803
v -117.666901 379.924561 66.363319
v -121.455322 378.337769 69.698631
v -122.989014 375.385681 60.201515
v -125.568817 374.746887 64.574677
v -125.340729 376.325989 62.017731
v -120.669312 380.456665 67.648659
v -114.518799 383.472382 74.006355
v -118.928528 381.299194 76.342339
v -117.883209 383.761597 74.764091
v -116.660706 386.384979 82.633820
v -118.937622 376.493896 69.681435
v -123.357025 372.828491 64.340111
v -121.764099 373.223877 61.638565
v -116.598206 377.474884 67.620972
v -114.955627 381.918976 84.429550
v -116.209015 379.485474 76.561043
v -113.485901 380.828796 75.117859
v -112.016327 383.546478 83.661583
v -126.706909 387.491394 105.927246
v -127.380829 384.530090 100.652664
v -113.666901 388.372986 91.750343
v -118.432617 385.289886 91.319038
v -117.288025 388.268585 90.942146
v -118.192505 388.939392 100.693985
v -121.499329 385.607178 97.238068
v -120.978119 388.739258 98.085350
v -127.859711 387.577698 102.171753
v -115.517914 383.550598 92.361015
v -112.574921 385.455994 92.627060
v -125.931000 382.557281 103.470108
v -119.034607 383.868683 99.323799
v -116.992828 385.927887 101.457954
v -125.515228 384.387482 106.727493
v -146.710724 381.441986 86.167633
v -144.747009 383.912659 103.292000
v -140.691925 381.751465 98.620857
v -135.821625 385.542786 106.793976
v -134.368011 382.971680 101.199196
v -135.453217 385.969482 102.810066
v -142.391113 384.715485 100.030579
v -150.637207 383.418762 95.841820
v -144.851410 381.356384 93.091713
v -146.960602 384.359558 94.060478
v -149.041626 384.528381 86.504959
v -141.997528 379.113586 101.011635
v -134.064819 380.689270 104.188377
v -134.962921 382.278473 107.643509
v -144.502106 380.449677 103.896393
v -149.458405 378.597687 86.144829
v -147.224701 378.556091 94.274467
v -150.798126 379.831177 95.972939
v -153.497925 379.941101 86.216194
v -115.390228 408.225983 75.373795
v -138.715118 391.131775 66.619087
v -133.955414 387.665771 70.776329
v -150.891205 384.983673 77.314873
v -144.998810 382.328674 79.970078
v -147.279724 385.553589 79.802467
v -145.287018 387.672058 71.105621
v -140.109924 384.558167 74.814659
v -142.466827 387.848480 74.658997
v -136.477112 390.978271 70.690086
v -147.200623 379.762268 77.584740
v -150.839905 381.403473 75.945366
v -134.633820 385.768860 66.756248
v -141.472809 382.344971 71.355476
v -144.670624 384.269470 69.065475
v -137.574005 387.910889 64.189568
v -113.507507 402.059174 78.868553
v -124.665527 399.845886 64.973526
v -121.705811 394.965485 69.493416
v -131.745209 395.178070 64.186905
v -127.741028 391.132477 68.725906
v -130.491913 394.428162 68.693596
v -124.795105 398.164490 69.426216
v -119.046814 404.320282 69.038971
v -116.824005 398.693970 73.092575
v -120.266022 401.754791 72.822327
v -117.216614 405.006378 78.279854
v -119.663818 394.667786 65.079605
v -127.292328 389.842896 64.236496
v -129.766113 392.342590 61.434151
v -121.493011 397.682861 62.289032
v -109.384003 403.456299 76.325157
v -113.473511 399.366272 69.474220
v -114.848022 402.841888 66.971390
v -110.475800 407.359375 74.358330
v -119.128326 414.468689 97.085945
v -117.682007 407.453674 100.054893
v -113.730621 411.468384 83.083099
v -111.945404 404.884094 86.012718
v -115.841919 407.718384 84.950859
v -114.786621 413.536285 90.937134
v -112.899323 406.621887 93.299904
v -116.736115 409.299469 91.263130
v -120.414001 409.977386 96.322197
v -107.420807 406.881897 84.801140
v -108.525421 410.948792 82.991745
v -114.704529 410.385590 103.129738
v -108.573517 409.203674 94.234535
v -109.741119 413.474274 92.774483
v -115.599121 414.718170 101.294380
v -151.779907 413.598175 103.046425
v -132.990204 416.321472 101.184265
v -134.705627 409.361969 105.280754
v -125.528625 415.166687 100.254395
v -125.539612 408.126892 104.029030
v -126.516327 410.537598 99.266983
v -134.205902 411.616394 100.192856
v -140.468628 418.060883 100.583893
v -143.549408 411.238281 104.683929
v -142.045624 413.324768 99.545998
v -149.579529 415.532898 97.929604
v -133.798523 412.674377 109.422318
v -123.946625 411.266663 107.964836
v -123.940521 415.614471 105.631409
v -132.739105 416.972473 106.889954
v -151.222626 417.150391 107.336830
v -142.902313 414.685669 108.902969
v -140.999329 418.899292 106.368393
v -148.678223 421.276886 104.867310
v -147.618622 430.443970 68.861618
v -114.933502 430.443970 68.861618
v -147.618622 430.443970 101.546753
v -114.933502 430.443970 101.546753
v -147.618622 463.129059 101.546753
v -114.933502 463.129059 101.546753
v -147.618622 463.129059 68.861618
v -114.933502 463.129059 68.861618
v -153.338623 446.786438 107.266647
v -109.213623 468.848846 85.204185
v -131.276123 468.848846 63.141716
v -153.338623 468.848846 85.204185
v -109.213623 446.786438 63.141716
v -153.338623 446.786438 63.141716
v -131.276123 424.724060 63.141716
v -109.213623 424.724060 85.204185
v -131.276123 424.724060 107.266647
v -153.338623 424.724060 85.204185
v -109.213623 446.786438 107.266647
v -131.276123 468.848846 107.266647
v -131.276123 417.369995 85.204185
v -131.276123 446.786438 114.620827
v -131.276123 476.203033 85.204185
v -131.276123 446.786438 55.787560
v -101.859528 446.786438 85.204185
v -160.692719 446.786438 85.204185
v -131.276123 30.827393 90.881699
v -131.276123 30.827393 79.526680
v -131.276123 0.000000 85.204185
v -138.711700 30.827393 85.204185
v -131.276123 42.170166 85.204185
v -123.840515 30.827393 85.204185
v -68.972107 335.950684 -29.289101
v -59.409485 340.390991 -19.938110
v -56.029541 317.915283 -20.514370
v -51.561401 335.219604 -12.263769
v -51.561401 322.734802 -12.263741
v -51.561401 310.249878 -12.263769
v -59.409485 305.078491 -19.938110
v -67.534729 310.249878 -27.883549
v -72.337708 322.734802 -32.580212
v -68.176941 337.298401 -34.608459
v -56.270142 317.592896 -25.793678
v -57.639099 342.191589 -24.303860
v -48.990845 336.492798 -15.846901
v -48.990601 322.734802 -15.846870
v -48.990845 308.976685 -15.846901
v -57.639099 303.277893 -24.303860
v -66.592896 308.976685 -33.059570
v -71.885742 322.734802 -38.235199
vt 0.823542 0.677397
vt 0.856667 0.677397
vt 0.856667 0.905000
vt 0.842196 0.905000
vt 0.889791 0.677397
vt 0.871137 0.905000
vt 0.667543 0.516177
vt 0.681960 0.529982
vt 0.662159 0.530475
vt 0.682043 0.549351
vt 0.667940 0.544516
vt 0.696074 0.544313
vt 0.696256 0.515561
vt 0.701639 0.530126
vt 0.681645 0.510392
vt 0.465041 0.517232
vt 0.462592 0.546847
vt 0.451917 0.546847
vt 0.453951 0.515771
vt 0.440880 0.546847
vt 0.442199 0.515413
vt 0.453951 0.515771
vt 0.451917 0.546847
vt 0.462592 0.546847
vt 0.465041 0.517232
vt 0.442199 0.515413
vt 0.440880 0.546847
vt 0.429853 0.546847
vt 0.428015 0.515417
vt 0.428015 0.515417
vt 0.429853 0.546847
vt 0.662100 0.550000
vt 0.682099 0.557549
vt 0.701962 0.549746
vt 0.701361 0.510359
vt 0.681815 0.503041
vt 0.662125 0.510273
vt 0.416907 0.516772
vt 0.419215 0.546847
vt 0.708966 0.529852
vt 0.654824 0.530063
vt 0.416907 0.516772
vt 0.419215 0.546847
vt 0.478665 0.437089
vt 0.442368 0.419219
vt 0.441756 0.444940
vt 0.462373 0.450866
vt 0.441447 0.473066
vt 0.464176 0.472855
vt 0.490580 0.471943
vt 0.405160 0.435983
vt 0.420989 0.450129
vt 0.478665 0.437089
vt 0.462373 0.450866
vt 0.441756 0.444940
vt 0.442368 0.419219
vt 0.420989 0.450129
vt 0.405160 0.435983
vt 0.418722 0.472076
vt 0.441145 0.501880
vt 0.461470 0.495055
vt 0.421005 0.494462
vt 0.392350 0.470853
vt 0.490580 0.471943
vt 0.464176 0.472855
vt 0.441447 0.473066
vt 0.479690 0.505288
vt 0.479690 0.505288
vt 0.461470 0.495055
vt 0.418722 0.472076
vt 0.392350 0.470853
vt 0.402551 0.504419
vt 0.421005 0.494462
vt 0.402551 0.504419
vt 0.441145 0.501880
vt 0.704066 0.507577
vt 0.681851 0.497078
vt 0.659508 0.507567
vt 0.714908 0.529677
vt 0.648891 0.529959
vt 0.704657 0.552308
vt 0.659473 0.552589
vt 0.682165 0.563357
vt 0.614171 0.551311
vt 0.604616 0.551311
vt 0.604616 0.540025
vt 0.614171 0.540025
vt 0.614171 0.562592
vt 0.604616 0.562592
vt 0.614171 0.573670
vt 0.604616 0.573670
vt 0.604616 0.483805
vt 0.614171 0.483805
vt 0.614171 0.494883
vt 0.604616 0.494883
vt 0.614171 0.506163
vt 0.604616 0.506163
vt 0.614171 0.517450
vt 0.604616 0.517450
vt 0.614171 0.528737
vt 0.604616 0.528737
vt 0.601588 0.551311
vt 0.601588 0.540025
vt 0.617198 0.540025
vt 0.617198 0.551311
vt 0.617198 0.562592
vt 0.601588 0.562592
vt 0.617198 0.573670
vt 0.601588 0.573670
vt 0.617198 0.483805
vt 0.617198 0.494883
vt 0.601588 0.494883
vt 0.601588 0.483805
vt 0.617198 0.506163
vt 0.601588 0.506163
vt 0.617198 0.517450
vt 0.601588 0.517450
vt 0.617198 0.528737
vt 0.601588 0.528737
vt 0.849919 0.962337
vt 0.810851 0.969990
vt 0.810668 0.951048
vt 0.858118 0.950824
vt 0.810655 0.932106
vt 0.849802 0.939395
vt 0.764171 0.951290
vt 0.775688 0.936174
vt 0.775843 0.966288
vt 0.759215 0.975212
vt 0.742423 0.951402
vt 0.758970 0.927421
vt 0.742423 0.951415
vt 0.764171 0.951304
vt 0.775843 0.966302
vt 0.759215 0.975225
vt 0.758971 0.927434
vt 0.775690 0.936187
vt 0.810659 0.932129
vt 0.810667 0.951072
vt 0.810850 0.970012
vt 0.858118 0.950812
vt 0.849919 0.962324
vt 0.849803 0.939382
vt 0.862119 0.933472
vt 0.874025 0.950730
vt 0.862296 0.968108
vt 0.874023 0.950742
vt 0.862118 0.933485
vt 0.862296 0.968121
vt 0.811386 0.916012
vt 0.811745 0.986099
vt 0.811387 0.916035
vt 0.811744 0.986076
vt 0.536398 0.742325
vt 0.516616 0.760224
vt 0.498416 0.746581
vt 0.526891 0.723898
vt 0.502843 0.791679
vt 0.497861 0.813875
vt 0.474480 0.807919
vt 0.479764 0.782589
vt 0.495768 0.837392
vt 0.472045 0.836051
vt 0.504340 0.885884
vt 0.514905 0.905614
vt 0.503147 0.921666
vt 0.485946 0.895904
vt 0.496697 0.864317
vt 0.474212 0.867353
vt 0.566679 0.685450
vt 0.591765 0.676463
vt 0.595832 0.704950
vt 0.574136 0.712148
vt 0.278031 0.924542
vt 0.278287 0.873402
vt 0.323629 0.872072
vt 0.324956 0.915668
vt 0.379420 0.645269
vt 0.341352 0.648578
vt 0.335491 0.602188
vt 0.371013 0.593980
vt 0.393984 0.708095
vt 0.406741 0.744896
vt 0.369317 0.745460
vt 0.353362 0.711771
vt 0.415162 0.782249
vt 0.376463 0.781715
vt 0.409250 0.865543
vt 0.402901 0.908555
vt 0.365912 0.907672
vt 0.366642 0.867452
vt 0.535050 0.934620
vt 0.526101 0.958117
vt 0.550714 0.696692
vt 0.554623 0.722067
vt 0.412370 0.824848
vt 0.374195 0.822146
vt 0.562938 0.951639
vt 0.588370 0.960204
vt 0.582677 0.986839
vt 0.553252 0.977494
vt 0.253533 0.627712
vt 0.250282 0.649945
vt 0.234622 0.647650
vt 0.234263 0.625957
vt 0.253200 0.695689
vt 0.256140 0.717525
vt 0.235809 0.718156
vt 0.235420 0.695376
vt 0.254144 0.782557
vt 0.237048 0.782419
vt 0.236344 0.748221
vt 0.256508 0.747691
vt 0.244424 0.872117
vt 0.239188 0.928179
vt 0.238236 0.871651
vt 0.249914 0.818051
vt 0.237460 0.817624
vt 0.248754 0.671239
vt 0.235035 0.672484
vt 0.282411 0.688855
vt 0.285384 0.717079
vt 0.281279 0.663779
vt 0.269947 0.669723
vt 0.273758 0.634118
vt 0.613160 0.675506
vt 0.613371 0.704808
vt 0.269070 0.871568
vt 0.294111 0.786503
vt 0.283940 0.822427
vt 0.266873 0.820216
vt 0.275992 0.784234
vt 0.303566 0.751261
vt 0.281564 0.749598
vt 0.305441 0.650246
vt 0.302548 0.607577
vt 0.334092 0.784316
vt 0.335083 0.747707
vt 0.328232 0.822541
vt 0.328180 0.714780
vt 0.317889 0.681083
vt 0.345362 0.679424
vt 0.305064 0.716394
vt 0.295581 0.685173
vt 0.615259 0.961937
vt 0.615499 0.991096
vt 0.385518 0.674275
vt 0.489212 0.760918
vt 0.510412 0.772235
vt 0.233927 0.605599
vt 0.232951 0.546507
vt 0.253232 0.605163
vt 0.270679 0.605708
vt 0.271857 0.550678
vt 0.319560 0.557471
vt 0.352274 0.565373
vt 0.399020 0.570519
vt 0.421238 0.638576
vt 0.409475 0.588978
vt 0.427288 0.665927
vt 0.435457 0.703970
vt 0.447600 0.743131
vt 0.455667 0.784114
vt 0.453242 0.830078
vt 0.452234 0.873092
vt 0.442313 0.908880
vt 0.435971 0.925180
vt 0.384950 0.943517
vt 0.337721 0.963231
vt 0.291453 0.976723
vt 0.240016 0.983215
vt 0.547415 0.758625
vt 0.534786 0.771935
vt 0.526918 0.798588
vt 0.522522 0.817466
vt 0.520257 0.837100
vt 0.523495 0.876886
vt 0.529590 0.892401
vt 0.519442 0.859701
vt 0.582274 0.735847
vt 0.598641 0.730966
vt 0.545595 0.914677
vt 0.562536 0.742979
vt 0.571640 0.927445
vt 0.592124 0.934069
vt 0.613556 0.730363
vt 0.615048 0.935692
vt 0.531805 0.781814
vt 0.613733 0.754877
vt 0.599966 0.755196
vt 0.586223 0.757808
vt 0.571995 0.761786
vt 0.561000 0.770810
vt 0.552780 0.780941
vt 0.553069 0.788873
vt 0.551533 0.803744
vt 0.547524 0.819943
vt 0.544820 0.836284
vt 0.543456 0.855649
vt 0.543171 0.870023
vt 0.546157 0.882692
vt 0.557880 0.895390
vt 0.575677 0.903244
vt 0.593111 0.907373
vt 0.614846 0.908646
vt 0.567595 0.883246
vt 0.566466 0.868618
vt 0.592019 0.870745
vt 0.592005 0.888623
vt 0.578060 0.773827
vt 0.572814 0.785483
vt 0.573353 0.792327
vt 0.573273 0.806098
vt 0.570423 0.820902
vt 0.568262 0.835682
vt 0.567463 0.853556
vt 0.594760 0.786749
vt 0.595227 0.793481
vt 0.595553 0.806991
vt 0.594076 0.821220
vt 0.592853 0.835495
vt 0.592499 0.852829
vt 0.613962 0.786491
vt 0.614013 0.793592
vt 0.614112 0.807265
vt 0.614214 0.821356
vt 0.614316 0.835404
vt 0.614440 0.852540
vt 0.614574 0.870999
vt 0.614708 0.889520
vt 0.597280 0.772562
vt 0.613854 0.771502
vt 0.690879 0.741209
vt 0.700119 0.722646
vt 0.728918 0.744915
vt 0.710918 0.758820
vt 0.725144 0.790073
vt 0.748089 0.780649
vt 0.753739 0.805899
vt 0.730447 0.812193
vt 0.756581 0.833993
vt 0.732880 0.835677
vt 0.725010 0.884290
vt 0.743548 0.894041
vt 0.726721 0.920051
vt 0.714732 0.904171
vt 0.754867 0.865323
vt 0.732340 0.862613
vt 0.659780 0.684778
vt 0.652709 0.711580
vt 0.630911 0.704697
vt 0.634567 0.676154
vt 0.200264 0.925811
vt 0.153117 0.918495
vt 0.152944 0.874916
vt 0.198356 0.874631
vt 0.089816 0.650040
vt 0.096538 0.598504
vt 0.132309 0.605545
vt 0.127977 0.652106
vt 0.077300 0.713298
vt 0.118036 0.715650
vt 0.103142 0.749833
vt 0.065738 0.750498
vt 0.097165 0.786315
vt 0.058558 0.788111
vt 0.067156 0.871180
vt 0.109818 0.871692
vt 0.111866 0.911868
vt 0.074914 0.913962
vt 0.704297 0.956833
vt 0.695009 0.933467
vt 0.672363 0.721216
vt 0.675905 0.695787
vt 0.100748 0.826664
vt 0.062699 0.830607
vt 0.667351 0.950896
vt 0.677387 0.976630
vt 0.647902 0.986474
vt 0.641950 0.959872
vt 0.215062 0.628354
vt 0.219047 0.650468
vt 0.217662 0.696295
vt 0.215466 0.718225
vt 0.219983 0.783116
vt 0.216169 0.748395
vt 0.232093 0.872324
vt 0.225019 0.818431
vt 0.221283 0.671703
vt 0.188237 0.690441
vt 0.186291 0.718746
vt 0.200052 0.670896
vt 0.188527 0.665332
vt 0.195061 0.635430
vt 0.207414 0.872521
vt 0.179468 0.788396
vt 0.200303 0.784482
vt 0.208586 0.820888
vt 0.190948 0.823899
vt 0.169116 0.753510
vt 0.191702 0.750904
vt 0.165412 0.609850
vt 0.163928 0.652598
vt 0.137600 0.750980
vt 0.140064 0.787585
vt 0.146780 0.825534
vt 0.143356 0.717846
vt 0.124981 0.683068
vt 0.152513 0.683834
vt 0.166518 0.718727
vt 0.174947 0.687195
vt 0.084666 0.679226
vt 0.717295 0.770740
vt 0.738328 0.759117
vt 0.214618 0.605805
vt 0.197199 0.606928
vt 0.194206 0.551964
vt 0.146758 0.560327
vt 0.114325 0.569298
vt 0.067774 0.575977
vt 0.047799 0.644710
vt 0.057934 0.594758
vt 0.042639 0.672237
vt 0.035701 0.710521
vt 0.024819 0.750057
vt 0.018084 0.791295
vt 0.022019 0.837174
vt 0.024452 0.880139
vt 0.035551 0.915584
vt 0.094010 0.948315
vt 0.042413 0.931635
vt 0.141946 0.966513
vt 0.188974 0.978488
vt 0.692919 0.770792
vt 0.680098 0.757666
vt 0.705840 0.816142
vt 0.701172 0.797329
vt 0.708389 0.835741
vt 0.699857 0.891172
vt 0.705728 0.875570
vt 0.709531 0.858328
vt 0.644914 0.735394
vt 0.628478 0.730750
vt 0.684176 0.913678
vt 0.664752 0.742241
vt 0.637904 0.933761
vt 0.658313 0.926822
vt 0.696042 0.780628
vt 0.627503 0.754997
vt 0.641283 0.757410
vt 0.655567 0.761182
vt 0.666691 0.770047
vt 0.675057 0.780058
vt 0.674883 0.787993
vt 0.676634 0.802841
vt 0.680877 0.818980
vt 0.683817 0.835281
vt 0.685461 0.854624
vt 0.685954 0.868993
vt 0.683152 0.881704
vt 0.671614 0.894570
vt 0.653932 0.902681
vt 0.636561 0.907061
vt 0.661724 0.882568
vt 0.637395 0.888296
vt 0.637122 0.870420
vt 0.662642 0.867925
vt 0.655091 0.784889
vt 0.649677 0.773309
vt 0.654651 0.791739
vt 0.654930 0.805509
vt 0.657994 0.820270
vt 0.660369 0.835017
vt 0.661427 0.852878
vt 0.632797 0.793210
vt 0.633165 0.786472
vt 0.632666 0.806723
vt 0.634348 0.820929
vt 0.635778 0.835185
vt 0.636383 0.852513
vt 0.630441 0.772322
vt 0.479344 0.670078
vt 0.462371 0.682107
vt 0.449121 0.650919
vt 0.444118 0.680798
vt 0.437808 0.661935
vt 0.432912 0.641796
vt 0.448154 0.631396
vt 0.466213 0.634282
vt 0.480751 0.649454
vt 0.431903 0.569281
vt 0.468596 0.591988
vt 0.425570 0.595846
vt 0.437391 0.616170
vt 0.461479 0.614231
vt 0.485628 0.612029
vt 0.493796 0.589932
vt 0.481896 0.568800
vt 0.456624 0.557957
vt 0.487573 0.672274
vt 0.467382 0.688036
vt 0.445864 0.688070
vt 0.430738 0.634667
vt 0.449467 0.623783
vt 0.471823 0.628180
vt 0.488897 0.647018
vt 0.564836 0.490218
vt 0.560160 0.483754
vt 0.572575 0.480136
vt 0.572264 0.489725
vt 0.533473 0.487283
vt 0.528296 0.494116
vt 0.520392 0.493542
vt 0.519841 0.483238
vt 0.512581 0.494316
vt 0.507026 0.487837
vt 0.584532 0.484123
vt 0.579661 0.490346
vt 0.591018 0.495736
vt 0.581521 0.496894
vt 0.510888 0.501258
vt 0.501131 0.500188
vt 0.539825 0.499962
vt 0.530068 0.501124
vt 0.562928 0.496797
vt 0.553386 0.495564
vt 0.520467 0.501483
vt 0.572220 0.497087
vt 0.681889 0.497075
vt 0.704332 0.507726
vt 0.701693 0.510366
vt 0.681881 0.503020
vt 0.714837 0.530213
vt 0.708894 0.530205
vt 0.659245 0.552502
vt 0.648750 0.530012
vt 0.654695 0.530026
vt 0.661888 0.549866
vt 0.681687 0.563165
vt 0.681702 0.557222
vt 0.704183 0.552662
vt 0.701544 0.550023
vt 0.659406 0.507575
vt 0.662047 0.510218
vt 0.696261 0.516261
vt 0.682250 0.510379
vt 0.701537 0.530576
vt 0.662053 0.529662
vt 0.667326 0.543977
vt 0.681337 0.549865
vt 0.695653 0.544590
vt 0.667938 0.515653
vt 0.681796 0.530123
vt 0.500427 0.559377
vt 0.500417 0.552089
vt 0.510435 0.552160
vt 0.510425 0.559270
vt 0.592166 0.547142
vt 0.592244 0.554209
vt 0.582281 0.554426
vt 0.582232 0.547371
vt 0.572221 0.554524
vt 0.572220 0.547591
vt 0.562179 0.554413
vt 0.562214 0.547368
vt 0.552188 0.554223
vt 0.552239 0.547131
vt 0.540505 0.552108
vt 0.540425 0.559500
vt 0.530455 0.559331
vt 0.530506 0.552201
vt 0.520432 0.559265
vt 0.520467 0.552235
vt 0.593100 0.586613
vt 0.582861 0.586846
vt 0.572197 0.586969
vt 0.561622 0.586864
vt 0.551428 0.586618
vt 0.539340 0.590796
vt 0.529696 0.590554
vt 0.520314 0.590441
vt 0.510841 0.590513
vt 0.501049 0.590650
vt 0.636256 0.540160
vt 0.626665 0.540160
vt 0.626665 0.528904
vt 0.636256 0.528904
vt 0.636256 0.551404
vt 0.626665 0.551404
vt 0.636256 0.562559
vt 0.626665 0.562559
vt 0.636256 0.573326
vt 0.626665 0.573326
vt 0.626665 0.484483
vt 0.636256 0.484483
vt 0.636256 0.495249
vt 0.626665 0.495249
vt 0.636256 0.506405
vt 0.626665 0.506405
vt 0.636256 0.517650
vt 0.626665 0.517650
vt 0.623534 0.540160
vt 0.623534 0.528904
vt 0.639387 0.528904
vt 0.639387 0.540160
vt 0.639387 0.551404
vt 0.623534 0.551404
vt 0.639387 0.562559
vt 0.623534 0.562559
vt 0.639387 0.573326
vt 0.623534 0.573326
vt 0.639387 0.484483
vt 0.639387 0.495249
vt 0.623534 0.495249
vt 0.623534 0.484483
vt 0.639387 0.506405
vt 0.623534 0.506405
vt 0.639387 0.517650
vt 0.623534 0.517650
vt 0.545323 0.219571
vt 0.573527 0.223209
vt 0.568941 0.280657
vt 0.541096 0.278194
vt 0.595231 0.225344
vt 0.595231 0.282972
vt 0.595231 0.343116
vt 0.595231 0.377085
vt 0.569793 0.376332
vt 0.569730 0.342445
vt 0.543904 0.374896
vt 0.543267 0.340863
vt 0.310892 0.279233
vt 0.310892 0.220177
vt 0.358932 0.220178
vt 0.359099 0.280891
vt 0.359202 0.286098
vt 0.310892 0.284519
vt 0.488274 0.273378
vt 0.458124 0.270902
vt 0.458124 0.213298
vt 0.491743 0.213536
vt 0.571477 0.427621
vt 0.595231 0.425786
vt 0.595231 0.444908
vt 0.567352 0.448795
vt 0.536173 0.451651
vt 0.563221 0.464188
vt 0.532202 0.467512
vt 0.406721 0.219081
vt 0.405580 0.280355
vt 0.519570 0.215799
vt 0.515623 0.275768
vt 0.513605 0.374695
vt 0.512673 0.339737
vt 0.331976 0.468572
vt 0.326297 0.448855
vt 0.360324 0.451406
vt 0.361300 0.468815
vt 0.358092 0.410947
vt 0.358401 0.433091
vt 0.310892 0.433190
vt 0.310892 0.410550
vt 0.444711 0.281248
vt 0.444711 0.218293
vt 0.444711 0.383108
vt 0.424552 0.361308
vt 0.410711 0.335706
vt 0.444711 0.345899
vt 0.310892 0.371256
vt 0.360875 0.370146
vt 0.521942 0.411616
vt 0.517712 0.392930
vt 0.545327 0.392854
vt 0.544661 0.413482
vt 0.570421 0.394652
vt 0.571627 0.411074
vt 0.595231 0.395341
vt 0.595231 0.410363
vt 0.541508 0.434768
vt 0.499849 0.438971
vt 0.499108 0.472689
vt 0.500477 0.457045
vt 0.381040 0.429074
vt 0.385674 0.445591
vt 0.385789 0.369135
vt 0.365979 0.336922
vt 0.381878 0.393503
vt 0.378996 0.411542
vt 0.490353 0.399046
vt 0.494536 0.418344
vt 0.778913 0.186137
vt 0.746967 0.196073
vt 0.755583 0.184062
vt 0.775516 0.181838
vt 0.799285 0.189314
vt 0.800303 0.199753
vt 0.607043 0.210484
vt 0.628577 0.218997
vt 0.638150 0.237665
vt 0.607043 0.232801
vt 0.650073 0.221585
vt 0.665790 0.221447
vt 0.674688 0.249405
vt 0.656615 0.245433
vt 0.680788 0.219642
vt 0.692327 0.248107
vt 0.698954 0.214410
vt 0.707170 0.240669
vt 0.716404 0.206287
vt 0.721472 0.229013
vt 0.731513 0.209884
vt 0.735067 0.195500
vt 0.818589 0.199149
vt 0.818589 0.215508
vt 0.458124 0.368015
vt 0.479182 0.372195
vt 0.458124 0.329386
vt 0.479694 0.335857
vt 0.660898 0.173606
vt 0.673429 0.176529
vt 0.647325 0.169606
vt 0.690467 0.174833
vt 0.738108 0.155323
vt 0.762346 0.143901
vt 0.710947 0.167385
vt 0.780420 0.142242
vt 0.801452 0.140527
vt 0.607043 0.151159
vt 0.625820 0.161878
vt 0.818589 0.140516
vt 0.763623 0.129270
vt 0.738256 0.140906
vt 0.737948 0.120937
vt 0.761674 0.111812
vt 0.784951 0.126745
vt 0.782879 0.111883
vt 0.804438 0.126579
vt 0.803536 0.113115
vt 0.818589 0.129415
vt 0.818589 0.118498
vt 0.627270 0.144515
vt 0.607043 0.134389
vt 0.607043 0.117962
vt 0.627098 0.127777
vt 0.647250 0.155064
vt 0.650101 0.138982
vt 0.659998 0.161054
vt 0.666503 0.144749
vt 0.672853 0.164904
vt 0.682069 0.146869
vt 0.689489 0.162202
vt 0.697530 0.142130
vt 0.709743 0.153928
vt 0.714200 0.133481
vt 0.645788 0.014464
vt 0.666284 0.014464
vt 0.687721 0.014464
vt 0.708069 0.014464
vt 0.723086 0.014464
vt 0.738804 0.014464
vt 0.759534 0.014464
vt 0.781079 0.014464
vt 0.802935 0.014464
vt 0.818589 0.014464
vt 0.607043 0.014464
vt 0.623891 0.014464
vt 0.595231 0.290359
vt 0.569021 0.288620
vt 0.541403 0.286246
vt 0.515219 0.284045
vt 0.487911 0.281039
vt 0.458124 0.276675
vt 0.444711 0.289163
vt 0.405929 0.286300
vt 0.569264 0.294387
vt 0.595231 0.295561
vt 0.595231 0.308666
vt 0.569791 0.307879
vt 0.541863 0.292656
vt 0.543053 0.305945
vt 0.515336 0.290828
vt 0.515005 0.304177
vt 0.488221 0.287261
vt 0.486357 0.299655
vt 0.458124 0.291773
vt 0.458124 0.281631
vt 0.444711 0.307132
vt 0.406012 0.305889
vt 0.407949 0.291096
vt 0.444711 0.294805
vt 0.363576 0.304032
vt 0.360913 0.290164
vt 0.310892 0.301925
vt 0.310892 0.288393
vt 0.310892 0.110945
vt 0.310892 0.014016
vt 0.360676 0.014016
vt 0.358915 0.109742
vt 0.409996 0.014016
vt 0.407630 0.108753
vt 0.444711 0.107518
vt 0.444711 0.014016
vt 0.493522 0.105548
vt 0.458124 0.106258
vt 0.458124 0.014500
vt 0.491903 0.014500
vt 0.519368 0.014500
vt 0.521745 0.106878
vt 0.547597 0.014500
vt 0.548745 0.109830
vt 0.576403 0.014500
vt 0.576352 0.112766
vt 0.595231 0.014500
vt 0.595231 0.114526
vt 0.063799 0.223114
vt 0.067152 0.282320
vt 0.038116 0.284220
vt 0.033920 0.226268
vt 0.010949 0.286478
vt 0.010949 0.228152
vt 0.010949 0.347004
vt 0.036438 0.346532
vt 0.035789 0.380793
vt 0.010949 0.381093
vt 0.062698 0.345578
vt 0.060969 0.380051
vt 0.300578 0.275966
vt 0.253406 0.277614
vt 0.253517 0.217680
vt 0.300578 0.217688
vt 0.123289 0.279855
vt 0.120437 0.218145
vt 0.155715 0.218315
vt 0.155715 0.278904
vt 0.033016 0.432673
vt 0.035566 0.454256
vt 0.010949 0.449837
vt 0.010949 0.430233
vt 0.065305 0.459251
vt 0.067467 0.475937
vt 0.037755 0.470114
vt 0.207884 0.276891
vt 0.206687 0.216524
vt 0.091064 0.219854
vt 0.094069 0.280835
vt 0.092716 0.345771
vt 0.090033 0.381271
vt 0.277803 0.462897
vt 0.248855 0.461957
vt 0.250431 0.444997
vt 0.284336 0.443660
vt 0.253567 0.405175
vt 0.300578 0.406435
vt 0.300578 0.428707
vt 0.252974 0.427021
vt 0.169435 0.277289
vt 0.169435 0.215683
vt 0.169435 0.369916
vt 0.169435 0.336879
vt 0.205314 0.337578
vt 0.197114 0.362700
vt 0.251314 0.371346
vt 0.300578 0.367051
vt 0.081226 0.418799
vt 0.059206 0.419451
vt 0.059222 0.398287
vt 0.085818 0.399913
vt 0.034924 0.399218
vt 0.033479 0.415738
vt 0.010949 0.414794
vt 0.010949 0.399576
vt 0.061253 0.441551
vt 0.097161 0.440314
vt 0.098666 0.473741
vt 0.095269 0.456992
vt 0.222944 0.435660
vt 0.220342 0.450681
vt 0.245161 0.336188
vt 0.228643 0.374539
vt 0.229758 0.400257
vt 0.226539 0.419483
vt 0.110984 0.398438
vt 0.101972 0.419100
vt 0.605494 0.428629
vt 0.605494 0.421428
vt 0.624400 0.427481
vt 0.631971 0.444351
vt 0.788230 0.423992
vt 0.788230 0.430127
vt 0.762589 0.425553
vt 0.769230 0.421645
vt 0.749008 0.430500
vt 0.752498 0.447108
vt 0.734396 0.462983
vt 0.732710 0.440113
vt 0.716089 0.447915
vt 0.718097 0.474085
vt 0.702778 0.481400
vt 0.703648 0.452392
vt 0.688186 0.485962
vt 0.690865 0.454694
vt 0.671117 0.484977
vt 0.674517 0.454061
vt 0.656992 0.476691
vt 0.657951 0.449888
vt 0.641163 0.441563
vt 0.643358 0.460356
vt 0.155715 0.377004
vt 0.122024 0.380524
vt 0.125425 0.343442
vt 0.155715 0.339166
vt 0.691897 0.429802
vt 0.705368 0.426827
vt 0.717992 0.421194
vt 0.675501 0.428443
vt 0.621487 0.400027
vt 0.639852 0.412516
vt 0.658684 0.422826
vt 0.605494 0.396120
vt 0.771901 0.397618
vt 0.788230 0.399858
vt 0.735570 0.411072
vt 0.753757 0.400043
vt 0.623452 0.372342
vt 0.623846 0.357092
vt 0.640543 0.367571
vt 0.640234 0.384060
vt 0.605494 0.367457
vt 0.605494 0.353003
vt 0.768490 0.366922
vt 0.768927 0.352138
vt 0.788230 0.354602
vt 0.788230 0.370387
vt 0.753142 0.368331
vt 0.753571 0.353975
vt 0.736917 0.381012
vt 0.736527 0.364658
vt 0.719645 0.394050
vt 0.719152 0.376352
vt 0.706372 0.400927
vt 0.706118 0.382906
vt 0.691922 0.404522
vt 0.691935 0.386394
vt 0.675369 0.402435
vt 0.675498 0.384388
vt 0.659033 0.395945
vt 0.659201 0.378296
vt 0.706118 0.257324
vt 0.719748 0.257324
vt 0.691801 0.257324
vt 0.674881 0.257324
vt 0.657920 0.257324
vt 0.639093 0.257324
vt 0.622011 0.257324
vt 0.605494 0.257324
vt 0.771381 0.257324
vt 0.788230 0.257324
vt 0.756937 0.257324
vt 0.738053 0.257324
vt 0.037695 0.298010
vt 0.036902 0.311501
vt 0.010949 0.312288
vt 0.010949 0.299110
vt 0.066043 0.296806
vt 0.064279 0.310111
vt 0.093581 0.295946
vt 0.092975 0.309377
vt 0.122330 0.294099
vt 0.123041 0.306967
vt 0.155715 0.302535
vt 0.155715 0.290585
vt 0.169435 0.301774
vt 0.169435 0.290062
vt 0.205661 0.287553
vt 0.205091 0.297786
vt 0.207620 0.282805
vt 0.169435 0.284788
vt 0.155715 0.285180
vt 0.123178 0.287739
vt 0.094085 0.289155
vt 0.066689 0.290396
vt 0.038020 0.292241
vt 0.010949 0.293893
vt 0.249548 0.298859
vt 0.251677 0.286815
vt 0.300578 0.298278
vt 0.300578 0.285002
vt 0.253337 0.282779
vt 0.300578 0.281181
vt 0.300578 0.110030
vt 0.253525 0.108842
vt 0.251797 0.014525
vt 0.300578 0.014525
vt 0.205785 0.107851
vt 0.203465 0.014525
vt 0.169435 0.106628
vt 0.169435 0.014525
vt 0.118522 0.107384
vt 0.120168 0.014279
vt 0.155715 0.014279
vt 0.155715 0.108204
vt 0.088796 0.108584
vt 0.091248 0.014279
vt 0.060262 0.111409
vt 0.061444 0.014279
vt 0.031000 0.114294
vt 0.030933 0.014279
vt 0.010949 0.116125
vt 0.010949 0.014279
vt 0.300578 0.332431
vt 0.310892 0.336692
vt 0.934072 0.834599
vt 0.959244 0.834599
vt 0.949094 0.778819
vt 0.930334 0.778857
vt 0.908900 0.834599
vt 0.911575 0.778819
vt 0.898473 0.834599
vt 0.903805 0.778850
vt 0.908900 0.834599
vt 0.898473 0.834599
vt 0.903805 0.778850
vt 0.911575 0.778837
vt 0.934072 0.834599
vt 0.930334 0.778882
vt 0.959244 0.834599
vt 0.949094 0.778837
vt 0.969671 0.834599
vt 0.956864 0.778850
vt 0.969671 0.834599
vt 0.956864 0.778850
vt 0.950072 0.741052
vt 0.935478 0.741060
vt 0.920885 0.741052
vt 0.914840 0.741059
vt 0.914840 0.741059
vt 0.920885 0.741056
vt 0.935478 0.741066
vt 0.950072 0.741056
vt 0.956116 0.741059
vt 0.956116 0.741059
vt 0.950474 0.713077
vt 0.939632 0.713077
vt 0.928790 0.713077
vt 0.924300 0.713077
vt 0.924300 0.713077
vt 0.928790 0.713077
vt 0.939632 0.713077
vt 0.950474 0.713077
vt 0.954965 0.713077
vt 0.954965 0.713077
vt 0.950482 0.692089
vt 0.942018 0.692089
vt 0.933555 0.692089
vt 0.930049 0.692089
vt 0.930049 0.692089
vt 0.933555 0.692089
vt 0.942018 0.692089
vt 0.950482 0.692089
vt 0.953988 0.692089
vt 0.953988 0.692089
vt 0.941858 0.679607
vt 0.938103 0.679607
vt 0.934347 0.679607
vt 0.932792 0.679607
vt 0.932792 0.679607
vt 0.934347 0.679607
vt 0.938103 0.679607
vt 0.941858 0.679607
vt 0.943414 0.679607
vt 0.943414 0.679607
vt 0.933632 0.668169
vt 0.930915 0.668169
vt 0.928197 0.668169
vt 0.927072 0.668169
vt 0.927072 0.668169
vt 0.928197 0.668169
vt 0.930915 0.668169
vt 0.933632 0.668169
vt 0.934757 0.668169
vt 0.934757 0.668169
vt 0.932367 0.655591
vt 0.931237 0.655442
vt 0.930106 0.655293
vt 0.929638 0.655232
vt 0.929638 0.655232
vt 0.930106 0.655293
vt 0.931237 0.655442
vt 0.932367 0.655591
vt 0.932835 0.655652
vt 0.932835 0.655652
vt 0.931237 0.655442
vt 0.931237 0.655442
vt 0.901581 0.896509
vt 0.933462 0.896509
vt 0.935470 0.945522
vt 0.901014 0.945522
vt 0.888375 0.896509
vt 0.886742 0.945522
vt 0.901581 0.896509
vt 0.888375 0.896509
vt 0.886742 0.945522
vt 0.901014 0.945522
vt 0.933462 0.896509
vt 0.935470 0.945522
vt 0.965344 0.896509
vt 0.969926 0.945522
vt 0.978550 0.896509
vt 0.984198 0.945522
vt 0.965344 0.896509
vt 0.978550 0.896509
vt 0.984198 0.945522
vt 0.969926 0.945522
vt 0.942200 0.988202
vt 0.903617 0.981102
vt 0.887715 0.971039
vt 0.887715 0.971039
vt 0.903013 0.972846
vt 0.942200 0.988202
vt 0.975884 0.970118
vt 0.991012 0.970096
vt 0.991012 0.970096
vt 0.978561 0.981171
vt 0.849803 0.939382
vt 0.858118 0.950812
vt 0.810667 0.951072
vt 0.810659 0.932129
vt 0.849919 0.962325
vt 0.810850 0.970012
vt 0.775843 0.966301
vt 0.764172 0.951304
vt 0.775690 0.936187
vt 0.742423 0.951415
vt 0.758971 0.927434
vt 0.759215 0.975225
vt 0.742423 0.951401
vt 0.758971 0.927420
vt 0.775690 0.936173
vt 0.764171 0.951290
vt 0.759215 0.975212
vt 0.775843 0.966288
vt 0.810668 0.951048
vt 0.810851 0.969990
vt 0.810656 0.932106
vt 0.849802 0.939396
vt 0.858118 0.950824
vt 0.849919 0.962338
vt 0.874024 0.950742
vt 0.862296 0.968122
vt 0.862118 0.933485
vt 0.874024 0.950731
vt 0.862296 0.968108
vt 0.862119 0.933472
vt 0.811745 0.986099
vt 0.811387 0.916012
vt 0.811744 0.986076
vt 0.811388 0.916035
vt 0.716242 0.692611
vt 0.736464 0.724653
vt 0.728938 0.730879
vt 0.709429 0.699501
vt 0.745671 0.717558
vt 0.723580 0.687020
vt 0.752836 0.711216
vt 0.730755 0.682093
vt 0.477269 0.702876
vt 0.471096 0.697233
vt 0.500577 0.673874
vt 0.505685 0.677566
vt 0.483957 0.709022
vt 0.512876 0.682262
vt 0.515103 0.684591
vt 0.489599 0.714455
vt 0.705092 0.702762
vt 0.723290 0.735312
vt 0.496372 0.723259
vt 0.521153 0.691197
vt 0.525708 0.697583
vt 0.505477 0.730016
vt 0.596803 0.624221
vt 0.594204 0.617009
vt 0.595430 0.614050
vt 0.600593 0.622381
vt 0.575591 0.619159
vt 0.576468 0.614950
vt 0.577064 0.627261
vt 0.571989 0.621966
vt 0.574270 0.630078
vt 0.569532 0.633355
vt 0.571490 0.651083
vt 0.564027 0.654881
vt 0.560488 0.637815
vt 0.557151 0.627748
vt 0.567696 0.624623
vt 0.553755 0.641266
vt 0.551682 0.629928
vt 0.557239 0.657055
vt 0.541062 0.661766
vt 0.557572 0.672061
vt 0.546121 0.676513
vt 0.559578 0.677690
vt 0.547567 0.685472
vt 0.534129 0.680636
vt 0.538283 0.688358
vt 0.526073 0.670331
vt 0.530218 0.683003
vt 0.534270 0.689853
vt 0.566188 0.668018
vt 0.566621 0.673947
vt 0.572871 0.665164
vt 0.572412 0.670979
vt 0.526253 0.686382
vt 0.529071 0.692489
vt 0.519342 0.679999
vt 0.524060 0.674340
vt 0.522141 0.672805
vt 0.517261 0.677737
vt 0.516396 0.661480
vt 0.514399 0.665736
vt 0.510124 0.672419
vt 0.519038 0.652806
vt 0.525667 0.653682
vt 0.527744 0.643453
vt 0.520638 0.642923
vt 0.529754 0.636342
vt 0.521158 0.636150
vt 0.539503 0.633346
vt 0.535514 0.651388
vt 0.529045 0.632688
vt 0.534500 0.627449
vt 0.521385 0.633360
vt 0.544829 0.623510
vt 0.542929 0.621865
vt 0.552147 0.625051
vt 0.556404 0.623794
vt 0.567543 0.620104
vt 0.572461 0.617745
vt 0.648748 0.601079
vt 0.663496 0.612477
vt 0.657693 0.617313
vt 0.641527 0.605690
vt 0.639520 0.604339
vt 0.649112 0.599537
vt 0.667014 0.610577
vt 0.679453 0.652947
vt 0.667385 0.645072
vt 0.676503 0.628149
vt 0.689047 0.637248
vt 0.680286 0.622095
vt 0.693949 0.631645
vt 0.682013 0.618130
vt 0.694514 0.625341
vt 0.700395 0.637454
vt 0.700830 0.627104
vt 0.709869 0.626816
vt 0.711268 0.635231
vt 0.711665 0.624708
vt 0.716013 0.627565
vt 0.718064 0.634889
vt 0.720907 0.629506
vt 0.695138 0.643588
vt 0.686309 0.658343
vt 0.708161 0.648087
vt 0.702835 0.653676
vt 0.694532 0.665237
vt 0.670950 0.665329
vt 0.659642 0.658697
vt 0.678151 0.670808
vt 0.687912 0.677417
vt 0.665098 0.671140
vt 0.654784 0.664677
vt 0.651107 0.667213
vt 0.659922 0.673182
vt 0.668011 0.680797
vt 0.673132 0.676855
vt 0.681663 0.688801
vt 0.685562 0.682454
vt 0.691746 0.692123
vt 0.695320 0.684735
vt 0.696362 0.693361
vt 0.702166 0.687899
vt 0.700760 0.697993
vt 0.705745 0.693200
vt 0.708460 0.680235
vt 0.712559 0.686366
vt 0.701541 0.672489
vt 0.716682 0.672352
vt 0.720195 0.680815
vt 0.727052 0.668645
vt 0.728768 0.675538
vt 0.726799 0.663142
vt 0.714161 0.662905
vt 0.507273 0.663301
vt 0.509062 0.658929
vt 0.504325 0.669040
vt 0.726783 0.653091
vt 0.717420 0.652377
vt 0.717256 0.645082
vt 0.725758 0.643541
vt 0.510730 0.650287
vt 0.512648 0.642216
vt 0.723741 0.635124
vt 0.514170 0.635256
vt 0.725307 0.630336
vt 0.516678 0.632129
vt 0.600438 0.645641
vt 0.604956 0.645624
vt 0.575799 0.649079
vt 0.579721 0.647242
vt 0.624630 0.626165
vt 0.626721 0.627071
vt 0.645365 0.635646
vt 0.666676 0.622683
vt 0.656023 0.639714
vt 0.595486 0.663940
vt 0.576562 0.664732
vt 0.574697 0.664868
vt 0.599758 0.664628
vt 0.591239 0.671785
vt 0.574569 0.671991
vt 0.573421 0.671269
vt 0.624799 0.647823
vt 0.629447 0.658626
vt 0.628459 0.660146
vt 0.621971 0.648550
vt 0.648310 0.662922
vt 0.647240 0.666551
vt 0.644892 0.653489
vt 0.650549 0.663058
vt 0.651899 0.654976
vt 0.649258 0.666848
vt 0.524720 0.601512
vt 0.522903 0.604956
vt 0.521134 0.605378
vt 0.519495 0.602428
vt 0.527962 0.611767
vt 0.523411 0.613324
vt 0.532579 0.606713
vt 0.518284 0.604594
vt 0.516721 0.603797
vt 0.519771 0.613182
vt 0.524409 0.617041
vt 0.520407 0.617529
vt 0.525524 0.619631
vt 0.521053 0.620496
vt 0.529575 0.615631
vt 0.530590 0.618179
vt 0.535087 0.611304
vt 0.536059 0.614189
vt 0.531970 0.621410
vt 0.537537 0.616813
vt 0.526639 0.623237
vt 0.521755 0.624373
vt 0.722609 0.600216
vt 0.727377 0.599054
vt 0.725075 0.601295
vt 0.720613 0.608337
vt 0.716520 0.606392
vt 0.728896 0.600946
vt 0.727040 0.601806
vt 0.724150 0.609497
vt 0.727981 0.609855
vt 0.515859 0.613160
vt 0.723240 0.613365
vt 0.727232 0.613965
vt 0.722791 0.616031
vt 0.726819 0.616879
vt 0.516306 0.617519
vt 0.516875 0.620440
vt 0.719320 0.615073
vt 0.719884 0.612301
vt 0.714311 0.613590
vt 0.715031 0.610863
vt 0.718444 0.618410
vt 0.722197 0.620053
vt 0.726291 0.620808
vt 0.713566 0.616606
vt 0.517385 0.624041
vt 0.671169 0.617058
vt 0.674501 0.614539
vt 0.318680 0.503830
vt 0.291051 0.503830
vt 0.291051 0.502092
vt 0.318680 0.502092
vt 0.165540 0.502091
vt 0.181793 0.502091
vt 0.181793 0.503830
vt 0.165540 0.503830
vt 0.198739 0.502091
vt 0.198739 0.503830
vt 0.214594 0.502091
vt 0.214594 0.503830
vt 0.231581 0.502091
vt 0.231581 0.503830
vt 0.247302 0.502091
vt 0.247302 0.503830
vt 0.269239 0.502091
vt 0.269239 0.503830
vt 0.083510 0.503830
vt 0.061280 0.503830
vt 0.061280 0.502091
vt 0.083510 0.502091
vt 0.099362 0.503830
vt 0.099362 0.502091
vt 0.116527 0.503830
vt 0.116527 0.502091
vt 0.132380 0.503830
vt 0.132380 0.502091
vt 0.149314 0.503830
vt 0.149315 0.502091
vt 0.039305 0.502091
vt 0.039305 0.503830
vt 0.011551 0.503830
vt 0.011551 0.502091
vt 0.318680 0.506464
vt 0.291051 0.506464
vt 0.291051 0.497945
vt 0.318680 0.497945
vt 0.318680 0.500305
vt 0.291051 0.500305
vt 0.165540 0.497945
vt 0.181793 0.497945
vt 0.181793 0.500304
vt 0.165540 0.500304
vt 0.181793 0.506464
vt 0.165540 0.506464
vt 0.198739 0.497945
vt 0.198739 0.500304
vt 0.198739 0.506464
vt 0.214594 0.497945
vt 0.214594 0.500304
vt 0.214594 0.506464
vt 0.231581 0.497945
vt 0.231581 0.500304
vt 0.231581 0.506464
vt 0.247302 0.497945
vt 0.247302 0.500304
vt 0.247302 0.506464
vt 0.269239 0.497945
vt 0.269239 0.500304
vt 0.269239 0.506464
vt 0.083510 0.506464
vt 0.061280 0.506464
vt 0.061280 0.497945
vt 0.083510 0.497945
vt 0.083510 0.500304
vt 0.061280 0.500304
vt 0.099362 0.506464
vt 0.099362 0.497945
vt 0.099362 0.500304
vt 0.116527 0.506464
vt 0.116527 0.497945
vt 0.116527 0.500304
vt 0.132380 0.506464
vt 0.132380 0.497945
vt 0.132380 0.500304
vt 0.149314 0.506464
vt 0.149315 0.497945
vt 0.149315 0.500304
vt 0.039305 0.497945
vt 0.039305 0.500304
vt 0.039305 0.506464
vt 0.011551 0.497945
vt 0.011551 0.500304
vt 0.011551 0.506464
vt 0.968712 0.015213
vt 0.977073 0.015203
vt 0.977799 0.627469
vt 0.969438 0.627478
vt 0.985434 0.015193
vt 0.986160 0.627458
vt 0.918549 0.015273
vt 0.926910 0.015262
vt 0.927635 0.627527
vt 0.919275 0.627538
vt 0.935270 0.015253
vt 0.935996 0.627518
vt 0.943630 0.015243
vt 0.944356 0.627508
vt 0.951992 0.015233
vt 0.952717 0.627499
vt 0.960352 0.015223
vt 0.961078 0.627488
vt 0.881219 0.315736
vt 0.881219 0.326819
vt 0.875809 0.326819
vt 0.875809 0.315736
vt 0.881219 0.160586
vt 0.881219 0.171963
vt 0.875809 0.171963
vt 0.875809 0.160586
vt 0.881219 0.082480
vt 0.881219 0.093992
vt 0.875809 0.093992
vt 0.875809 0.082480
vt 0.881219 0.038859
vt 0.881219 0.049749
vt 0.875809 0.049749
vt 0.875809 0.038859
vt 0.891623 0.038859
vt 0.891623 0.049749
vt 0.885855 0.049749
vt 0.885855 0.038859
vt 0.885855 0.016301
vt 0.891623 0.016301
vt 0.891623 0.027667
vt 0.885855 0.027667
vt 0.881219 0.016300
vt 0.881219 0.027667
vt 0.875809 0.016300
vt 0.875809 0.027667
vt 0.865475 0.016300
vt 0.870635 0.016300
vt 0.870634 0.027667
vt 0.865476 0.027667
vt 0.870634 0.049749
vt 0.865475 0.049749
vt 0.865476 0.038859
vt 0.870634 0.038859
vt 0.891623 0.093992
vt 0.885855 0.093992
vt 0.885855 0.082480
vt 0.891623 0.082480
vt 0.885855 0.060128
vt 0.891623 0.060128
vt 0.891623 0.071215
vt 0.885855 0.071215
vt 0.881219 0.060128
vt 0.881219 0.071215
vt 0.875809 0.071215
vt 0.875809 0.060128
vt 0.870634 0.071215
vt 0.865475 0.071215
vt 0.865475 0.060128
vt 0.870635 0.060128
vt 0.870635 0.093992
vt 0.865475 0.093992
vt 0.865476 0.082480
vt 0.870634 0.082480
vt 0.881219 0.116221
vt 0.881219 0.127380
vt 0.875809 0.127380
vt 0.875809 0.116221
vt 0.891623 0.127380
vt 0.885855 0.127380
vt 0.885855 0.116221
vt 0.891623 0.116221
vt 0.891623 0.105552
vt 0.885855 0.105552
vt 0.881219 0.105552
vt 0.875809 0.105552
vt 0.870635 0.105552
vt 0.865475 0.105552
vt 0.870635 0.127380
vt 0.865476 0.127380
vt 0.865475 0.116221
vt 0.870634 0.116221
vt 0.891623 0.171963
vt 0.885855 0.171963
vt 0.885855 0.160586
vt 0.891623 0.160586
vt 0.885855 0.138581
vt 0.891623 0.138581
vt 0.891623 0.149645
vt 0.885855 0.149645
vt 0.881219 0.138581
vt 0.881219 0.149645
vt 0.875809 0.149645
vt 0.875809 0.138581
vt 0.870634 0.149645
vt 0.865475 0.149645
vt 0.865476 0.138581
vt 0.870634 0.138581
vt 0.870635 0.171963
vt 0.865475 0.171963
vt 0.865475 0.160586
vt 0.870635 0.160586
vt 0.881219 0.237766
vt 0.881219 0.248651
vt 0.875809 0.248651
vt 0.875809 0.237766
vt 0.881219 0.193646
vt 0.881219 0.205521
vt 0.875809 0.205521
vt 0.875809 0.193646
vt 0.891623 0.205521
vt 0.885855 0.205521
vt 0.885855 0.193646
vt 0.891623 0.193646
vt 0.891623 0.182590
vt 0.885855 0.182590
vt 0.881219 0.182590
vt 0.875809 0.182590
vt 0.870635 0.182590
vt 0.865476 0.182590
vt 0.870634 0.205521
vt 0.865476 0.205521
vt 0.865475 0.193646
vt 0.870634 0.193646
vt 0.891623 0.248651
vt 0.885855 0.248651
vt 0.885855 0.237766
vt 0.891623 0.237766
vt 0.885855 0.216521
vt 0.891623 0.216521
vt 0.891623 0.227242
vt 0.885855 0.227242
vt 0.881219 0.216521
vt 0.881219 0.227242
vt 0.875809 0.227242
vt 0.875809 0.216521
vt 0.870634 0.227242
vt 0.865475 0.227242
vt 0.865475 0.216521
vt 0.870634 0.216521
vt 0.870635 0.248651
vt 0.865475 0.248651
vt 0.865476 0.237766
vt 0.870635 0.237766
vt 0.881219 0.270591
vt 0.881219 0.281585
vt 0.875809 0.281585
vt 0.875809 0.270591
vt 0.891623 0.281585
vt 0.885855 0.281585
vt 0.885855 0.270591
vt 0.891623 0.270591
vt 0.891623 0.259765
vt 0.885855 0.259765
vt 0.881219 0.259765
vt 0.875809 0.259765
vt 0.870634 0.259765
vt 0.865475 0.259765
vt 0.870635 0.281585
vt 0.865475 0.281585
vt 0.865476 0.270591
vt 0.870635 0.270591
vt 0.891623 0.326819
vt 0.885855 0.326819
vt 0.885855 0.315736
vt 0.891623 0.315736
vt 0.885855 0.292801
vt 0.891623 0.292801
vt 0.891623 0.304398
vt 0.885855 0.304398
vt 0.881219 0.292801
vt 0.881219 0.304398
vt 0.875809 0.304398
vt 0.875809 0.292801
vt 0.870634 0.304398
vt 0.865476 0.304398
vt 0.865475 0.292801
vt 0.870634 0.292801
vt 0.870634 0.326819
vt 0.865475 0.326819
vt 0.865475 0.315736
vt 0.870634 0.315736
vt 0.789319 0.563842
vt 0.823352 0.551930
vt 0.823352 0.536615
vt 0.777407 0.551930
vt 0.857386 0.563842
vt 0.869298 0.551930
vt 0.823352 0.536615
vt 0.869298 0.551930
vt 0.857386 0.563842
vt 0.823352 0.551930
vt 0.777407 0.551930
vt 0.789319 0.563842
vt 0.823352 0.597875
vt 0.777407 0.597875
vt 0.869298 0.597875
vt 0.857386 0.631909
vt 0.823352 0.643820
vt 0.789319 0.631909
vt 0.823352 0.659135
vt 0.777407 0.643820
vt 0.869298 0.643820
vt 0.823352 0.659135
vt 0.869298 0.643820
vt 0.857386 0.631909
vt 0.823352 0.643820
vt 0.777407 0.643820
vt 0.789319 0.631909
vt 0.823352 0.597875
vt 0.777407 0.597875
vt 0.869298 0.597875
vt 0.884613 0.597875
vt 0.884613 0.597875
vt 0.762092 0.597875
vt 0.762092 0.597875
vt 0.843508 0.494726
vt 0.828022 0.430527
vt 0.828022 0.494726
vt 0.828022 0.494726
vt 0.828022 0.430527
vt 0.843508 0.494726
vt 0.812539 0.494726
vt 0.828022 0.518347
vt 0.812539 0.494726
vt 0.828022 0.518347
vt 0.479344 0.670078
vt 0.462371 0.682107
vt 0.449121 0.650919
vt 0.444118 0.680798
vt 0.437808 0.661935
vt 0.432912 0.641796
vt 0.448154 0.631396
vt 0.466213 0.634282
vt 0.480751 0.649454
vt 0.431903 0.569281
vt 0.468596 0.591988
vt 0.425570 0.595846
vt 0.437391 0.616170
vt 0.461479 0.614231
vt 0.485628 0.612029
vt 0.493796 0.589932
vt 0.481896 0.568800
vt 0.456624 0.557957
vt 0.487573 0.672274
vt 0.467382 0.688036
vt 0.445864 0.688070
vt 0.430738 0.634667
vt 0.449467 0.623783
vt 0.471823 0.628180
vt 0.488897 0.647018
vn -0.065723 0.168977 0.983426
vn -0.065723 0.168977 0.983426
vn -0.065723 0.168977 0.983426
vn -0.065723 0.168977 0.983426
vn 0.065724 0.168978 0.983426
vn 0.065724 0.168978 0.983426
vn 0.065724 0.168978 0.983426
vn 0.065724 0.168978 0.983426
vn -0.799434 0.584260 -0.139805
vn -0.117734 0.993045 0.000917
vn -0.492332 0.614981 -0.615960
vn -0.117734 0.993045 0.000917
vn 0.533584 0.736427 -0.415889
vn 0.059991 0.686697 -0.724464
vn -0.117734 0.993045 0.000917
vn 0.640685 0.754739 0.141041
vn 0.533584 0.736427 -0.415889
vn -0.218741 0.652312 0.725700
vn 0.335018 0.711930 0.617186
vn -0.117734 0.993045 0.000917
vn -0.690897 0.590489 0.417114
vn -0.117734 0.993045 0.000917
vn -0.799434 0.584260 -0.139805
vn -0.117734 0.993045 0.000917
vn 0.059991 0.686697 -0.724464
vn -0.492332 0.614981 -0.615960
vn 0.335018 0.711930 0.617186
vn 0.640685 0.754739 0.141041
vn -0.117734 0.993045 0.000917
vn -0.218741 0.652312 0.725700
vn -0.117734 0.993045 0.000917
vn -0.690897 0.590489 0.417114
vn 0.099137 0.539732 -0.835979
vn 0.217067 -0.307376 -0.926500
vn 0.800758 -0.283298 -0.527759
vn 0.642218 0.592093 -0.486808
vn 0.642218 0.592093 -0.486808
vn 0.800758 -0.283298 -0.527759
vn 0.956828 -0.225117 0.183857
vn 0.773997 0.615189 0.149902
vn -0.531451 0.453156 -0.715688
vn -0.462115 -0.432809 -0.774032
vn 0.217067 -0.307376 -0.926500
vn 0.099137 0.539732 -0.835979
vn -0.891436 0.418042 -0.174880
vn -0.879654 -0.442531 -0.174287
vn -0.462115 -0.432809 -0.774032
vn -0.531451 0.453156 -0.715688
vn 0.773997 0.615189 0.149902
vn 0.956828 -0.225117 0.183857
vn 0.576917 -0.304158 0.758060
vn 0.428046 0.570030 0.701315
vn -0.773977 0.427743 0.466900
vn -0.732425 -0.459163 0.502716
vn -0.879654 -0.442531 -0.174287
vn -0.891436 0.418042 -0.174880
vn 0.221273 -0.416745 -0.881681
vn 0.059991 0.686697 -0.724464
vn 0.533584 0.736427 -0.415889
vn 0.791459 -0.346088 -0.503801
vn 0.927056 -0.334031 0.170267
vn 0.791459 -0.346088 -0.503801
vn 0.533584 0.736427 -0.415889
vn 0.640685 0.754739 0.141041
vn -0.117502 -0.458542 0.880870
vn -0.218741 0.652312 0.725700
vn -0.690897 0.590489 0.417114
vn -0.688477 -0.522490 0.502995
vn -0.688477 -0.522490 0.502995
vn -0.690897 0.590489 0.417114
vn -0.799434 0.584260 -0.139805
vn -0.823271 -0.541256 -0.171075
vn -0.222412 0.500065 0.836940
vn -0.138975 -0.351304 0.925890
vn -0.732425 -0.459163 0.502716
vn -0.773977 0.427743 0.466900
vn -0.117502 -0.458542 0.880870
vn 0.551466 -0.375702 0.744804
vn 0.335018 0.711930 0.617186
vn -0.218741 0.652312 0.725700
vn -0.823271 -0.541256 -0.171075
vn -0.799434 0.584260 -0.139805
vn -0.492332 0.614981 -0.615960
vn -0.448486 -0.492880 -0.745607
vn -0.222412 0.500065 0.836940
vn 0.428046 0.570030 0.701315
vn 0.576917 -0.304158 0.758060
vn -0.138975 -0.351304 0.925890
vn 0.551466 -0.375702 0.744804
vn 0.927056 -0.334031 0.170267
vn 0.640685 0.754739 0.141041
vn 0.335018 0.711930 0.617186
vn -0.448486 -0.492880 -0.745607
vn -0.492332 0.614981 -0.615960
vn 0.059991 0.686697 -0.724464
vn 0.221273 -0.416745 -0.881681
vn 0.216683 -0.685727 -0.694858
vn 0.117733 -0.993045 -0.000919
vn -0.606143 -0.783799 -0.135092
vn -0.385967 -0.626528 -0.677121
vn -0.606143 -0.783799 -0.135092
vn -0.974951 -0.115412 -0.190132
vn -0.555962 -0.065148 -0.828651
vn -0.385967 -0.626528 -0.677121
vn -0.555962 -0.065148 -0.828651
vn 0.188703 0.023282 -0.981758
vn 0.216683 -0.685727 -0.694858
vn -0.385967 -0.626528 -0.677121
vn -0.050183 -0.718650 0.693559
vn -0.603862 -0.653409 0.456517
vn -0.606143 -0.783799 -0.135092
vn 0.117733 -0.993045 -0.000919
vn 0.216683 -0.685727 -0.694858
vn 0.739810 -0.493257 -0.457579
vn 0.772647 -0.620578 0.133792
vn 0.117733 -0.993045 -0.000919
vn 0.772647 -0.620578 0.133792
vn 0.521916 -0.520141 0.676060
vn -0.050183 -0.718650 0.693559
vn 0.117733 -0.993045 -0.000919
vn -0.606143 -0.783799 -0.135092
vn -0.603862 -0.653409 0.456517
vn -0.822825 -0.098070 0.559769
vn -0.974951 -0.115412 -0.190132
vn -0.880510 0.448237 -0.154227
vn -0.546351 0.405407 -0.732902
vn -0.555962 -0.065148 -0.828651
vn -0.974951 -0.115412 -0.190132
vn -0.822825 -0.098070 0.559769
vn -0.782052 0.380341 0.493695
vn -0.880510 0.448237 -0.154227
vn -0.974951 -0.115412 -0.190132
vn -0.050183 -0.718650 0.693559
vn -0.188701 -0.023281 0.981759
vn -0.822825 -0.098070 0.559769
vn -0.603862 -0.653409 0.456517
vn 0.216683 -0.685727 -0.694858
vn 0.188703 0.023282 -0.981758
vn 0.822827 0.098074 -0.559766
vn 0.739810 -0.493257 -0.457579
vn 0.822827 0.098074 -0.559766
vn 0.974951 0.115413 0.190131
vn 0.772647 -0.620578 0.133792
vn 0.739810 -0.493257 -0.457579
vn -0.555962 -0.065148 -0.828651
vn -0.546351 0.405407 -0.732902
vn 0.093463 0.563103 -0.821085
vn 0.188703 0.023282 -0.981758
vn 0.093463 0.563103 -0.821085
vn 0.672774 0.549727 -0.495153
vn 0.822827 0.098074 -0.559766
vn 0.188703 0.023282 -0.981758
vn -0.050183 -0.718650 0.693559
vn 0.521916 -0.520141 0.676060
vn 0.555963 0.065148 0.828650
vn -0.188701 -0.023281 0.981759
vn -0.188701 -0.023281 0.981759
vn -0.222366 0.524137 0.822091
vn -0.782052 0.380341 0.493695
vn -0.822825 -0.098070 0.559769
vn 0.555963 0.065148 0.828650
vn 0.436056 0.524537 0.731243
vn -0.222366 0.524137 0.822091
vn -0.188701 -0.023281 0.981759
vn 0.772647 -0.620578 0.133792
vn 0.974951 0.115413 0.190131
vn 0.555963 0.065148 0.828650
vn 0.521916 -0.520141 0.676060
vn 0.822827 0.098074 -0.559766
vn 0.672774 0.549727 -0.495153
vn 0.749699 0.641216 0.163690
vn 0.974951 0.115413 0.190131
vn 0.749699 0.641216 0.163690
vn 0.436056 0.524537 0.731243
vn 0.555963 0.065148 0.828650
vn 0.974951 0.115413 0.190131
vn -0.138975 -0.351304 0.925890
vn -0.117502 -0.458542 0.880870
vn -0.688477 -0.522490 0.502995
vn -0.732425 -0.459163 0.502716
vn -0.688477 -0.522490 0.502995
vn -0.823271 -0.541256 -0.171075
vn -0.879654 -0.442531 -0.174287
vn -0.732425 -0.459163 0.502716
vn -0.138975 -0.351304 0.925890
vn 0.576917 -0.304158 0.758060
vn 0.551466 -0.375702 0.744804
vn -0.117502 -0.458542 0.880870
vn -0.448486 -0.492880 -0.745607
vn -0.462115 -0.432809 -0.774032
vn -0.879654 -0.442531 -0.174287
vn -0.823271 -0.541256 -0.171075
vn 0.956828 -0.225117 0.183857
vn 0.927056 -0.334031 0.170267
vn 0.551466 -0.375702 0.744804
vn 0.576917 -0.304158 0.758060
vn -0.448486 -0.492880 -0.745607
vn 0.221273 -0.416745 -0.881681
vn 0.217067 -0.307376 -0.926500
vn -0.462115 -0.432809 -0.774032
vn 0.956828 -0.225117 0.183857
vn 0.800758 -0.283298 -0.527759
vn 0.791459 -0.346088 -0.503801
vn 0.927056 -0.334031 0.170267
vn 0.791459 -0.346088 -0.503801
vn 0.800758 -0.283298 -0.527759
vn 0.217067 -0.307376 -0.926500
vn 0.221273 -0.416745 -0.881681
vn 0.672774 0.549727 -0.495153
vn 0.642218 0.592093 -0.486808
vn 0.773997 0.615189 0.149902
vn 0.749699 0.641216 0.163690
vn 0.436056 0.524537 0.731243
vn 0.428046 0.570030 0.701315
vn -0.222412 0.500065 0.836940
vn -0.222366 0.524137 0.822091
vn -0.531451 0.453156 -0.715688
vn -0.546351 0.405407 -0.732902
vn -0.880510 0.448237 -0.154227
vn -0.891436 0.418042 -0.174880
vn -0.773977 0.427743 0.466900
vn -0.782052 0.380341 0.493695
vn -0.222366 0.524137 0.822091
vn -0.222412 0.500065 0.836940
vn 0.099137 0.539732 -0.835979
vn 0.642218 0.592093 -0.486808
vn 0.672774 0.549727 -0.495153
vn 0.093463 0.563103 -0.821085
vn -0.531451 0.453156 -0.715688
vn 0.099137 0.539732 -0.835979
vn 0.093463 0.563103 -0.821085
vn -0.546351 0.405407 -0.732902
vn -0.773977 0.427743 0.466900
vn -0.891436 0.418042 -0.174880
vn -0.880510 0.448237 -0.154227
vn -0.782052 0.380341 0.493695
vn 0.773997 0.615189 0.149902
vn 0.428046 0.570030 0.701315
vn 0.436056 0.524537 0.731243
vn 0.749699 0.641216 0.163690
vn 0.129289 0.014410 0.991502
vn 0.129289 0.014410 0.991502
vn 0.129289 0.014410 0.991502
vn 0.129289 0.014410 0.991502
vn -0.487324 -0.058581 0.871254
vn -0.487324 -0.058581 0.871254
vn -0.487324 -0.058581 0.871254
vn -0.487324 -0.058581 0.871254
vn -0.984596 -0.116839 0.130077
vn -0.984596 -0.116839 0.130077
vn -0.984596 -0.116839 0.130077
vn -0.984596 -0.116839 0.130077
vn -0.865250 -0.102144 -0.490825
vn -0.865250 -0.102144 -0.490825
vn -0.865250 -0.102144 -0.490825
vn -0.865250 -0.102144 -0.490825
vn -0.129288 -0.014410 -0.991502
vn -0.129288 -0.014410 -0.991502
vn -0.129288 -0.014410 -0.991502
vn -0.129288 -0.014410 -0.991502
vn 0.487325 0.058581 -0.871253
vn 0.487325 0.058581 -0.871253
vn 0.487325 0.058581 -0.871253
vn 0.487325 0.058581 -0.871253
vn 0.984592 0.116849 -0.130092
vn 0.984592 0.116849 -0.130092
vn 0.984592 0.116849 -0.130092
vn 0.984592 0.116849 -0.130092
vn 0.865245 0.102144 0.490834
vn 0.865245 0.102144 0.490834
vn 0.865245 0.102144 0.490834
vn 0.865245 0.102144 0.490834
vn 0.117738 -0.993044 -0.000910
vn 0.117738 -0.993044 -0.000910
vn 0.117738 -0.993044 -0.000910
vn 0.117738 -0.993044 -0.000910
vn -0.117737 0.993044 0.000927
vn -0.117737 0.993044 0.000927
vn -0.117737 0.993044 0.000927
vn -0.117737 0.993044 0.000927
vn -0.117737 0.993044 0.000910
vn -0.117737 0.993044 0.000910
vn -0.117737 0.993044 0.000910
vn -0.117737 0.993044 0.000910
vn 0.117739 -0.993044 -0.000944
vn 0.117739 -0.993044 -0.000944
vn 0.117739 -0.993044 -0.000944
vn 0.117739 -0.993044 -0.000944
vn -0.117749 0.993043 0.000925
vn -0.117749 0.993043 0.000925
vn -0.117749 0.993043 0.000925
vn -0.117749 0.993043 0.000925
vn 0.117745 -0.993043 -0.000923
vn 0.117745 -0.993043 -0.000923
vn 0.117745 -0.993043 -0.000923
vn 0.117745 -0.993043 -0.000923
vn -0.117739 0.993044 0.000902
vn -0.117739 0.993044 0.000902
vn -0.117739 0.993044 0.000902
vn -0.117739 0.993044 0.000902
vn 0.117739 -0.993044 -0.000919
vn 0.117739 -0.993044 -0.000919
vn 0.117739 -0.993044 -0.000919
vn 0.117739 -0.993044 -0.000919
vn -0.117737 0.993044 0.000910
vn -0.117737 0.993044 0.000910
vn -0.117737 0.993044 0.000910
vn -0.117737 0.993044 0.000910
vn 0.117737 -0.993044 -0.000927
vn 0.117737 -0.993044 -0.000927
vn 0.117737 -0.993044 -0.000927
vn 0.117737 -0.993044 -0.000927
vn -0.117733 0.993045 0.000927
vn -0.117733 0.993045 0.000927
vn -0.117733 0.993045 0.000927
vn -0.117733 0.993045 0.000927
vn 0.117731 -0.993045 -0.000910
vn 0.117731 -0.993045 -0.000910
vn 0.117731 -0.993045 -0.000910
vn 0.117731 -0.993045 -0.000910
vn -0.117723 0.993046 0.000927
vn -0.117723 0.993046 0.000927
vn -0.117723 0.993046 0.000927
vn -0.117723 0.993046 0.000927
vn 0.117723 -0.993046 -0.000927
vn 0.117723 -0.993046 -0.000927
vn 0.117723 -0.993046 -0.000927
vn 0.117723 -0.993046 -0.000927
vn -0.117739 0.993044 0.000910
vn -0.117739 0.993044 0.000910
vn -0.117739 0.993044 0.000910
vn -0.117739 0.993044 0.000910
vn 0.117731 -0.993045 -0.000910
vn 0.117731 -0.993045 -0.000910
vn 0.117731 -0.993045 -0.000910
vn 0.117731 -0.993045 -0.000910
vn 0.029943 -0.786956 0.616282
vn 0.234845 -0.724728 0.647778
vn -0.033814 -0.219550 0.975015
vn -0.329416 -0.345854 0.878561
vn -0.329416 -0.345854 0.878561
vn -0.033814 -0.219550 0.975015
vn -0.307639 0.371776 0.875866
vn -0.487721 0.258583 0.833824
vn -0.033814 -0.219550 0.975015
vn 0.346925 -0.023573 0.937597
vn -0.088690 0.458152 0.884438
vn -0.307639 0.371776 0.875866
vn 0.234845 -0.724728 0.647778
vn 0.438083 -0.607385 0.662697
vn 0.346925 -0.023573 0.937597
vn -0.033814 -0.219550 0.975015
vn 0.438083 -0.607385 0.662697
vn 0.812261 -0.571061 -0.118838
vn 0.900056 0.426634 0.088781
vn 0.346925 -0.023573 0.937597
vn 0.346925 -0.023573 0.937597
vn 0.900056 0.426634 0.088781
vn 0.046306 0.977976 0.203517
vn -0.088690 0.458152 0.884438
vn 0.900056 0.426634 0.088781
vn 0.346925 0.352416 -0.869164
vn -0.088690 0.772943 -0.628246
vn 0.046306 0.977976 0.203517
vn 0.812261 -0.571061 -0.118838
vn 0.438084 -0.292594 -0.849983
vn 0.346925 0.352416 -0.869164
vn 0.900056 0.426634 0.088781
vn 0.438084 -0.292594 -0.849983
vn 0.234846 -0.406148 -0.883114
vn -0.033814 0.187636 -0.981656
vn 0.346925 0.352416 -0.869164
vn 0.346925 0.352416 -0.869164
vn -0.033814 0.187636 -0.981656
vn -0.307639 0.690318 -0.654843
vn -0.088690 0.772943 -0.628246
vn -0.033814 0.187636 -0.981656
vn -0.329417 0.033337 -0.943596
vn -0.487721 0.569750 -0.661448
vn -0.307639 0.690318 -0.654843
vn 0.234846 -0.406148 -0.883114
vn 0.029943 -0.475776 -0.879057
vn -0.329417 0.033337 -0.943596
vn -0.033814 0.187636 -0.981656
vn 0.029943 -0.475776 -0.879057
vn -0.016175 -0.978898 -0.203709
vn -0.900058 -0.426631 -0.088782
vn -0.329417 0.033337 -0.943596
vn -0.329417 0.033337 -0.943596
vn -0.900058 -0.426631 -0.088782
vn -0.794693 0.594280 0.123671
vn -0.487721 0.569750 -0.661448
vn -0.900058 -0.426631 -0.088782
vn -0.329416 -0.345854 0.878561
vn -0.487721 0.258583 0.833824
vn -0.794693 0.594280 0.123671
vn -0.016175 -0.978898 -0.203709
vn 0.029943 -0.786956 0.616282
vn -0.329416 -0.345854 0.878561
vn -0.900058 -0.426631 -0.088782
vn -0.487721 0.258583 0.833824
vn -0.307639 0.371776 0.875866
vn -0.477513 0.860196 0.179008
vn -0.794693 0.594280 0.123671
vn -0.794693 0.594280 0.123671
vn -0.477513 0.860196 0.179008
vn -0.307639 0.690318 -0.654843
vn -0.487721 0.569750 -0.661448
vn -0.477513 0.860196 0.179008
vn 0.046306 0.977976 0.203517
vn -0.088690 0.772943 -0.628246
vn -0.307639 0.690318 -0.654843
vn -0.307639 0.371776 0.875866
vn -0.088690 0.458152 0.884438
vn 0.046306 0.977976 0.203517
vn -0.477513 0.860196 0.179008
vn 0.029943 -0.475776 -0.879057
vn 0.234846 -0.406148 -0.883114
vn 0.393403 -0.900083 -0.187308
vn -0.016175 -0.978898 -0.203709
vn -0.016175 -0.978898 -0.203709
vn 0.393403 -0.900083 -0.187308
vn 0.234845 -0.724728 0.647778
vn 0.029943 -0.786956 0.616282
vn 0.393403 -0.900083 -0.187308
vn 0.812261 -0.571061 -0.118838
vn 0.438083 -0.607385 0.662697
vn 0.234845 -0.724728 0.647778
vn 0.234846 -0.406148 -0.883114
vn 0.438084 -0.292594 -0.849983
vn 0.812261 -0.571061 -0.118838
vn 0.393403 -0.900083 -0.187308
vn 0.739305 -0.654224 -0.159433
vn 0.939163 -0.327776 -0.102648
vn 0.941148 -0.324027 0.096165
vn 0.751961 -0.659040 0.014843
vn 0.970402 -0.229047 -0.076539
vn 0.931856 -0.355824 -0.070956
vn 0.939938 -0.308493 0.146113
vn 0.968276 -0.203708 0.144722
vn 0.931856 -0.355824 -0.070956
vn 0.970277 -0.231682 -0.069901
vn 0.963739 -0.199631 0.177072
vn 0.939938 -0.308493 0.146113
vn 0.982676 0.183076 -0.028816
vn 0.844116 0.536158 -0.001634
vn 0.822878 0.548226 0.149401
vn 0.949644 0.247020 0.192764
vn 0.970277 -0.231682 -0.069901
vn 0.997742 -0.044502 -0.050302
vn 0.975549 -0.001401 0.219780
vn 0.963739 -0.199631 0.177072
vn 0.294798 -0.930264 0.218410
vn 0.145465 -0.952694 0.266859
vn 0.152849 -0.987627 -0.035069
vn 0.308914 -0.946545 -0.092864
vn 0.208955 0.663035 0.718834
vn 0.333999 0.139430 0.932204
vn 0.254142 0.163421 0.953260
vn 0.336798 0.597126 0.728016
vn 0.863592 -0.353004 0.359995
vn 0.649720 -0.393909 0.650154
vn 0.514949 -0.742268 0.428796
vn 0.702083 -0.679353 0.213445
vn 0.877491 -0.123676 0.463372
vn 0.858367 -0.179105 0.480757
vn 0.574117 0.040271 0.817782
vn 0.647765 0.049460 0.760233
vn 0.858367 -0.179105 0.480757
vn 0.844817 -0.113352 0.522911
vn 0.490775 0.016645 0.871127
vn 0.574117 0.040271 0.817782
vn 0.822026 0.255185 0.509072
vn 0.767905 0.515423 0.380344
vn 0.560630 0.565607 0.604800
vn 0.494961 0.210698 0.842983
vn 0.822878 0.548226 0.149401
vn 0.844116 0.536158 -0.001634
vn 0.604949 0.796114 0.015469
vn 0.578976 0.787371 0.211739
vn 0.739305 -0.654224 -0.159433
vn 0.751961 -0.659040 0.014843
vn 0.486323 -0.867759 0.102398
vn 0.519800 -0.842629 -0.140656
vn 0.844817 -0.113352 0.522911
vn 0.825844 0.024231 0.563377
vn 0.459220 0.013922 0.888214
vn 0.490775 0.016645 0.871127
vn 0.374055 0.927294 0.014438
vn 0.172093 0.985048 0.008051
vn 0.200306 0.931829 0.302609
vn 0.376355 0.879781 0.290419
vn 0.057299 -0.464868 0.883524
vn 0.173664 -0.621985 0.763529
vn 0.110520 -0.716238 0.689049
vn 0.030083 -0.494445 0.868688
vn 0.569235 -0.271373 0.776098
vn 0.564842 0.283040 0.775140
vn 0.188319 0.326037 0.926410
vn 0.218510 -0.303356 0.927485
vn 0.492900 0.350135 0.796527
vn 0.210473 0.380455 0.900531
vn 0.177960 0.527349 0.830803
vn 0.507467 0.478860 0.716359
vn 0.262995 0.346726 0.900341
vn 0.162758 0.719200 0.675471
vn 0.212207 0.308181 0.927358
vn 0.492900 0.350135 0.796527
vn 0.417707 0.189728 0.888552
vn 0.229580 0.203880 0.951696
vn 0.210473 0.380455 0.900531
vn 0.173664 -0.621985 0.763529
vn 0.379081 -0.778195 0.500709
vn 0.199775 -0.802128 0.562744
vn 0.110520 -0.716238 0.689049
vn 0.751053 -0.234932 0.617030
vn 0.768527 0.257755 0.585601
vn 0.564842 0.283040 0.775140
vn 0.569235 -0.271373 0.776098
vn 0.173664 -0.621985 0.763529
vn 0.300273 -0.429781 0.851542
vn 0.513435 -0.724141 0.460440
vn 0.379081 -0.778195 0.500709
vn 0.154671 -0.455088 0.876910
vn 0.300273 -0.429781 0.851542
vn 0.173664 -0.621985 0.763529
vn 0.057299 -0.464868 0.883524
vn 0.145465 -0.952694 0.266859
vn 0.051437 -0.967498 0.247591
vn 0.085909 -0.995556 -0.038562
vn 0.152849 -0.987627 -0.035069
vn 0.333999 0.139430 0.932204
vn 0.208955 0.663035 0.718834
vn 0.436011 0.290780 0.851670
vn 0.491530 0.191245 0.849602
vn 0.428219 0.041528 0.902720
vn 0.660205 0.150624 0.735827
vn 0.741224 0.292075 0.604384
vn 0.539857 0.353770 0.763807
vn 0.491530 0.191245 0.849602
vn 0.741224 0.292075 0.604384
vn 0.724920 0.395972 0.563646
vn 0.486323 -0.867759 0.102398
vn 0.294798 -0.930264 0.218410
vn 0.308914 -0.946545 -0.092864
vn 0.519800 -0.842629 -0.140656
vn 0.514949 -0.742268 0.428796
vn 0.649720 -0.393909 0.650154
vn 0.400805 -0.391388 0.828354
vn 0.321578 -0.783716 0.531391
vn 0.574117 0.040271 0.817782
vn 0.490775 0.016645 0.871127
vn 0.263719 0.115163 0.957700
vn 0.343005 0.261971 0.902064
vn 0.459220 0.013922 0.888214
vn 0.229791 0.009986 0.973189
vn 0.263719 0.115163 0.957700
vn 0.490775 0.016645 0.871127
vn 0.560630 0.565607 0.604800
vn 0.336798 0.597126 0.728016
vn 0.254142 0.163421 0.953260
vn 0.494961 0.210698 0.842983
vn 0.604949 0.796114 0.015469
vn 0.374055 0.927294 0.014438
vn 0.376355 0.879781 0.290419
vn 0.578976 0.787371 0.211739
vn 0.997742 -0.044502 -0.050302
vn 0.982676 0.183076 -0.028816
vn 0.949644 0.247020 0.192764
vn 0.975549 -0.001401 0.219780
vn 0.825844 0.024231 0.563377
vn 0.822026 0.255185 0.509072
vn 0.494961 0.210698 0.842983
vn 0.459220 0.013922 0.888214
vn 0.254142 0.163421 0.953260
vn 0.229791 0.009986 0.973189
vn 0.459220 0.013922 0.888214
vn 0.494961 0.210698 0.842983
vn 0.333999 0.139430 0.932204
vn 0.428219 0.041528 0.902720
vn 0.229791 0.009986 0.973189
vn 0.254142 0.163421 0.953260
vn 0.428219 0.041528 0.902720
vn 0.333999 0.139430 0.932204
vn 0.436011 0.290780 0.851670
vn 0.660205 0.150624 0.735827
vn 0.417707 0.189728 0.888552
vn 0.262995 0.346726 0.900341
vn 0.212207 0.308181 0.927358
vn 0.229580 0.203880 0.951696
vn 0.539857 0.353770 0.763807
vn 0.343005 0.261971 0.902064
vn 0.263719 0.115163 0.957700
vn 0.491530 0.191245 0.849602
vn 0.507467 0.478860 0.716359
vn 0.564842 0.283040 0.775140
vn 0.768527 0.257755 0.585601
vn 0.724920 0.395972 0.563646
vn 0.177960 0.527349 0.830803
vn 0.188319 0.326037 0.926410
vn 0.564842 0.283040 0.775140
vn 0.507467 0.478860 0.716359
vn 0.491530 0.191245 0.849602
vn 0.263719 0.115163 0.957700
vn 0.229791 0.009986 0.973189
vn 0.428219 0.041528 0.902720
vn 0.487527 0.211979 0.846984
vn 0.515956 0.048729 0.855228
vn 0.680740 0.067172 0.729439
vn 0.647765 0.049460 0.760233
vn 0.400805 -0.391388 0.828354
vn 0.300273 -0.429781 0.851542
vn 0.154671 -0.455088 0.876910
vn 0.343005 0.261971 0.902064
vn 0.487527 0.211979 0.846984
vn 0.647765 0.049460 0.760233
vn 0.574117 0.040271 0.817782
vn 0.343005 0.261971 0.902064
vn 0.539857 0.353770 0.763807
vn 0.624540 0.273669 0.731475
vn 0.487527 0.211979 0.846984
vn 0.624540 0.273669 0.731475
vn 0.646330 -0.124040 0.752909
vn 0.515956 0.048729 0.855228
vn 0.487527 0.211979 0.846984
vn 0.768527 0.257755 0.585601
vn 0.751053 -0.234932 0.617030
vn 0.646330 -0.124040 0.752909
vn 0.624540 0.273669 0.731475
vn 0.741224 0.292075 0.604384
vn 0.492900 0.350135 0.796527
vn 0.507467 0.478860 0.716359
vn 0.724920 0.395972 0.563646
vn 0.741224 0.292075 0.604384
vn 0.660205 0.150624 0.735827
vn 0.417707 0.189728 0.888552
vn 0.492900 0.350135 0.796527
vn 0.262995 0.346726 0.900341
vn 0.417707 0.189728 0.888552
vn 0.660205 0.150624 0.735827
vn 0.436011 0.290780 0.851670
vn 0.208955 0.663035 0.718834
vn 0.162758 0.719200 0.675471
vn 0.262995 0.346726 0.900341
vn 0.436011 0.290780 0.851670
vn 0.172093 0.985048 0.008051
vn 0.083589 0.996500 0.000135
vn 0.119446 0.948705 0.292732
vn 0.200306 0.931829 0.302609
vn 0.624540 0.273669 0.731475
vn 0.539857 0.353770 0.763807
vn 0.724920 0.395972 0.563646
vn 0.768527 0.257755 0.585601
vn 0.647765 0.049460 0.760233
vn 0.680740 0.067172 0.729439
vn 0.893010 0.041554 0.448115
vn 0.877491 -0.123676 0.463372
vn 0.968276 -0.203708 0.144722
vn 0.989092 -0.004256 0.147236
vn 0.996812 -0.023818 -0.076147
vn 0.970402 -0.229047 -0.076539
vn 0.515956 0.048729 0.855228
vn 0.646330 -0.124040 0.752909
vn 0.300273 -0.429781 0.851542
vn 0.649720 -0.393909 0.650154
vn 0.680740 0.067172 0.729439
vn 0.515956 0.048729 0.855228
vn 0.400805 -0.391388 0.828354
vn 0.893010 0.041554 0.448115
vn 0.680740 0.067172 0.729439
vn 0.649720 -0.393909 0.650154
vn 0.863592 -0.353004 0.359995
vn 0.939163 -0.327776 -0.102648
vn 0.996812 -0.023818 -0.076147
vn 0.989092 -0.004256 0.147236
vn 0.941148 -0.324027 0.096165
vn 0.751053 -0.234932 0.617030
vn 0.513435 -0.724141 0.460440
vn 0.300273 -0.429781 0.851542
vn 0.646330 -0.124040 0.752909
vn 0.513435 -0.724141 0.460440
vn 0.751053 -0.234932 0.617030
vn 0.569235 -0.271373 0.776098
vn 0.379081 -0.778195 0.500709
vn 0.199775 -0.802128 0.562744
vn 0.379081 -0.778195 0.500709
vn 0.569235 -0.271373 0.776098
vn 0.218510 -0.303356 0.927485
vn 0.034187 -0.791936 0.609646
vn 0.051437 -0.967498 0.247591
vn 0.050360 -0.828540 0.557660
vn 0.157044 -0.847013 0.507844
vn 0.050360 -0.828540 0.557660
vn 0.051437 -0.967498 0.247591
vn 0.145465 -0.952694 0.266859
vn 0.321578 -0.783716 0.531391
vn 0.157044 -0.847013 0.507844
vn 0.145465 -0.952694 0.266859
vn 0.294798 -0.930264 0.218410
vn 0.514949 -0.742268 0.428796
vn 0.321578 -0.783716 0.531391
vn 0.294798 -0.930264 0.218410
vn 0.486323 -0.867759 0.102398
vn 0.751961 -0.659040 0.014843
vn 0.702083 -0.679353 0.213445
vn 0.514949 -0.742268 0.428796
vn 0.486323 -0.867759 0.102398
vn 0.941148 -0.324027 0.096165
vn 0.863592 -0.353004 0.359995
vn 0.702083 -0.679353 0.213445
vn 0.751961 -0.659040 0.014843
vn 0.989092 -0.004256 0.147236
vn 0.893010 0.041554 0.448115
vn 0.863592 -0.353004 0.359995
vn 0.941148 -0.324027 0.096165
vn 0.877491 -0.123676 0.463372
vn 0.893010 0.041554 0.448115
vn 0.989092 -0.004256 0.147236
vn 0.968276 -0.203708 0.144722
vn 0.939938 -0.308493 0.146113
vn 0.858367 -0.179105 0.480757
vn 0.877491 -0.123676 0.463372
vn 0.968276 -0.203708 0.144722
vn 0.963739 -0.199631 0.177072
vn 0.844817 -0.113352 0.522911
vn 0.858367 -0.179105 0.480757
vn 0.939938 -0.308493 0.146113
vn 0.975549 -0.001401 0.219780
vn 0.825844 0.024231 0.563377
vn 0.844817 -0.113352 0.522911
vn 0.963739 -0.199631 0.177072
vn 0.949644 0.247020 0.192764
vn 0.822026 0.255185 0.509072
vn 0.825844 0.024231 0.563377
vn 0.975549 -0.001401 0.219780
vn 0.822878 0.548226 0.149401
vn 0.767905 0.515423 0.380344
vn 0.822026 0.255185 0.509072
vn 0.949644 0.247020 0.192764
vn 0.767905 0.515423 0.380344
vn 0.822878 0.548226 0.149401
vn 0.578976 0.787371 0.211739
vn 0.560630 0.565607 0.604800
vn 0.376355 0.879781 0.290419
vn 0.336798 0.597126 0.728016
vn 0.560630 0.565607 0.604800
vn 0.578976 0.787371 0.211739
vn 0.376355 0.879781 0.290419
vn 0.200306 0.931829 0.302609
vn 0.208955 0.663035 0.718834
vn 0.336798 0.597126 0.728016
vn 0.162758 0.719200 0.675471
vn 0.208955 0.663035 0.718834
vn 0.200306 0.931829 0.302609
vn 0.119446 0.948705 0.292732
vn 0.739305 -0.654224 -0.159433
vn 0.683471 -0.652580 -0.327119
vn 0.886896 -0.360105 -0.289380
vn 0.939163 -0.327776 -0.102648
vn 0.970402 -0.229047 -0.076539
vn 0.931575 -0.247191 -0.266581
vn 0.896819 -0.357213 -0.260988
vn 0.931856 -0.355824 -0.070956
vn 0.931856 -0.355824 -0.070956
vn 0.896819 -0.357213 -0.260988
vn 0.932313 -0.219457 -0.287456
vn 0.970277 -0.231682 -0.069901
vn 0.982676 0.183076 -0.028816
vn 0.962125 0.099085 -0.253965
vn 0.850342 0.486642 -0.200244
vn 0.844116 0.536158 -0.001634
vn 0.970277 -0.231682 -0.069901
vn 0.932313 -0.219457 -0.287456
vn 0.955556 -0.073234 -0.285568
vn 0.997742 -0.044502 -0.050302
vn 0.313899 -0.887108 -0.338388
vn 0.308914 -0.946545 -0.092864
vn 0.152849 -0.987627 -0.035069
vn 0.169175 -0.932242 -0.319851
vn 0.850342 0.486642 -0.200244
vn 0.606108 0.776008 -0.174485
vn 0.604949 0.796114 0.015469
vn 0.844116 0.536158 -0.001634
vn 0.739305 -0.654224 -0.159433
vn 0.519800 -0.842629 -0.140656
vn 0.505043 -0.796066 -0.333481
vn 0.683471 -0.652580 -0.327119
vn 0.374055 0.927294 0.014438
vn 0.354027 0.910689 -0.212861
vn 0.145164 0.960641 -0.236847
vn 0.172093 0.985048 0.008051
vn 0.169175 -0.932242 -0.319851
vn 0.152849 -0.987627 -0.035069
vn 0.085909 -0.995556 -0.038562
vn 0.114699 -0.937567 -0.328349
vn 0.505043 -0.796066 -0.333481
vn 0.519800 -0.842629 -0.140656
vn 0.308914 -0.946545 -0.092864
vn 0.313899 -0.887108 -0.338388
vn 0.604949 0.796114 0.015469
vn 0.606108 0.776008 -0.174485
vn 0.354027 0.910689 -0.212861
vn 0.374055 0.927294 0.014438
vn 0.997742 -0.044502 -0.050302
vn 0.955556 -0.073234 -0.285568
vn 0.962125 0.099085 -0.253965
vn 0.982676 0.183076 -0.028816
vn 0.172093 0.985048 0.008051
vn 0.145164 0.960641 -0.236847
vn 0.063946 0.965748 -0.251480
vn 0.083589 0.996500 0.000135
vn 0.931575 -0.247191 -0.266581
vn 0.970402 -0.229047 -0.076539
vn 0.996812 -0.023818 -0.076147
vn 0.960455 -0.061124 -0.271643
vn 0.939163 -0.327776 -0.102648
vn 0.886896 -0.360105 -0.289380
vn 0.960455 -0.061124 -0.271643
vn 0.996812 -0.023818 -0.076147
vn 0.169175 -0.932242 -0.319851
vn 0.114699 -0.937567 -0.328349
vn 0.116007 -0.828714 -0.547517
vn 0.177801 -0.820691 -0.543004
vn 0.313899 -0.887108 -0.338388
vn 0.169175 -0.932242 -0.319851
vn 0.177801 -0.820691 -0.543004
vn 0.319970 -0.788758 -0.524862
vn 0.505043 -0.796066 -0.333481
vn 0.313899 -0.887108 -0.338388
vn 0.319970 -0.788758 -0.524862
vn 0.472876 -0.736657 -0.483451
vn 0.683471 -0.652580 -0.327119
vn 0.505043 -0.796066 -0.333481
vn 0.472876 -0.736657 -0.483451
vn 0.579500 -0.641485 -0.502669
vn 0.886896 -0.360105 -0.289380
vn 0.683471 -0.652580 -0.327119
vn 0.579500 -0.641485 -0.502669
vn 0.745188 -0.411823 -0.524497
vn 0.960455 -0.061124 -0.271643
vn 0.886896 -0.360105 -0.289380
vn 0.745188 -0.411823 -0.524497
vn 0.805854 -0.173409 -0.566152
vn 0.931575 -0.247191 -0.266581
vn 0.960455 -0.061124 -0.271643
vn 0.805854 -0.173409 -0.566152
vn 0.779920 -0.268059 -0.565569
vn 0.896819 -0.357213 -0.260988
vn 0.931575 -0.247191 -0.266581
vn 0.779920 -0.268059 -0.565569
vn 0.765703 -0.318586 -0.558751
vn 0.932313 -0.219457 -0.287456
vn 0.896819 -0.357213 -0.260988
vn 0.765703 -0.318586 -0.558751
vn 0.781567 -0.160874 -0.602721
vn 0.955556 -0.073234 -0.285568
vn 0.932313 -0.219457 -0.287456
vn 0.781567 -0.160874 -0.602721
vn 0.779953 -0.033616 -0.624935
vn 0.962125 0.099085 -0.253965
vn 0.955556 -0.073234 -0.285568
vn 0.779953 -0.033616 -0.624935
vn 0.782499 0.074984 -0.618120
vn 0.850342 0.486642 -0.200244
vn 0.962125 0.099085 -0.253965
vn 0.782499 0.074984 -0.618120
vn 0.739420 0.403677 -0.538798
vn 0.606108 0.776008 -0.174485
vn 0.850342 0.486642 -0.200244
vn 0.739420 0.403677 -0.538798
vn 0.561393 0.679751 -0.471992
vn 0.354027 0.910689 -0.212861
vn 0.606108 0.776008 -0.174485
vn 0.561393 0.679751 -0.471992
vn 0.338482 0.762797 -0.550973
vn 0.145164 0.960641 -0.236847
vn 0.354027 0.910689 -0.212861
vn 0.338482 0.762797 -0.550973
vn 0.144926 0.801218 -0.580557
vn 0.063946 0.965748 -0.251480
vn 0.145164 0.960641 -0.236847
vn 0.144926 0.801218 -0.580557
vn 0.069879 0.811883 -0.579623
vn 0.386260 0.378100 -0.841335
vn 0.428251 0.165418 -0.888391
vn 0.190235 0.244418 -0.950826
vn 0.167111 0.463066 -0.870427
vn 0.745188 -0.411823 -0.524497
vn 0.579500 -0.641485 -0.502669
vn 0.381767 -0.598840 -0.704020
vn 0.450023 -0.453751 -0.769149
vn 0.805854 -0.173409 -0.566152
vn 0.745188 -0.411823 -0.524497
vn 0.450023 -0.453751 -0.769149
vn 0.477704 -0.291245 -0.828839
vn 0.779920 -0.268059 -0.565569
vn 0.805854 -0.173409 -0.566152
vn 0.477704 -0.291245 -0.828839
vn 0.470021 -0.266822 -0.841360
vn 0.765703 -0.318586 -0.558751
vn 0.779920 -0.268059 -0.565569
vn 0.470021 -0.266822 -0.841360
vn 0.471959 -0.236067 -0.849427
vn 0.781567 -0.160874 -0.602721
vn 0.765703 -0.318586 -0.558751
vn 0.471959 -0.236067 -0.849427
vn 0.470565 -0.079170 -0.878807
vn 0.779953 -0.033616 -0.624935
vn 0.781567 -0.160874 -0.602721
vn 0.470565 -0.079170 -0.878807
vn 0.449784 0.054746 -0.891458
vn 0.782499 0.074984 -0.618120
vn 0.779953 -0.033616 -0.624935
vn 0.449784 0.054746 -0.891458
vn 0.428251 0.165418 -0.888391
vn 0.477704 -0.291245 -0.828839
vn 0.450023 -0.453751 -0.769149
vn 0.214404 -0.441015 -0.871514
vn 0.221431 -0.343402 -0.912712
vn 0.470021 -0.266822 -0.841360
vn 0.477704 -0.291245 -0.828839
vn 0.221431 -0.343402 -0.912712
vn 0.225806 -0.261476 -0.938425
vn 0.471959 -0.236067 -0.849427
vn 0.470021 -0.266822 -0.841360
vn 0.225806 -0.261476 -0.938425
vn 0.227462 -0.178977 -0.957198
vn 0.470565 -0.079170 -0.878807
vn 0.471959 -0.236067 -0.849427
vn 0.227462 -0.178977 -0.957198
vn 0.221673 -0.034242 -0.974520
vn 0.449784 0.054746 -0.891458
vn 0.470565 -0.079170 -0.878807
vn 0.221673 -0.034242 -0.974520
vn 0.208411 0.102708 -0.972634
vn 0.428251 0.165418 -0.888391
vn 0.449784 0.054746 -0.891458
vn 0.208411 0.102708 -0.972634
vn 0.190235 0.244418 -0.950826
vn 0.739420 0.403677 -0.538798
vn 0.782499 0.074984 -0.618120
vn 0.428251 0.165418 -0.888391
vn 0.386260 0.378100 -0.841335
vn 0.338482 0.762797 -0.550973
vn 0.561393 0.679751 -0.471992
vn 0.739420 0.403677 -0.538798
vn 0.386260 0.378100 -0.841335
vn 0.221431 -0.343402 -0.912712
vn 0.214404 -0.441015 -0.871514
vn 0.107731 -0.431934 -0.895448
vn 0.113979 -0.358402 -0.926583
vn 0.225806 -0.261476 -0.938425
vn 0.221431 -0.343402 -0.912712
vn 0.113979 -0.358402 -0.926583
vn 0.121923 -0.259749 -0.957949
vn 0.227462 -0.178977 -0.957198
vn 0.225806 -0.261476 -0.938425
vn 0.121923 -0.259749 -0.957949
vn 0.124056 -0.159406 -0.979388
vn 0.221673 -0.034242 -0.974520
vn 0.227462 -0.178977 -0.957198
vn 0.124056 -0.159406 -0.979388
vn 0.120050 -0.019990 -0.992567
vn 0.208411 0.102708 -0.972634
vn 0.221673 -0.034242 -0.974520
vn 0.120050 -0.019990 -0.992567
vn 0.112762 0.117147 -0.986692
vn 0.190235 0.244418 -0.950826
vn 0.208411 0.102708 -0.972634
vn 0.112762 0.117147 -0.986692
vn 0.101517 0.267783 -0.958116
vn 0.167111 0.463066 -0.870427
vn 0.190235 0.244418 -0.950826
vn 0.101517 0.267783 -0.958116
vn 0.086166 0.487785 -0.868701
vn 0.069879 0.811883 -0.579623
vn 0.144926 0.801218 -0.580557
vn 0.167111 0.463066 -0.870427
vn 0.086166 0.487785 -0.868701
vn 0.144926 0.801218 -0.580557
vn 0.338482 0.762797 -0.550973
vn 0.386260 0.378100 -0.841335
vn 0.167111 0.463066 -0.870427
vn 0.450023 -0.453751 -0.769149
vn 0.381767 -0.598840 -0.704020
vn 0.203435 -0.601609 -0.772451
vn 0.214404 -0.441015 -0.871514
vn 0.214404 -0.441015 -0.871514
vn 0.203435 -0.601609 -0.772451
vn 0.114191 -0.606082 -0.787162
vn 0.107731 -0.431934 -0.895448
vn 0.177801 -0.820691 -0.543004
vn 0.116007 -0.828714 -0.547517
vn 0.114191 -0.606082 -0.787162
vn 0.203435 -0.601609 -0.772451
vn 0.319970 -0.788758 -0.524862
vn 0.177801 -0.820691 -0.543004
vn 0.203435 -0.601609 -0.772451
vn 0.381767 -0.598840 -0.704020
vn 0.472876 -0.736657 -0.483451
vn 0.319970 -0.788758 -0.524862
vn 0.381767 -0.598840 -0.704020
vn 0.579500 -0.641485 -0.502669
vn 0.154671 -0.455088 0.876910
vn 0.157044 -0.847013 0.507844
vn 0.321578 -0.783716 0.531391
vn 0.157044 -0.847013 0.507844
vn 0.154671 -0.455088 0.876910
vn 0.057299 -0.464868 0.883524
vn 0.050360 -0.828540 0.557660
vn 0.050360 -0.828540 0.557660
vn 0.057299 -0.464868 0.883524
vn 0.030083 -0.494445 0.868688
vn 0.034187 -0.791936 0.609646
vn 0.400805 -0.391388 0.828354
vn 0.154671 -0.455088 0.876910
vn 0.321578 -0.783716 0.531391
vn -0.739305 -0.654224 -0.159433
vn -0.751961 -0.659040 0.014844
vn -0.941145 -0.324036 0.096162
vn -0.939161 -0.327779 -0.102648
vn -0.970402 -0.229044 -0.076539
vn -0.968274 -0.203785 0.144630
vn -0.939928 -0.308603 0.145943
vn -0.931854 -0.355829 -0.070957
vn -0.931854 -0.355829 -0.070957
vn -0.939928 -0.308603 0.145943
vn -0.963782 -0.199582 0.176894
vn -0.970277 -0.231683 -0.069902
vn -0.982677 0.183072 -0.028815
vn -0.949588 0.247124 0.192906
vn -0.822860 0.548214 0.149543
vn -0.844118 0.536155 -0.001634
vn -0.970277 -0.231683 -0.069902
vn -0.963782 -0.199582 0.176894
vn -0.975562 -0.001217 0.219721
vn -0.997742 -0.044500 -0.050302
vn -0.294797 -0.930264 0.218411
vn -0.308913 -0.946546 -0.092865
vn -0.152848 -0.987627 -0.035069
vn -0.145465 -0.952694 0.266860
vn -0.208211 0.662255 0.719768
vn -0.336692 0.597557 0.727712
vn -0.253795 0.162423 0.953524
vn -0.332879 0.139122 0.932650
vn -0.863589 -0.353015 0.359992
vn -0.702085 -0.679350 0.213446
vn -0.514949 -0.742268 0.428796
vn -0.649701 -0.393882 0.650189
vn -0.877467 -0.123806 0.463384
vn -0.646569 0.050549 0.761179
vn -0.570482 0.043101 0.820178
vn -0.858315 -0.179410 0.480737
vn -0.858315 -0.179410 0.480737
vn -0.570482 0.043101 0.820178
vn -0.486385 0.016762 0.873584
vn -0.844792 -0.113231 0.522978
vn -0.822014 0.255371 0.508997
vn -0.496250 0.209662 0.842483
vn -0.562486 0.565460 0.603212
vn -0.768028 0.515185 0.380419
vn -0.822860 0.548214 0.149543
vn -0.579222 0.787316 0.211269
vn -0.604748 0.796267 0.015448
vn -0.844118 0.536155 -0.001634
vn -0.739305 -0.654224 -0.159433
vn -0.519801 -0.842628 -0.140657
vn -0.486323 -0.867758 0.102399
vn -0.751961 -0.659040 0.014844
vn -0.844792 -0.113231 0.522978
vn -0.486385 0.016762 0.873584
vn -0.457602 0.012103 0.889075
vn -0.825879 0.024662 0.563307
vn -0.374652 0.927058 0.014144
vn -0.376973 0.879786 0.289601
vn -0.199795 0.931849 0.302884
vn -0.172301 0.985016 0.007501
vn -0.057299 -0.464867 0.883524
vn -0.173664 -0.621985 0.763528
vn -0.568767 -0.271896 0.776258
vn -0.562506 0.281199 0.777505
vn -0.447325 0.348265 0.823779
vn -0.493018 0.475390 0.728654
vn -0.261253 0.347956 0.900374
vn -0.447325 0.348265 0.823779
vn -0.388147 0.198476 0.899972
vn -0.173664 -0.621985 0.763528
vn -0.379081 -0.778196 0.500708
vn -0.750860 -0.235778 0.616943
vn -0.568767 -0.271896 0.776258
vn -0.562506 0.281199 0.777505
vn -0.769098 0.253901 0.586534
vn -0.173664 -0.621985 0.763528
vn -0.379081 -0.778196 0.500708
vn -0.513432 -0.724143 0.460440
vn -0.300312 -0.429761 0.851539
vn -0.154671 -0.455087 0.876911
vn -0.057299 -0.464867 0.883524
vn -0.173664 -0.621985 0.763528
vn -0.300312 -0.429761 0.851539
vn -0.145465 -0.952694 0.266860
vn -0.152848 -0.987627 -0.035069
vn -0.332879 0.139122 0.932650
vn -0.438365 0.292167 0.849985
vn -0.208211 0.662255 0.719768
vn -0.522674 0.193701 0.830236
vn -0.739440 0.295605 0.604852
vn -0.659349 0.166551 0.733157
vn -0.446415 0.045521 0.893668
vn -0.559697 0.351910 0.750265
vn -0.728661 0.385594 0.566013
vn -0.739440 0.295605 0.604852
vn -0.522674 0.193701 0.830236
vn -0.486323 -0.867758 0.102399
vn -0.519801 -0.842628 -0.140657
vn -0.308913 -0.946546 -0.092865
vn -0.294797 -0.930264 0.218411
vn -0.514949 -0.742268 0.428796
vn -0.321577 -0.783716 0.531392
vn -0.400808 -0.391314 0.828388
vn -0.649701 -0.393882 0.650189
vn -0.570482 0.043101 0.820178
vn -0.342364 0.265690 0.901219
vn -0.263923 0.114774 0.957691
vn -0.486385 0.016762 0.873584
vn -0.457602 0.012103 0.889075
vn -0.486385 0.016762 0.873584
vn -0.263923 0.114774 0.957691
vn -0.229542 0.006451 0.973277
vn -0.562486 0.565460 0.603212
vn -0.496250 0.209662 0.842483
vn -0.253795 0.162423 0.953524
vn -0.336692 0.597557 0.727712
vn -0.604748 0.796267 0.015448
vn -0.579222 0.787316 0.211269
vn -0.376973 0.879786 0.289601
vn -0.374652 0.927058 0.014144
vn -0.997742 -0.044500 -0.050302
vn -0.975562 -0.001217 0.219721
vn -0.949588 0.247124 0.192906
vn -0.982677 0.183072 -0.028815
vn -0.825879 0.024662 0.563307
vn -0.457602 0.012103 0.889075
vn -0.496250 0.209662 0.842483
vn -0.822014 0.255371 0.508997
vn -0.253795 0.162423 0.953524
vn -0.496250 0.209662 0.842483
vn -0.457602 0.012103 0.889075
vn -0.229542 0.006451 0.973277
vn -0.332879 0.139122 0.932650
vn -0.253795 0.162423 0.953524
vn -0.229542 0.006451 0.973277
vn -0.446415 0.045521 0.893668
vn -0.446415 0.045521 0.893668
vn -0.659349 0.166551 0.733157
vn -0.438365 0.292167 0.849985
vn -0.332879 0.139122 0.932650
vn -0.388147 0.198476 0.899972
vn -0.261253 0.347956 0.900374
vn -0.559697 0.351910 0.750265
vn -0.522674 0.193701 0.830236
vn -0.263923 0.114774 0.957691
vn -0.342364 0.265690 0.901219
vn -0.493018 0.475390 0.728654
vn -0.728661 0.385594 0.566013
vn -0.769098 0.253901 0.586534
vn -0.562506 0.281199 0.777505
vn -0.493018 0.475390 0.728654
vn -0.562506 0.281199 0.777505
vn -0.522674 0.193701 0.830236
vn -0.446415 0.045521 0.893668
vn -0.229542 0.006451 0.973277
vn -0.263923 0.114774 0.957691
vn -0.487505 0.213192 0.846693
vn -0.646569 0.050549 0.761179
vn -0.680493 0.067334 0.729654
vn -0.515961 0.049070 0.855205
vn -0.400808 -0.391314 0.828388
vn -0.154671 -0.455087 0.876911
vn -0.300312 -0.429761 0.851539
vn -0.342364 0.265690 0.901219
vn -0.570482 0.043101 0.820178
vn -0.646569 0.050549 0.761179
vn -0.487505 0.213192 0.846693
vn -0.342364 0.265690 0.901219
vn -0.487505 0.213192 0.846693
vn -0.629074 0.272638 0.727966
vn -0.559697 0.351910 0.750265
vn -0.629074 0.272638 0.727966
vn -0.487505 0.213192 0.846693
vn -0.515961 0.049070 0.855205
vn -0.647208 -0.124313 0.752109
vn -0.769098 0.253901 0.586534
vn -0.629074 0.272638 0.727966
vn -0.647208 -0.124313 0.752109
vn -0.750860 -0.235778 0.616943
vn -0.739440 0.295605 0.604852
vn -0.728661 0.385594 0.566013
vn -0.493018 0.475390 0.728654
vn -0.447325 0.348265 0.823779
vn -0.739440 0.295605 0.604852
vn -0.447325 0.348265 0.823779
vn -0.388147 0.198476 0.899972
vn -0.659349 0.166551 0.733157
vn -0.261253 0.347956 0.900374
vn -0.438365 0.292167 0.849985
vn -0.659349 0.166551 0.733157
vn -0.388147 0.198476 0.899972
vn -0.208211 0.662255 0.719768
vn -0.438365 0.292167 0.849985
vn -0.261253 0.347956 0.900374
vn -0.163276 0.717300 0.677364
vn -0.172301 0.985016 0.007501
vn -0.199795 0.931849 0.302884
vn -0.629074 0.272638 0.727966
vn -0.769098 0.253901 0.586534
vn -0.728661 0.385594 0.566013
vn -0.559697 0.351910 0.750265
vn -0.646569 0.050549 0.761179
vn -0.877467 -0.123806 0.463384
vn -0.893015 0.041466 0.448113
vn -0.680493 0.067334 0.729654
vn -0.968274 -0.203785 0.144630
vn -0.970402 -0.229044 -0.076539
vn -0.996812 -0.023819 -0.076147
vn -0.989097 -0.004303 0.147200
vn -0.515961 0.049070 0.855205
vn -0.300312 -0.429761 0.851539
vn -0.647208 -0.124313 0.752109
vn -0.649701 -0.393882 0.650189
vn -0.400808 -0.391314 0.828388
vn -0.515961 0.049070 0.855205
vn -0.680493 0.067334 0.729654
vn -0.893015 0.041466 0.448113
vn -0.863589 -0.353015 0.359992
vn -0.649701 -0.393882 0.650189
vn -0.680493 0.067334 0.729654
vn -0.939161 -0.327779 -0.102648
vn -0.941145 -0.324036 0.096162
vn -0.989097 -0.004303 0.147200
vn -0.996812 -0.023819 -0.076147
vn -0.750860 -0.235778 0.616943
vn -0.647208 -0.124313 0.752109
vn -0.300312 -0.429761 0.851539
vn -0.513432 -0.724143 0.460440
vn -0.513432 -0.724143 0.460440
vn -0.379081 -0.778196 0.500708
vn -0.568767 -0.271896 0.776258
vn -0.750860 -0.235778 0.616943
vn -0.568767 -0.271896 0.776258
vn -0.379081 -0.778196 0.500708
vn -0.050360 -0.828540 0.557661
vn -0.157045 -0.847012 0.507845
vn -0.145465 -0.952694 0.266860
vn -0.051437 -0.967498 0.247592
vn -0.050360 -0.828540 0.557661
vn -0.321577 -0.783716 0.531392
vn -0.294797 -0.930264 0.218411
vn -0.145465 -0.952694 0.266860
vn -0.157045 -0.847012 0.507845
vn -0.514949 -0.742268 0.428796
vn -0.486323 -0.867758 0.102399
vn -0.294797 -0.930264 0.218411
vn -0.321577 -0.783716 0.531392
vn -0.751961 -0.659040 0.014844
vn -0.486323 -0.867758 0.102399
vn -0.514949 -0.742268 0.428796
vn -0.702085 -0.679350 0.213446
vn -0.941145 -0.324036 0.096162
vn -0.751961 -0.659040 0.014844
vn -0.702085 -0.679350 0.213446
vn -0.863589 -0.353015 0.359992
vn -0.989097 -0.004303 0.147200
vn -0.941145 -0.324036 0.096162
vn -0.863589 -0.353015 0.359992
vn -0.893015 0.041466 0.448113
vn -0.877467 -0.123806 0.463384
vn -0.968274 -0.203785 0.144630
vn -0.989097 -0.004303 0.147200
vn -0.893015 0.041466 0.448113
vn -0.939928 -0.308603 0.145943
vn -0.968274 -0.203785 0.144630
vn -0.877467 -0.123806 0.463384
vn -0.858315 -0.179410 0.480737
vn -0.963782 -0.199582 0.176894
vn -0.939928 -0.308603 0.145943
vn -0.858315 -0.179410 0.480737
vn -0.844792 -0.113231 0.522978
vn -0.975562 -0.001217 0.219721
vn -0.963782 -0.199582 0.176894
vn -0.844792 -0.113231 0.522978
vn -0.825879 0.024662 0.563307
vn -0.949588 0.247124 0.192906
vn -0.975562 -0.001217 0.219721
vn -0.825879 0.024662 0.563307
vn -0.822014 0.255371 0.508997
vn -0.822860 0.548214 0.149543
vn -0.949588 0.247124 0.192906
vn -0.822014 0.255371 0.508997
vn -0.768028 0.515185 0.380419
vn -0.768028 0.515185 0.380419
vn -0.562486 0.565460 0.603212
vn -0.579222 0.787316 0.211269
vn -0.822860 0.548214 0.149543
vn -0.376973 0.879786 0.289601
vn -0.579222 0.787316 0.211269
vn -0.562486 0.565460 0.603212
vn -0.336692 0.597557 0.727712
vn -0.376973 0.879786 0.289601
vn -0.336692 0.597557 0.727712
vn -0.208211 0.662255 0.719768
vn -0.199795 0.931849 0.302884
vn -0.199795 0.931849 0.302884
vn -0.208211 0.662255 0.719768
vn -0.739305 -0.654224 -0.159433
vn -0.939161 -0.327779 -0.102648
vn -0.886895 -0.360104 -0.289382
vn -0.683470 -0.652580 -0.327121
vn -0.970402 -0.229044 -0.076539
vn -0.931854 -0.355829 -0.070957
vn -0.896818 -0.357215 -0.260989
vn -0.931575 -0.247189 -0.266581
vn -0.931854 -0.355829 -0.070957
vn -0.970277 -0.231683 -0.069902
vn -0.932314 -0.219455 -0.287456
vn -0.896818 -0.357215 -0.260989
vn -0.982677 0.183072 -0.028815
vn -0.844118 0.536155 -0.001634
vn -0.850343 0.486641 -0.200243
vn -0.962126 0.099081 -0.253963
vn -0.970277 -0.231683 -0.069902
vn -0.997742 -0.044500 -0.050302
vn -0.955557 -0.073233 -0.285567
vn -0.932314 -0.219455 -0.287456
vn -0.313898 -0.887108 -0.338389
vn -0.169174 -0.932242 -0.319851
vn -0.152848 -0.987627 -0.035069
vn -0.308913 -0.946546 -0.092865
vn -0.850343 0.486641 -0.200243
vn -0.844118 0.536155 -0.001634
vn -0.604748 0.796267 0.015448
vn -0.605978 0.776124 -0.174423
vn -0.739305 -0.654224 -0.159433
vn -0.683470 -0.652580 -0.327121
vn -0.505044 -0.796066 -0.333482
vn -0.519801 -0.842628 -0.140657
vn -0.374652 0.927058 0.014144
vn -0.172301 0.985016 0.007501
vn -0.145357 0.960541 -0.237133
vn -0.354279 0.910594 -0.212848
vn -0.169174 -0.932242 -0.319851
vn -0.152848 -0.987627 -0.035069
vn -0.505044 -0.796066 -0.333482
vn -0.313898 -0.887108 -0.338389
vn -0.308913 -0.946546 -0.092865
vn -0.519801 -0.842628 -0.140657
vn -0.604748 0.796267 0.015448
vn -0.374652 0.927058 0.014144
vn -0.354279 0.910594 -0.212848
vn -0.605978 0.776124 -0.174423
vn -0.997742 -0.044500 -0.050302
vn -0.982677 0.183072 -0.028815
vn -0.962126 0.099081 -0.253963
vn -0.955557 -0.073233 -0.285567
vn -0.172301 0.985016 0.007501
vn -0.145357 0.960541 -0.237133
vn -0.931575 -0.247189 -0.266581
vn -0.960455 -0.061123 -0.271643
vn -0.996812 -0.023819 -0.076147
vn -0.970402 -0.229044 -0.076539
vn -0.939161 -0.327779 -0.102648
vn -0.996812 -0.023819 -0.076147
vn -0.960455 -0.061123 -0.271643
vn -0.886895 -0.360104 -0.289382
vn -0.169174 -0.932242 -0.319851
vn -0.177801 -0.820691 -0.543004
vn -0.313898 -0.887108 -0.338389
vn -0.319971 -0.788757 -0.524862
vn -0.177801 -0.820691 -0.543004
vn -0.169174 -0.932242 -0.319851
vn -0.505044 -0.796066 -0.333482
vn -0.472877 -0.736656 -0.483452
vn -0.319971 -0.788757 -0.524862
vn -0.313898 -0.887108 -0.338389
vn -0.683470 -0.652580 -0.327121
vn -0.579499 -0.641487 -0.502669
vn -0.472877 -0.736656 -0.483452
vn -0.505044 -0.796066 -0.333482
vn -0.886895 -0.360104 -0.289382
vn -0.745187 -0.411823 -0.524498
vn -0.579499 -0.641487 -0.502669
vn -0.683470 -0.652580 -0.327121
vn -0.960455 -0.061123 -0.271643
vn -0.805854 -0.173410 -0.566152
vn -0.745187 -0.411823 -0.524498
vn -0.886895 -0.360104 -0.289382
vn -0.931575 -0.247189 -0.266581
vn -0.779921 -0.268057 -0.565569
vn -0.805854 -0.173410 -0.566152
vn -0.960455 -0.061123 -0.271643
vn -0.896818 -0.357215 -0.260989
vn -0.765703 -0.318585 -0.558751
vn -0.779921 -0.268057 -0.565569
vn -0.931575 -0.247189 -0.266581
vn -0.932314 -0.219455 -0.287456
vn -0.781568 -0.160873 -0.602720
vn -0.765703 -0.318585 -0.558751
vn -0.896818 -0.357215 -0.260989
vn -0.955557 -0.073233 -0.285567
vn -0.779953 -0.033616 -0.624934
vn -0.781568 -0.160873 -0.602720
vn -0.932314 -0.219455 -0.287456
vn -0.962126 0.099081 -0.253963
vn -0.782500 0.074982 -0.618119
vn -0.779953 -0.033616 -0.624934
vn -0.955557 -0.073233 -0.285567
vn -0.850343 0.486641 -0.200243
vn -0.739420 0.403677 -0.538797
vn -0.782500 0.074982 -0.618119
vn -0.962126 0.099081 -0.253963
vn -0.605978 0.776124 -0.174423
vn -0.561356 0.679805 -0.471959
vn -0.739420 0.403677 -0.538797
vn -0.850343 0.486641 -0.200243
vn -0.354279 0.910594 -0.212848
vn -0.338535 0.762825 -0.550901
vn -0.561356 0.679805 -0.471959
vn -0.605978 0.776124 -0.174423
vn -0.145357 0.960541 -0.237133
vn -0.144995 0.801150 -0.580634
vn -0.338535 0.762825 -0.550901
vn -0.354279 0.910594 -0.212848
vn -0.144995 0.801150 -0.580634
vn -0.145357 0.960541 -0.237133
vn -0.386259 0.378099 -0.841335
vn -0.167111 0.463065 -0.870428
vn -0.190235 0.244418 -0.950826
vn -0.428251 0.165418 -0.888391
vn -0.745187 -0.411823 -0.524498
vn -0.450022 -0.453753 -0.769148
vn -0.381768 -0.598840 -0.704020
vn -0.579499 -0.641487 -0.502669
vn -0.805854 -0.173410 -0.566152
vn -0.477704 -0.291245 -0.828839
vn -0.450022 -0.453753 -0.769148
vn -0.745187 -0.411823 -0.524498
vn -0.779921 -0.268057 -0.565569
vn -0.470021 -0.266821 -0.841360
vn -0.477704 -0.291245 -0.828839
vn -0.805854 -0.173410 -0.566152
vn -0.765703 -0.318585 -0.558751
vn -0.471959 -0.236067 -0.849427
vn -0.470021 -0.266821 -0.841360
vn -0.779921 -0.268057 -0.565569
vn -0.781568 -0.160873 -0.602720
vn -0.470565 -0.079171 -0.878806
vn -0.471959 -0.236067 -0.849427
vn -0.765703 -0.318585 -0.558751
vn -0.779953 -0.033616 -0.624934
vn -0.449784 0.054747 -0.891458
vn -0.470565 -0.079171 -0.878806
vn -0.781568 -0.160873 -0.602720
vn -0.782500 0.074982 -0.618119
vn -0.428251 0.165418 -0.888391
vn -0.449784 0.054747 -0.891458
vn -0.779953 -0.033616 -0.624934
vn -0.477704 -0.291245 -0.828839
vn -0.221431 -0.343402 -0.912712
vn -0.214404 -0.441016 -0.871513
vn -0.450022 -0.453753 -0.769148
vn -0.470021 -0.266821 -0.841360
vn -0.225806 -0.261477 -0.938425
vn -0.221431 -0.343402 -0.912712
vn -0.477704 -0.291245 -0.828839
vn -0.471959 -0.236067 -0.849427
vn -0.227462 -0.178978 -0.957198
vn -0.225806 -0.261477 -0.938425
vn -0.470021 -0.266821 -0.841360
vn -0.470565 -0.079171 -0.878806
vn -0.221673 -0.034241 -0.974520
vn -0.227462 -0.178978 -0.957198
vn -0.471959 -0.236067 -0.849427
vn -0.449784 0.054747 -0.891458
vn -0.208410 0.102710 -0.972633
vn -0.221673 -0.034241 -0.974520
vn -0.470565 -0.079171 -0.878806
vn -0.428251 0.165418 -0.888391
vn -0.190235 0.244418 -0.950826
vn -0.208410 0.102710 -0.972633
vn -0.449784 0.054747 -0.891458
vn -0.739420 0.403677 -0.538797
vn -0.386259 0.378099 -0.841335
vn -0.428251 0.165418 -0.888391
vn -0.782500 0.074982 -0.618119
vn -0.338535 0.762825 -0.550901
vn -0.386259 0.378099 -0.841335
vn -0.739420 0.403677 -0.538797
vn -0.561356 0.679805 -0.471959
vn -0.221431 -0.343402 -0.912712
vn -0.214404 -0.441016 -0.871513
vn -0.225806 -0.261477 -0.938425
vn -0.221431 -0.343402 -0.912712
vn -0.227462 -0.178978 -0.957198
vn -0.225806 -0.261477 -0.938425
vn -0.221673 -0.034241 -0.974520
vn -0.227462 -0.178978 -0.957198
vn -0.208410 0.102710 -0.972633
vn -0.221673 -0.034241 -0.974520
vn -0.190235 0.244418 -0.950826
vn -0.208410 0.102710 -0.972633
vn -0.167111 0.463065 -0.870428
vn -0.190235 0.244418 -0.950826
vn -0.167111 0.463065 -0.870428
vn -0.144995 0.801150 -0.580634
vn -0.144995 0.801150 -0.580634
vn -0.167111 0.463065 -0.870428
vn -0.386259 0.378099 -0.841335
vn -0.338535 0.762825 -0.550901
vn -0.450022 -0.453753 -0.769148
vn -0.214404 -0.441016 -0.871513
vn -0.203435 -0.601610 -0.772451
vn -0.381768 -0.598840 -0.704020
vn -0.214404 -0.441016 -0.871513
vn -0.203435 -0.601610 -0.772451
vn -0.177801 -0.820691 -0.543004
vn -0.203435 -0.601610 -0.772451
vn -0.319971 -0.788757 -0.524862
vn -0.381768 -0.598840 -0.704020
vn -0.203435 -0.601610 -0.772451
vn -0.177801 -0.820691 -0.543004
vn -0.472877 -0.736656 -0.483452
vn -0.579499 -0.641487 -0.502669
vn -0.381768 -0.598840 -0.704020
vn -0.319971 -0.788757 -0.524862
vn -0.154671 -0.455087 0.876911
vn -0.321577 -0.783716 0.531392
vn -0.157045 -0.847012 0.507845
vn -0.157045 -0.847012 0.507845
vn -0.050360 -0.828540 0.557661
vn -0.057299 -0.464867 0.883524
vn -0.154671 -0.455087 0.876911
vn -0.050360 -0.828540 0.557661
vn -0.057299 -0.464867 0.883524
vn -0.400808 -0.391314 0.828388
vn -0.321577 -0.783716 0.531392
vn -0.154671 -0.455087 0.876911
vn -0.515961 0.049070 0.855205
vn -0.400808 -0.391314 0.828388
vn -0.300312 -0.429761 0.851539
vn 0.515956 0.048729 0.855228
vn 0.300273 -0.429781 0.851542
vn 0.400805 -0.391388 0.828354
vn 0.638068 -0.085598 0.765207
vn 0.692263 -0.122341 0.711199
vn 0.708008 0.021072 0.705890
vn 0.692263 -0.122341 0.711199
vn 0.758214 -0.110595 0.642558
vn 0.708008 0.021072 0.705890
vn 0.758214 -0.110595 0.642558
vn 0.879337 0.000000 0.476200
vn 0.708008 0.021072 0.705890
vn 0.879337 0.000000 0.476200
vn 0.812001 0.137288 0.567280
vn 0.708008 0.021072 0.705890
vn 0.812001 0.137288 0.567280
vn 0.674099 0.209295 0.708369
vn 0.708008 0.021072 0.705890
vn 0.674099 0.209295 0.708369
vn 0.590581 0.119132 0.798136
vn 0.708008 0.021072 0.705890
vn 0.590581 0.119132 0.798136
vn 0.595789 -0.005373 0.803123
vn 0.708008 0.021072 0.705890
vn 0.595789 -0.005373 0.803123
vn 0.638068 -0.085598 0.765207
vn 0.708008 0.021072 0.705890
vn -0.658216 0.062109 -0.750263
vn -0.699568 -0.014142 -0.714426
vn -0.697449 0.081937 -0.711935
vn -0.697449 0.081937 -0.711935
vn -0.699568 -0.014142 -0.714426
vn -0.740508 0.066734 -0.668726
vn -0.740508 0.066734 -0.668726
vn -0.699568 -0.014142 -0.714426
vn -0.806981 0.000001 -0.590578
vn -0.806981 0.000001 -0.590578
vn -0.699568 -0.014142 -0.714426
vn -0.772829 -0.074619 -0.630213
vn -0.772829 -0.074619 -0.630213
vn -0.699568 -0.014142 -0.714426
vn -0.692188 -0.139884 -0.708031
vn -0.692188 -0.139884 -0.708031
vn -0.699568 -0.014142 -0.714426
vn -0.622464 -0.090159 -0.777438
vn -0.622464 -0.090159 -0.777438
vn -0.699568 -0.014142 -0.714426
vn -0.624082 0.004724 -0.781345
vn -0.624082 0.004724 -0.781345
vn -0.699568 -0.014142 -0.714426
vn -0.658216 0.062109 -0.750263
vn 0.522892 0.841629 0.135072
vn 0.522892 0.841629 0.135072
vn 0.522892 0.841629 0.135072
vn 0.522892 0.841629 0.135072
vn -0.162410 0.887235 0.431783
vn -0.162410 0.887235 0.431783
vn -0.162410 0.887235 0.431783
vn -0.162410 0.887235 0.431783
vn -0.162413 -0.887235 0.431783
vn -0.162413 -0.887235 0.431783
vn -0.162413 -0.887235 0.431783
vn -0.162413 -0.887235 0.431783
vn 0.594858 -0.798967 0.088294
vn 0.594858 -0.798967 0.088294
vn 0.594858 -0.798967 0.088294
vn 0.594858 -0.798967 0.088294
vn 0.921190 -0.382083 -0.073630
vn 0.921190 -0.382083 -0.073630
vn 0.921190 -0.382083 -0.073630
vn 0.921190 -0.382083 -0.073630
vn 0.961462 0.263978 -0.076851
vn 0.961462 0.263978 -0.076851
vn 0.961462 0.263978 -0.076851
vn 0.961462 0.263978 -0.076851
vn -0.676914 -0.508869 -0.531827
vn -0.134164 -0.753899 -0.643146
vn -0.185088 -0.978896 0.086635
vn -0.825760 -0.561521 0.053051
vn -0.134164 -0.753899 -0.643146
vn 0.457824 -0.722242 -0.518424
vn 0.563999 -0.822848 0.069467
vn -0.185088 -0.978896 0.086635
vn -0.185088 -0.978896 0.086635
vn 0.563999 -0.822848 0.069467
vn 0.463194 -0.621455 0.631858
vn -0.127589 -0.630465 0.765660
vn -0.825760 -0.561521 0.053051
vn -0.185088 -0.978896 0.086635
vn -0.127589 -0.630465 0.765660
vn -0.671546 -0.408090 0.618456
vn -0.671546 -0.408090 0.618456
vn -0.127589 -0.630465 0.765660
vn -0.003819 0.042434 0.999092
vn -0.699273 0.147818 0.699405
vn -0.127589 -0.630465 0.765660
vn 0.463194 -0.621455 0.631858
vn 0.689064 -0.113240 0.715799
vn -0.003819 0.042434 0.999092
vn -0.013107 -0.131942 -0.991171
vn 0.682494 -0.236544 -0.691556
vn 0.457824 -0.722242 -0.518424
vn -0.134164 -0.753899 -0.643146
vn -0.705842 0.024514 -0.707945
vn -0.013107 -0.131942 -0.991171
vn -0.134164 -0.753899 -0.643146
vn -0.676914 -0.508869 -0.531827
vn 0.457824 -0.722242 -0.518424
vn 0.682494 -0.236544 -0.691556
vn 0.973221 -0.229345 0.015553
vn 0.563999 -0.822848 0.069467
vn 0.563999 -0.822848 0.069467
vn 0.973221 -0.229345 0.015553
vn 0.689064 -0.113240 0.715799
vn 0.463194 -0.621455 0.631858
vn -0.705842 0.024514 -0.707945
vn -0.676914 -0.508869 -0.531827
vn -0.825760 -0.561521 0.053051
vn -0.990145 0.139840 -0.007627
vn -0.990145 0.139840 -0.007627
vn -0.825760 -0.561521 0.053051
vn -0.671546 -0.408090 0.618456
vn -0.699273 0.147818 0.699405
vn -0.325267 -0.917243 0.229929
vn -0.179754 -0.937197 0.298915
vn -0.077397 -0.353063 0.932393
vn -0.702897 -0.255094 0.663975
vn -0.179754 -0.937197 0.298915
vn -0.035405 -0.971748 0.233350
vn 0.546915 -0.490109 0.678732
vn -0.077397 -0.353063 0.932393
vn -0.181753 -0.974752 -0.129709
vn -0.326631 -0.942990 -0.063896
vn -0.708811 -0.366093 -0.602961
vn -0.085744 -0.509758 -0.856034
vn -0.036779 -0.997492 -0.060482
vn -0.181753 -0.974752 -0.129709
vn -0.085744 -0.509758 -0.856034
vn 0.541005 -0.601108 -0.588203
vn 0.030659 -0.995728 0.087098
vn -0.036779 -0.997492 -0.060482
vn 0.541005 -0.601108 -0.588203
vn 0.800558 -0.597282 0.048596
vn -0.035405 -0.971748 0.233350
vn 0.030659 -0.995728 0.087098
vn 0.800558 -0.597282 0.048596
vn 0.546915 -0.490109 0.678732
vn -0.326631 -0.942990 -0.063896
vn -0.392176 -0.916219 0.082104
vn -0.963704 -0.265524 0.027760
vn -0.708811 -0.366093 -0.602961
vn -0.392176 -0.916219 0.082104
vn -0.325267 -0.917243 0.229929
vn -0.702897 -0.255094 0.663975
vn -0.963704 -0.265524 0.027760
vn -0.702897 -0.255094 0.663975
vn -0.077397 -0.353063 0.932393
vn 0.128220 0.724421 0.677329
vn -0.390934 0.797146 0.460140
vn -0.077397 -0.353063 0.932393
vn 0.546915 -0.490109 0.678732
vn 0.643149 0.602694 0.472356
vn 0.128220 0.724421 0.677329
vn -0.085744 -0.509758 -0.856034
vn -0.708811 -0.366093 -0.602961
vn -0.395824 0.705307 -0.588103
vn 0.121353 0.595503 -0.794134
vn 0.541005 -0.601108 -0.588203
vn -0.085744 -0.509758 -0.856034
vn 0.121353 0.595503 -0.794134
vn 0.638252 0.510864 -0.575892
vn 0.800558 -0.597282 0.048596
vn 0.541005 -0.601108 -0.588203
vn 0.638252 0.510864 -0.575892
vn 0.850574 0.523488 -0.049835
vn 0.546915 -0.490109 0.678732
vn 0.800558 -0.597282 0.048596
vn 0.850574 0.523488 -0.049835
vn 0.643149 0.602694 0.472356
vn -0.708811 -0.366093 -0.602961
vn -0.963704 -0.265524 0.027760
vn -0.600997 0.796440 -0.066974
vn -0.395824 0.705307 -0.588103
vn -0.963704 -0.265524 0.027760
vn -0.702897 -0.255094 0.663975
vn -0.390934 0.797146 0.460140
vn -0.600997 0.796440 -0.066974
vn -0.390934 0.797146 0.460140
vn 0.128220 0.724421 0.677329
vn 0.185093 0.978895 -0.086629
vn 0.128220 0.724421 0.677329
vn 0.643149 0.602694 0.472356
vn 0.185093 0.978895 -0.086629
vn 0.121353 0.595503 -0.794134
vn -0.395824 0.705307 -0.588103
vn 0.185093 0.978895 -0.086629
vn 0.638252 0.510864 -0.575892
vn 0.121353 0.595503 -0.794134
vn 0.185093 0.978895 -0.086629
vn 0.850574 0.523488 -0.049835
vn 0.638252 0.510864 -0.575892
vn 0.185093 0.978895 -0.086629
vn 0.643149 0.602694 0.472356
vn 0.850574 0.523488 -0.049835
vn 0.185093 0.978895 -0.086629
vn -0.395824 0.705307 -0.588103
vn -0.600997 0.796440 -0.066974
vn 0.185093 0.978895 -0.086629
vn -0.600997 0.796440 -0.066974
vn -0.390934 0.797146 0.460140
vn 0.185093 0.978895 -0.086629
vn 0.315171 0.024368 0.948722
vn 0.315174 0.024364 0.948721
vn 0.315174 0.024364 0.948721
vn 0.315171 0.024368 0.948722
vn -0.306348 0.141233 0.941384
vn -0.306348 0.141235 0.941384
vn -0.306348 0.141235 0.941384
vn -0.306348 0.141233 0.941384
vn -0.930813 0.202904 0.304001
vn -0.930814 0.202904 0.303998
vn -0.930814 0.202904 0.303998
vn -0.930813 0.202904 0.304001
vn -0.933756 0.147704 -0.326010
vn -0.933754 0.147706 -0.326016
vn -0.933754 0.147706 -0.326016
vn -0.933756 0.147704 -0.326010
vn -0.315168 -0.024367 -0.948723
vn -0.315170 -0.024367 -0.948722
vn -0.315170 -0.024367 -0.948722
vn -0.315168 -0.024367 -0.948723
vn 0.306351 -0.141235 -0.941383
vn 0.306350 -0.141233 -0.941384
vn 0.306350 -0.141233 -0.941384
vn 0.306351 -0.141235 -0.941383
vn 0.930809 -0.202904 -0.304013
vn 0.930809 -0.202906 -0.304013
vn 0.930809 -0.202906 -0.304013
vn 0.930809 -0.202904 -0.304013
vn 0.933749 -0.147703 0.326031
vn 0.933751 -0.147705 0.326026
vn 0.933751 -0.147705 0.326026
vn 0.933749 -0.147703 0.326031
vn -0.699273 0.147818 0.699405
vn -0.003819 0.042434 0.999092
vn -0.306348 0.141233 0.941384
vn -0.306348 0.141233 0.941384
vn -0.003819 0.042434 0.999092
vn 0.689064 -0.113240 0.715799
vn 0.315174 0.024364 0.948721
vn 0.315174 0.024364 0.948721
vn -0.013107 -0.131942 -0.991171
vn -0.705842 0.024514 -0.707945
vn -0.315168 -0.024367 -0.948723
vn -0.315168 -0.024367 -0.948723
vn 0.682494 -0.236544 -0.691556
vn -0.013107 -0.131942 -0.991171
vn 0.306351 -0.141235 -0.941383
vn 0.306351 -0.141235 -0.941383
vn 0.973221 -0.229345 0.015553
vn 0.682494 -0.236544 -0.691556
vn 0.930809 -0.202904 -0.304013
vn 0.930809 -0.202904 -0.304013
vn 0.689064 -0.113240 0.715799
vn 0.973221 -0.229345 0.015553
vn 0.933749 -0.147703 0.326031
vn 0.933749 -0.147703 0.326031
vn -0.705842 0.024514 -0.707945
vn -0.990145 0.139840 -0.007627
vn -0.933756 0.147704 -0.326010
vn -0.933756 0.147704 -0.326010
vn -0.990145 0.139840 -0.007627
vn -0.699273 0.147818 0.699405
vn -0.930813 0.202904 0.304001
vn -0.930813 0.202904 0.304001
vn -0.306348 0.141235 0.941384
vn -0.306348 0.141235 0.941384
vn -0.306347 0.141235 0.941384
vn -0.306347 0.141235 0.941384
vn -0.930814 0.202904 0.303998
vn -0.930814 0.202904 0.303998
vn -0.930815 0.202903 0.303997
vn -0.930815 0.202903 0.303997
vn -0.933754 0.147706 -0.326016
vn -0.933754 0.147706 -0.326016
vn -0.933754 0.147706 -0.326016
vn -0.933754 0.147706 -0.326016
vn -0.315170 -0.024367 -0.948722
vn -0.315170 -0.024367 -0.948722
vn -0.315171 -0.024366 -0.948722
vn -0.315171 -0.024366 -0.948722
vn 0.306350 -0.141233 -0.941384
vn 0.306350 -0.141233 -0.941384
vn 0.306350 -0.141233 -0.941384
vn 0.306350 -0.141233 -0.941384
vn 0.930809 -0.202906 -0.304013
vn 0.930809 -0.202906 -0.304013
vn 0.930809 -0.202905 -0.304013
vn 0.930809 -0.202905 -0.304013
vn 0.933751 -0.147705 0.326026
vn 0.933751 -0.147705 0.326026
vn 0.933751 -0.147703 0.326026
vn 0.933751 -0.147703 0.326026
vn 0.315171 0.024368 0.948722
vn 0.315171 0.024368 0.948722
vn 0.315171 0.024369 0.948722
vn 0.315171 0.024369 0.948722
vn 0.315173 0.024362 0.948722
vn 0.315173 0.024362 0.948722
vn 0.315173 0.024362 0.948722
vn 0.315173 0.024362 0.948722
vn -0.306349 0.141235 0.941384
vn -0.306349 0.141235 0.941384
vn -0.306349 0.141235 0.941384
vn -0.306349 0.141235 0.941384
vn -0.930813 0.202903 0.304002
vn -0.930813 0.202903 0.304002
vn -0.930813 0.202903 0.304002
vn -0.930813 0.202903 0.304002
vn -0.933754 0.147698 -0.326019
vn -0.933754 0.147698 -0.326019
vn -0.933754 0.147698 -0.326019
vn -0.933754 0.147698 -0.326019
vn -0.315169 -0.024369 -0.948723
vn -0.315169 -0.024369 -0.948723
vn -0.315169 -0.024369 -0.948723
vn -0.315169 -0.024369 -0.948723
vn 0.306350 -0.141227 -0.941384
vn 0.306350 -0.141227 -0.941384
vn 0.306350 -0.141227 -0.941384
vn 0.306350 -0.141227 -0.941384
vn 0.930811 -0.202894 -0.304014
vn 0.930811 -0.202894 -0.304014
vn 0.930811 -0.202894 -0.304014
vn 0.930811 -0.202894 -0.304014
vn 0.933750 -0.147699 0.326031
vn 0.933750 -0.147699 0.326031
vn 0.933750 -0.147699 0.326031
vn 0.933750 -0.147699 0.326031
vn -0.185089 -0.978894 0.086647
vn -0.185089 -0.978894 0.086647
vn -0.185089 -0.978894 0.086647
vn -0.185089 -0.978894 0.086647
vn 0.185099 0.978896 -0.086612
vn 0.185099 0.978896 -0.086612
vn 0.185099 0.978896 -0.086612
vn 0.185099 0.978896 -0.086612
vn 0.185087 0.978896 -0.086629
vn 0.185087 0.978896 -0.086630
vn 0.185087 0.978896 -0.086629
vn 0.185087 0.978896 -0.086629
vn -0.185093 -0.978894 0.086646
vn -0.185093 -0.978894 0.086646
vn -0.185093 -0.978894 0.086646
vn -0.185093 -0.978894 0.086646
vn 0.185065 0.978901 -0.086620
vn 0.185065 0.978901 -0.086620
vn 0.185065 0.978901 -0.086620
vn 0.185065 0.978901 -0.086620
vn -0.185091 -0.978896 0.086631
vn -0.185091 -0.978896 0.086631
vn -0.185091 -0.978896 0.086631
vn -0.185091 -0.978896 0.086631
vn 0.185071 0.978900 -0.086625
vn 0.185071 0.978900 -0.086625
vn 0.185071 0.978900 -0.086625
vn 0.185071 0.978900 -0.086625
vn -0.185086 -0.978896 0.086636
vn -0.185086 -0.978896 0.086636
vn -0.185086 -0.978896 0.086636
vn -0.185086 -0.978896 0.086636
vn 0.185088 0.978895 -0.086646
vn 0.185088 0.978895 -0.086646
vn 0.185088 0.978895 -0.086646
vn 0.185088 0.978895 -0.086646
vn -0.185093 -0.978891 0.086680
vn -0.185093 -0.978891 0.086680
vn -0.185093 -0.978891 0.086680
vn -0.185093 -0.978891 0.086680
vn 0.185100 0.978894 -0.086629
vn 0.185100 0.978894 -0.086629
vn 0.185100 0.978894 -0.086629
vn 0.185100 0.978894 -0.086629
vn -0.185085 -0.978898 0.086611
vn -0.185085 -0.978898 0.086611
vn -0.185085 -0.978898 0.086611
vn -0.185085 -0.978898 0.086611
vn 0.185111 0.978891 -0.086639
vn 0.185111 0.978891 -0.086639
vn 0.185111 0.978891 -0.086639
vn 0.185111 0.978891 -0.086639
vn -0.185065 -0.978901 0.086628
vn -0.185065 -0.978901 0.086628
vn -0.185065 -0.978901 0.086628
vn -0.185065 -0.978901 0.086628
vn 0.185117 0.978892 -0.086619
vn 0.185117 0.978892 -0.086619
vn 0.185117 0.978892 -0.086619
vn 0.185117 0.978892 -0.086619
vn -0.185078 -0.978898 0.086628
vn -0.185078 -0.978898 0.086628
vn -0.185078 -0.978898 0.086628
vn -0.185078 -0.978898 0.086628
vn -0.407064 0.215805 0.887540
vn -0.272458 0.218714 0.936980
vn -0.199485 0.251570 0.947058
vn -0.371572 0.248491 0.894531
vn -0.272458 0.218714 0.936980
vn -0.224249 0.233862 0.946055
vn -0.142887 0.264286 0.953801
vn -0.199485 0.251570 0.947058
vn -0.041003 0.078099 0.996102
vn 0.000017 0.149127 0.988818
vn -0.088073 0.137831 0.986532
vn -0.086303 0.077372 0.993260
vn -0.088073 0.137831 0.986532
vn -0.289544 0.107968 0.951056
vn -0.293133 0.077875 0.952895
vn -0.086303 0.077372 0.993260
vn -0.006022 -0.340591 -0.940192
vn -0.186569 0.232785 -0.954465
vn -0.391011 0.243971 -0.887462
vn -0.112569 -0.360904 -0.925784
vn -0.006022 -0.340591 -0.940192
vn -0.112569 -0.360904 -0.925784
vn -0.365135 -0.369611 -0.854438
vn -0.183150 -0.345120 -0.920515
vn -0.921739 0.336488 0.192802
vn -0.907790 0.350523 -0.230327
vn -0.929614 0.282177 -0.237051
vn -0.936847 0.286012 0.201283
vn -0.079561 0.676551 0.732086
vn 0.000000 0.672907 0.739727
vn 0.000000 0.753985 0.656892
vn -0.130820 0.826888 0.546940
vn -0.198282 0.846821 0.493537
vn -0.130820 0.826888 0.546940
vn -0.219422 0.960515 0.171068
vn -0.216294 0.960864 0.173081
vn -0.391011 0.243971 -0.887462
vn -0.718499 0.260610 -0.644857
vn -0.695131 0.356259 -0.624397
vn -0.112569 -0.360904 -0.925784
vn -0.704693 0.254962 0.662120
vn -0.407064 0.215805 0.887540
vn -0.371572 0.248491 0.894531
vn -0.700369 0.296041 0.649494
vn -0.289544 0.107968 0.951056
vn -0.664016 0.047591 0.746202
vn -0.685096 0.073204 0.724766
vn -0.293133 0.077875 0.952895
vn -0.219422 0.960515 0.171068
vn 0.000000 0.657084 -0.753817
vn -0.121713 0.759268 -0.639295
vn -0.216294 0.960864 0.173081
vn -0.051761 -0.065707 -0.996496
vn -0.044120 0.464397 -0.884527
vn 0.000000 0.465693 -0.884946
vn 0.000034 -0.044712 -0.999000
vn -0.907790 0.350523 -0.230327
vn -0.695131 0.356259 -0.624397
vn -0.718499 0.260610 -0.644857
vn -0.929614 0.282177 -0.237051
vn -0.988176 -0.145250 0.049102
vn -0.924949 -0.277717 -0.259504
vn -0.884302 0.077099 -0.460505
vn -0.978907 0.006141 -0.204216
vn -0.057019 0.117046 -0.991488
vn -0.215832 0.084936 -0.972729
vn -0.051761 -0.065707 -0.996496
vn 0.000034 -0.044712 -0.999000
vn -0.542293 0.253203 0.801128
vn -0.455487 0.215562 0.863750
vn -0.238523 0.365554 0.899709
vn -0.226936 0.389255 0.892738
vn -0.063376 0.415872 0.907212
vn -0.080658 0.438128 0.895287
vn -0.226936 0.389255 0.892738
vn -0.238523 0.365554 0.899709
vn -0.063376 0.415872 0.907212
vn -0.033674 0.435842 0.899393
vn 0.000000 0.429668 0.902987
vn -0.080658 0.438128 0.895287
vn 0.000000 0.429668 0.902987
vn 0.000000 0.672907 0.739727
vn -0.079561 0.676551 0.732086
vn -0.080658 0.438128 0.895287
vn -0.079561 0.676551 0.732086
vn -0.186670 0.689856 0.699466
vn -0.226936 0.389255 0.892738
vn -0.080658 0.438128 0.895287
vn -0.542293 0.253203 0.801128
vn -0.186670 0.689856 0.699466
vn -0.352373 0.613828 0.706433
vn -0.936847 0.286012 0.201283
vn -0.704693 0.254962 0.662120
vn -0.700369 0.296041 0.649494
vn -0.921739 0.336488 0.192802
vn -0.323366 0.945707 0.032766
vn -0.302211 0.832332 0.464642
vn -0.198282 0.846821 0.493537
vn -0.216294 0.960864 0.173081
vn -0.286393 0.755265 -0.589537
vn -0.323366 0.945707 0.032766
vn -0.216294 0.960864 0.173081
vn -0.121713 0.759268 -0.639295
vn -0.302211 0.832332 0.464642
vn -0.352373 0.613828 0.706433
vn -0.186670 0.689856 0.699466
vn -0.198282 0.846821 0.493537
vn -0.884302 0.077099 -0.460505
vn -0.924949 -0.277717 -0.259504
vn -0.341283 -0.435505 -0.832984
vn -0.428679 0.124142 -0.894887
vn -0.251013 -0.159951 -0.954677
vn -0.255302 0.376260 -0.890645
vn -0.044120 0.464397 -0.884527
vn -0.051761 -0.065707 -0.996496
vn -0.255302 0.376260 -0.890645
vn -0.286393 0.755265 -0.589537
vn -0.121713 0.759268 -0.639295
vn -0.044120 0.464397 -0.884527
vn -0.900489 -0.068933 0.429381
vn -0.455487 0.215562 0.863750
vn -0.542293 0.253203 0.801128
vn -0.523483 0.494240 0.694041
vn -0.988176 -0.145250 0.049102
vn -0.900489 -0.068933 0.429381
vn -0.807472 -0.245099 0.536578
vn -0.980335 -0.150584 0.127548
vn -0.980335 -0.150584 0.127548
vn -0.884053 -0.446761 -0.137314
vn -0.924949 -0.277717 -0.259504
vn -0.988176 -0.145250 0.049102
vn -0.532415 -0.506691 -0.678084
vn -0.407715 -0.323006 -0.854070
vn -0.251013 -0.159951 -0.954677
vn -0.341283 -0.435505 -0.832984
vn -0.527037 0.073656 -0.846645
vn -0.639469 0.550927 -0.536245
vn -0.286393 0.755265 -0.589537
vn -0.255302 0.376260 -0.890645
vn -0.286393 0.755265 -0.589537
vn -0.639469 0.550927 -0.536245
vn -0.722851 0.688023 -0.064114
vn -0.323366 0.945707 0.032766
vn -0.323366 0.945707 0.032766
vn -0.722851 0.688023 -0.064114
vn -0.615008 0.688487 0.384383
vn -0.302211 0.832332 0.464642
vn -0.302211 0.832332 0.464642
vn -0.615008 0.688487 0.384383
vn -0.462876 0.587819 0.663486
vn -0.352373 0.613828 0.706433
vn -0.900489 -0.068933 0.429381
vn -0.523483 0.494240 0.694041
vn -0.605236 0.469031 0.643195
vn -0.807472 -0.245099 0.536578
vn -0.407715 -0.323006 -0.854070
vn -0.527037 0.073656 -0.846645
vn -0.255302 0.376260 -0.890645
vn -0.251013 -0.159951 -0.954677
vn -0.341283 -0.435505 -0.832984
vn -0.251013 -0.159951 -0.954677
vn -0.051761 -0.065707 -0.996496
vn -0.215832 0.084936 -0.972729
vn -0.130820 0.826888 0.546940
vn -0.198282 0.846821 0.493537
vn -0.186670 0.689856 0.699466
vn -0.079561 0.676551 0.732086
vn -0.542293 0.253203 0.801128
vn -0.226936 0.389255 0.892738
vn -0.186670 0.689856 0.699466
vn -0.532415 -0.506691 -0.678084
vn -0.341283 -0.435505 -0.832984
vn -0.924949 -0.277717 -0.259504
vn -0.884053 -0.446761 -0.137314
vn -0.988176 -0.145250 0.049102
vn -0.836913 -0.058437 0.544207
vn -0.900489 -0.068933 0.429381
vn -0.121713 0.759268 -0.639295
vn 0.000000 0.657084 -0.753817
vn 0.000000 0.465693 -0.884946
vn -0.044120 0.464397 -0.884527
vn -0.836913 -0.058437 0.544207
vn -0.988176 -0.145250 0.049102
vn -0.978907 0.006141 -0.204216
vn -0.957701 0.033989 0.285750
vn -0.664016 0.047591 0.746202
vn -0.836913 -0.058437 0.544207
vn -0.957701 0.033989 0.285750
vn -0.685096 0.073204 0.724766
vn -0.605236 0.469031 0.643195
vn -0.523483 0.494240 0.694041
vn -0.352373 0.613828 0.706433
vn -0.462876 0.587819 0.663486
vn -0.455487 0.215562 0.863750
vn -0.664016 0.047591 0.746202
vn -0.289544 0.107968 0.951056
vn -0.238523 0.365554 0.899709
vn -0.088073 0.137831 0.986532
vn -0.063376 0.415872 0.907212
vn -0.238523 0.365554 0.899709
vn -0.289544 0.107968 0.951056
vn -0.088073 0.137831 0.986532
vn 0.000017 0.149127 0.988818
vn -0.033674 0.435842 0.899393
vn -0.063376 0.415872 0.907212
vn -0.900489 -0.068933 0.429381
vn -0.836913 -0.058437 0.544207
vn -0.664016 0.047591 0.746202
vn -0.455487 0.215562 0.863750
vn -0.542293 0.253203 0.801128
vn -0.352373 0.613828 0.706433
vn -0.523483 0.494240 0.694041
vn -0.722851 0.688023 -0.064114
vn -0.639469 0.550927 -0.536245
vn -0.133723 0.008239 -0.990984
vn -0.575550 0.462046 -0.674727
vn -0.639469 0.550927 -0.536245
vn -0.527037 0.073656 -0.846645
vn 0.259636 -0.384542 -0.885842
vn -0.133723 0.008239 -0.990984
vn -0.615008 0.688487 0.384383
vn -0.722851 0.688023 -0.064114
vn -0.575550 0.462046 -0.674727
vn -0.774941 0.625126 -0.093187
vn -0.807472 -0.245099 0.536578
vn -0.605236 0.469031 0.643195
vn -0.376273 0.524043 0.764067
vn 0.562871 0.116086 0.818352
vn -0.462876 0.587819 0.663486
vn -0.615008 0.688487 0.384383
vn -0.774941 0.625126 -0.093187
vn -0.736728 0.592327 0.326159
vn -0.980335 -0.150584 0.127548
vn -0.807472 -0.245099 0.536578
vn 0.562871 0.116086 0.818352
vn 0.804126 -0.180381 0.566431
vn -0.884053 -0.446761 -0.137314
vn -0.980335 -0.150584 0.127548
vn 0.804126 -0.180381 0.566431
vn 0.868089 -0.423029 0.259746
vn -0.407715 -0.323006 -0.854070
vn -0.532415 -0.506691 -0.678084
vn 0.702268 -0.618665 -0.352240
vn 0.414377 -0.541879 -0.731203
vn -0.532415 -0.506691 -0.678084
vn -0.884053 -0.446761 -0.137314
vn 0.868089 -0.423029 0.259746
vn 0.702268 -0.618665 -0.352240
vn -0.527037 0.073656 -0.846645
vn -0.407715 -0.323006 -0.854070
vn 0.414377 -0.541879 -0.731203
vn 0.259636 -0.384542 -0.885842
vn -0.605236 0.469031 0.643195
vn -0.462876 0.587819 0.663486
vn -0.736728 0.592327 0.326159
vn -0.376273 0.524043 0.764067
vn 0.762063 0.176948 0.622856
vn 0.250606 0.836097 0.487995
vn 0.672030 0.719312 0.175970
vn 0.895689 0.127598 0.425981
vn 0.781000 -0.264116 0.565934
vn 0.762063 0.176948 0.622856
vn 0.895689 0.127598 0.425981
vn 0.850494 -0.231056 0.472518
vn 0.757237 -0.535873 0.373407
vn 0.781000 -0.264116 0.565934
vn 0.850494 -0.231056 0.472518
vn 0.762272 -0.490326 0.422518
vn 0.290454 -0.916615 -0.274688
vn 0.757237 -0.535873 0.373407
vn 0.762272 -0.490326 0.422518
vn -0.033288 -0.997503 -0.062292
vn -0.033075 -0.792694 -0.608722
vn 0.290454 -0.916615 -0.274688
vn -0.033288 -0.997503 -0.062292
vn -0.574164 -0.734784 -0.361150
vn -0.238483 -0.606910 -0.758147
vn -0.033075 -0.792694 -0.608722
vn -0.574164 -0.734784 -0.361150
vn -0.784604 -0.431761 -0.444948
vn -0.578586 -0.167557 -0.798225
vn -0.238483 -0.606910 -0.758147
vn -0.784604 -0.431761 -0.444948
vn -0.885653 -0.063264 -0.460018
vn -0.716530 0.345022 -0.606255
vn -0.578586 -0.167557 -0.798225
vn -0.885653 -0.063264 -0.460018
vn -0.846043 0.300417 -0.440410
vn -0.628986 0.749675 -0.205826
vn -0.716530 0.345022 -0.606255
vn -0.846043 0.300417 -0.440410
vn -0.586919 0.723266 -0.363885
vn -0.344133 0.927137 0.148286
vn -0.628986 0.749675 -0.205826
vn -0.586919 0.723266 -0.363885
vn 0.035418 0.987081 -0.156260
vn 0.250606 0.836097 0.487995
vn -0.344133 0.927137 0.148286
vn 0.035418 0.987081 -0.156260
vn 0.672030 0.719312 0.175970
vn 0.562871 0.116086 0.818352
vn -0.376273 0.524043 0.764067
vn 0.250606 0.836097 0.487995
vn 0.762063 0.176948 0.622856
vn 0.804126 -0.180381 0.566431
vn 0.562871 0.116086 0.818352
vn 0.762063 0.176948 0.622856
vn 0.781000 -0.264116 0.565934
vn 0.868089 -0.423029 0.259746
vn 0.804126 -0.180381 0.566431
vn 0.781000 -0.264116 0.565934
vn 0.757237 -0.535873 0.373407
vn 0.702268 -0.618665 -0.352240
vn 0.868089 -0.423029 0.259746
vn 0.757237 -0.535873 0.373407
vn 0.290454 -0.916615 -0.274688
vn 0.414377 -0.541879 -0.731203
vn 0.702268 -0.618665 -0.352240
vn 0.290454 -0.916615 -0.274688
vn -0.033075 -0.792694 -0.608722
vn 0.259636 -0.384542 -0.885842
vn 0.414377 -0.541879 -0.731203
vn -0.033075 -0.792694 -0.608722
vn -0.238483 -0.606910 -0.758147
vn -0.133723 0.008239 -0.990984
vn 0.259636 -0.384542 -0.885842
vn -0.238483 -0.606910 -0.758147
vn -0.578586 -0.167557 -0.798225
vn -0.575550 0.462046 -0.674727
vn -0.133723 0.008239 -0.990984
vn -0.578586 -0.167557 -0.798225
vn -0.716530 0.345022 -0.606255
vn -0.774941 0.625126 -0.093187
vn -0.575550 0.462046 -0.674727
vn -0.716530 0.345022 -0.606255
vn -0.628986 0.749675 -0.205826
vn -0.736728 0.592327 0.326159
vn -0.774941 0.625126 -0.093187
vn -0.628986 0.749675 -0.205826
vn -0.344133 0.927137 0.148286
vn -0.376273 0.524043 0.764067
vn -0.736728 0.592327 0.326159
vn -0.344133 0.927137 0.148286
vn 0.250606 0.836097 0.487995
vn -0.885653 -0.063264 -0.460018
vn -0.784604 -0.431761 -0.444948
vn -0.775557 -0.472360 -0.418793
vn -0.892667 -0.071140 -0.445067
vn -0.846043 0.300417 -0.440410
vn -0.885653 -0.063264 -0.460018
vn -0.892667 -0.071140 -0.445067
vn -0.839071 0.327999 -0.434024
vn -0.586919 0.723266 -0.363885
vn -0.846043 0.300417 -0.440410
vn -0.839071 0.327999 -0.434024
vn -0.512844 0.778991 -0.360782
vn 0.035418 0.987081 -0.156260
vn -0.586919 0.723266 -0.363885
vn -0.512844 0.778991 -0.360782
vn 0.185075 0.974967 -0.123231
vn 0.672030 0.719312 0.175970
vn 0.035418 0.987081 -0.156260
vn 0.185075 0.974967 -0.123231
vn 0.730297 0.653100 0.200319
vn 0.895689 0.127598 0.425981
vn 0.672030 0.719312 0.175970
vn 0.730297 0.653100 0.200319
vn 0.899768 0.117542 0.420239
vn 0.850494 -0.231056 0.472518
vn 0.895689 0.127598 0.425981
vn 0.899768 0.117542 0.420239
vn 0.854143 -0.225088 0.468802
vn 0.762272 -0.490326 0.422518
vn 0.850494 -0.231056 0.472518
vn 0.854143 -0.225088 0.468802
vn 0.772488 -0.469263 0.427848
vn -0.033288 -0.997503 -0.062292
vn 0.762272 -0.490326 0.422518
vn 0.772488 -0.469263 0.427848
vn 0.098869 -0.994649 0.029970
vn -0.574164 -0.734784 -0.361150
vn -0.033288 -0.997503 -0.062292
vn 0.098869 -0.994649 0.029970
vn -0.538987 -0.779296 -0.319673
vn -0.784604 -0.431761 -0.444948
vn -0.574164 -0.734784 -0.361150
vn -0.538987 -0.779296 -0.319673
vn -0.775557 -0.472360 -0.418793
vn -0.079086 -0.208746 0.974767
vn -0.135970 -0.257562 0.956647
vn -0.199485 0.251570 0.947058
vn -0.142887 0.264286 0.953801
vn -0.135970 -0.257562 0.956647
vn -0.331907 -0.346450 0.877388
vn -0.371572 0.248491 0.894531
vn -0.199485 0.251570 0.947058
vn -0.331907 -0.346450 0.877388
vn -0.660727 -0.408453 0.629767
vn -0.700369 0.296041 0.649494
vn -0.371572 0.248491 0.894531
vn -0.660727 -0.408453 0.629767
vn -0.889537 -0.400583 0.219675
vn -0.921739 0.336488 0.192802
vn -0.700369 0.296041 0.649494
vn -0.889537 -0.400583 0.219675
vn -0.903120 -0.381921 -0.196240
vn -0.907790 0.350523 -0.230327
vn -0.921739 0.336488 0.192802
vn -0.903120 -0.381921 -0.196240
vn -0.694103 -0.399057 -0.599145
vn -0.695131 0.356259 -0.624397
vn -0.907790 0.350523 -0.230327
vn -0.112569 -0.360904 -0.925784
vn -0.695131 0.356259 -0.624397
vn -0.694103 -0.399057 -0.599145
vn -0.365135 -0.369611 -0.854438
vn -0.105513 -0.195414 0.975028
vn -0.053939 -0.164009 0.984983
vn -0.000046 0.000233 1.000000
vn -0.126017 -0.023635 0.991747
vn -0.322131 -0.231460 0.917964
vn -0.105513 -0.195414 0.975028
vn -0.126017 -0.023635 0.991747
vn -0.361831 -0.062605 0.930139
vn -0.692762 -0.231409 0.683031
vn -0.322131 -0.231460 0.917964
vn -0.361831 -0.062605 0.930139
vn -0.729032 -0.087322 0.678887
vn -0.962907 -0.159449 0.217685
vn -0.692762 -0.231409 0.683031
vn -0.729032 -0.087322 0.678887
vn -0.924604 -0.116331 0.362731
vn -0.979087 -0.190834 -0.070505
vn -0.968740 0.002931 -0.248062
vn -0.962907 -0.159449 0.217685
vn -0.924604 -0.116331 0.362731
vn -0.979087 -0.190834 -0.070505
vn -0.536575 -0.356535 -0.764833
vn -0.801090 -0.109015 -0.588533
vn -0.968740 0.002931 -0.248062
vn -0.968740 0.002931 -0.248062
vn -0.801090 -0.109015 -0.588533
vn -0.694103 -0.399057 -0.599145
vn -0.903120 -0.381921 -0.196240
vn -0.962907 -0.159449 0.217685
vn -0.968740 0.002931 -0.248062
vn -0.903120 -0.381921 -0.196240
vn -0.889537 -0.400583 0.219675
vn -0.889537 -0.400583 0.219675
vn -0.660727 -0.408453 0.629767
vn -0.692762 -0.231409 0.683031
vn -0.962907 -0.159449 0.217685
vn -0.660727 -0.408453 0.629767
vn -0.331907 -0.346450 0.877388
vn -0.322131 -0.231460 0.917964
vn -0.692762 -0.231409 0.683031
vn -0.331907 -0.346450 0.877388
vn -0.135970 -0.257562 0.956647
vn -0.105513 -0.195414 0.975028
vn -0.322131 -0.231460 0.917964
vn -0.135970 -0.257562 0.956647
vn -0.079086 -0.208746 0.974767
vn -0.053939 -0.164009 0.984983
vn -0.105513 -0.195414 0.975028
vn -0.081149 -0.377542 -0.922430
vn -0.379214 -0.237328 -0.894356
vn -0.801090 -0.109015 -0.588533
vn -0.536575 -0.356535 -0.764833
vn -0.003161 -0.359696 -0.933064
vn -0.155471 -0.227960 -0.961178
vn -0.379214 -0.237328 -0.894356
vn -0.081149 -0.377542 -0.922430
vn -0.801090 -0.109015 -0.588533
vn -0.379214 -0.237328 -0.894356
vn -0.365135 -0.369611 -0.854438
vn -0.694103 -0.399057 -0.599145
vn -0.379214 -0.237328 -0.894356
vn -0.155471 -0.227960 -0.961178
vn -0.183150 -0.345120 -0.920515
vn -0.365135 -0.369611 -0.854438
vn -0.187411 0.134133 -0.973080
vn 0.000051 0.017063 -0.999855
vn -0.185002 -0.036295 -0.982068
vn -0.397146 0.151181 -0.905218
vn -0.185002 -0.036295 -0.982068
vn -0.627108 -0.175748 -0.758846
vn -0.725897 0.184743 -0.662528
vn -0.397146 0.151181 -0.905218
vn -0.943711 0.224190 -0.243204
vn -0.725897 0.184743 -0.662528
vn -0.627108 -0.175748 -0.758846
vn -0.947567 0.203169 -0.246658
vn -0.948085 0.230554 0.219041
vn -0.943711 0.224190 -0.243204
vn -0.947567 0.203169 -0.246658
vn -0.967099 -0.252827 0.028250
vn -0.967099 -0.252827 0.028250
vn -0.776252 -0.206420 0.595671
vn -0.699522 0.189958 0.688901
vn -0.948085 0.230554 0.219041
vn -0.776252 -0.206420 0.595671
vn -0.453941 -0.122165 0.882617
vn -0.432027 0.152220 0.888922
vn -0.699522 0.189958 0.688901
vn -0.453941 -0.122165 0.882617
vn -0.234728 -0.078268 0.968905
vn -0.338123 0.156288 0.928034
vn -0.432027 0.152220 0.888922
vn -0.234728 -0.078268 0.968905
vn -0.000005 -0.061740 0.998092
vn -0.312659 0.169209 0.934673
vn -0.338123 0.156288 0.928034
vn -0.338123 0.156288 0.928034
vn -0.312659 0.169209 0.934673
vn -0.224249 0.233862 0.946055
vn -0.272458 0.218714 0.936980
vn -0.432027 0.152220 0.888922
vn -0.338123 0.156288 0.928034
vn -0.272458 0.218714 0.936980
vn -0.407064 0.215805 0.887540
vn -0.699522 0.189958 0.688901
vn -0.432027 0.152220 0.888922
vn -0.407064 0.215805 0.887540
vn -0.704693 0.254962 0.662120
vn -0.948085 0.230554 0.219041
vn -0.699522 0.189958 0.688901
vn -0.704693 0.254962 0.662120
vn -0.936847 0.286012 0.201283
vn -0.936847 0.286012 0.201283
vn -0.929614 0.282177 -0.237051
vn -0.943711 0.224190 -0.243204
vn -0.948085 0.230554 0.219041
vn -0.929614 0.282177 -0.237051
vn -0.718499 0.260610 -0.644857
vn -0.725897 0.184743 -0.662528
vn -0.943711 0.224190 -0.243204
vn -0.397146 0.151181 -0.905218
vn -0.725897 0.184743 -0.662528
vn -0.718499 0.260610 -0.644857
vn -0.391011 0.243971 -0.887462
vn -0.186569 0.232785 -0.954465
vn -0.187411 0.134133 -0.973080
vn -0.397146 0.151181 -0.905218
vn -0.391011 0.243971 -0.887462
vn 0.407064 0.215805 0.887540
vn 0.371572 0.248491 0.894531
vn 0.199485 0.251570 0.947058
vn 0.272458 0.218715 0.936979
vn 0.272458 0.218715 0.936979
vn 0.199485 0.251570 0.947058
vn 0.142887 0.264286 0.953801
vn 0.224250 0.233863 0.946055
vn 0.041004 0.078099 0.996102
vn 0.086303 0.077372 0.993260
vn 0.088073 0.137831 0.986532
vn -0.000017 0.149127 0.988818
vn 0.088073 0.137831 0.986532
vn 0.086303 0.077372 0.993260
vn 0.293133 0.077875 0.952895
vn 0.289544 0.107968 0.951056
vn 0.006022 -0.340591 -0.940192
vn 0.112569 -0.360904 -0.925784
vn 0.391011 0.243971 -0.887462
vn 0.186569 0.232785 -0.954465
vn 0.921740 0.336487 0.192802
vn 0.936847 0.286012 0.201283
vn 0.929614 0.282177 -0.237051
vn 0.907790 0.350523 -0.230328
vn 0.079561 0.676551 0.732086
vn 0.130820 0.826888 0.546940
vn 0.000000 0.753985 0.656892
vn 0.000000 0.672907 0.739727
vn 0.198282 0.846821 0.493537
vn 0.216294 0.960864 0.173081
vn 0.219422 0.960515 0.171068
vn 0.130820 0.826888 0.546940
vn 0.391011 0.243971 -0.887462
vn 0.112569 -0.360904 -0.925784
vn 0.695132 0.356258 -0.624397
vn 0.718499 0.260610 -0.644857
vn 0.704692 0.254962 0.662120
vn 0.700370 0.296041 0.649494
vn 0.371572 0.248491 0.894531
vn 0.407064 0.215805 0.887540
vn 0.289544 0.107968 0.951056
vn 0.293133 0.077875 0.952895
vn 0.671244 0.073350 0.737599
vn 0.664016 0.047591 0.746202
vn 0.219422 0.960515 0.171068
vn 0.216294 0.960864 0.173081
vn 0.121713 0.759268 -0.639295
vn 0.000000 0.657084 -0.753817
vn 0.051761 -0.065707 -0.996496
vn -0.000034 -0.044712 -0.999000
vn 0.000000 0.465693 -0.884946
vn 0.044120 0.464397 -0.884527
vn 0.907790 0.350523 -0.230328
vn 0.929614 0.282177 -0.237051
vn 0.718499 0.260610 -0.644857
vn 0.695132 0.356258 -0.624397
vn 0.988176 -0.145250 0.049102
vn 0.985447 0.072714 -0.153643
vn 0.848002 0.032844 -0.528974
vn 0.924949 -0.277717 -0.259504
vn 0.133980 0.108044 -0.985077
vn 0.064988 0.121719 -0.990435
vn -0.000034 -0.044712 -0.999000
vn 0.051761 -0.065707 -0.996496
vn 0.542293 0.253203 0.801128
vn 0.226936 0.389255 0.892738
vn 0.238523 0.365554 0.899709
vn 0.509158 0.236146 0.827643
vn 0.063376 0.415873 0.907212
vn 0.238523 0.365554 0.899709
vn 0.226936 0.389255 0.892738
vn 0.080658 0.438128 0.895287
vn 0.063376 0.415873 0.907212
vn 0.080658 0.438128 0.895287
vn 0.000000 0.429668 0.902987
vn 0.033674 0.435843 0.899393
vn 0.000000 0.429668 0.902987
vn 0.080658 0.438128 0.895287
vn 0.079561 0.676551 0.732086
vn 0.000000 0.672907 0.739727
vn 0.079561 0.676551 0.732086
vn 0.080658 0.438128 0.895287
vn 0.226936 0.389255 0.892738
vn 0.186670 0.689856 0.699466
vn 0.542293 0.253203 0.801128
vn 0.352373 0.613828 0.706433
vn 0.186670 0.689856 0.699466
vn 0.936847 0.286012 0.201283
vn 0.921740 0.336487 0.192802
vn 0.700370 0.296041 0.649494
vn 0.704692 0.254962 0.662120
vn 0.323366 0.945707 0.032766
vn 0.216294 0.960864 0.173081
vn 0.198282 0.846821 0.493537
vn 0.302211 0.832332 0.464642
vn 0.286393 0.755265 -0.589537
vn 0.121713 0.759268 -0.639295
vn 0.216294 0.960864 0.173081
vn 0.323366 0.945707 0.032766
vn 0.302211 0.832332 0.464642
vn 0.198282 0.846821 0.493537
vn 0.186670 0.689856 0.699466
vn 0.352373 0.613828 0.706433
vn 0.848002 0.032844 -0.528974
vn 0.381988 0.084979 -0.920252
vn 0.341283 -0.435505 -0.832984
vn 0.924949 -0.277717 -0.259504
vn 0.251013 -0.159951 -0.954677
vn 0.051761 -0.065707 -0.996496
vn 0.044120 0.464397 -0.884527
vn 0.255302 0.376260 -0.890645
vn 0.255302 0.376260 -0.890645
vn 0.044120 0.464397 -0.884527
vn 0.121713 0.759268 -0.639295
vn 0.286393 0.755265 -0.589537
vn 0.900489 -0.068933 0.429381
vn 0.501397 0.220400 0.836675
vn 0.542293 0.253203 0.801128
vn 0.509158 0.236146 0.827643
vn 0.988176 -0.145250 0.049102
vn 0.980335 -0.150584 0.127548
vn 0.807472 -0.245099 0.536578
vn 0.900489 -0.068933 0.429381
vn 0.980335 -0.150584 0.127548
vn 0.988176 -0.145250 0.049102
vn 0.924949 -0.277717 -0.259504
vn 0.884053 -0.446761 -0.137314
vn 0.532415 -0.506691 -0.678084
vn 0.341283 -0.435505 -0.832984
vn 0.251013 -0.159951 -0.954677
vn 0.407715 -0.323006 -0.854070
vn 0.527037 0.073656 -0.846645
vn 0.255302 0.376260 -0.890645
vn 0.286393 0.755265 -0.589537
vn 0.639469 0.550927 -0.536245
vn 0.286393 0.755265 -0.589537
vn 0.323366 0.945707 0.032766
vn 0.722851 0.688023 -0.064114
vn 0.639469 0.550927 -0.536245
vn 0.323366 0.945707 0.032766
vn 0.302211 0.832332 0.464642
vn 0.615008 0.688487 0.384383
vn 0.722851 0.688023 -0.064114
vn 0.302211 0.832332 0.464642
vn 0.352373 0.613828 0.706433
vn 0.462876 0.587819 0.663486
vn 0.615008 0.688487 0.384383
vn 0.900489 -0.068933 0.429381
vn 0.807472 -0.245099 0.536578
vn 0.285187 0.128634 0.949801
vn 0.501397 0.220400 0.836675
vn 0.407715 -0.323006 -0.854070
vn 0.251013 -0.159951 -0.954677
vn 0.255302 0.376260 -0.890645
vn 0.527037 0.073656 -0.846645
vn 0.341283 -0.435505 -0.832984
vn 0.133980 0.108044 -0.985077
vn 0.051761 -0.065707 -0.996496
vn 0.251013 -0.159951 -0.954677
vn 0.130820 0.826888 0.546940
vn 0.079561 0.676551 0.732086
vn 0.186670 0.689856 0.699466
vn 0.198282 0.846821 0.493537
vn 0.542293 0.253203 0.801128
vn 0.186670 0.689856 0.699466
vn 0.226936 0.389255 0.892738
vn 0.532415 -0.506691 -0.678084
vn 0.884053 -0.446761 -0.137314
vn 0.924949 -0.277717 -0.259504
vn 0.341283 -0.435505 -0.832984
vn 0.988176 -0.145250 0.049102
vn 0.900489 -0.068933 0.429381
vn 0.943666 0.081138 0.320797
vn 0.121713 0.759268 -0.639295
vn 0.044120 0.464397 -0.884527
vn 0.000000 0.465693 -0.884946
vn 0.000000 0.657084 -0.753817
vn 0.943666 0.081138 0.320797
vn 0.962047 0.069948 0.263767
vn 0.985447 0.072714 -0.153643
vn 0.988176 -0.145250 0.049102
vn 0.664016 0.047591 0.746202
vn 0.671244 0.073350 0.737599
vn 0.962047 0.069948 0.263767
vn 0.943666 0.081138 0.320797
vn 0.285187 0.128634 0.949801
vn 0.462876 0.587819 0.663486
vn 0.352373 0.613828 0.706433
vn 0.501397 0.220400 0.836675
vn 0.509158 0.236146 0.827643
vn 0.238523 0.365554 0.899709
vn 0.289544 0.107968 0.951056
vn 0.664016 0.047591 0.746202
vn 0.088073 0.137831 0.986532
vn 0.289544 0.107968 0.951056
vn 0.238523 0.365554 0.899709
vn 0.063376 0.415873 0.907212
vn 0.088073 0.137831 0.986532
vn 0.063376 0.415873 0.907212
vn 0.033674 0.435843 0.899393
vn -0.000017 0.149127 0.988818
vn 0.900489 -0.068933 0.429381
vn 0.509158 0.236146 0.827643
vn 0.664016 0.047591 0.746202
vn 0.943666 0.081138 0.320797
vn 0.542293 0.253203 0.801128
vn 0.501397 0.220400 0.836675
vn 0.352373 0.613828 0.706433
vn 0.722851 0.688023 -0.064114
vn 0.872177 0.477058 -0.108275
vn 0.684040 0.382302 -0.621237
vn 0.639469 0.550927 -0.536245
vn 0.639469 0.550927 -0.536245
vn 0.684040 0.382302 -0.621237
vn 0.224009 0.181764 -0.957487
vn 0.527037 0.073656 -0.846645
vn 0.615008 0.688487 0.384383
vn 0.820632 0.433017 0.372906
vn 0.872177 0.477058 -0.108275
vn 0.722851 0.688023 -0.064114
vn 0.807472 -0.245099 0.536578
vn -0.640849 -0.190038 0.743773
vn 0.102727 0.071006 0.992172
vn 0.285187 0.128634 0.949801
vn 0.462876 0.587819 0.663486
vn 0.600449 0.293428 0.743883
vn 0.820632 0.433017 0.372906
vn 0.615008 0.688487 0.384383
vn 0.980335 -0.150584 0.127548
vn -0.919491 -0.288477 0.267053
vn -0.640849 -0.190038 0.743773
vn 0.807472 -0.245099 0.536578
vn 0.884053 -0.446761 -0.137314
vn -0.961370 -0.248676 -0.118018
vn -0.919491 -0.288477 0.267053
vn 0.980335 -0.150584 0.127548
vn 0.407715 -0.323006 -0.854070
vn -0.251846 0.023090 -0.967492
vn -0.761045 -0.096476 -0.641485
vn 0.532415 -0.506691 -0.678084
vn 0.532415 -0.506691 -0.678084
vn -0.761045 -0.096476 -0.641485
vn -0.961370 -0.248676 -0.118018
vn 0.884053 -0.446761 -0.137314
vn 0.527037 0.073656 -0.846645
vn 0.224009 0.181764 -0.957487
vn -0.251846 0.023090 -0.967492
vn 0.407715 -0.323006 -0.854070
vn 0.285187 0.128634 0.949801
vn 0.102727 0.071006 0.992172
vn 0.600449 0.293428 0.743883
vn 0.462876 0.587819 0.663486
vn -0.670423 -0.236719 0.703205
vn -0.610984 -0.196039 0.766986
vn 0.211307 0.047498 0.976265
vn 0.037139 0.031747 0.998806
vn -0.913221 -0.328596 0.240940
vn -0.924639 -0.276366 0.262038
vn -0.610984 -0.196039 0.766986
vn -0.670423 -0.236719 0.703205
vn -0.960421 -0.261913 -0.094830
vn -0.956673 -0.290189 -0.023827
vn -0.924639 -0.276366 0.262038
vn -0.913221 -0.328596 0.240940
vn -0.742636 -0.115551 -0.659652
vn -0.608578 -0.210356 -0.765103
vn -0.956673 -0.290189 -0.023827
vn -0.960421 -0.261913 -0.094830
vn -0.266502 0.052288 -0.962415
vn -0.045500 -0.030858 -0.998488
vn -0.608578 -0.210356 -0.765103
vn -0.742636 -0.115551 -0.659652
vn 0.231303 0.153503 -0.960696
vn 0.413630 0.119365 -0.902587
vn -0.045500 -0.030858 -0.998488
vn -0.266502 0.052288 -0.962415
vn 0.740661 0.288454 -0.606808
vn 0.801067 0.240211 -0.548262
vn 0.413630 0.119365 -0.902587
vn 0.231303 0.153503 -0.960696
vn 0.929503 0.355923 -0.096655
vn 0.954258 0.287129 -0.083354
vn 0.801067 0.240211 -0.548262
vn 0.740661 0.288454 -0.606808
vn 0.861063 0.327985 0.388582
vn 0.898136 0.268353 0.348338
vn 0.954258 0.287129 -0.083354
vn 0.929503 0.355923 -0.096655
vn 0.598999 0.228813 0.767362
vn 0.668569 0.193198 0.718116
vn 0.898136 0.268353 0.348338
vn 0.861063 0.327985 0.388582
vn 0.037139 0.031747 0.998806
vn 0.211307 0.047498 0.976265
vn 0.668569 0.193198 0.718116
vn 0.598999 0.228813 0.767362
vn -0.640849 -0.190038 0.743773
vn -0.670423 -0.236719 0.703205
vn 0.037139 0.031747 0.998806
vn 0.102727 0.071006 0.992172
vn -0.919491 -0.288477 0.267053
vn -0.913221 -0.328596 0.240940
vn -0.670423 -0.236719 0.703205
vn -0.640849 -0.190038 0.743773
vn -0.961370 -0.248676 -0.118018
vn -0.960421 -0.261913 -0.094830
vn -0.913221 -0.328596 0.240940
vn -0.919491 -0.288477 0.267053
vn -0.761045 -0.096476 -0.641485
vn -0.742636 -0.115551 -0.659652
vn -0.960421 -0.261913 -0.094830
vn -0.961370 -0.248676 -0.118018
vn -0.251846 0.023090 -0.967492
vn -0.266502 0.052288 -0.962415
vn -0.742636 -0.115551 -0.659652
vn -0.761045 -0.096476 -0.641485
vn 0.224009 0.181764 -0.957487
vn 0.231303 0.153503 -0.960696
vn -0.266502 0.052288 -0.962415
vn -0.251846 0.023090 -0.967492
vn 0.684040 0.382302 -0.621237
vn 0.740661 0.288454 -0.606808
vn 0.231303 0.153503 -0.960696
vn 0.224009 0.181764 -0.957487
vn 0.872177 0.477058 -0.108275
vn 0.929503 0.355923 -0.096655
vn 0.740661 0.288454 -0.606808
vn 0.684040 0.382302 -0.621237
vn 0.820632 0.433017 0.372906
vn 0.861063 0.327985 0.388582
vn 0.929503 0.355923 -0.096655
vn 0.872177 0.477058 -0.108275
vn 0.600449 0.293428 0.743883
vn 0.598999 0.228813 0.767362
vn 0.861063 0.327985 0.388582
vn 0.820632 0.433017 0.372906
vn 0.102727 0.071006 0.992172
vn 0.037139 0.031747 0.998806
vn 0.598999 0.228813 0.767362
vn 0.600449 0.293428 0.743883
vn 0.801067 0.240211 -0.548262
vn 0.769816 0.228983 -0.595777
vn 0.319784 0.084616 -0.943705
vn 0.413630 0.119365 -0.902587
vn 0.954258 0.287129 -0.083354
vn 0.952943 0.286513 -0.099044
vn 0.769816 0.228983 -0.595777
vn 0.801067 0.240211 -0.548262
vn 0.898136 0.268353 0.348338
vn 0.886420 0.263921 0.380271
vn 0.952943 0.286513 -0.099044
vn 0.954258 0.287129 -0.083354
vn 0.668569 0.193198 0.718116
vn 0.617293 0.174723 0.767086
vn 0.886420 0.263921 0.380271
vn 0.898136 0.268353 0.348338
vn 0.211307 0.047498 0.976265
vn 0.072130 0.002737 0.997392
vn 0.617293 0.174723 0.767086
vn 0.668569 0.193198 0.718116
vn -0.610984 -0.196039 0.766986
vn -0.688392 -0.217662 0.691910
vn 0.072130 0.002737 0.997392
vn 0.211307 0.047498 0.976265
vn -0.924639 -0.276366 0.262038
vn -0.926157 -0.276672 0.256292
vn -0.688392 -0.217662 0.691910
vn -0.610984 -0.196039 0.766986
vn -0.956673 -0.290189 -0.023827
vn -0.956851 -0.290340 -0.011780
vn -0.926157 -0.276672 0.256292
vn -0.924639 -0.276366 0.262038
vn -0.608578 -0.210356 -0.765103
vn -0.698464 -0.237097 -0.675228
vn -0.956851 -0.290340 -0.011780
vn -0.956673 -0.290189 -0.023827
vn -0.045500 -0.030858 -0.998488
vn -0.132308 -0.066285 -0.988990
vn -0.698464 -0.237097 -0.675228
vn -0.608578 -0.210356 -0.765103
vn 0.413630 0.119365 -0.902587
vn 0.319784 0.084616 -0.943705
vn -0.132308 -0.066285 -0.988990
vn -0.045500 -0.030858 -0.998488
vn 0.105514 -0.195413 0.975029
vn 0.126017 -0.023635 0.991747
vn 0.000046 0.000233 1.000000
vn 0.053939 -0.164008 0.984983
vn 0.322132 -0.231460 0.917964
vn 0.361831 -0.062605 0.930139
vn 0.126017 -0.023635 0.991747
vn 0.105514 -0.195413 0.975029
vn 0.692763 -0.231409 0.683030
vn 0.729032 -0.087322 0.678887
vn 0.361831 -0.062605 0.930139
vn 0.322132 -0.231460 0.917964
vn 0.926498 -0.276260 0.255505
vn 0.924604 -0.116331 0.362731
vn 0.729032 -0.087322 0.678887
vn 0.692763 -0.231409 0.683030
vn 0.979087 -0.190834 -0.070505
vn 0.924604 -0.116331 0.362731
vn 0.926498 -0.276260 0.255505
vn 0.932098 -0.296719 -0.207728
vn 0.979087 -0.190834 -0.070505
vn 0.932098 -0.296719 -0.207728
vn 0.731584 -0.312341 -0.605993
vn 0.536575 -0.356535 -0.764833
vn 0.907790 0.350523 -0.230328
vn 0.695132 0.356258 -0.624397
vn 0.694100 -0.399058 -0.599147
vn 0.903122 -0.381917 -0.196240
vn 0.921740 0.336487 0.192802
vn 0.907790 0.350523 -0.230328
vn 0.903122 -0.381917 -0.196240
vn 0.889540 -0.400576 0.219675
vn 0.700370 0.296041 0.649494
vn 0.921740 0.336487 0.192802
vn 0.889540 -0.400576 0.219675
vn 0.660728 -0.408448 0.629769
vn 0.371572 0.248491 0.894531
vn 0.700370 0.296041 0.649494
vn 0.660728 -0.408448 0.629769
vn 0.331906 -0.346450 0.877389
vn 0.199485 0.251570 0.947058
vn 0.371572 0.248491 0.894531
vn 0.331906 -0.346450 0.877389
vn 0.135971 -0.257562 0.956647
vn 0.079086 -0.208745 0.974767
vn 0.142887 0.264286 0.953801
vn 0.199485 0.251570 0.947058
vn 0.135971 -0.257562 0.956647
vn 0.932098 -0.296719 -0.207728
vn 0.903122 -0.381917 -0.196240
vn 0.694100 -0.399058 -0.599147
vn 0.731584 -0.312341 -0.605993
vn 0.926498 -0.276260 0.255505
vn 0.889540 -0.400576 0.219675
vn 0.903122 -0.381917 -0.196240
vn 0.932098 -0.296719 -0.207728
vn 0.889540 -0.400576 0.219675
vn 0.926498 -0.276260 0.255505
vn 0.692763 -0.231409 0.683030
vn 0.660728 -0.408448 0.629769
vn 0.660728 -0.408448 0.629769
vn 0.692763 -0.231409 0.683030
vn 0.322132 -0.231460 0.917964
vn 0.331906 -0.346450 0.877389
vn 0.331906 -0.346450 0.877389
vn 0.322132 -0.231460 0.917964
vn 0.105514 -0.195413 0.975029
vn 0.135971 -0.257562 0.956647
vn 0.135971 -0.257562 0.956647
vn 0.105514 -0.195413 0.975029
vn 0.053939 -0.164008 0.984983
vn 0.079086 -0.208745 0.974767
vn 0.081149 -0.377542 -0.922430
vn 0.536575 -0.356535 -0.764833
vn 0.731584 -0.312341 -0.605993
vn 0.353765 -0.275163 -0.893944
vn 0.003161 -0.359696 -0.933064
vn 0.081149 -0.377542 -0.922430
vn 0.353765 -0.275163 -0.893944
vn 0.159195 -0.227889 -0.960585
vn 0.731584 -0.312341 -0.605993
vn 0.694100 -0.399058 -0.599147
vn 0.365134 -0.369618 -0.854435
vn 0.353765 -0.275163 -0.893944
vn 0.353765 -0.275163 -0.893944
vn 0.365134 -0.369618 -0.854435
vn 0.183152 -0.345121 -0.920514
vn 0.159195 -0.227889 -0.960585
vn 0.365134 -0.369618 -0.854435
vn 0.694100 -0.399058 -0.599147
vn 0.695132 0.356258 -0.624397
vn 0.112569 -0.360904 -0.925784
vn 0.006022 -0.340591 -0.940192
vn 0.183152 -0.345121 -0.920514
vn 0.365134 -0.369618 -0.854435
vn 0.112569 -0.360904 -0.925784
vn 0.187412 0.134132 -0.973080
vn 0.397146 0.151181 -0.905218
vn 0.185002 -0.036295 -0.982068
vn -0.000051 0.017063 -0.999855
vn 0.185002 -0.036295 -0.982068
vn 0.397146 0.151181 -0.905218
vn 0.725896 0.184743 -0.662529
vn 0.627108 -0.175748 -0.758846
vn 0.943711 0.224190 -0.243204
vn 0.947567 0.203169 -0.246657
vn 0.627108 -0.175748 -0.758846
vn 0.725896 0.184743 -0.662529
vn 0.948085 0.230554 0.219041
vn 0.967099 -0.252827 0.028250
vn 0.947567 0.203169 -0.246657
vn 0.943711 0.224190 -0.243204
vn 0.967099 -0.252827 0.028250
vn 0.948085 0.230554 0.219041
vn 0.699522 0.189958 0.688901
vn 0.776252 -0.206420 0.595671
vn 0.776252 -0.206420 0.595671
vn 0.699522 0.189958 0.688901
vn 0.432027 0.152220 0.888922
vn 0.453941 -0.122165 0.882617
vn 0.453941 -0.122165 0.882617
vn 0.432027 0.152220 0.888922
vn 0.338123 0.156289 0.928034
vn 0.234728 -0.078268 0.968905
vn 0.234728 -0.078268 0.968905
vn 0.338123 0.156289 0.928034
vn 0.312659 0.169209 0.934672
vn 0.000005 -0.061740 0.998092
vn 0.338123 0.156289 0.928034
vn 0.272458 0.218715 0.936979
vn 0.224250 0.233863 0.946055
vn 0.312659 0.169209 0.934672
vn 0.432027 0.152220 0.888922
vn 0.407064 0.215805 0.887540
vn 0.272458 0.218715 0.936979
vn 0.338123 0.156289 0.928034
vn 0.699522 0.189958 0.688901
vn 0.704692 0.254962 0.662120
vn 0.407064 0.215805 0.887540
vn 0.432027 0.152220 0.888922
vn 0.948085 0.230554 0.219041
vn 0.936847 0.286012 0.201283
vn 0.704692 0.254962 0.662120
vn 0.699522 0.189958 0.688901
vn 0.936847 0.286012 0.201283
vn 0.948085 0.230554 0.219041
vn 0.943711 0.224190 -0.243204
vn 0.929614 0.282177 -0.237051
vn 0.929614 0.282177 -0.237051
vn 0.943711 0.224190 -0.243204
vn 0.725896 0.184743 -0.662529
vn 0.718499 0.260610 -0.644857
vn 0.397146 0.151181 -0.905218
vn 0.391011 0.243971 -0.887462
vn 0.718499 0.260610 -0.644857
vn 0.725896 0.184743 -0.662529
vn 0.186569 0.232785 -0.954465
vn 0.391011 0.243971 -0.887462
vn 0.397146 0.151181 -0.905218
vn 0.187412 0.134132 -0.973080
vn 0.341283 -0.435505 -0.832984
vn 0.381988 0.084979 -0.920252
vn 0.133980 0.108044 -0.985077
vn 0.381988 0.084979 -0.920252
vn 0.120795 0.128044 -0.984385
vn 0.064988 0.121719 -0.990435
vn 0.133980 0.108044 -0.985077
vn -0.122674 0.128013 -0.984156
vn -0.428679 0.124142 -0.894887
vn -0.215832 0.084936 -0.972729
vn -0.057019 0.117046 -0.991488
vn -0.341283 -0.435505 -0.832984
vn -0.215832 0.084936 -0.972729
vn -0.428679 0.124142 -0.894887
vn -0.978907 0.006141 -0.204216
vn -0.884302 0.077099 -0.460505
vn -0.536575 -0.356535 -0.764833
vn -0.979087 -0.190834 -0.070505
vn -0.957701 0.033989 0.285750
vn -0.978907 0.006141 -0.204216
vn -0.979087 -0.190834 -0.070505
vn -0.924604 -0.116331 0.362731
vn -0.685096 0.073204 0.724766
vn -0.957701 0.033989 0.285750
vn -0.924604 -0.116331 0.362731
vn -0.729032 -0.087322 0.678887
vn -0.293133 0.077875 0.952895
vn -0.685096 0.073204 0.724766
vn -0.729032 -0.087322 0.678887
vn -0.361831 -0.062605 0.930139
vn -0.086303 0.077372 0.993260
vn -0.293133 0.077875 0.952895
vn -0.361831 -0.062605 0.930139
vn -0.126017 -0.023635 0.991747
vn -0.000046 0.000233 1.000000
vn -0.041003 0.078099 0.996102
vn -0.086303 0.077372 0.993260
vn -0.126017 -0.023635 0.991747
vn 0.000046 0.000233 1.000000
vn 0.126017 -0.023635 0.991747
vn 0.086303 0.077372 0.993260
vn 0.041004 0.078099 0.996102
vn 0.293133 0.077875 0.952895
vn 0.086303 0.077372 0.993260
vn 0.126017 -0.023635 0.991747
vn 0.361831 -0.062605 0.930139
vn 0.671244 0.073350 0.737599
vn 0.293133 0.077875 0.952895
vn 0.361831 -0.062605 0.930139
vn 0.729032 -0.087322 0.678887
vn 0.962047 0.069948 0.263767
vn 0.671244 0.073350 0.737599
vn 0.729032 -0.087322 0.678887
vn 0.924604 -0.116331 0.362731
vn 0.985447 0.072714 -0.153643
vn 0.962047 0.069948 0.263767
vn 0.924604 -0.116331 0.362731
vn 0.979087 -0.190834 -0.070505
vn 0.848002 0.032844 -0.528974
vn 0.985447 0.072714 -0.153643
vn 0.979087 -0.190834 -0.070505
vn 0.536575 -0.356535 -0.764833
vn 0.381988 0.084979 -0.920252
vn 0.848002 0.032844 -0.528974
vn 0.536575 -0.356535 -0.764833
vn 0.081149 -0.377542 -0.922430
vn 0.081149 -0.377542 -0.922430
vn 0.003161 -0.359696 -0.933064
vn 0.120795 0.128044 -0.984385
vn 0.381988 0.084979 -0.920252
vn -0.081149 -0.377542 -0.922430
vn -0.428679 0.124142 -0.894887
vn -0.122674 0.128013 -0.984156
vn -0.003161 -0.359696 -0.933064
vn -0.428679 0.124142 -0.894887
vn -0.081149 -0.377542 -0.922430
vn -0.536575 -0.356535 -0.764833
vn -0.884302 0.077099 -0.460505
vn 0.079441 -0.112096 -0.990517
vn 0.079209 -0.104946 -0.991318
vn 0.082157 -0.207516 -0.974775
vn 0.082157 -0.207516 -0.974776
vn -0.079347 -0.104516 -0.991353
vn -0.079390 -0.105703 -0.991224
vn -0.082377 -0.196934 -0.976950
vn -0.082377 -0.196934 -0.976950
vn -0.421098 -0.128163 -0.897915
vn -0.422061 -0.133350 -0.896706
vn -0.435066 -0.211015 -0.875323
vn -0.435066 -0.211015 -0.875323
vn -0.425665 0.031822 0.904321
vn -0.423118 0.012853 0.905984
vn -0.438319 0.154007 0.885527
vn -0.438319 0.154007 0.885527
vn -0.080332 0.061927 0.994843
vn -0.080212 0.057794 0.995101
vn -0.083692 0.207699 0.974606
vn -0.083692 0.207699 0.974606
vn 0.080078 0.050058 0.995531
vn 0.083837 0.196934 0.976826
vn 0.422607 -0.006499 0.906290
vn 0.426352 0.011747 0.904481
vn 0.441698 0.095883 0.892026
vn 0.441698 0.095883 0.892026
vn 0.421243 -0.156581 -0.893329
vn 0.419819 -0.142580 -0.896339
vn 0.429396 -0.265718 -0.863141
vn 0.429396 -0.265718 -0.863141
vn 0.111084 -0.253272 -0.960996
vn 0.111084 -0.253272 -0.960996
vn 0.111084 -0.253272 -0.960996
vn 0.111084 -0.253272 -0.960996
vn -0.110153 -0.281237 -0.953295
vn -0.110153 -0.281237 -0.953295
vn -0.110153 -0.281237 -0.953295
vn -0.110153 -0.281237 -0.953295
vn -0.524358 -0.353854 -0.774491
vn -0.524358 -0.353854 -0.774491
vn -0.524358 -0.353854 -0.774491
vn -0.524358 -0.353854 -0.774491
vn -0.558152 0.078447 0.826022
vn -0.558152 0.078447 0.826022
vn -0.558152 0.078447 0.826022
vn -0.558152 0.078447 0.826022
vn -0.112027 0.246615 0.962617
vn -0.112027 0.246615 0.962617
vn -0.112027 0.246615 0.962617
vn -0.112027 0.246615 0.962617
vn 0.111193 0.274920 0.955016
vn 0.111193 0.274920 0.955016
vn 0.545384 0.225198 0.807367
vn 0.545385 0.225198 0.807367
vn 0.545385 0.225198 0.807367
vn 0.545384 0.225198 0.807367
vn 0.546599 -0.220190 -0.807927
vn 0.546599 -0.220190 -0.807927
vn 0.546599 -0.220190 -0.807927
vn 0.546599 -0.220190 -0.807927
vn 0.117744 -0.229714 -0.966110
vn 0.117744 -0.229714 -0.966110
vn 0.117744 -0.229714 -0.966110
vn 0.117744 -0.229714 -0.966110
vn -0.116729 -0.262417 -0.957868
vn -0.116729 -0.262417 -0.957868
vn -0.116729 -0.262417 -0.957868
vn -0.116729 -0.262417 -0.957868
vn -0.548381 -0.323473 -0.771132
vn -0.548381 -0.323473 -0.771132
vn -0.548381 -0.323473 -0.771132
vn -0.548381 -0.323473 -0.771132
vn -0.577787 -0.073984 0.812828
vn -0.577787 -0.073984 0.812828
vn -0.577787 -0.073984 0.812828
vn -0.577787 -0.073984 0.812828
vn -0.120912 0.053867 0.991201
vn -0.120912 0.053867 0.991201
vn -0.120912 0.053867 0.991201
vn -0.120912 0.053867 0.991201
vn 0.120616 0.089536 0.988653
vn 0.120616 0.089536 0.988653
vn 0.576587 0.097390 0.811211
vn 0.576587 0.097390 0.811211
vn 0.576587 0.097390 0.811211
vn 0.576587 0.097390 0.811211
vn 0.571287 -0.167368 -0.803504
vn 0.571287 -0.167368 -0.803505
vn 0.571287 -0.167368 -0.803504
vn 0.571287 -0.167368 -0.803505
vn 0.118264 -0.024729 -0.992674
vn 0.118264 -0.024729 -0.992674
vn 0.118264 -0.024729 -0.992674
vn 0.118264 -0.024729 -0.992674
vn -0.118143 -0.051568 -0.991657
vn -0.118143 -0.051568 -0.991657
vn -0.118143 -0.051568 -0.991657
vn -0.118143 -0.051568 -0.991657
vn -0.562440 -0.166548 -0.809891
vn -0.562440 -0.166548 -0.809891
vn -0.562440 -0.166548 -0.809891
vn -0.562440 -0.166548 -0.809891
vn -0.566552 -0.116041 0.815814
vn -0.566552 -0.116041 0.815814
vn -0.566552 -0.116041 0.815814
vn -0.566552 -0.116041 0.815814
vn -0.118293 0.011332 0.992914
vn -0.118293 0.011332 0.992914
vn -0.118293 0.011332 0.992914
vn -0.118293 0.011332 0.992914
vn 0.118214 0.038204 0.992253
vn 0.118214 0.038204 0.992253
vn 0.570356 0.012866 0.821297
vn 0.570356 0.012866 0.821297
vn 0.570356 0.012866 0.821297
vn 0.570356 0.012866 0.821297
vn 0.569965 -0.039177 -0.820734
vn 0.569965 -0.039177 -0.820734
vn 0.569965 -0.039177 -0.820734
vn 0.569965 -0.039177 -0.820734
vn 0.143495 -0.184957 -0.972214
vn 0.143495 -0.184957 -0.972214
vn 0.143495 -0.184957 -0.972214
vn 0.143495 -0.184957 -0.972214
vn -0.145338 -0.096147 -0.984699
vn -0.145338 -0.096147 -0.984699
vn -0.145338 -0.096147 -0.984699
vn -0.145338 -0.096147 -0.984699
vn -0.646793 -0.127824 -0.751877
vn -0.646793 -0.127824 -0.751877
vn -0.646793 -0.127824 -0.751878
vn -0.646793 -0.127824 -0.751878
vn -0.646834 -0.127633 0.751875
vn -0.646834 -0.127633 0.751875
vn -0.646834 -0.127633 0.751875
vn -0.646834 -0.127633 0.751875
vn -0.145319 -0.095914 0.984725
vn -0.145319 -0.095914 0.984725
vn -0.145319 -0.095914 0.984725
vn -0.145319 -0.095914 0.984725
vn 0.143481 -0.184721 0.972261
vn 0.143481 -0.184721 0.972261
vn 0.574358 -0.473681 0.667637
vn 0.574358 -0.473682 0.667637
vn 0.574358 -0.473681 0.667637
vn 0.574358 -0.473682 0.667637
vn 0.574289 -0.473806 -0.667608
vn 0.574289 -0.473806 -0.667608
vn 0.574289 -0.473806 -0.667608
vn 0.574289 -0.473806 -0.667608
vn 0.169914 -0.130680 -0.976756
vn 0.169914 -0.130680 -0.976756
vn 0.169914 -0.130680 -0.976756
vn 0.169914 -0.130680 -0.976756
vn -0.170786 0.083318 -0.981779
vn -0.170786 0.083318 -0.981779
vn -0.170786 0.083318 -0.981779
vn -0.170786 0.083318 -0.981779
vn -0.666287 0.352574 -0.657080
vn -0.666287 0.352574 -0.657080
vn -0.666287 0.352574 -0.657080
vn -0.666287 0.352574 -0.657080
vn -0.675086 0.317989 0.665689
vn -0.675086 0.317989 0.665689
vn -0.675086 0.317989 0.665689
vn -0.675086 0.317989 0.665689
vn -0.171283 0.025525 0.984891
vn -0.171283 0.025525 0.984891
vn -0.171283 0.025525 0.984891
vn -0.171283 0.025525 0.984891
vn 0.168335 -0.186501 0.967926
vn 0.168335 -0.186501 0.967926
vn 0.621369 -0.488339 0.612720
vn 0.621369 -0.488339 0.612720
vn 0.621369 -0.488339 0.612720
vn 0.621369 -0.488339 0.612720
vn 0.632171 -0.460078 -0.623449
vn 0.632171 -0.460078 -0.623449
vn 0.632171 -0.460078 -0.623449
vn 0.632171 -0.460078 -0.623449
vn 0.173171 -0.042962 -0.983954
vn 0.173171 -0.042962 -0.983954
vn 0.173171 -0.042962 -0.983954
vn 0.173171 -0.042962 -0.983954
vn -0.169581 -0.050867 -0.984203
vn -0.169581 -0.050867 -0.984203
vn -0.169581 -0.050867 -0.984203
vn -0.169581 -0.050867 -0.984203
vn -0.705248 -0.122317 -0.698330
vn -0.705248 -0.122317 -0.698330
vn -0.705248 -0.122317 -0.698330
vn -0.705248 -0.122317 -0.698330
vn -0.701072 -0.157155 0.695557
vn -0.701072 -0.157155 0.695557
vn -0.701072 -0.157155 0.695557
vn -0.701072 -0.157155 0.695557
vn -0.167111 -0.101080 0.980743
vn -0.167111 -0.101080 0.980743
vn -0.167111 -0.101080 0.980743
vn -0.167111 -0.101080 0.980743
vn 0.174554 -0.093998 0.980151
vn 0.174554 -0.093998 0.980151
vn 0.709548 -0.126626 0.693186
vn 0.709548 -0.126626 0.693186
vn 0.709548 -0.126626 0.693186
vn 0.709548 -0.126626 0.693186
vn 0.711687 -0.090446 -0.696650
vn 0.711687 -0.090446 -0.696650
vn 0.711687 -0.090446 -0.696650
vn 0.711687 -0.090446 -0.696650
vn 0.130441 -0.991456 0.000000
vn 0.130441 -0.991456 0.000000
vn 0.130440 -0.991456 0.000000
vn 0.130426 -0.991458 0.000000
vn 0.130426 -0.991458 0.000000
vn 0.130426 -0.991458 0.000000
vn 0.130541 -0.991443 -0.000217
vn 0.130541 -0.991443 -0.000217
vn 0.130541 -0.991443 -0.000217
vn 0.130542 -0.991443 0.000217
vn 0.130542 -0.991443 0.000217
vn 0.130542 -0.991443 0.000217
vn 0.130426 -0.991458 0.000000
vn 0.130426 -0.991458 0.000000
vn 0.130426 -0.991458 0.000000
vn 0.130433 -0.991457 0.000000
vn 0.130194 -0.991488 0.000651
vn 0.130194 -0.991488 0.000651
vn 0.130194 -0.991488 0.000651
vn 0.130185 -0.991490 -0.000651
vn 0.130185 -0.991490 -0.000651
vn 0.130185 -0.991490 -0.000651
vn -0.079119 0.002935 0.996861
vn -0.079052 0.001558 0.996869
vn -0.083244 0.036601 0.995857
vn -0.083074 0.037208 0.995849
vn -0.420236 -0.015007 0.907291
vn -0.419286 -0.020511 0.907623
vn -0.434103 0.047240 0.899624
vn -0.434154 0.047340 0.899594
vn -0.418580 -0.069463 -0.905520
vn -0.419219 -0.069112 -0.905251
vn -0.432588 -0.058821 -0.899671
vn -0.432941 -0.058410 -0.899528
vn -0.078940 -0.054948 -0.995364
vn -0.078994 -0.055250 -0.995343
vn -0.082477 -0.079690 -0.993402
vn -0.082633 -0.081069 -0.993277
vn 0.079020 -0.058076 -0.995180
vn 0.078893 -0.057087 -0.995247
vn 0.082185 -0.093361 -0.992235
vn 0.082422 -0.097282 -0.991838
vn 0.418903 -0.083064 -0.904224
vn 0.418035 -0.081270 -0.904788
vn 0.429044 -0.126568 -0.894372
vn 0.429577 -0.133075 -0.893171
vn 0.418975 -0.032963 0.907399
vn 0.420246 -0.028637 0.906958
vn 0.434950 -0.034469 0.899795
vn 0.433495 -0.025933 0.900783
vn 0.079158 0.001054 0.996862
vn 0.083382 0.019137 0.996334
vn -0.083074 0.037208 0.995849
vn -0.083244 0.036601 0.995857
vn -0.085465 0.028626 0.995930
vn -0.085465 0.028626 0.995930
vn -0.434154 0.047340 0.899594
vn -0.434103 0.047240 0.899624
vn -0.442237 0.063500 0.894648
vn -0.442237 0.063500 0.894648
vn -0.432941 -0.058410 -0.899528
vn -0.432588 -0.058821 -0.899671
vn -0.441031 -0.048931 -0.896157
vn -0.441031 -0.048931 -0.896157
vn -0.082633 -0.081069 -0.993277
vn -0.082477 -0.079690 -0.993402
vn -0.084499 -0.097725 -0.991620
vn -0.084499 -0.097725 -0.991620
vn 0.082422 -0.097282 -0.991838
vn 0.082185 -0.093361 -0.992235
vn 0.084017 -0.124160 -0.988699
vn 0.084017 -0.124160 -0.988699
vn 0.429577 -0.133075 -0.893171
vn 0.429044 -0.126568 -0.894372
vn 0.433136 -0.184545 -0.882234
vn 0.433136 -0.184545 -0.882234
vn 0.433495 -0.025933 0.900783
vn 0.434950 -0.034469 0.899795
vn 0.441559 -0.075992 0.894008
vn 0.441559 -0.075992 0.894008
vn 0.083382 0.019137 0.996334
vn 0.085505 0.001676 0.996336
vn -0.423118 0.012853 0.905984
vn -0.425665 0.031822 0.904321
vn -0.419286 -0.020511 0.907623
vn -0.420236 -0.015007 0.907291
vn -0.422061 -0.133350 -0.896706
vn -0.421098 -0.128163 -0.897915
vn -0.419219 -0.069112 -0.905251
vn -0.418580 -0.069463 -0.905520
vn -0.079390 -0.105703 -0.991224
vn -0.079347 -0.104516 -0.991353
vn -0.078994 -0.055250 -0.995343
vn -0.078940 -0.054948 -0.995364
vn 0.079209 -0.104946 -0.991318
vn 0.079441 -0.112096 -0.990517
vn 0.078893 -0.057087 -0.995247
vn 0.079020 -0.058076 -0.995180
vn 0.419819 -0.142580 -0.896339
vn 0.421243 -0.156581 -0.893329
vn 0.418035 -0.081270 -0.904788
vn 0.418903 -0.083064 -0.904224
vn 0.426352 0.011747 0.904481
vn 0.422607 -0.006499 0.906290
vn 0.420246 -0.028637 0.906958
vn 0.418975 -0.032963 0.907399
vn 0.080458 0.062306 0.994809
vn 0.080078 0.050058 0.995531
vn 0.079158 0.001054 0.996862
vn 0.079014 -0.001616 0.996872
vn -0.080212 0.057794 0.995101
vn -0.079119 0.002935 0.996861
vn -0.029944 -0.786957 0.616281
vn 0.329417 -0.345854 0.878561
vn 0.033814 -0.219550 0.975015
vn -0.234845 -0.724729 0.647778
vn 0.329417 -0.345854 0.878561
vn 0.487720 0.258582 0.833825
vn 0.307638 0.371776 0.875866
vn 0.033814 -0.219550 0.975015
vn 0.033814 -0.219550 0.975015
vn 0.307638 0.371776 0.875866
vn 0.088690 0.458151 0.884439
vn -0.346926 -0.023573 0.937596
vn -0.234845 -0.724729 0.647778
vn 0.033814 -0.219550 0.975015
vn -0.346926 -0.023573 0.937596
vn -0.438083 -0.607385 0.662696
vn -0.438083 -0.607385 0.662696
vn -0.346926 -0.023573 0.937596
vn -0.900057 0.426632 0.088783
vn -0.812261 -0.571060 -0.118839
vn -0.346926 -0.023573 0.937596
vn 0.088690 0.458151 0.884439
vn -0.046305 0.977975 0.203519
vn -0.900057 0.426632 0.088783
vn -0.900057 0.426632 0.088783
vn -0.046305 0.977975 0.203519
vn 0.088690 0.772943 -0.628246
vn -0.346926 0.352414 -0.869164
vn -0.812261 -0.571060 -0.118839
vn -0.900057 0.426632 0.088783
vn -0.346926 0.352414 -0.869164
vn -0.438083 -0.292594 -0.849983
vn -0.438083 -0.292594 -0.849983
vn -0.346926 0.352414 -0.869164
vn 0.033814 0.187636 -0.981656
vn -0.234845 -0.406148 -0.883115
vn -0.346926 0.352414 -0.869164
vn 0.088690 0.772943 -0.628246
vn 0.307638 0.690318 -0.654843
vn 0.033814 0.187636 -0.981656
vn 0.033814 0.187636 -0.981656
vn 0.307638 0.690318 -0.654843
vn 0.487720 0.569750 -0.661449
vn 0.329417 0.033337 -0.943596
vn -0.234845 -0.406148 -0.883115
vn 0.033814 0.187636 -0.981656
vn 0.329417 0.033337 -0.943596
vn -0.029944 -0.475776 -0.879057
vn -0.029944 -0.475776 -0.879057
vn 0.329417 0.033337 -0.943596
vn 0.900057 -0.426633 -0.088783
vn 0.016176 -0.978898 -0.203710
vn 0.329417 0.033337 -0.943596
vn 0.487720 0.569750 -0.661449
vn 0.794694 0.594279 0.123670
vn 0.900057 -0.426633 -0.088783
vn 0.900057 -0.426633 -0.088783
vn 0.794694 0.594279 0.123670
vn 0.487720 0.258582 0.833825
vn 0.329417 -0.345854 0.878561
vn 0.016176 -0.978898 -0.203710
vn 0.900057 -0.426633 -0.088783
vn 0.329417 -0.345854 0.878561
vn -0.029944 -0.786957 0.616281
vn 0.487720 0.258582 0.833825
vn 0.794694 0.594279 0.123670
vn 0.477514 0.860196 0.179008
vn 0.307638 0.371776 0.875866
vn 0.794694 0.594279 0.123670
vn 0.487720 0.569750 -0.661449
vn 0.307638 0.690318 -0.654843
vn 0.477514 0.860196 0.179008
vn 0.477514 0.860196 0.179008
vn 0.307638 0.690318 -0.654843
vn 0.088690 0.772943 -0.628246
vn -0.046305 0.977975 0.203519
vn 0.307638 0.371776 0.875866
vn 0.477514 0.860196 0.179008
vn -0.046305 0.977975 0.203519
vn 0.088690 0.458151 0.884439
vn -0.029944 -0.475776 -0.879057
vn 0.016176 -0.978898 -0.203710
vn -0.393403 -0.900083 -0.187309
vn -0.234845 -0.406148 -0.883115
vn 0.016176 -0.978898 -0.203710
vn -0.029944 -0.786957 0.616281
vn -0.234845 -0.724729 0.647778
vn -0.393403 -0.900083 -0.187309
vn -0.393403 -0.900083 -0.187309
vn -0.234845 -0.724729 0.647778
vn -0.438083 -0.607385 0.662696
vn -0.812261 -0.571060 -0.118839
vn -0.234845 -0.406148 -0.883115
vn -0.393403 -0.900083 -0.187309
vn -0.812261 -0.571060 -0.118839
vn -0.438083 -0.292594 -0.849983
vn -0.872387 -0.125627 -0.472396
vn -0.883487 -0.168064 -0.437270
vn -0.752218 -0.655617 0.065839
vn -0.780013 -0.625759 0.002446
vn -0.662583 0.341954 -0.666372
vn -0.883487 -0.168064 -0.437270
vn -0.872387 -0.125627 -0.472396
vn -0.642622 0.357444 -0.677695
vn -0.084656 0.800583 -0.593211
vn -0.662583 0.341954 -0.666372
vn -0.642622 0.357444 -0.677695
vn -0.023587 0.804464 -0.593533
vn 0.613310 0.788961 -0.037313
vn -0.084656 0.800583 -0.593211
vn -0.023587 0.804464 -0.593533
vn 0.677906 0.735146 -0.001932
vn 0.783348 0.520399 0.339927
vn 0.613310 0.788961 -0.037313
vn 0.677906 0.735146 -0.001932
vn 0.809335 0.468170 0.354674
vn 0.783348 0.520399 0.339927
vn 0.809335 0.468170 0.354674
vn 0.723055 0.026915 0.690266
vn 0.709077 0.020663 0.704829
vn -0.151866 -0.777464 0.610317
vn -0.780013 -0.625759 0.002446
vn -0.752218 -0.655617 0.065839
vn -0.161404 -0.771517 0.615395
vn 0.316984 -0.496476 0.808104
vn 0.391156 -0.447431 0.804240
vn -0.151866 -0.777464 0.610317
vn -0.161404 -0.771517 0.615395
vn 0.709077 0.020663 0.704829
vn 0.723055 0.026915 0.690266
vn 0.391156 -0.447431 0.804240
vn 0.316984 -0.496476 0.808104
vn 0.207508 -0.071126 -0.975644
vn 0.125977 0.087301 -0.988184
vn 0.034782 0.892521 -0.449663
vn 0.915780 0.299710 -0.267434
vn 0.125977 0.087301 -0.988184
vn 0.134388 0.089832 -0.986849
vn -0.257090 0.895089 -0.364307
vn 0.034782 0.892521 -0.449663
vn 0.207508 -0.071126 -0.975644
vn 0.112959 -0.120269 -0.986294
vn 0.134388 0.089832 -0.986849
vn 0.125977 0.087301 -0.988184
vn 0.899379 0.223324 -0.375825
vn 0.134388 0.089832 -0.986849
vn 0.112959 -0.120269 -0.986294
vn 0.631198 -0.103170 -0.768730
vn 0.988873 0.077648 0.126893
vn 0.984145 0.156073 0.084264
vn 0.822399 0.162664 0.545160
vn 0.802340 0.183594 0.567930
vn 0.784968 0.422381 0.453232
vn 0.938922 0.293618 0.179485
vn 0.988873 0.077648 0.126893
vn 0.802340 0.183594 0.567930
vn 0.589636 0.127943 0.797471
vn 0.262804 0.488888 0.831819
vn 0.784968 0.422381 0.453232
vn 0.802340 0.183594 0.567930
vn 0.677691 0.108678 0.727271
vn 0.589636 0.127943 0.797471
vn 0.802340 0.183594 0.567930
vn 0.822399 0.162664 0.545160
vn 0.732770 0.061351 0.677705
vn 0.677691 0.108678 0.727271
vn 0.651444 -0.168244 0.739807
vn 0.735395 -0.255369 0.627679
vn 0.735395 -0.255369 0.627679
vn 0.651444 -0.168244 0.739807
vn 0.151716 -0.923539 0.352219
vn 0.119304 -0.979851 0.160182
vn 0.830032 -0.311722 0.462468
vn 0.735395 -0.255369 0.627679
vn 0.119304 -0.979851 0.160182
vn 0.101368 -0.994204 0.035821
vn 0.873382 -0.043404 0.485098
vn 0.732770 0.061351 0.677705
vn 0.735395 -0.255369 0.627679
vn 0.830032 -0.311722 0.462468
vn 0.679097 -0.558463 0.476388
vn 0.830032 -0.311722 0.462468
vn 0.101368 -0.994204 0.035821
vn -0.047347 -0.984185 0.170700
vn 0.843891 -0.032499 0.535530
vn 0.651444 -0.168244 0.739807
vn 0.677691 0.108678 0.727271
vn 0.822399 0.162664 0.545160
vn 0.151716 -0.923539 0.352219
vn 0.651444 -0.168244 0.739807
vn 0.843891 -0.032499 0.535530
vn 0.345752 -0.846350 0.405151
vn 0.984145 0.156073 0.084264
vn 0.992491 0.122271 -0.003446
vn 0.843891 -0.032499 0.535530
vn 0.822399 0.162664 0.545160
vn 0.843891 -0.032499 0.535530
vn 0.992491 0.122271 -0.003446
vn 0.622104 -0.772099 0.129810
vn 0.345752 -0.846350 0.405151
vn 0.527211 -0.558153 0.640713
vn 0.679097 -0.558463 0.476388
vn -0.047347 -0.984185 0.170700
vn -0.103624 -0.876103 0.470856
vn 0.391156 -0.447431 0.804240
vn 0.527211 -0.558153 0.640713
vn -0.103624 -0.876103 0.470856
vn -0.151866 -0.777464 0.610317
vn 0.527211 -0.558153 0.640713
vn 0.391156 -0.447431 0.804240
vn 0.723055 0.026915 0.690266
vn 0.780823 -0.141181 0.608591
vn 0.679097 -0.558463 0.476388
vn 0.527211 -0.558153 0.640713
vn 0.780823 -0.141181 0.608591
vn 0.853904 -0.130830 0.503717
vn 0.830032 -0.311722 0.462468
vn 0.679097 -0.558463 0.476388
vn 0.853904 -0.130830 0.503717
vn 0.873382 -0.043404 0.485098
vn 0.920938 0.058199 0.385339
vn 0.873382 -0.043404 0.485098
vn 0.853904 -0.130830 0.503717
vn 0.912475 0.174629 0.369991
vn 0.920938 0.058199 0.385339
vn 0.853904 -0.130830 0.503717
vn 0.780823 -0.141181 0.608591
vn 0.994565 0.099986 -0.029037
vn 0.873382 -0.043404 0.485098
vn 0.920938 0.058199 0.385339
vn 0.955596 0.292104 0.038871
vn 0.955596 0.292104 0.038871
vn 0.920938 0.058199 0.385339
vn 0.912475 0.174629 0.369991
vn 0.902897 0.428521 0.033856
vn 0.809335 0.468170 0.354674
vn 0.912475 0.174629 0.369991
vn 0.780823 -0.141181 0.608591
vn 0.723055 0.026915 0.690266
vn 0.809335 0.468170 0.354674
vn 0.677906 0.735146 -0.001932
vn 0.902897 0.428521 0.033856
vn 0.912475 0.174629 0.369991
vn 0.994565 0.099986 -0.029037
vn 0.982016 0.165446 -0.090950
vn 0.832253 -0.175902 0.525750
vn 0.873382 -0.043404 0.485098
vn 0.763688 -0.100622 0.637696
vn 0.832253 -0.175902 0.525750
vn 0.982016 0.165446 -0.090950
vn 0.940474 0.321764 -0.109436
vn 0.697267 -0.147075 0.701561
vn 0.763688 -0.100622 0.637696
vn 0.940474 0.321764 -0.109436
vn 0.931389 0.342833 -0.122396
vn 0.303610 0.056893 0.951096
vn 0.643051 -0.106998 0.758312
vn 0.763688 -0.100622 0.637696
vn 0.697267 -0.147075 0.701561
vn 0.832253 -0.175902 0.525750
vn 0.763688 -0.100622 0.637696
vn 0.643051 -0.106998 0.758312
vn 0.873382 -0.043404 0.485098
vn 0.303610 0.056893 0.951096
vn 0.697267 -0.147075 0.701561
vn 0.788446 -0.373146 0.488994
vn -0.140660 -0.332838 0.932434
vn 0.788446 -0.373146 0.488994
vn 0.697267 -0.147075 0.701561
vn 0.931389 0.342833 -0.122396
vn 0.983628 0.033559 -0.177059
vn -0.438978 0.798713 0.411528
vn 0.303610 0.056893 0.951096
vn -0.140660 -0.332838 0.932434
vn -0.845551 0.321305 0.426388
vn 0.589636 0.127943 0.797471
vn 0.303610 0.056893 0.951096
vn -0.438978 0.798713 0.411528
vn 0.262804 0.488888 0.831819
vn -0.147100 0.983082 -0.109142
vn 0.262804 0.488888 0.831819
vn -0.438978 0.798713 0.411528
vn 0.262804 0.488888 0.831819
vn -0.147100 0.983082 -0.109142
vn 0.251988 0.937321 -0.240688
vn 0.784968 0.422381 0.453232
vn 0.251988 0.937321 -0.240688
vn 0.263750 0.907940 -0.325701
vn 0.938922 0.293618 0.179485
vn 0.784968 0.422381 0.453232
vn 0.873382 -0.043404 0.485098
vn 0.643051 -0.106998 0.758312
vn 0.732770 0.061351 0.677705
vn 0.938922 0.293618 0.179485
vn 0.899379 0.223324 -0.375825
vn 0.631198 -0.103170 -0.768730
vn 0.988873 0.077648 0.126893
vn 0.263750 0.907940 -0.325701
vn -0.039215 0.914495 -0.402693
vn 0.899379 0.223324 -0.375825
vn 0.938922 0.293618 0.179485
vn 0.014611 0.661513 0.749792
vn -0.233467 0.611674 0.755876
vn -0.041655 0.223207 0.973881
vn 0.170297 0.236181 0.956670
vn 0.915780 0.299710 -0.267434
vn 0.034782 0.892521 -0.449663
vn 0.014611 0.661513 0.749792
vn 0.170297 0.236181 0.956670
vn 0.034782 0.892521 -0.449663
vn -0.257090 0.895089 -0.364307
vn -0.233467 0.611674 0.755876
vn 0.014611 0.661513 0.749792
vn -0.959090 -0.107131 -0.262048
vn -0.987326 -0.057106 0.148078
vn -0.986070 0.165083 0.020318
vn -0.917391 0.154597 -0.366734
vn -0.917391 0.154597 -0.366734
vn -0.986070 0.165083 0.020318
vn -0.676087 0.667333 -0.312365
vn -0.516093 0.691813 -0.505018
vn -0.676087 0.667333 -0.312365
vn 0.263750 0.907940 -0.325701
vn 0.251988 0.937321 -0.240688
vn -0.516093 0.691813 -0.505018
vn -0.506236 0.589727 -0.629243
vn -0.516093 0.691813 -0.505018
vn 0.251988 0.937321 -0.240688
vn -0.147100 0.983082 -0.109142
vn -0.506236 0.589727 -0.629243
vn -0.147100 0.983082 -0.109142
vn -0.438978 0.798713 0.411528
vn -0.409335 0.765357 -0.496663
vn -0.409335 0.765357 -0.496663
vn -0.438978 0.798713 0.411528
vn -0.845551 0.321305 0.426388
vn -0.615892 0.679954 -0.397920
vn -0.216704 0.630466 -0.745354
vn -0.409335 0.765357 -0.496663
vn -0.615892 0.679954 -0.397920
vn -0.109282 0.685623 -0.719707
vn -0.516093 0.691813 -0.505018
vn -0.506236 0.589727 -0.629243
vn -0.751835 0.097863 -0.652049
vn -0.917391 0.154597 -0.366734
vn -0.751835 0.097863 -0.652049
vn -0.810862 -0.145865 -0.566769
vn -0.959090 -0.107131 -0.262048
vn -0.917391 0.154597 -0.366734
vn -0.510529 0.334557 -0.792106
vn -0.670360 0.082505 -0.737435
vn -0.751835 0.097863 -0.652049
vn -0.506236 0.589727 -0.629243
vn -0.670360 0.082505 -0.737435
vn -0.745983 -0.128430 -0.653464
vn -0.810862 -0.145865 -0.566769
vn -0.751835 0.097863 -0.652049
vn -0.409335 0.765357 -0.496663
vn -0.510529 0.334557 -0.792106
vn -0.506236 0.589727 -0.629243
vn -0.891054 -0.430533 -0.143752
vn -0.907025 -0.351744 0.231479
vn -0.987326 -0.057106 0.148078
vn -0.959090 -0.107131 -0.262048
vn -0.810862 -0.145865 -0.566769
vn -0.781347 -0.462200 -0.419367
vn -0.891054 -0.430533 -0.143752
vn -0.959090 -0.107131 -0.262048
vn -0.745983 -0.128430 -0.653464
vn -0.750843 -0.418215 -0.511205
vn -0.781347 -0.462200 -0.419367
vn -0.810862 -0.145865 -0.566769
vn -0.509730 -0.857006 0.075609
vn -0.553489 -0.794419 0.250096
vn -0.907025 -0.351744 0.231479
vn -0.891054 -0.430533 -0.143752
vn 0.622104 -0.772099 0.129810
vn -0.553489 -0.794419 0.250096
vn -0.509730 -0.857006 0.075609
vn 0.345752 -0.846350 0.405151
vn 0.151716 -0.923539 0.352219
vn 0.345752 -0.846350 0.405151
vn -0.509730 -0.857006 0.075609
vn -0.363849 -0.930624 -0.039414
vn 0.119304 -0.979851 0.160182
vn 0.151716 -0.923539 0.352219
vn -0.363849 -0.930624 -0.039414
vn -0.302792 -0.946324 -0.113083
vn 0.101368 -0.994204 0.035821
vn 0.119304 -0.979851 0.160182
vn -0.302792 -0.946324 -0.113083
vn -0.612953 -0.629196 -0.477913
vn -0.047347 -0.984185 0.170700
vn 0.101368 -0.994204 0.035821
vn -0.612953 -0.629196 -0.477913
vn -0.733627 -0.544439 -0.406666
vn -0.103624 -0.876103 0.470856
vn -0.047347 -0.984185 0.170700
vn -0.733627 -0.544439 -0.406666
vn -0.765625 -0.625883 -0.148626
vn -0.765625 -0.625883 -0.148626
vn -0.733627 -0.544439 -0.406666
vn -0.757464 -0.064871 -0.649646
vn -0.821088 -0.068985 -0.566618
vn -0.708907 -0.103874 -0.697611
vn -0.757464 -0.064871 -0.649646
vn -0.733627 -0.544439 -0.406666
vn -0.612953 -0.629196 -0.477913
vn -0.542658 0.285376 -0.789989
vn -0.573261 0.348876 -0.741389
vn -0.821088 -0.068985 -0.566618
vn -0.757464 -0.064871 -0.649646
vn -0.642622 0.357444 -0.677695
vn -0.872387 -0.125627 -0.472396
vn -0.821088 -0.068985 -0.566618
vn -0.573261 0.348876 -0.741389
vn -0.780013 -0.625759 0.002446
vn -0.765625 -0.625883 -0.148626
vn -0.821088 -0.068985 -0.566618
vn -0.872387 -0.125627 -0.472396
vn -0.151866 -0.777464 0.610317
vn -0.103624 -0.876103 0.470856
vn -0.765625 -0.625883 -0.148626
vn -0.780013 -0.625759 0.002446
vn 0.084986 0.620866 -0.779296
vn 0.104952 0.698155 -0.708212
vn -0.573261 0.348876 -0.741389
vn -0.542658 0.285376 -0.789989
vn -0.023587 0.804464 -0.593533
vn -0.642622 0.357444 -0.677695
vn -0.573261 0.348876 -0.741389
vn 0.104952 0.698155 -0.708212
vn 0.223411 0.482452 -0.846952
vn 0.084986 0.620866 -0.779296
vn -0.542658 0.285376 -0.789989
vn -0.492102 0.202300 -0.846706
vn 0.994565 0.099986 -0.029037
vn 0.955596 0.292104 0.038871
vn 0.084986 0.620866 -0.779296
vn 0.223411 0.482452 -0.846952
vn 0.084986 0.620866 -0.779296
vn 0.955596 0.292104 0.038871
vn 0.902897 0.428521 0.033856
vn 0.104952 0.698155 -0.708212
vn 0.677906 0.735146 -0.001932
vn -0.023587 0.804464 -0.593533
vn 0.104952 0.698155 -0.708212
vn 0.902897 0.428521 0.033856
vn -0.542658 0.285376 -0.789989
vn -0.757464 -0.064871 -0.649646
vn -0.708907 -0.103874 -0.697611
vn -0.492102 0.202300 -0.846706
vn 0.352952 0.473186 -0.807168
vn 0.223411 0.482452 -0.846952
vn -0.492102 0.202300 -0.846706
vn -0.239774 0.385184 -0.891146
vn -0.151072 0.581766 -0.799203
vn 0.397691 0.561397 -0.725724
vn 0.352952 0.473186 -0.807168
vn -0.239774 0.385184 -0.891146
vn 0.940474 0.321764 -0.109436
vn 0.982016 0.165446 -0.090950
vn 0.352952 0.473186 -0.807168
vn 0.397691 0.561397 -0.725724
vn -0.216704 0.630466 -0.745354
vn 0.314613 0.576488 -0.754109
vn 0.397691 0.561397 -0.725724
vn -0.151072 0.581766 -0.799203
vn 0.931389 0.342833 -0.122396
vn 0.940474 0.321764 -0.109436
vn 0.397691 0.561397 -0.725724
vn 0.314613 0.576488 -0.754109
vn -0.109282 0.685623 -0.719707
vn 0.541671 0.480037 -0.690041
vn 0.314613 0.576488 -0.754109
vn -0.216704 0.630466 -0.745354
vn 0.983628 0.033559 -0.177059
vn 0.931389 0.342833 -0.122396
vn 0.314613 0.576488 -0.754109
vn 0.541671 0.480037 -0.690041
vn -0.151072 0.581766 -0.799203
vn -0.409335 0.765357 -0.496663
vn -0.216704 0.630466 -0.745354
vn -0.510529 0.334557 -0.792106
vn -0.151072 0.581766 -0.799203
vn -0.239774 0.385184 -0.891146
vn 0.223411 0.482452 -0.846952
vn 0.352952 0.473186 -0.807168
vn 0.982016 0.165446 -0.090950
vn 0.994565 0.099986 -0.029037
vn -0.510529 0.334557 -0.792106
vn -0.239774 0.385184 -0.891146
vn -0.492102 0.202300 -0.846706
vn -0.670360 0.082505 -0.737435
vn -0.708907 -0.103874 -0.697611
vn -0.745983 -0.128430 -0.653464
vn -0.670360 0.082505 -0.737435
vn -0.492102 0.202300 -0.846706
vn -0.363849 -0.930624 -0.039414
vn -0.509730 -0.857006 0.075609
vn -0.891054 -0.430533 -0.143752
vn -0.781347 -0.462200 -0.419367
vn -0.302792 -0.946324 -0.113083
vn -0.363849 -0.930624 -0.039414
vn -0.781347 -0.462200 -0.419367
vn -0.750843 -0.418215 -0.511205
vn -0.302792 -0.946324 -0.113083
vn -0.750843 -0.418215 -0.511205
vn -0.612953 -0.629196 -0.477913
vn 0.200721 0.016367 -0.979512
vn 0.207508 -0.071126 -0.975644
vn 0.915780 0.299710 -0.267434
vn 0.939543 0.085725 -0.331527
vn 0.419684 -0.008821 -0.907627
vn 0.631198 -0.103170 -0.768730
vn 0.112959 -0.120269 -0.986294
vn 0.031676 0.011275 -0.999435
vn 0.984145 0.156073 0.084264
vn 0.988873 0.077648 0.126893
vn 0.631198 -0.103170 -0.768730
vn 0.419684 -0.008821 -0.907627
vn 0.939543 0.085725 -0.331527
vn 0.915780 0.299710 -0.267434
vn 0.170297 0.236181 0.956670
vn 0.235676 0.045532 0.970765
vn 0.042644 0.035090 0.998474
vn -0.041655 0.223207 0.973881
vn -0.702140 0.193153 0.685341
vn -0.603239 0.015981 0.797400
vn -0.603239 0.015981 0.797400
vn -0.702140 0.193153 0.685341
vn -0.986070 0.165083 0.020318
vn -0.987326 -0.057106 0.148078
vn 0.042644 0.035090 0.998474
vn 0.235676 0.045532 0.970765
vn 0.170297 0.236181 0.956670
vn -0.041655 0.223207 0.973881
vn 0.200721 0.016367 -0.979512
vn 0.136617 0.070989 -0.988077
vn -0.036072 0.063711 -0.997316
vn 0.031676 0.011275 -0.999435
vn -0.036072 0.063711 -0.997316
vn -0.033912 0.176831 -0.983657
vn 0.419684 -0.008821 -0.907627
vn 0.031676 0.011275 -0.999435
vn -0.033912 0.176831 -0.983657
vn 0.992491 0.122271 -0.003446
vn 0.984145 0.156073 0.084264
vn 0.419684 -0.008821 -0.907627
vn 0.136617 0.070989 -0.988077
vn 0.200721 0.016367 -0.979512
vn 0.939543 0.085725 -0.331527
vn 0.893701 -0.206368 -0.398385
vn 0.136617 0.070989 -0.988077
vn 0.893701 -0.206368 -0.398385
vn 0.155495 -0.392814 -0.906377
vn 0.155495 -0.392814 -0.906377
vn 0.016413 -0.516256 -0.856277
vn -0.036072 0.063711 -0.997316
vn 0.136617 0.070989 -0.988077
vn -0.632108 -0.750143 -0.194230
vn 0.622104 -0.772099 0.129810
vn 0.992491 0.122271 -0.003446
vn -0.033912 0.176831 -0.983657
vn 0.016413 -0.516256 -0.856277
vn -0.632108 -0.750143 -0.194230
vn -0.033912 0.176831 -0.983657
vn -0.036072 0.063711 -0.997316
vn 0.260193 -0.228692 0.938083
vn 0.203333 -0.697677 0.686951
vn 0.155495 -0.392814 -0.906377
vn 0.893701 -0.206368 -0.398385
vn 0.203333 -0.697677 0.686951
vn 0.092311 -0.676114 0.730992
vn 0.016413 -0.516256 -0.856277
vn 0.155495 -0.392814 -0.906377
vn 0.260193 -0.228692 0.938083
vn 0.084531 -0.249665 0.964636
vn 0.092311 -0.676114 0.730992
vn 0.203333 -0.697677 0.686951
vn 0.042644 0.035090 0.998474
vn 0.084531 -0.249665 0.964636
vn 0.260193 -0.228692 0.938083
vn 0.235676 0.045532 0.970765
vn 0.893701 -0.206368 -0.398385
vn 0.939543 0.085725 -0.331527
vn 0.235676 0.045532 0.970765
vn 0.260193 -0.228692 0.938083
vn -0.553489 -0.794419 0.250096
vn -0.389751 -0.689709 0.610242
vn -0.539322 -0.247097 0.805031
vn -0.907025 -0.351744 0.231479
vn -0.632108 -0.750143 -0.194230
vn -0.389751 -0.689709 0.610242
vn -0.553489 -0.794419 0.250096
vn 0.622104 -0.772099 0.129810
vn -0.389751 -0.689709 0.610242
vn 0.092311 -0.676114 0.730992
vn 0.084531 -0.249665 0.964636
vn -0.539322 -0.247097 0.805031
vn 0.016413 -0.516256 -0.856277
vn 0.092311 -0.676114 0.730992
vn -0.389751 -0.689709 0.610242
vn -0.632108 -0.750143 -0.194230
vn -0.583221 0.441143 0.682090
vn 0.044498 -0.019975 0.998810
vn 0.797188 -0.195932 0.571054
vn 0.231695 0.695700 0.679940
vn 0.044498 -0.019975 0.998810
vn -0.132630 -0.271596 0.953229
vn 0.770937 -0.420940 0.477981
vn 0.797188 -0.195932 0.571054
vn -0.583221 0.441143 0.682090
vn -0.739574 0.204602 0.641224
vn -0.132630 -0.271596 0.953229
vn 0.044498 -0.019975 0.998810
vn 0.231695 0.695700 0.679940
vn 0.797188 -0.195932 0.571054
vn 0.953023 0.067024 -0.295388
vn 0.631405 0.402464 -0.662835
vn 0.797188 -0.195932 0.571054
vn 0.770937 -0.420940 0.477981
vn 0.969456 -0.076047 -0.233178
vn 0.953023 0.067024 -0.295388
vn 0.969456 -0.076047 -0.233178
vn 0.770937 -0.420940 0.477981
vn 0.768928 -0.504298 0.392981
vn 0.963778 -0.027030 -0.265333
vn 0.757520 -0.507060 0.411161
vn 0.970967 -0.064593 -0.230329
vn 0.963778 -0.027030 -0.265333
vn 0.768928 -0.504298 0.392981
vn 0.770937 -0.420940 0.477981
vn -0.132630 -0.271596 0.953229
vn -0.200280 -0.516382 0.832609
vn 0.768928 -0.504298 0.392981
vn -0.185523 -0.502507 0.844434
vn 0.757520 -0.507060 0.411161
vn 0.768928 -0.504298 0.392981
vn -0.200280 -0.516382 0.832609
vn -0.200280 -0.516382 0.832609
vn -0.132630 -0.271596 0.953229
vn -0.739574 0.204602 0.641224
vn -0.893072 -0.023590 0.449295
vn -0.885208 0.014995 0.464953
vn -0.185523 -0.502507 0.844434
vn -0.200280 -0.516382 0.832609
vn -0.893072 -0.023590 0.449295
vn -0.236941 -0.441611 0.865355
vn -0.185523 -0.502507 0.844434
vn -0.885208 0.014995 0.464953
vn -0.879831 0.096319 0.465425
vn 0.970967 -0.064593 -0.230329
vn 0.757520 -0.507060 0.411161
vn 0.789395 -0.452055 0.415333
vn 0.987416 -0.054982 -0.148281
vn 0.789395 -0.452055 0.415333
vn 0.757520 -0.507060 0.411161
vn -0.185523 -0.502507 0.844434
vn -0.236941 -0.441611 0.865355
vn -0.879831 0.096319 0.465425
vn -0.845551 0.321305 0.426388
vn -0.140660 -0.332838 0.932434
vn -0.236941 -0.441611 0.865355
vn 0.788446 -0.373146 0.488994
vn 0.789395 -0.452055 0.415333
vn -0.236941 -0.441611 0.865355
vn -0.140660 -0.332838 0.932434
vn 0.983628 0.033559 -0.177059
vn 0.987416 -0.054982 -0.148281
vn 0.789395 -0.452055 0.415333
vn 0.788446 -0.373146 0.488994
vn -0.583221 0.441143 0.682090
vn 0.231695 0.695700 0.679940
vn -0.566964 0.813123 -0.131848
vn -0.566964 0.813123 -0.131848
vn -0.742757 0.645923 -0.176339
vn -0.739574 0.204602 0.641224
vn -0.583221 0.441143 0.682090
vn 0.631405 0.402464 -0.662835
vn 0.132951 0.677110 -0.723772
vn -0.566964 0.813123 -0.131848
vn 0.231695 0.695700 0.679940
vn 0.132951 0.677110 -0.723772
vn -0.044527 0.669485 -0.741490
vn -0.742757 0.645923 -0.176339
vn -0.566964 0.813123 -0.131848
vn 0.132951 0.677110 -0.723772
vn 0.631405 0.402464 -0.662835
vn 0.592153 0.316177 -0.741207
vn -0.044527 0.669485 -0.741490
vn 0.592153 0.316177 -0.741207
vn 0.631405 0.402464 -0.662835
vn 0.953023 0.067024 -0.295388
vn 0.969456 -0.076047 -0.233178
vn -0.030461 0.660833 -0.749915
vn -0.044527 0.669485 -0.741490
vn 0.592153 0.316177 -0.741207
vn 0.606989 0.427648 -0.669837
vn -0.039796 0.670442 -0.740894
vn -0.030461 0.660833 -0.749915
vn 0.606989 0.427648 -0.669837
vn 0.600069 0.427443 -0.676173
vn 0.592153 0.316177 -0.741207
vn 0.969456 -0.076047 -0.233178
vn 0.963778 -0.027030 -0.265333
vn 0.606989 0.427648 -0.669837
vn 0.970967 -0.064593 -0.230329
vn 0.600069 0.427443 -0.676173
vn 0.606989 0.427648 -0.669837
vn 0.963778 -0.027030 -0.265333
vn -0.780763 0.554471 -0.288049
vn -0.808981 0.510091 -0.292159
vn -0.030461 0.660833 -0.749915
vn -0.039796 0.670442 -0.740894
vn -0.808981 0.510091 -0.292159
vn -0.742757 0.645923 -0.176339
vn -0.044527 0.669485 -0.741490
vn -0.030461 0.660833 -0.749915
vn -0.885208 0.014995 0.464953
vn -0.893072 -0.023590 0.449295
vn -0.808981 0.510091 -0.292159
vn -0.780763 0.554471 -0.288049
vn -0.739574 0.204602 0.641224
vn -0.742757 0.645923 -0.176339
vn -0.808981 0.510091 -0.292159
vn -0.893072 -0.023590 0.449295
vn -0.703945 0.633930 -0.320302
vn -0.780763 0.554471 -0.288049
vn -0.039796 0.670442 -0.740894
vn -0.079215 0.698993 -0.710728
vn -0.039796 0.670442 -0.740894
vn 0.600069 0.427443 -0.676173
vn 0.589867 0.474880 -0.653104
vn -0.079215 0.698993 -0.710728
vn -0.879831 0.096319 0.465425
vn -0.885208 0.014995 0.464953
vn -0.780763 0.554471 -0.288049
vn -0.703945 0.633930 -0.320302
vn 0.600069 0.427443 -0.676173
vn 0.970967 -0.064593 -0.230329
vn 0.987416 -0.054982 -0.148281
vn 0.589867 0.474880 -0.653104
vn -0.079215 0.698993 -0.710728
vn -0.109282 0.685623 -0.719707
vn -0.615892 0.679954 -0.397920
vn -0.703945 0.633930 -0.320302
vn 0.589867 0.474880 -0.653104
vn 0.541671 0.480037 -0.690041
vn -0.109282 0.685623 -0.719707
vn -0.079215 0.698993 -0.710728
vn -0.879831 0.096319 0.465425
vn -0.703945 0.633930 -0.320302
vn -0.615892 0.679954 -0.397920
vn -0.845551 0.321305 0.426388
vn 0.983628 0.033559 -0.177059
vn 0.541671 0.480037 -0.690041
vn 0.589867 0.474880 -0.653104
vn 0.987416 -0.054982 -0.148281
vn -0.771402 0.570099 0.282712
vn -0.676087 0.667333 -0.312365
vn -0.986070 0.165083 0.020318
vn -0.702140 0.193153 0.685341
vn 0.263750 0.907940 -0.325701
vn -0.676087 0.667333 -0.312365
vn -0.771402 0.570099 0.282712
vn -0.039215 0.914495 -0.402693
vn -0.233467 0.611674 0.755876
vn -0.771402 0.570099 0.282712
vn -0.702140 0.193153 0.685341
vn -0.041655 0.223207 0.973881
vn -0.257090 0.895089 -0.364307
vn -0.039215 0.914495 -0.402693
vn -0.771402 0.570099 0.282712
vn -0.233467 0.611674 0.755876
vn 0.899379 0.223324 -0.375825
vn -0.039215 0.914495 -0.402693
vn -0.257090 0.895089 -0.364307
vn 0.134388 0.089832 -0.986849
vn 0.200721 0.016367 -0.979512
vn 0.031676 0.011275 -0.999435
vn 0.112959 -0.120269 -0.986294
vn 0.207508 -0.071126 -0.975644
vn -0.539322 -0.247097 0.805031
vn 0.084531 -0.249665 0.964636
vn 0.042644 0.035090 0.998474
vn -0.603239 0.015981 0.797400
vn -0.907025 -0.351744 0.231479
vn -0.539322 -0.247097 0.805031
vn -0.603239 0.015981 0.797400
vn -0.987326 -0.057106 0.148078
vn 0.589636 0.127943 0.797471
vn 0.643051 -0.106998 0.758312
vn 0.303610 0.056893 0.951096
vn 0.589636 0.127943 0.797471
vn 0.677691 0.108678 0.727271
vn 0.732770 0.061351 0.677705
vn 0.643051 -0.106998 0.758312
vn -0.708907 -0.103874 -0.697611
vn -0.612953 -0.629196 -0.477913
vn -0.750843 -0.418215 -0.511205
vn -0.745983 -0.128430 -0.653464
vn -0.510529 0.334557 -0.792106
vn -0.409335 0.765357 -0.496663
vn -0.151072 0.581766 -0.799203
vn -0.007075 -0.400141 -0.916426
vn -0.131493 -0.421575 -0.897209
vn -0.399221 -0.193622 -0.896177
vn -0.233251 -0.234000 -0.943842
vn -0.088220 0.225175 0.970316
vn -0.154712 0.213228 0.964675
vn -0.137401 -0.541382 0.829473
vn -0.077044 -0.529060 0.845080
vn -0.154712 0.213228 0.964675
vn -0.378940 0.184885 0.906765
vn -0.345646 -0.545817 0.763291
vn -0.137401 -0.541382 0.829473
vn -0.378940 0.184885 0.906765
vn -0.734023 0.172943 0.656735
vn -0.651014 -0.532823 0.540630
vn -0.345646 -0.545817 0.763291
vn -0.734023 0.172943 0.656735
vn -0.947698 0.150381 0.281521
vn -0.809216 -0.536197 0.240129
vn -0.651014 -0.532823 0.540630
vn -0.947698 0.150381 0.281521
vn -0.969385 0.084334 -0.230610
vn -0.763289 -0.630163 -0.142425
vn -0.809216 -0.536197 0.240129
vn -0.969385 0.084334 -0.230610
vn -0.764360 -0.028665 -0.644152
vn -0.535379 -0.753089 -0.382396
vn -0.763289 -0.630163 -0.142425
vn -0.131493 -0.421575 -0.897209
vn -0.535379 -0.753089 -0.382396
vn -0.764360 -0.028665 -0.644152
vn -0.399221 -0.193622 -0.896177
vn 0.763270 -0.630187 -0.142418
vn 0.535356 -0.753110 -0.382385
vn 0.764357 -0.028709 -0.644154
vn 0.969388 0.084299 -0.230609
vn 0.809218 -0.536196 0.240124
vn 0.763270 -0.630187 -0.142418
vn 0.969388 0.084299 -0.230609
vn 0.947695 0.150395 0.281522
vn 0.651025 -0.532813 0.540626
vn 0.809218 -0.536196 0.240124
vn 0.947695 0.150395 0.281522
vn 0.734027 0.172960 0.656727
vn 0.345649 -0.545812 0.763293
vn 0.651025 -0.532813 0.540626
vn 0.734027 0.172960 0.656727
vn 0.378939 0.184899 0.906762
vn 0.137399 -0.541382 0.829474
vn 0.345649 -0.545812 0.763293
vn 0.378939 0.184899 0.906762
vn 0.154713 0.213232 0.964674
vn 0.088220 0.225173 0.970317
vn 0.077044 -0.529061 0.845079
vn 0.137399 -0.541382 0.829474
vn 0.154713 0.213232 0.964674
vn 0.399223 -0.193634 -0.896173
vn 0.764357 -0.028709 -0.644154
vn 0.535356 -0.753110 -0.382385
vn 0.131493 -0.421575 -0.897209
vn 0.007075 -0.400141 -0.916426
vn 0.233253 -0.234011 -0.943839
vn 0.399223 -0.193634 -0.896173
vn 0.131493 -0.421575 -0.897209
vn 0.000000 -0.990676 -0.136241
vn -0.092164 -0.981116 -0.170052
vn -0.131493 -0.421575 -0.897209
vn -0.007075 -0.400141 -0.916426
vn -0.222044 0.836992 -0.500141
vn 0.000000 0.820050 -0.572292
vn 0.000000 0.820050 -0.572292
vn -0.212540 0.834651 -0.508119
vn 0.000000 0.935680 0.352850
vn -0.057536 0.932870 0.355588
vn -0.057485 0.932875 0.355583
vn 0.000000 0.935680 0.352850
vn -0.099839 -0.804249 0.585846
vn 0.000000 -0.798530 0.601955
vn 0.000000 -0.798530 0.601955
vn -0.095733 -0.803624 0.587387
vn -0.057536 0.932870 0.355588
vn -0.148049 0.927314 0.343760
vn -0.144212 0.927583 0.344663
vn -0.057485 0.932875 0.355583
vn -0.243539 -0.807059 0.537907
vn -0.099839 -0.804249 0.585846
vn -0.095733 -0.803624 0.587387
vn -0.222750 -0.808268 0.545056
vn -0.148049 0.927314 0.343760
vn -0.307512 0.918773 0.247575
vn -0.293499 0.919859 0.260225
vn -0.144212 0.927583 0.344663
vn -0.466649 -0.797781 0.381817
vn -0.243539 -0.807059 0.537907
vn -0.222750 -0.808268 0.545056
vn -0.443447 -0.799232 0.405689
vn -0.307512 0.918773 0.247575
vn -0.411225 0.906698 0.093775
vn -0.408428 0.906984 0.102795
vn -0.293499 0.919859 0.260225
vn -0.576830 -0.798671 0.171442
vn -0.466649 -0.797781 0.381817
vn -0.443447 -0.799232 0.405689
vn -0.575052 -0.797099 0.184252
vn -0.411225 0.906698 0.093775
vn -0.422211 0.898442 -0.120583
vn -0.420981 0.897741 -0.129752
vn -0.408428 0.906984 0.102795
vn -0.495898 -0.863909 -0.088017
vn -0.576830 -0.798671 0.171442
vn -0.575052 -0.797099 0.184252
vn -0.487545 -0.867320 -0.100283
vn -0.422211 0.898442 -0.120583
vn -0.365797 0.876154 -0.313920
vn -0.358387 0.873399 -0.329746
vn -0.420981 0.897741 -0.129752
vn -0.295657 -0.932312 -0.208283
vn -0.495898 -0.863909 -0.088017
vn -0.487545 -0.867320 -0.100283
vn -0.262540 -0.942118 -0.208536
vn -0.092164 -0.981116 -0.170052
vn -0.295657 -0.932312 -0.208283
vn -0.262540 -0.942118 -0.208536
vn -0.131493 -0.421575 -0.897209
vn -0.365797 0.876154 -0.313920
vn -0.222044 0.836992 -0.500141
vn -0.212540 0.834651 -0.508119
vn -0.358387 0.873399 -0.329746
vn 0.495904 -0.863905 -0.088018
vn 0.295664 -0.932309 -0.208285
vn 0.262542 -0.942117 -0.208537
vn 0.487550 -0.867317 -0.100285
vn 0.365792 0.876158 -0.313916
vn 0.422209 0.898443 -0.120583
vn 0.420978 0.897743 -0.129751
vn 0.358385 0.873403 -0.329738
vn 0.576828 -0.798672 0.171444
vn 0.495904 -0.863905 -0.088018
vn 0.487550 -0.867317 -0.100285
vn 0.575050 -0.797100 0.184254
vn 0.422209 0.898443 -0.120583
vn 0.411223 0.906699 0.093774
vn 0.408426 0.906985 0.102794
vn 0.420978 0.897743 -0.129751
vn 0.466647 -0.797780 0.381822
vn 0.576828 -0.798672 0.171444
vn 0.575050 -0.797100 0.184254
vn 0.443445 -0.799230 0.405695
vn 0.411223 0.906699 0.093774
vn 0.307504 0.918777 0.247567
vn 0.293493 0.919864 0.260214
vn 0.408426 0.906985 0.102794
vn 0.243538 -0.807058 0.537909
vn 0.466647 -0.797780 0.381822
vn 0.443445 -0.799230 0.405695
vn 0.222750 -0.808267 0.545057
vn 0.307504 0.918777 0.247567
vn 0.148047 0.927316 0.343755
vn 0.144210 0.927585 0.344659
vn 0.293493 0.919864 0.260214
vn 0.099839 -0.804249 0.585847
vn 0.243538 -0.807058 0.537909
vn 0.222750 -0.808267 0.545057
vn 0.095733 -0.803623 0.587389
vn 0.148047 0.927316 0.343755
vn 0.057536 0.932871 0.355585
vn 0.057485 0.932876 0.355580
vn 0.144210 0.927585 0.344659
vn 0.000000 -0.798530 0.601955
vn 0.099839 -0.804249 0.585847
vn 0.095733 -0.803623 0.587389
vn 0.000000 -0.798530 0.601955
vn 0.057536 0.932871 0.355585
vn 0.000000 0.935680 0.352850
vn 0.000000 0.935680 0.352850
vn 0.057485 0.932876 0.355580
vn 0.222044 0.836992 -0.500142
vn 0.365792 0.876158 -0.313916
vn 0.358385 0.873403 -0.329738
vn 0.212536 0.834650 -0.508122
vn 0.295664 -0.932309 -0.208285
vn 0.092165 -0.981116 -0.170050
vn 0.131493 -0.421575 -0.897209
vn 0.262542 -0.942117 -0.208537
vn 0.000000 0.820050 -0.572292
vn 0.222044 0.836992 -0.500142
vn 0.212536 0.834650 -0.508122
vn 0.000000 0.820050 -0.572292
vn 0.092165 -0.981116 -0.170050
vn 0.000000 -0.990676 -0.136241
vn -0.007075 -0.400141 -0.916426
vn 0.131493 -0.421575 -0.897209
vn 0.055087 0.792042 0.607977
vn 0.088220 0.225173 0.970317
vn 0.154713 0.213232 0.964674
vn 0.098739 0.786614 0.609499
vn -0.055087 0.792044 0.607974
vn -0.098740 0.786614 0.609499
vn -0.154712 0.213228 0.964675
vn -0.088220 0.225175 0.970316
vn -0.098740 0.786614 0.609499
vn -0.250354 0.774941 0.580335
vn -0.378940 0.184885 0.906765
vn -0.154712 0.213228 0.964675
vn -0.250354 0.774941 0.580335
vn -0.505843 0.754568 0.418032
vn -0.734023 0.172943 0.656735
vn -0.378940 0.184885 0.906765
vn -0.505843 0.754568 0.418032
vn -0.665928 0.725875 0.172179
vn -0.947698 0.150381 0.281521
vn -0.734023 0.172943 0.656735
vn -0.665928 0.725875 0.172179
vn -0.682263 0.710180 -0.173669
vn -0.969385 0.084334 -0.230610
vn -0.947698 0.150381 0.281521
vn -0.682263 0.710180 -0.173669
vn -0.567249 0.670590 -0.478056
vn -0.764360 -0.028665 -0.644152
vn -0.969385 0.084334 -0.230610
vn -0.399221 -0.193622 -0.896177
vn -0.764360 -0.028665 -0.644152
vn -0.567249 0.670590 -0.478056
vn -0.323608 0.602593 -0.729492
vn -0.233251 -0.234000 -0.943842
vn -0.399221 -0.193622 -0.896177
vn -0.323608 0.602593 -0.729492
vn -0.194547 0.562704 -0.803440
vn 0.399223 -0.193634 -0.896173
vn 0.233253 -0.234011 -0.943839
vn 0.194551 0.562707 -0.803437
vn 0.323608 0.602599 -0.729488
vn 0.323608 0.602599 -0.729488
vn 0.567258 0.670577 -0.478064
vn 0.764357 -0.028709 -0.644154
vn 0.399223 -0.193634 -0.896173
vn 0.969388 0.084299 -0.230609
vn 0.764357 -0.028709 -0.644154
vn 0.567258 0.670577 -0.478064
vn 0.682269 0.710173 -0.173673
vn 0.947695 0.150395 0.281522
vn 0.969388 0.084299 -0.230609
vn 0.682269 0.710173 -0.173673
vn 0.665918 0.725883 0.172180
vn 0.734027 0.172960 0.656727
vn 0.947695 0.150395 0.281522
vn 0.665918 0.725883 0.172180
vn 0.505846 0.754567 0.418029
vn 0.378939 0.184899 0.906762
vn 0.734027 0.172960 0.656727
vn 0.505846 0.754567 0.418029
vn 0.250354 0.774944 0.580332
vn 0.154713 0.213232 0.964674
vn 0.378939 0.184899 0.906762
vn 0.250354 0.774944 0.580332
vn 0.098739 0.786614 0.609499
vn 0.382684 0.000000 -0.923879
vn 0.382684 0.000000 -0.923879
vn 0.382684 0.000000 -0.923879
vn 0.382684 0.000000 -0.923879
vn -0.382686 0.000000 -0.923878
vn -0.382686 0.000000 -0.923878
vn -0.382686 0.000000 -0.923878
vn -0.382686 0.000000 -0.923878
vn -0.923880 0.000000 -0.382683
vn -0.923880 0.000000 -0.382683
vn -0.923880 0.000000 -0.382683
vn -0.923880 0.000000 -0.382683
vn -0.923880 0.000000 0.382683
vn -0.923880 0.000000 0.382683
vn -0.923880 0.000000 0.382683
vn -0.923880 0.000000 0.382683
vn -0.382686 0.000000 0.923878
vn -0.382686 0.000000 0.923878
vn -0.382686 0.000000 0.923878
vn -0.382686 0.000000 0.923878
vn 0.382684 0.000000 0.923879
vn 0.382684 0.000000 0.923879
vn 0.382684 0.000000 0.923879
vn 0.382684 0.000000 0.923879
vn 0.923876 0.000000 0.382693
vn 0.923876 0.000000 0.382693
vn 0.923876 0.000000 0.382693
vn 0.923876 0.000000 0.382693
vn 0.923876 0.000000 -0.382693
vn 0.923876 0.000000 -0.382693
vn 0.923876 0.000000 -0.382693
vn 0.923876 0.000000 -0.382693
vn 0.285344 0.730103 -0.620910
vn 0.347358 0.685571 -0.639793
vn 0.176986 0.866406 0.466923
vn 0.177470 0.868762 0.462339
vn -0.718270 0.599386 0.353305
vn -0.811954 0.580762 0.058699
vn -0.832410 -0.552193 -0.046653
vn -0.729407 -0.565816 0.384470
vn 0.547157 0.712595 -0.439121
vn 0.574114 0.779954 -0.249129
vn 0.947393 -0.317037 0.043970
vn 0.915029 -0.388670 -0.107974
vn -0.445922 -0.240529 -0.862148
vn -0.081913 0.028205 -0.996240
vn 0.451486 -0.745232 -0.490704
vn 0.235418 -0.899127 -0.368983
vn 0.032612 0.733053 0.679389
vn -0.300029 0.514758 0.803123
vn -0.528872 0.782563 -0.328465
vn -0.595526 0.760913 -0.257604
vn -0.590591 0.791800 -0.155739
vn 0.236138 0.857559 0.456981
vn 0.207496 0.820956 0.531956
vn -0.606296 0.772424 -0.189123
vn -0.727198 -0.341019 -0.595726
vn -0.590591 0.791800 -0.155739
vn -0.606296 0.772424 -0.189123
vn -0.644187 -0.358208 -0.675803
vn 0.207496 0.820956 0.531956
vn 0.032612 0.733053 0.679389
vn -0.595526 0.760913 -0.257604
vn -0.606296 0.772424 -0.189123
vn -0.595526 0.760913 -0.257604
vn -0.445922 -0.240529 -0.862148
vn -0.644187 -0.358208 -0.675803
vn -0.606296 0.772424 -0.189123
vn -0.528872 0.782563 -0.328465
vn -0.081913 0.028205 -0.996240
vn -0.445922 -0.240529 -0.862148
vn -0.595526 0.760913 -0.257604
vn 0.129378 -0.975550 -0.177662
vn -0.727198 -0.341019 -0.595726
vn -0.644187 -0.358208 -0.675803
vn 0.149502 -0.961267 -0.231549
vn 0.236138 0.857559 0.456981
vn 0.800819 -0.314963 0.509400
vn 0.752504 -0.379456 0.538285
vn 0.207496 0.820956 0.531956
vn 0.800819 -0.314963 0.509400
vn 0.129378 -0.975550 -0.177662
vn 0.149502 -0.961267 -0.231549
vn 0.752504 -0.379456 0.538285
vn 0.415199 -0.676523 0.608216
vn -0.300029 0.514758 0.803123
vn 0.032612 0.733053 0.679389
vn 0.622327 -0.495094 0.606293
vn 0.032612 0.733053 0.679389
vn 0.207496 0.820956 0.531956
vn 0.752504 -0.379456 0.538285
vn 0.622327 -0.495094 0.606293
vn -0.644187 -0.358208 -0.675803
vn -0.445922 -0.240529 -0.862148
vn 0.235418 -0.899127 -0.368983
vn 0.149502 -0.961267 -0.231549
vn 0.235418 -0.899127 -0.368983
vn 0.622327 -0.495094 0.606293
vn 0.752504 -0.379456 0.538285
vn 0.149502 -0.961267 -0.231549
vn 0.451486 -0.745232 -0.490704
vn 0.415199 -0.676523 0.608216
vn 0.622327 -0.495094 0.606293
vn 0.235418 -0.899127 -0.368983
vn -0.946635 -0.303079 0.109661
vn -0.452508 0.864183 -0.220057
vn -0.459885 0.861454 -0.215411
vn -0.924984 -0.211147 0.315947
vn -0.457898 0.838553 -0.295226
vn -0.665353 0.173372 0.726118
vn -0.851224 -0.071410 0.519922
vn -0.452019 0.860210 -0.236044
vn -0.528872 0.782563 -0.328465
vn -0.300029 0.514758 0.803123
vn -0.665353 0.173372 0.726118
vn -0.457898 0.838553 -0.295226
vn 0.291208 0.377313 -0.879109
vn -0.081913 0.028205 -0.996240
vn -0.528872 0.782563 -0.328465
vn -0.457898 0.838553 -0.295226
vn 0.474830 0.599186 -0.644602
vn 0.291208 0.377313 -0.879109
vn -0.457898 0.838553 -0.295226
vn -0.452019 0.860210 -0.236044
vn -0.452019 0.860210 -0.236044
vn -0.851224 -0.071410 0.519922
vn -0.924984 -0.211147 0.315947
vn -0.459885 0.861454 -0.215411
vn 0.547157 0.712595 -0.439121
vn 0.474830 0.599186 -0.644602
vn -0.452019 0.860210 -0.236044
vn -0.459885 0.861454 -0.215411
vn -0.452508 0.864183 -0.220057
vn 0.574114 0.779954 -0.249129
vn 0.547157 0.712595 -0.439121
vn -0.459885 0.861454 -0.215411
vn 0.291208 0.377313 -0.879109
vn 0.474830 0.599186 -0.644602
vn 0.853861 -0.453504 -0.255450
vn 0.713774 -0.560018 -0.420602
vn 0.095455 -0.899709 0.425926
vn -0.851224 -0.071410 0.519922
vn -0.665353 0.173372 0.726118
vn 0.211016 -0.821889 0.529123
vn -0.665353 0.173372 0.726118
vn -0.300029 0.514758 0.803123
vn 0.415199 -0.676523 0.608216
vn 0.211016 -0.821889 0.529123
vn -0.081913 0.028205 -0.996240
vn 0.291208 0.377313 -0.879109
vn 0.713774 -0.560018 -0.420602
vn 0.451486 -0.745232 -0.490704
vn 0.713774 -0.560018 -0.420602
vn 0.211016 -0.821889 0.529123
vn 0.415199 -0.676523 0.608216
vn 0.451486 -0.745232 -0.490704
vn 0.853861 -0.453504 -0.255450
vn 0.095455 -0.899709 0.425926
vn 0.211016 -0.821889 0.529123
vn 0.713774 -0.560018 -0.420602
vn 0.044691 -0.968702 0.244171
vn -0.946635 -0.303079 0.109661
vn -0.924984 -0.211147 0.315947
vn 0.048688 -0.942492 0.330663
vn -0.924984 -0.211147 0.315947
vn -0.851224 -0.071410 0.519922
vn 0.095455 -0.899709 0.425926
vn 0.048688 -0.942492 0.330663
vn 0.474830 0.599186 -0.644602
vn 0.547157 0.712595 -0.439121
vn 0.915029 -0.388670 -0.107974
vn 0.853861 -0.453504 -0.255450
vn 0.915029 -0.388670 -0.107974
vn 0.048688 -0.942492 0.330663
vn 0.095455 -0.899709 0.425926
vn 0.853861 -0.453504 -0.255450
vn 0.947393 -0.317037 0.043970
vn 0.044691 -0.968702 0.244171
vn 0.048688 -0.942492 0.330663
vn 0.915029 -0.388670 -0.107974
vn 0.383835 0.824375 0.416024
vn 0.060214 0.766777 0.639083
vn 0.366384 -0.292961 0.883140
vn 0.731718 -0.175770 0.658554
vn -0.216293 -0.345459 -0.913168
vn -0.271672 0.902650 -0.333792
vn -0.342429 0.899733 -0.270596
vn -0.635975 -0.419623 -0.647652
vn -0.452508 0.864183 -0.220057
vn -0.946635 -0.303079 0.109661
vn -0.898149 -0.389027 -0.204905
vn -0.405477 0.882787 -0.237224
vn 0.564045 0.824989 0.035317
vn 0.574114 0.779954 -0.249129
vn -0.452508 0.864183 -0.220057
vn -0.405477 0.882787 -0.237224
vn -0.405477 0.882787 -0.237224
vn -0.898149 -0.389027 -0.204905
vn -0.635975 -0.419623 -0.647652
vn -0.342429 0.899733 -0.270596
vn 0.383835 0.824375 0.416024
vn 0.564045 0.824989 0.035317
vn -0.405477 0.882787 -0.237224
vn -0.342429 0.899733 -0.270596
vn -0.271672 0.902650 -0.333792
vn 0.060214 0.766777 0.639083
vn 0.383835 0.824375 0.416024
vn -0.342429 0.899733 -0.270596
vn 0.574114 0.779954 -0.249129
vn 0.564045 0.824989 0.035317
vn 0.932538 -0.210596 0.293296
vn 0.947393 -0.317037 0.043970
vn 0.102738 -0.981354 0.162449
vn -0.898149 -0.389027 -0.204905
vn -0.946635 -0.303079 0.109661
vn 0.044691 -0.968702 0.244171
vn 0.932538 -0.210596 0.293296
vn 0.102738 -0.981354 0.162449
vn 0.044691 -0.968702 0.244171
vn 0.947393 -0.317037 0.043970
vn 0.220665 -0.974578 0.038779
vn -0.216293 -0.345459 -0.913168
vn -0.635975 -0.419623 -0.647652
vn 0.190108 -0.977422 0.092221
vn -0.635975 -0.419623 -0.647652
vn -0.898149 -0.389027 -0.204905
vn 0.102738 -0.981354 0.162449
vn 0.190108 -0.977422 0.092221
vn 0.564045 0.824989 0.035317
vn 0.383835 0.824375 0.416024
vn 0.731718 -0.175770 0.658554
vn 0.932538 -0.210596 0.293296
vn 0.731718 -0.175770 0.658554
vn 0.190108 -0.977422 0.092221
vn 0.102738 -0.981354 0.162449
vn 0.932538 -0.210596 0.293296
vn 0.366384 -0.292961 0.883140
vn 0.220665 -0.974578 0.038779
vn 0.190108 -0.977422 0.092221
vn 0.731718 -0.175770 0.658554
vn 0.990704 -0.135667 -0.010033
vn 0.195011 0.977703 0.077891
vn 0.182348 0.977877 -0.102497
vn 0.897409 -0.093552 -0.431167
vn -0.129616 0.933098 -0.335452
vn 0.200192 -0.244441 -0.948774
vn 0.619162 -0.156521 -0.769506
vn 0.046495 0.971415 -0.232789
vn -0.271672 0.902650 -0.333792
vn -0.216293 -0.345459 -0.913168
vn 0.200192 -0.244441 -0.948774
vn -0.129616 0.933098 -0.335452
vn -0.247464 0.676808 0.693320
vn 0.060214 0.766777 0.639083
vn -0.271672 0.902650 -0.333792
vn -0.129616 0.933098 -0.335452
vn -0.533667 0.601907 0.594061
vn -0.247464 0.676808 0.693320
vn -0.129616 0.933098 -0.335452
vn 0.046495 0.971415 -0.232789
vn 0.046495 0.971415 -0.232789
vn 0.619162 -0.156521 -0.769506
vn 0.897409 -0.093552 -0.431167
vn 0.182348 0.977877 -0.102497
vn -0.718270 0.599386 0.353305
vn -0.533667 0.601907 0.594061
vn 0.046495 0.971415 -0.232789
vn 0.182348 0.977877 -0.102497
vn 0.195011 0.977703 0.077891
vn -0.811954 0.580762 0.058699
vn -0.718270 0.599386 0.353305
vn 0.182348 0.977877 -0.102497
vn -0.247464 0.676808 0.693320
vn -0.533667 0.601907 0.594061
vn -0.451012 -0.527224 0.720155
vn -0.038488 -0.430354 0.901839
vn 0.133310 -0.990441 0.035432
vn 0.619162 -0.156521 -0.769506
vn 0.200192 -0.244441 -0.948774
vn 0.197433 -0.979341 0.043713
vn 0.200192 -0.244441 -0.948774
vn -0.216293 -0.345459 -0.913168
vn 0.220665 -0.974578 0.038779
vn 0.197433 -0.979341 0.043713
vn 0.060214 0.766777 0.639083
vn -0.247464 0.676808 0.693320
vn -0.038488 -0.430354 0.901839
vn 0.366384 -0.292961 0.883140
vn -0.038488 -0.430354 0.901839
vn 0.197433 -0.979341 0.043713
vn 0.220665 -0.974578 0.038779
vn 0.366384 -0.292961 0.883140
vn -0.451012 -0.527224 0.720155
vn 0.133310 -0.990441 0.035432
vn 0.197433 -0.979341 0.043713
vn -0.038488 -0.430354 0.901839
vn 0.065274 -0.994828 -0.077819
vn 0.990704 -0.135667 -0.010033
vn 0.897409 -0.093552 -0.431167
vn 0.108530 -0.993903 -0.019468
vn 0.897409 -0.093552 -0.431167
vn 0.619162 -0.156521 -0.769506
vn 0.133310 -0.990441 0.035432
vn 0.108530 -0.993903 -0.019468
vn -0.533667 0.601907 0.594061
vn -0.718270 0.599386 0.353305
vn -0.729407 -0.565816 0.384470
vn -0.451012 -0.527224 0.720155
vn -0.729407 -0.565816 0.384470
vn 0.108530 -0.993903 -0.019468
vn 0.133310 -0.990441 0.035432
vn -0.451012 -0.527224 0.720155
vn -0.832410 -0.552193 -0.046653
vn 0.065274 -0.994828 -0.077819
vn 0.108530 -0.993903 -0.019468
vn -0.729407 -0.565816 0.384470
vn -0.377802 0.856200 -0.352402
vn -0.366444 0.878266 -0.307193
vn 0.600992 0.591964 -0.537018
vn 0.475863 0.414992 -0.775459
vn -0.634834 0.709553 -0.305813
vn -0.584729 0.736041 -0.341080
vn -0.314653 -0.276132 -0.908155
vn -0.489717 -0.391779 -0.778901
vn 0.565051 -0.420748 0.709710
vn -0.084178 0.752580 0.653099
vn 0.048907 0.834900 0.548225
vn 0.690299 -0.328924 0.644435
vn 0.195011 0.977703 0.077891
vn 0.990704 -0.135667 -0.010033
vn 0.867765 -0.248016 0.430665
vn 0.141676 0.930871 0.336760
vn -0.756871 0.617172 -0.215046
vn -0.811954 0.580762 0.058699
vn 0.195011 0.977703 0.077891
vn 0.141676 0.930871 0.336760
vn 0.141676 0.930871 0.336760
vn 0.867765 -0.248016 0.430665
vn 0.690299 -0.328924 0.644435
vn 0.048907 0.834900 0.548225
vn -0.634834 0.709553 -0.305813
vn -0.756871 0.617172 -0.215046
vn 0.141676 0.930871 0.336760
vn 0.048907 0.834900 0.548225
vn -0.084178 0.752580 0.653099
vn -0.584729 0.736041 -0.341080
vn -0.634834 0.709553 -0.305813
vn 0.048907 0.834900 0.548225
vn -0.811954 0.580762 0.058699
vn -0.756871 0.617172 -0.215046
vn -0.707133 -0.493611 -0.506272
vn -0.832410 -0.552193 -0.046653
vn 0.112801 -0.977594 -0.177726
vn 0.867765 -0.248016 0.430665
vn 0.990704 -0.135667 -0.010033
vn 0.065274 -0.994828 -0.077819
vn -0.707133 -0.493611 -0.506272
vn 0.112801 -0.977594 -0.177726
vn 0.065274 -0.994828 -0.077819
vn -0.832410 -0.552193 -0.046653
vn 0.330696 -0.895771 -0.297042
vn 0.565051 -0.420748 0.709710
vn 0.690299 -0.328924 0.644435
vn 0.245267 -0.939936 -0.237410
vn 0.690299 -0.328924 0.644435
vn 0.867765 -0.248016 0.430665
vn 0.112801 -0.977594 -0.177726
vn 0.245267 -0.939936 -0.237410
vn -0.756871 0.617172 -0.215046
vn -0.634834 0.709553 -0.305813
vn -0.489717 -0.391779 -0.778901
vn -0.707133 -0.493611 -0.506272
vn -0.489717 -0.391779 -0.778901
vn 0.245267 -0.939936 -0.237410
vn 0.112801 -0.977594 -0.177726
vn -0.707133 -0.493611 -0.506272
vn -0.314653 -0.276132 -0.908155
vn 0.330696 -0.895771 -0.297042
vn 0.245267 -0.939936 -0.237410
vn -0.489717 -0.391779 -0.778901
vn 0.010431 -0.905429 0.424370
vn -0.932832 -0.037316 0.358374
vn -0.805246 0.161694 0.570468
vn 0.083898 -0.834046 0.545278
vn -0.300797 0.624241 0.721002
vn 0.401430 -0.567192 0.719130
vn 0.222264 -0.719883 0.657547
vn -0.572538 0.409078 0.710532
vn -0.084178 0.752580 0.653099
vn 0.565051 -0.420748 0.709710
vn 0.401430 -0.567192 0.719130
vn -0.300797 0.624241 0.721002
vn -0.518488 0.758597 -0.394590
vn -0.584729 0.736041 -0.341080
vn -0.084178 0.752580 0.653099
vn -0.300797 0.624241 0.721002
vn -0.432156 0.808472 -0.399517
vn -0.518488 0.758597 -0.394590
vn -0.300797 0.624241 0.721002
vn -0.572538 0.409078 0.710532
vn -0.572538 0.409078 0.710532
vn 0.222264 -0.719883 0.657547
vn 0.083898 -0.834046 0.545278
vn -0.805246 0.161694 0.570468
vn -0.377802 0.856200 -0.352402
vn -0.432156 0.808472 -0.399517
vn -0.572538 0.409078 0.710532
vn -0.805246 0.161694 0.570468
vn -0.932832 -0.037316 0.358374
vn -0.366444 0.878266 -0.307193
vn -0.377802 0.856200 -0.352402
vn -0.805246 0.161694 0.570468
vn -0.518488 0.758597 -0.394590
vn -0.432156 0.808472 -0.399517
vn 0.236371 0.165232 -0.957511
vn -0.065909 -0.087910 -0.993946
vn 0.627566 -0.685331 -0.369435
vn 0.222264 -0.719883 0.657547
vn 0.401430 -0.567192 0.719130
vn 0.451878 -0.810373 -0.372964
vn 0.401430 -0.567192 0.719130
vn 0.565051 -0.420748 0.709710
vn 0.330696 -0.895771 -0.297042
vn 0.451878 -0.810373 -0.372964
vn -0.584729 0.736041 -0.341080
vn -0.518488 0.758597 -0.394590
vn -0.065909 -0.087910 -0.993946
vn -0.314653 -0.276132 -0.908155
vn -0.065909 -0.087910 -0.993946
vn 0.451878 -0.810373 -0.372964
vn 0.330696 -0.895771 -0.297042
vn -0.314653 -0.276132 -0.908155
vn 0.236371 0.165232 -0.957511
vn 0.627566 -0.685331 -0.369435
vn 0.451878 -0.810373 -0.372964
vn -0.065909 -0.087910 -0.993946
vn 0.877868 -0.465833 -0.111123
vn 0.010431 -0.905429 0.424370
vn 0.083898 -0.834046 0.545278
vn 0.786669 -0.558417 -0.263292
vn 0.083898 -0.834046 0.545278
vn 0.222264 -0.719883 0.657547
vn 0.627566 -0.685331 -0.369435
vn 0.786669 -0.558417 -0.263292
vn -0.432156 0.808472 -0.399517
vn -0.377802 0.856200 -0.352402
vn 0.475863 0.414992 -0.775459
vn 0.236371 0.165232 -0.957511
vn 0.475863 0.414992 -0.775459
vn 0.786669 -0.558417 -0.263292
vn 0.627566 -0.685331 -0.369435
vn 0.236371 0.165232 -0.957511
vn 0.600992 0.591964 -0.537018
vn 0.877868 -0.465833 -0.111123
vn 0.786669 -0.558417 -0.263292
vn 0.475863 0.414992 -0.775459
vn -0.293145 0.907238 -0.301637
vn -0.212362 0.888683 -0.406380
vn 0.463556 0.797882 0.385356
vn 0.629671 0.771998 0.086797
vn 0.061349 -0.977130 0.203602
vn -0.597451 -0.469544 -0.650062
vn -0.888070 -0.349033 -0.299178
vn 0.070215 -0.974683 0.212281
vn -0.932832 -0.037316 0.358374
vn 0.010431 -0.905429 0.424370
vn 0.012842 -0.953790 0.300201
vn -0.977518 -0.190261 0.090885
vn -0.341234 0.896192 -0.283547
vn -0.366444 0.878266 -0.307193
vn -0.932832 -0.037316 0.358374
vn -0.977518 -0.190261 0.090885
vn -0.977518 -0.190261 0.090885
vn 0.012842 -0.953790 0.300201
vn 0.070215 -0.974683 0.212281
vn -0.888070 -0.349033 -0.299178
vn -0.293145 0.907238 -0.301637
vn -0.341234 0.896192 -0.283547
vn -0.977518 -0.190261 0.090885
vn -0.888070 -0.349033 -0.299178
vn -0.597451 -0.469544 -0.650062
vn -0.212362 0.888683 -0.406380
vn -0.293145 0.907238 -0.301637
vn -0.888070 -0.349033 -0.299178
vn -0.366444 0.878266 -0.307193
vn -0.341234 0.896192 -0.283547
vn 0.655035 0.705914 -0.269472
vn 0.600992 0.591964 -0.537018
vn 0.930973 -0.355582 0.082772
vn 0.012842 -0.953790 0.300201
vn 0.010431 -0.905429 0.424370
vn 0.877868 -0.465833 -0.111123
vn 0.655035 0.705914 -0.269472
vn 0.930973 -0.355582 0.082772
vn 0.877868 -0.465833 -0.111123
vn 0.600992 0.591964 -0.537018
vn 0.624918 -0.239512 0.743042
vn 0.061349 -0.977130 0.203602
vn 0.070215 -0.974683 0.212281
vn 0.880894 -0.254597 0.399006
vn 0.070215 -0.974683 0.212281
vn 0.012842 -0.953790 0.300201
vn 0.930973 -0.355582 0.082772
vn 0.880894 -0.254597 0.399006
vn -0.341234 0.896192 -0.283547
vn -0.293145 0.907238 -0.301637
vn 0.629671 0.771998 0.086797
vn 0.655035 0.705914 -0.269472
vn 0.629671 0.771998 0.086797
vn 0.880894 -0.254597 0.399006
vn 0.930973 -0.355582 0.082772
vn 0.655035 0.705914 -0.269472
vn 0.463556 0.797882 0.385356
vn 0.624918 -0.239512 0.743042
vn 0.880894 -0.254597 0.399006
vn 0.629671 0.771998 0.086797
vn -0.297360 -0.945440 0.133120
vn 0.001276 -0.587476 -0.809240
vn -0.016232 -0.554997 -0.831694
vn -0.258547 -0.953699 0.153663
vn -0.289455 -0.518395 -0.804663
vn -0.043650 -0.978007 0.203951
vn -0.161615 -0.970069 0.181236
vn -0.109889 -0.541332 -0.833597
vn -0.597451 -0.469544 -0.650062
vn 0.061349 -0.977130 0.203602
vn -0.043650 -0.978007 0.203951
vn -0.289455 -0.518395 -0.804663
vn -0.048259 0.838004 -0.543525
vn -0.212362 0.888683 -0.406380
vn -0.597451 -0.469544 -0.650062
vn -0.289455 -0.518395 -0.804663
vn 0.135789 0.781173 -0.609368
vn -0.048259 0.838004 -0.543525
vn -0.289455 -0.518395 -0.804663
vn -0.109889 -0.541332 -0.833597
vn -0.109889 -0.541332 -0.833597
vn -0.161615 -0.970069 0.181236
vn -0.258547 -0.953699 0.153663
vn -0.016232 -0.554997 -0.831694
vn 0.285344 0.730103 -0.620910
vn 0.135789 0.781173 -0.609368
vn -0.109889 -0.541332 -0.833597
vn -0.016232 -0.554997 -0.831694
vn 0.001276 -0.587476 -0.809240
vn 0.347358 0.685571 -0.639793
vn 0.285344 0.730103 -0.620910
vn -0.016232 -0.554997 -0.831694
vn -0.048259 0.838004 -0.543525
vn 0.135789 0.781173 -0.609368
vn 0.188251 0.856076 0.481347
vn 0.270618 0.829192 0.489087
vn 0.004108 -0.226024 0.974113
vn -0.161615 -0.970069 0.181236
vn -0.043650 -0.978007 0.203951
vn 0.269579 -0.247875 0.930530
vn -0.043650 -0.978007 0.203951
vn 0.061349 -0.977130 0.203602
vn 0.624918 -0.239512 0.743042
vn 0.269579 -0.247875 0.930530
vn -0.212362 0.888683 -0.406380
vn -0.048259 0.838004 -0.543525
vn 0.270618 0.829192 0.489087
vn 0.463556 0.797882 0.385356
vn 0.270618 0.829192 0.489087
vn 0.269579 -0.247875 0.930530
vn 0.624918 -0.239512 0.743042
vn 0.463556 0.797882 0.385356
vn 0.188251 0.856076 0.481347
vn 0.004108 -0.226024 0.974113
vn 0.269579 -0.247875 0.930530
vn 0.270618 0.829192 0.489087
vn -0.238620 -0.202708 0.949721
vn -0.297360 -0.945440 0.133120
vn -0.258547 -0.953699 0.153663
vn -0.163932 -0.183071 0.969335
vn -0.258547 -0.953699 0.153663
vn -0.161615 -0.970069 0.181236
vn 0.004108 -0.226024 0.974113
vn -0.163932 -0.183071 0.969335
vn 0.135789 0.781173 -0.609368
vn 0.285344 0.730103 -0.620910
vn 0.177470 0.868762 0.462339
vn 0.188251 0.856076 0.481347
vn 0.177470 0.868762 0.462339
vn -0.163932 -0.183071 0.969335
vn 0.004108 -0.226024 0.974113
vn 0.188251 0.856076 0.481347
vn 0.176986 0.866406 0.466923
vn -0.238620 -0.202708 0.949721
vn -0.163932 -0.183071 0.969335
vn 0.177470 0.868762 0.462339
vn -0.577349 -0.577352 -0.577350
vn 0.000000 -0.707108 -0.707105
vn 0.000000 -1.000000 0.000000
vn -0.707105 -0.707108 0.000000
vn 0.000000 -0.707108 -0.707105
vn 0.577349 -0.577352 -0.577350
vn 0.707105 -0.707108 0.000000
vn 0.000000 -1.000000 0.000000
vn 0.000000 -1.000000 0.000000
vn 0.707105 -0.707108 0.000000
vn 0.577349 -0.577352 0.577350
vn 0.000000 -0.707109 0.707105
vn -0.707105 -0.707108 0.000000
vn 0.000000 -1.000000 0.000000
vn 0.000000 -0.707109 0.707105
vn -0.577349 -0.577353 0.577349
vn -0.577349 -0.577353 0.577349
vn 0.000000 -0.707109 0.707105
vn 0.000000 0.000000 1.000000
vn -0.707107 0.000000 0.707107
vn 0.000000 -0.707109 0.707105
vn 0.577349 -0.577352 0.577350
vn 0.707106 0.000000 0.707107
vn 0.000000 0.000000 1.000000
vn 0.000000 0.000000 1.000000
vn 0.707106 0.000000 0.707107
vn 0.577349 0.577351 0.577350
vn 0.000000 0.707107 0.707107
vn -0.707107 0.000000 0.707107
vn 0.000000 0.000000 1.000000
vn 0.000000 0.707107 0.707107
vn -0.577349 0.577353 0.577349
vn -0.577349 0.577353 0.577349
vn 0.000000 0.707107 0.707107
vn 0.000000 1.000000 0.000000
vn -0.707107 0.707107 0.000000
vn 0.000000 0.707107 0.707107
vn 0.577349 0.577351 0.577350
vn 0.707107 0.707107 0.000000
vn 0.000000 1.000000 0.000000
vn 0.000000 1.000000 0.000000
vn 0.707107 0.707107 0.000000
vn 0.577349 0.577352 -0.577350
vn 0.000000 0.707107 -0.707107
vn -0.707107 0.707107 0.000000
vn 0.000000 1.000000 0.000000
vn 0.000000 0.707107 -0.707107
vn -0.577349 0.577352 -0.577350
vn -0.577349 0.577352 -0.577350
vn 0.000000 0.707107 -0.707107
vn 0.000000 0.000000 -1.000000
vn -0.707107 0.000000 -0.707106
vn 0.000000 0.707107 -0.707107
vn 0.577349 0.577352 -0.577350
vn 0.707107 0.000000 -0.707107
vn 0.000000 0.000000 -1.000000
vn 0.000000 0.000000 -1.000000
vn 0.707107 0.000000 -0.707107
vn 0.577349 -0.577352 -0.577350
vn 0.000000 -0.707108 -0.707105
vn -0.707107 0.000000 -0.707106
vn 0.000000 0.000000 -1.000000
vn 0.000000 -0.707108 -0.707105
vn -0.577349 -0.577352 -0.577350
vn 0.577349 -0.577352 -0.577350
vn 0.707107 0.000000 -0.707107
vn 1.000000 0.000000 0.000000
vn 0.707105 -0.707108 0.000000
vn 0.707107 0.000000 -0.707107
vn 0.577349 0.577352 -0.577350
vn 0.707107 0.707107 0.000000
vn 1.000000 0.000000 0.000000
vn 1.000000 0.000000 0.000000
vn 0.707107 0.707107 0.000000
vn 0.577349 0.577351 0.577350
vn 0.707106 0.000000 0.707107
vn 0.707105 -0.707108 0.000000
vn 1.000000 0.000000 0.000000
vn 0.707106 0.000000 0.707107
vn 0.577349 -0.577352 0.577350
vn -0.577349 0.577352 -0.577350
vn -0.707107 0.000000 -0.707106
vn -1.000000 0.000000 0.000000
vn -0.707107 0.707107 0.000000
vn -0.707107 0.000000 -0.707106
vn -0.577349 -0.577352 -0.577350
vn -0.707105 -0.707108 0.000000
vn -1.000000 0.000000 0.000000
vn -1.000000 0.000000 0.000000
vn -0.707105 -0.707108 0.000000
vn -0.577349 -0.577353 0.577349
vn -0.707107 0.000000 0.707107
vn -0.707107 0.707107 0.000000
vn -1.000000 0.000000 0.000000
vn -0.707107 0.000000 0.707107
vn -0.577349 0.577353 0.577349
vn 0.600476 -0.144836 -0.786417
vn 0.600476 -0.144836 -0.786417
vn 0.600476 -0.144836 -0.786417
vn 0.600476 -0.144836 0.786416
vn 0.600476 -0.144836 0.786416
vn 0.600476 -0.144836 0.786416
vn -0.563892 0.369649 -0.738502
vn -0.563892 0.369649 -0.738502
vn -0.563892 0.369649 -0.738502
vn 0.563892 0.369652 -0.738501
vn 0.563892 0.369652 -0.738501
vn 0.563892 0.369652 -0.738501
vn -0.600479 -0.144835 -0.786415
vn -0.600479 -0.144835 -0.786415
vn -0.600479 -0.144835 -0.786415
vn -0.600478 -0.144835 0.786416
vn -0.600478 -0.144835 0.786416
vn -0.600478 -0.144835 0.786416
vn -0.563891 0.369649 0.738503
vn -0.563891 0.369649 0.738503
vn -0.563891 0.369649 0.738503
vn 0.563892 0.369652 0.738501
vn 0.563892 0.369652 0.738501
vn 0.563892 0.369652 0.738501
vn -0.638068 -0.085598 0.765207
vn -0.708008 0.021072 0.705890
vn -0.692263 -0.122341 0.711199
vn -0.692263 -0.122341 0.711199
vn -0.708008 0.021072 0.705890
vn -0.758214 -0.110595 0.642558
vn -0.758214 -0.110595 0.642558
vn -0.708008 0.021072 0.705890
vn -0.879337 0.000000 0.476200
vn -0.879337 0.000000 0.476200
vn -0.708008 0.021072 0.705890
vn -0.812001 0.137288 0.567280
vn -0.812001 0.137288 0.567280
vn -0.708008 0.021072 0.705890
vn -0.674099 0.209295 0.708369
vn -0.674099 0.209295 0.708369
vn -0.708008 0.021072 0.705890
vn -0.590581 0.119132 0.798136
vn -0.590581 0.119132 0.798136
vn -0.708008 0.021072 0.705890
vn -0.595789 -0.005373 0.803123
vn -0.595789 -0.005373 0.803123
vn -0.708008 0.021072 0.705890
vn -0.638068 -0.085598 0.765207
vn 0.658216 0.062109 -0.750263
vn 0.697449 0.081937 -0.711935
vn 0.699568 -0.014142 -0.714426
vn 0.697449 0.081937 -0.711935
vn 0.740508 0.066734 -0.668726
vn 0.699568 -0.014142 -0.714426
vn 0.740508 0.066734 -0.668726
vn 0.806981 0.000001 -0.590578
vn 0.699568 -0.014142 -0.714426
vn 0.806981 0.000001 -0.590578
vn 0.772829 -0.074619 -0.630213
vn 0.699568 -0.014142 -0.714426
vn 0.772829 -0.074619 -0.630213
vn 0.692188 -0.139884 -0.708031
vn 0.699568 -0.014142 -0.714426
vn 0.692188 -0.139884 -0.708031
vn 0.622464 -0.090159 -0.777438
vn 0.699568 -0.014142 -0.714426
vn 0.622464 -0.090159 -0.777438
vn 0.624082 0.004724 -0.781345
vn 0.699568 -0.014142 -0.714426
vn 0.624082 0.004724 -0.781345
vn 0.658216 0.062109 -0.750263
vn 0.699568 -0.014142 -0.714426
vn -0.522892 0.841629 0.135072
vn -0.522892 0.841629 0.135072
vn -0.522892 0.841629 0.135072
vn -0.522892 0.841629 0.135072
vn 0.162410 0.887235 0.431783
vn 0.162410 0.887235 0.431783
vn 0.162410 0.887235 0.431783
vn 0.162410 0.887235 0.431783
vn 0.162413 -0.887235 0.431783
vn 0.162413 -0.887235 0.431783
vn 0.162413 -0.887235 0.431783
vn 0.162413 -0.887235 0.431783
vn -0.594858 -0.798967 0.088294
vn -0.594858 -0.798967 0.088294
vn -0.594858 -0.798967 0.088294
vn -0.594858 -0.798967 0.088294
vn -0.921190 -0.382083 -0.073630
vn -0.921190 -0.382083 -0.073630
vn -0.921190 -0.382083 -0.073630
vn -0.921190 -0.382083 -0.073630
vn -0.961462 0.263978 -0.076851
vn -0.961462 0.263978 -0.076851
vn -0.961462 0.263978 -0.076851
vn -0.961462 0.263978 -0.076851
s off
g Lake_Soldier:Lake_Soldier
usemtl Lake_Soldier:mofa_SoldierSG
f 1/1/1 3/2/2 4/3/3 2/4/4
f 6/5/5 5/6/6 4/3/7 3/2/8
f 47/7/9 52/8/10 54/9/11
f 52/8/12 62/10/13 59/11/14
f 52/8/15 57/12/16 62/10/17
f 45/13/18 51/14/19 52/8/20
f 46/15/21 52/8/22 47/7/23
f 52/8/24 59/11/25 54/9/26
f 51/14/27 57/12/28 52/8/29
f 45/13/30 52/8/31 46/15/32
f 32/16/33 63/17/34 64/18/35 38/19/36
f 38/19/37 64/18/38 60/20/39 39/21/40
f 28/22/41 55/23/42 63/24/43 32/25/44
f 27/26/45 48/27/46 55/23/47 28/22/48
f 39/21/49 60/20/50 49/28/51 37/29/52
f 35/30/53 40/31/54 48/27/55 27/26/56
f 58/32/57 59/11/58 62/10/59 61/33/60
f 56/34/61 61/33/62 62/10/63 57/12/64
f 41/35/65 45/13/66 46/15/67 42/36/68
f 42/36/69 46/15/70 47/7/71 43/37/72
f 34/38/73 44/39/74 40/31/75 35/30/76
f 41/35/77 50/40/78 51/14/79 45/13/80
f 43/37/81 47/7/82 54/9/83 53/41/84
f 34/42/85 37/29/86 49/28/87 44/43/88
f 50/40/89 56/34/90 57/12/91 51/14/92
f 53/41/93 54/9/94 59/11/95 58/32/96
f 11/44/97 8/45/98 9/46/99 7/47/100
f 9/46/101 10/48/102 13/49/103 7/47/104
f 13/49/105 15/50/106 11/44/107 7/47/108
f 16/51/109 12/52/110 9/46/111 8/45/112
f 11/53/113 14/54/114 19/55/115 8/56/116
f 19/55/117 21/57/118 16/58/119 8/56/120
f 9/46/121 12/52/122 17/59/123 10/48/124
f 23/60/125 18/61/126 13/49/127 10/48/128
f 17/59/129 22/62/130 23/60/131 10/48/132
f 16/51/133 20/63/134 17/59/135 12/52/136
f 11/53/137 15/64/138 24/65/139 14/54/140
f 24/65/141 25/66/142 19/55/143 14/54/144
f 13/49/145 18/61/146 26/67/147 15/50/148
f 26/68/149 29/69/150 24/65/151 15/64/152
f 16/58/153 21/57/154 30/70/155 20/71/156
f 20/63/157 31/72/158 22/62/159 17/59/160
f 30/70/161 33/73/162 31/74/163 20/71/164
f 19/55/165 25/66/166 30/70/167 21/57/168
f 24/65/169 29/69/170 36/75/171 25/66/172
f 36/75/173 33/73/174 30/70/175 25/66/176
f 44/76/177 41/35/178 42/36/179 40/77/180
f 42/36/181 43/37/182 48/78/183 40/77/184
f 44/76/185 49/79/186 50/40/187 41/35/188
f 53/41/189 55/80/190 48/78/191 43/37/192
f 60/81/193 56/34/194 50/40/195 49/79/196
f 53/41/197 58/32/198 63/82/199 55/80/200
f 60/81/201 64/83/202 61/33/203 56/34/204
f 61/33/205 64/83/206 63/82/207 58/32/208
f 29/69/209 38/19/210 39/21/211 36/75/212
f 33/73/213 37/29/214 34/42/215 31/74/216
f 28/22/217 18/61/218 23/60/219 27/26/220
f 35/30/221 22/62/222 31/72/223 34/38/224
f 32/16/225 38/19/226 29/69/227 26/68/228
f 28/22/229 32/25/230 26/67/231 18/61/232
f 35/30/233 27/26/234 23/60/235 22/62/236
f 39/21/237 37/29/238 33/73/239 36/75/240
f 65/84/241 66/85/242 67/86/243 68/87/244
f 66/85/245 65/84/246 69/88/247 70/89/248
f 70/89/249 69/88/250 71/90/251 72/91/252
f 72/92/253 71/93/254 73/94/255 74/95/256
f 74/95/257 73/94/258 75/96/259 76/97/260
f 76/97/261 75/96/262 77/98/263 78/99/264
f 78/99/265 77/98/266 79/100/267 80/101/268
f 80/101/269 79/100/270 68/87/271 67/86/272
f 66/85/273 82/102/274 83/103/275 67/86/276
f 68/87/277 84/104/278 81/105/279 65/84/280
f 65/84/281 81/105/282 85/106/283 69/88/284
f 70/89/285 86/107/286 82/102/287 66/85/288
f 69/88/289 85/106/290 87/108/291 71/90/292
f 72/91/293 88/109/294 86/107/295 70/89/296
f 71/93/297 87/110/298 89/111/299 73/94/300
f 74/95/301 90/112/302 88/113/303 72/92/304
f 73/94/305 89/111/306 91/114/307 75/96/308
f 76/97/309 92/115/310 90/112/311 74/95/312
f 75/96/313 91/114/314 93/116/315 77/98/316
f 78/99/317 94/117/318 92/115/319 76/97/320
f 77/98/321 93/116/322 95/118/323 79/100/324
f 80/101/325 96/119/326 94/117/327 78/99/328
f 79/100/329 95/118/330 84/104/331 68/87/332
f 67/86/333 83/103/334 96/119/335 80/101/336
f 97/120/337 114/121/338 117/122/339 111/123/340
f 111/123/341 117/122/342 112/124/343 98/125/344
f 117/122/345 113/126/346 100/127/347 112/124/348
f 114/121/349 99/128/350 113/126/351 117/122/352
f 99/128/353 105/129/354 118/130/355 113/126/356
f 113/126/357 118/130/358 115/131/359 100/127/360
f 118/132/361 116/133/362 102/134/363 115/135/364
f 105/136/365 101/137/366 116/133/367 118/132/368
f 101/137/369 108/138/370 119/139/371 116/133/372
f 116/133/373 119/139/374 106/140/375 102/134/376
f 119/139/377 107/141/378 104/142/379 106/140/380
f 108/138/381 103/143/382 107/141/383 119/139/384
f 103/143/385 110/144/386 120/145/387 107/141/388
f 107/141/389 120/145/390 109/146/391 104/142/392
f 120/147/393 111/123/394 98/125/395 109/148/396
f 110/149/397 97/120/398 111/123/399 120/147/400
f 98/125/401 112/124/402 121/150/403 109/148/404
f 109/146/405 121/151/406 106/140/407 104/142/408
f 121/151/409 115/135/410 102/134/411 106/140/412
f 112/124/413 100/127/414 115/131/415 121/150/416
f 103/143/417 108/138/418 122/152/419 110/144/420
f 110/149/421 122/153/422 114/121/423 97/120/424
f 122/153/425 105/129/426 99/128/427 114/121/428
f 108/138/429 101/137/430 105/136/431 122/152/432
f 157/154/433 213/155/434 221/156/435 220/157/436
f 172/158/437 154/159/438 224/160/439 223/161/440
f 154/159/441 159/162/442 225/163/443 224/160/444
f 188/164/445 156/165/446 228/166/447 227/167/448
f 159/162/449 153/168/450 226/169/451 225/163/452
f 218/170/453 217/171/454 171/172/455 166/173/456
f 164/174/457 192/175/458 191/176/459 163/177/460
f 212/178/461 211/179/462 181/180/463 150/181/464
f 173/182/465 152/183/466 183/184/467 182/185/468
f 152/183/469 158/186/470 184/187/471 183/184/472
f 189/188/473 151/189/474 186/190/475 190/191/476
f 228/166/477 156/165/478 187/192/479 229/193/480
f 157/154/481 220/157/482 219/194/483 180/195/484
f 158/186/485 155/196/486 185/197/487 184/187/488
f 165/198/489 170/199/490 231/200/491 230/201/492
s 1
f 281/202/493 177/203/494 124/204/495 282/205/496
s 2
f 216/206/497 175/207/498 125/208/499 134/209/500
s 3
f 179/210/501 126/211/502 132/212/503 195/213/504
s 4
f 193/214/505 127/215/506 131/216/507
s 5
f 179/210/508 198/217/509 133/218/510 126/211/511
s 6
f 177/203/512 176/219/513 130/220/514 124/204/515
s off
f 215/221/516 202/222/517 175/207/518 216/206/519
f 177/203/520 200/223/521 174/224/522 176/219/523
f 280/225/524 200/223/525 177/203/526 281/202/527
s 7
f 217/171/528 135/226/529 129/227/530 171/172/531
s off
f 192/175/532 164/174/533 206/228/534
f 169/229/535 197/230/536 205/231/537 204/232/538
f 194/233/539 169/229/540 204/232/541 203/234/542
f 219/194/543 218/170/544 166/173/545 180/195/546
f 181/180/547 211/179/548 210/235/549 160/236/550
f 183/184/551 184/187/552 162/237/553 161/238/554
f 185/197/555 196/239/556 162/237/557 184/187/558
f 186/190/559 163/177/560 191/176/561 190/191/562
f 187/192/563 165/198/564 230/201/565 229/193/566
f 153/168/567 188/164/568 227/167/569 226/169/570
f 155/196/571 189/188/572 190/191/573 185/197/574
f 191/176/575 196/239/576 185/197/577 190/191/578
f 192/175/579 197/230/580 196/239/581 191/176/582
f 197/230/583 192/175/584 206/228/585 205/231/586
s 8
f 198/217/587 193/214/588 131/216/589 133/218/590
s off
f 194/233/591 161/238/592 162/237/593 169/229/594
f 195/213/595 175/207/596 202/222/597 203/234/598
s 9
f 132/212/599 125/208/600 175/207/601 195/213/602
s off
f 169/229/603 162/237/604 196/239/605 197/230/606
f 199/240/607 201/241/608 207/242/609 182/185/610
f 210/235/611 200/223/612 280/225/613
f 161/238/614 199/240/615 182/185/616 183/184/617
f 161/238/618 194/233/619 168/243/620 199/240/621
f 168/243/622 214/244/623 201/241/624 199/240/625
f 202/222/626 215/221/627 214/244/628 168/243/629
f 204/232/630 179/210/631 195/213/632 203/234/633
f 204/232/634 205/231/635 198/217/636 179/210/637
f 193/214/638 198/217/639 205/231/640 206/228/641
f 164/174/642 127/215/643 193/214/644 206/228/645
s 10
f 170/199/646 128/245/647 136/246/648 231/200/649
s off
f 168/243/650 194/233/651 203/234/652 202/222/653
f 182/185/654 207/242/655 208/247/656 173/182/657
f 223/161/658 222/248/659 209/249/660 172/158/661
f 201/241/662 214/244/663 200/223/664
f 211/179/665 207/242/666 201/241/667 210/235/668
f 208/247/669 207/242/670 211/179/671 212/178/672
f 213/155/673 209/249/674 222/248/675 221/156/676
f 215/221/677 174/224/678 200/223/679 214/244/680
f 174/224/681 215/221/682 216/206/683 176/219/684
s 11
f 130/220/685 176/219/686 216/206/687 134/209/688
s 12
f 123/250/689 135/251/690 178/252/691
s off
f 167/253/692 178/252/693 135/251/694 217/254/695
f 160/236/696 167/253/697 217/254/698 218/255/699
f 181/180/700 160/236/701 218/255/702 219/256/703
f 220/257/704 150/181/705 181/180/706 219/256/707
f 221/258/708 212/178/709 150/181/710 220/259/711
f 222/260/712 208/247/713 212/178/714 221/258/715
f 173/182/716 208/247/717 222/260/718 223/261/719
f 224/262/720 152/183/721 173/182/722 223/261/723
f 225/263/724 158/186/725 152/183/726 224/262/727
f 226/264/728 155/196/729 158/186/730 225/263/731
f 227/265/732 189/188/733 155/196/734 226/264/735
f 228/266/736 151/189/737 189/188/738 227/265/739
f 151/189/740 228/267/741 229/268/742 186/190/743
f 230/269/744 163/177/745 186/190/746 229/268/747
f 230/269/748 231/270/749 164/174/750 163/177/751
s 13
f 127/215/752 164/174/753 231/270/754 136/271/755
s off
f 157/154/756 235/272/757 236/273/758 213/155/759
f 172/158/760 238/274/761 239/275/762 154/159/763
f 154/159/764 239/275/765 240/276/766 159/162/767
f 188/164/768 242/277/769 243/278/770 156/165/771
f 159/162/772 240/276/773 241/279/774 153/168/775
f 233/280/776 166/173/777 171/172/778 232/281/779
f 243/278/780 244/282/781 187/192/782 156/165/783
f 157/154/784 180/195/785 234/283/786 235/272/787
f 165/198/788 245/284/789 246/285/790 170/199/791
s 14
f 232/281/792 171/172/793 129/227/794 137/286/795
s off
f 234/283/796 180/195/797 166/173/798 233/280/799
f 187/192/800 244/282/801 245/284/802 165/198/803
f 153/168/804 241/279/805 242/277/806 188/164/807
s 15
f 170/199/808 246/285/809 138/287/810 128/245/811
s off
f 238/274/812 172/158/813 209/249/814 237/288/815
f 213/155/816 236/273/817 237/288/818 209/249/819
s 16
f 232/281/820 137/286/821 139/289/822 247/290/823
s off
f 233/280/824 232/281/825 247/290/826 248/291/827
f 234/283/828 233/280/829 248/291/830 249/292/831
f 235/272/832 234/283/833 249/292/834 250/293/835
f 236/273/836 235/272/837 250/293/838 251/294/839
f 237/288/840 236/273/841 251/294/842 252/295/843
f 238/274/844 237/288/845 252/295/846 253/296/847
f 239/275/848 238/274/849 253/296/850 254/297/851
f 240/276/852 239/275/853 254/297/854 255/298/855
f 241/279/856 240/276/857 255/298/858 256/299/859
f 242/277/860 241/279/861 256/299/862 257/300/863
f 243/278/864 242/277/865 257/300/866 258/301/867
f 244/282/868 243/278/869 258/301/870 259/302/871
f 245/284/872 244/282/873 259/302/874 260/303/875
f 246/285/876 245/284/877 260/303/878 261/304/879
s 17
f 138/287/880 246/285/881 261/304/882 140/305/883
s off
f 269/306/884 268/307/885 276/308/886 277/309/887
f 251/294/888 250/293/889 278/310/890 262/311/891
f 252/295/892 251/294/893 262/311/894 263/312/895
f 253/296/896 252/295/897 263/312/898 264/313/899
f 254/297/900 253/296/901 264/313/902 265/314/903
f 255/298/904 254/297/905 265/314/906 266/315/907
f 256/299/908 255/298/909 266/315/910 267/316/911
f 257/300/912 256/299/913 267/316/914 268/307/915
f 263/312/916 262/311/917 270/317/918 271/318/919
f 264/313/920 263/312/921 271/318/922 272/319/923
f 265/314/924 264/313/925 272/319/926 273/320/927
f 266/315/928 265/314/929 273/320/930 274/321/931
f 267/316/932 266/315/933 274/321/934 275/322/935
f 268/307/936 267/316/937 275/322/938 276/308/939
f 258/301/940 257/300/941 268/307/942 269/306/943
f 260/303/944 259/302/945 258/301/946 269/306/947
s 18
f 271/318/948 270/317/949 144/323/950 145/324/951
s 19
f 272/319/952 271/318/953 145/324/954 146/325/955
s 20
f 273/320/956 272/319/957 146/325/958 147/326/959
s 21
f 274/321/960 273/320/961 147/326/962 148/327/963
s 22
f 275/322/964 274/321/965 148/327/966 149/328/967
s 23
f 276/308/968 275/322/969 149/328/970 141/329/971
s 24
f 277/309/972 276/308/973 141/329/974 142/330/975
s 25
f 140/305/976 261/304/977 277/309/978 142/330/979
s off
f 261/304/980 260/303/981 269/306/982 277/309/983
f 262/311/984 278/310/985 279/331/986 270/317/987
s 26
f 270/317/988 279/331/989 143/332/990 144/323/991
s 27
f 247/290/992 139/289/993 143/332/994 279/331/995
s off
f 248/291/996 247/290/997 279/331/998 278/310/999
f 249/292/1000 248/291/1001 278/310/1002 250/293/1003
f 280/225/1004 167/253/1005 160/236/1006
f 167/253/1007 280/225/1008 281/202/1009 178/252/1010
s 28
f 178/252/1011 281/202/1012 282/205/1013 123/250/1014
s off
f 210/235/1015 280/225/1016 160/236/1017
f 290/333/1018 353/334/1019 354/335/1020 346/336/1021
f 305/337/1022 356/338/1023 357/339/1024 287/340/1025
f 287/340/1026 357/339/1027 358/341/1028 292/342/1029
f 321/343/1030 360/344/1031 361/345/1032 289/346/1033
f 292/342/1034 358/341/1035 359/347/1036 286/348/1037
f 351/349/1038 299/350/1039 304/351/1040 350/352/1041
f 297/353/1042 296/354/1043 324/355/1044 325/356/1045
f 345/357/1046 283/358/1047 314/359/1048 344/360/1049
f 306/361/1050 315/362/1051 316/363/1052 285/364/1053
f 285/364/1054 316/363/1055 317/365/1056 291/366/1057
f 322/367/1058 323/368/1059 319/369/1060 284/370/1061
f 361/345/1062 362/371/1063 320/372/1064 289/346/1065
f 290/333/1066 313/373/1067 352/374/1068 353/334/1069
f 291/366/1070 317/365/1071 318/375/1072 288/376/1073
f 298/377/1074 363/378/1075 364/379/1076 303/380/1077
s 1
f 414/381/1078 282/205/496 124/204/495 310/382/1079
s 2
f 349/383/1080 134/209/500 125/208/499 308/384/1081
s 3
f 312/385/1082 328/386/1083 132/212/503 126/211/502
s 4
f 326/387/1084 131/216/507 127/215/506
s 5
f 312/385/1085 126/211/511 133/218/510 331/388/1086
s 6
f 310/382/1087 124/204/515 130/220/514 309/389/1088
s off
f 348/390/1089 349/383/1090 308/384/1091 335/391/1092
f 310/382/1093 309/389/1094 307/392/1095 333/393/1096
f 413/394/1097 414/381/1098 310/382/1099 333/393/1100
s 7
f 350/352/1101 304/351/1102 129/227/530 135/226/529
s off
f 325/356/1103 339/395/1104 297/353/1105
f 302/396/1106 337/397/1107 338/398/1108 330/399/1109
f 327/400/1110 336/401/1111 337/397/1112 302/396/1113
f 352/374/1114 313/373/1115 299/350/1116 351/349/1117
f 314/359/1118 293/402/1119 343/403/1120 344/360/1121
f 316/363/1122 294/404/1123 295/405/1124 317/365/1125
f 318/375/1126 317/365/1127 295/405/1128 329/406/1129
f 319/369/1130 323/368/1131 324/355/1132 296/354/1133
f 320/372/1134 362/371/1135 363/378/1136 298/377/1137
f 286/348/1138 359/347/1139 360/344/1140 321/343/1141
f 288/376/1142 318/375/1143 323/368/1144 322/367/1145
f 324/355/1146 323/368/1147 318/375/1148 329/406/1149
f 325/356/1150 324/355/1151 329/406/1152 330/399/1153
f 330/399/1154 338/398/1155 339/395/1156 325/356/1157
s 8
f 331/388/1158 133/218/590 131/216/589 326/387/1159
s off
f 327/400/1160 302/396/1161 295/405/1162 294/404/1163
f 328/386/1164 336/401/1165 335/391/1166 308/384/1167
s 9
f 132/212/599 328/386/1168 308/384/1169 125/208/600
s off
f 302/396/1170 330/399/1171 329/406/1172 295/405/1173
f 332/407/1174 315/362/1175 340/408/1176 334/409/1177
f 343/403/1178 413/394/1179 333/393/1180
f 294/404/1181 316/363/1182 315/362/1183 332/407/1184
f 294/404/1185 332/407/1186 301/410/1187 327/400/1188
f 301/410/1189 332/407/1190 334/409/1191 347/411/1192
f 335/391/1193 301/410/1194 347/411/1195 348/390/1196
f 337/397/1197 336/401/1198 328/386/1199 312/385/1200
f 337/397/1201 312/385/1202 331/388/1203 338/398/1204
f 326/387/1205 339/395/1206 338/398/1207 331/388/1208
f 297/353/1209 339/395/1210 326/387/1211 127/215/1212
s 10
f 303/380/1213 364/379/1214 136/246/648 128/245/647
s off
f 301/410/1215 335/391/1216 336/401/1217 327/400/1218
f 315/362/1219 306/361/1220 341/412/1221 340/408/1222
f 356/338/1223 305/337/1224 342/413/1225 355/414/1226
f 334/409/1227 333/393/1228 347/411/1229
f 344/360/1230 343/403/1231 334/409/1232 340/408/1233
f 341/412/1234 345/357/1235 344/360/1236 340/408/1237
f 346/336/1238 354/335/1239 355/414/1240 342/413/1241
f 348/390/1242 347/411/1243 333/393/1244 307/392/1245
f 307/392/1246 309/389/1247 349/383/1248 348/390/1249
s 11
f 130/220/685 134/209/688 349/383/1250 309/389/1251
s 12
f 123/250/689 311/415/1252 135/251/690
s off
f 300/416/1253 350/417/1254 135/251/1255 311/415/1256
f 293/402/1257 351/418/1258 350/417/1259 300/416/1260
f 314/359/1261 352/419/1262 351/418/1263 293/402/1264
f 353/420/1265 352/419/1266 314/359/1267 283/358/1268
f 354/421/1269 353/422/1270 283/358/1271 345/357/1272
f 355/423/1273 354/421/1274 345/357/1275 341/412/1276
f 306/361/1277 356/424/1278 355/423/1279 341/412/1280
f 357/425/1281 356/424/1282 306/361/1283 285/364/1284
f 358/426/1285 357/425/1286 285/364/1287 291/366/1288
f 359/427/1289 358/426/1290 291/366/1291 288/376/1292
f 360/428/1293 359/427/1294 288/376/1295 322/367/1296
f 361/429/1297 360/428/1298 322/367/1299 284/370/1300
f 284/370/1301 319/369/1302 362/430/1303 361/431/1304
f 363/432/1305 362/430/1306 319/369/1307 296/354/1308
f 363/432/1309 296/354/1310 297/353/1311 364/433/1312
s 13
f 127/215/752 136/271/755 364/433/1313 297/353/1314
s off
f 290/333/1315 346/336/1316 369/434/1317 368/435/1318
f 305/337/1319 287/340/1320 372/436/1321 371/437/1322
f 287/340/1323 292/342/1324 373/438/1325 372/436/1326
f 321/343/1327 289/346/1328 376/439/1329 375/440/1330
f 292/342/1331 286/348/1332 374/441/1333 373/438/1334
f 366/442/1335 365/443/1336 304/351/1337 299/350/1338
f 376/439/1339 289/346/1340 320/372/1341 377/444/1342
f 290/333/1343 368/435/1344 367/445/1345 313/373/1346
f 298/377/1347 303/380/1348 379/446/1349 378/447/1350
s 14
f 365/443/1351 137/286/795 129/227/794 304/351/1352
s off
f 367/445/1353 366/442/1354 299/350/1355 313/373/1356
f 320/372/1357 298/377/1358 378/447/1359 377/444/1360
f 286/348/1361 321/343/1362 375/440/1363 374/441/1364
s 15
f 303/380/1365 128/245/811 138/287/810 379/446/1366
s off
f 371/437/1367 370/448/1368 342/413/1369 305/337/1370
f 346/336/1371 342/413/1372 370/448/1373 369/434/1374
s 16
f 365/443/1375 380/449/1376 139/289/822 137/286/821
s off
f 366/442/1377 381/450/1378 380/449/1379 365/443/1380
f 367/445/1381 382/451/1382 381/450/1383 366/442/1384
f 368/435/1385 383/452/1386 382/451/1387 367/445/1388
f 369/434/1389 384/453/1390 383/452/1391 368/435/1392
f 370/448/1393 385/454/1394 384/453/1395 369/434/1396
f 371/437/1397 386/455/1398 385/454/1399 370/448/1400
f 372/436/1401 387/456/1402 386/455/1403 371/437/1404
f 373/438/1405 388/457/1406 387/456/1407 372/436/1408
f 374/441/1409 389/458/1410 388/457/1411 373/438/1412
f 375/440/1413 390/459/1414 389/458/1415 374/441/1416
f 376/439/1417 391/460/1418 390/459/1419 375/440/1420
f 377/444/1421 392/461/1422 391/460/1423 376/439/1424
f 378/447/1425 393/462/1426 392/461/1427 377/444/1428
f 379/446/1429 394/463/1430 393/462/1431 378/447/1432
s 17
f 138/287/880 140/305/883 394/463/1433 379/446/1434
s off
f 402/464/1435 410/465/1436 409/466/1437 401/467/1438
f 384/453/1439 395/468/1440 411/469/1441 383/452/1442
f 385/454/1443 396/470/1444 395/468/1445 384/453/1446
f 386/455/1447 397/471/1448 396/470/1449 385/454/1450
f 387/456/1451 398/472/1452 397/471/1453 386/455/1454
f 388/457/1455 399/473/1456 398/472/1457 387/456/1458
f 389/458/1459 400/474/1460 399/473/1461 388/457/1462
f 390/459/1463 401/467/1464 400/474/1465 389/458/1466
f 396/470/1467 404/475/1468 403/476/1469 395/468/1470
f 397/471/1471 405/477/1472 404/475/1473 396/470/1474
f 398/472/1475 406/478/1476 405/477/1477 397/471/1478
f 399/473/1479 407/479/1480 406/478/1481 398/472/1482
f 400/474/1483 408/480/1484 407/479/1485 399/473/1486
f 401/467/1487 409/466/1488 408/480/1489 400/474/1490
f 391/460/1491 402/464/1492 401/467/1493 390/459/1494
f 393/462/1495 402/464/1496 391/460/1497 392/461/1498
s 18
f 404/475/1499 145/324/951 144/323/950 403/476/1500
s 19
f 405/477/1501 146/325/955 145/324/954 404/475/1502
s 20
f 406/478/1503 147/326/959 146/325/958 405/477/1504
s 21
f 407/479/1505 148/327/963 147/326/962 406/478/1506
s 22
f 408/480/1507 149/328/967 148/327/966 407/479/1508
s 23
f 409/466/1509 141/329/971 149/328/970 408/480/1510
s 24
f 410/465/1511 142/330/975 141/329/974 409/466/1512
s 25
f 140/305/976 142/330/979 410/465/1513 394/463/1514
s off
f 394/463/1515 410/465/1516 402/464/1517 393/462/1518
f 395/468/1519 403/476/1520 412/481/1521 411/469/1522
s 26
f 403/476/1523 144/323/991 143/332/990 412/481/1524
s 27
f 380/449/1525 412/481/1526 143/332/994 139/289/993
s off
f 381/450/1527 411/469/1528 412/481/1529 380/449/1530
f 382/451/1531 383/452/1532 411/469/1533 381/450/1534
f 413/394/1535 293/402/1536 300/416/1537
f 300/416/1538 311/415/1539 414/381/1540 413/394/1541
s 28
f 311/415/1542 123/250/1014 282/205/1013 414/381/1543
s off
f 343/403/1544 293/402/1545 413/394/1546
f 334/409/1547 343/403/1548 333/393/1549
f 201/241/1550 200/223/1551 210/235/1552
f 424/482/1553 425/483/1554 426/484/1555
f 425/483/1556 427/485/1557 426/484/1558
f 427/485/1559 428/486/1560 426/484/1561
f 428/486/1562 429/487/1563 426/484/1564
f 429/487/1565 430/488/1566 426/484/1567
f 430/488/1568 431/489/1569 426/484/1570
f 431/489/1571 432/490/1572 426/484/1573
f 432/490/1574 424/482/1575 426/484/1576
f 415/491/1577 423/492/1578 416/493/1579
f 416/493/1580 423/492/1581 417/494/1582
f 417/494/1583 423/492/1584 418/495/1585
f 418/495/1586 423/492/1587 419/496/1588
f 419/496/1589 423/492/1590 420/497/1591
f 420/497/1592 423/492/1593 421/498/1594
f 421/498/1595 423/492/1596 422/499/1597
f 422/499/1598 423/492/1599 415/491/1600
f 415/500/1601 416/501/1602 425/483/1603 424/482/1604
f 416/501/1605 417/502/1606 427/485/1607 425/483/1608
f 419/503/1609 420/504/1610 430/488/1611 429/487/1612
f 420/504/1613 421/505/1614 431/489/1615 430/488/1616
f 421/505/1617 422/506/1618 432/490/1619 431/489/1620
f 422/506/1621 415/500/1622 424/482/1623 432/490/1624
f 433/507/1625 440/508/1626 445/509/1627 443/510/1628
f 440/511/1629 434/512/1630 441/513/1631 445/514/1632
f 445/514/1633 441/513/1634 436/515/1635 442/516/1636
f 443/510/1637 445/509/1638 442/517/1639 435/518/1640
f 435/518/1641 442/517/1642 446/519/1643 437/520/1644
f 442/516/1645 436/515/1646 444/521/1647 446/522/1648
f 447/523/1649 438/524/1650 434/512/1651 440/511/1652
f 439/525/1653 447/526/1654 440/508/1655 433/507/1656
f 434/512/1657 438/524/1658 448/527/1659 441/513/1660
f 441/513/1661 448/527/1662 444/521/1663 436/515/1664
f 439/525/1665 433/507/1666 443/510/1667 449/528/1668
f 449/528/1669 443/510/1670 435/518/1671 437/520/1672
f 451/529/1673 450/530/1674 458/531/1675 459/532/1676
f 450/530/1677 452/533/1678 460/534/1679 458/531/1680
f 453/535/1681 454/536/1682 462/537/1683 461/538/1684
f 455/539/1685 453/535/1686 461/538/1687 463/540/1688
f 456/541/1689 455/539/1690 463/540/1691 464/542/1692
f 452/533/1693 456/541/1694 464/542/1695 460/534/1696
f 454/536/1697 457/543/1698 465/544/1699 462/537/1700
f 457/543/1701 451/529/1702 459/532/1703 465/544/1704
f 459/532/1705 458/531/1706 466/545/1707 467/546/1708
f 458/531/1709 460/534/1710 468/547/1711 466/545/1712
f 461/538/1713 462/537/1714 470/548/1715 469/549/1716
f 463/540/1717 461/538/1718 469/549/1719 471/550/1720
f 464/542/1721 463/540/1722 471/550/1723 472/551/1724
f 460/534/1725 464/542/1726 472/551/1727 468/547/1728
f 462/537/1729 465/544/1730 473/552/1731 470/548/1732
f 465/544/1733 459/532/1734 467/546/1735 473/552/1736
f 467/546/1737 466/545/1738 474/553/1739
f 466/545/1740 468/547/1741 474/553/1742
f 469/549/1743 470/548/1744 474/553/1745
f 471/550/1746 469/549/1747 474/553/1748
f 472/551/1749 471/550/1750 474/553/1751
f 468/547/1752 472/551/1753 474/553/1754
f 470/548/1755 473/552/1756 474/553/1757
f 473/552/1758 467/546/1759 474/553/1760
f 475/554/1761 476/555/1762 489/556/1763 490/557/1764
f 476/558/1765 475/559/1766 478/560/1767 477/561/1768
f 477/561/1769 478/560/1770 480/562/1771 479/563/1772
f 479/563/1773 480/562/1774 482/564/1775 481/565/1776
f 481/565/1777 482/564/1778 484/566/1779 483/567/1780
f 483/568/1781 484/569/1782 486/570/1783 485/571/1784
f 485/571/1785 486/570/1786 488/572/1787 487/573/1788
f 487/573/1789 488/572/1790 490/557/1791 489/556/1792
f 437/520/1793 446/519/1794 476/558/1795 477/561/1796
f 446/522/1797 444/521/1798 489/556/1799 476/555/1800
f 447/526/1801 439/525/1802 481/565/1803 483/567/1804
f 438/524/1805 447/523/1806 483/568/1807 485/571/1808
f 448/527/1809 438/524/1810 485/571/1811 487/573/1812
f 444/521/1813 448/527/1814 487/573/1815 489/556/1816
f 439/525/1817 449/528/1818 479/563/1819 481/565/1820
f 449/528/1821 437/520/1822 477/561/1823 479/563/1824
f 478/560/1825 475/559/1826 450/574/1827 451/575/1828
f 480/562/1829 478/560/1830 451/575/1831 457/576/1832
f 482/564/1833 480/562/1834 457/576/1835 454/577/1836
f 484/566/1837 482/564/1838 454/577/1839 453/578/1840
f 486/570/1841 484/569/1842 453/579/1843 455/580/1844
f 488/572/1845 486/570/1846 455/580/1847 456/581/1848
f 490/557/1849 488/572/1850 456/581/1851 452/582/1852
f 475/554/1853 490/557/1854 452/582/1855 450/583/1856
f 491/584/1857 492/585/1858 493/586/1859 494/587/1860
f 492/585/1861 491/584/1862 495/588/1863 496/589/1864
f 496/589/1865 495/588/1866 497/590/1867 498/591/1868
f 498/591/1869 497/590/1870 499/592/1871 500/593/1872
f 500/594/1873 499/595/1874 501/596/1875 502/597/1876
f 502/597/1877 501/596/1878 503/598/1879 504/599/1880
f 504/599/1881 503/598/1882 505/600/1883 506/601/1884
f 506/601/1885 505/600/1886 494/587/1887 493/586/1888
f 492/585/1889 508/602/1890 509/603/1891 493/586/1892
f 494/587/1893 510/604/1894 507/605/1895 491/584/1896
f 491/584/1897 507/605/1898 511/606/1899 495/588/1900
f 496/589/1901 512/607/1902 508/602/1903 492/585/1904
f 495/588/1905 511/606/1906 513/608/1907 497/590/1908
f 498/591/1909 514/609/1910 512/607/1911 496/589/1912
f 497/590/1913 513/608/1914 515/610/1915 499/592/1916
f 500/593/1917 516/611/1918 514/609/1919 498/591/1920
f 499/595/1921 515/612/1922 517/613/1923 501/596/1924
f 502/597/1925 518/614/1926 516/615/1927 500/594/1928
f 501/596/1929 517/613/1930 519/616/1931 503/598/1932
f 504/599/1933 520/617/1934 518/614/1935 502/597/1936
f 503/598/1937 519/616/1938 521/618/1939 505/600/1940
f 506/601/1941 522/619/1942 520/617/1943 504/599/1944
f 505/600/1945 521/618/1946 510/604/1947 494/587/1948
f 493/586/1949 509/603/1950 522/619/1951 506/601/1952
f 667/620/1953 668/621/1954 637/622/1955 638/623/1956
f 668/621/1957 669/624/1958 636/625/1959 637/622/1960
f 827/626/1961 527/627/1962 528/628/1963 826/629/1964
f 528/628/1965 531/630/1966 825/631/1967 826/629/1968
f 535/632/1969 661/633/1970 662/634/1971 536/635/1972
f 535/632/1973 536/635/1974 659/636/1975 660/637/1976
f 640/638/1977 641/639/1978 664/640/1979 665/641/1980
f 540/642/1981 541/643/1982 542/644/1983 543/645/1984
f 544/646/1985 543/645/1986 545/647/1987 546/648/1988
f 662/634/1989 663/649/1990 642/650/1991 536/635/1992
f 666/651/1993 667/620/1994 638/623/1995 639/652/1996
f 531/630/1997 549/653/1998 824/654/1999 825/631/2000
f 545/655/2001 551/656/2002 550/657/2003 546/658/2004
f 552/659/2005 553/660/2006 554/661/2007 555/662/2008
f 641/663/2009 642/650/2010 663/649/2011 664/664/2012
f 559/665/2013 556/666/2014 821/667/2015 822/668/2016
f 818/669/2017 819/670/2018 552/659/2019 555/662/2020
f 560/671/2021 588/672/2022 589/673/2023 561/674/2024
f 590/675/2025 562/676/2026 561/674/2027 589/673/2028
f 590/675/2029 591/677/2030 563/678/2031 562/676/2032
f 563/678/2033 541/643/2034 540/642/2035 562/676/2036
f 540/642/2037 564/679/2038 561/674/2039 562/676/2040
f 560/671/2041 564/679/2042 565/680/2043
f 665/641/2044 666/651/2045 639/652/2046 640/638/2047
f 566/681/2048 567/682/2049 544/646/2050 546/648/2051
f 568/683/2052 566/684/2053 546/658/2054 550/657/2055
f 567/682/2056 565/680/2057 564/679/2058 544/646/2059
f 821/667/2060 556/666/2061 569/685/2062 820/686/2063
f 570/687/2064 571/688/2065 553/660/2066 552/659/2067
f 571/688/2068 568/683/2069 550/657/2070 553/660/2071
f 572/689/2072 588/672/2073 560/671/2074 586/690/2075
f 559/691/2076 572/692/2077 577/693/2078 580/694/2079
f 580/694/2080 581/695/2081 556/696/2082 559/691/2083
f 582/697/2084 583/698/2085 570/699/2086 569/700/2087
f 575/701/2088 574/702/2089 568/703/2090 571/704/2091
f 568/703/2092 574/702/2093 573/705/2094 566/706/2095
f 566/706/2096 573/705/2097 576/707/2098 567/708/2099
f 567/708/2100 576/707/2101 578/709/2102 565/710/2103
f 572/692/2104 586/711/2105 587/712/2106 577/693/2107
f 583/698/2108 575/701/2109 571/704/2110 570/699/2111
f 569/685/2112 570/687/2113 552/659/2114 819/670/2115
f 543/645/2116 544/646/2117 564/679/2118 540/642/2119
f 560/671/2120 561/674/2121 564/679/2122
f 582/713/2123 569/714/2124 556/696/2125 581/695/2126
f 559/715/2127 585/716/2128 572/689/2129
f 550/657/2130 551/656/2131 554/661/2132 553/660/2133
f 585/716/2134 559/715/2135 822/717/2136 823/718/2137
f 549/653/2138 585/716/2139 823/718/2140 824/654/2141
f 587/712/2142 586/711/2143 565/710/2144 578/709/2145
f 588/672/2146 549/653/2147 531/630/2148 589/673/2149
f 528/628/2150 590/675/2151 589/673/2152 531/630/2153
f 528/628/2154 527/627/2155 591/677/2156 590/675/2157
f 572/689/2158 585/716/2159 549/653/2160 588/672/2161
f 560/671/2162 565/680/2163 586/690/2164
f 573/705/2165 574/702/2166 621/719/2167 622/720/2168
f 574/702/2169 575/701/2170 620/721/2171 621/719/2172
f 576/707/2173 573/705/2174 622/720/2175 623/722/2176
f 577/693/2177 587/712/2178 614/723/2179 615/724/2180
f 578/709/2181 576/707/2182 623/722/2183 624/725/2184
f 580/694/2185 577/693/2186 615/724/2187 616/726/2188
f 581/695/2189 580/694/2190 616/726/2191 617/727/2192
f 583/698/2193 582/697/2194 618/728/2195 619/729/2196
f 582/713/2197 581/695/2198 617/727/2199 618/730/2200
f 575/701/2201 583/698/2202 619/729/2203 620/721/2204
f 587/712/2205 578/709/2206 624/725/2207 614/723/2208
f 604/731/2209 603/732/2210 630/733/2211 631/734/2212
f 605/735/2213 604/731/2214 631/734/2215 632/736/2216
f 606/737/2217 605/735/2218 632/736/2219 633/738/2220
f 607/739/2221 606/737/2222 633/738/2223 634/740/2224
f 608/741/2225 607/742/2226 634/743/2227 635/744/2228
f 609/745/2229 608/741/2230 635/744/2231 625/746/2232
f 610/747/2233 609/745/2234 625/746/2235 626/748/2236
f 611/749/2237 610/747/2238 626/748/2239 627/750/2240
f 612/751/2241 611/749/2242 627/750/2243 628/752/2244
f 613/753/2245 612/751/2246 628/752/2247 629/754/2248
f 603/732/2249 613/753/2250 629/754/2251 630/733/2252
f 615/724/2253 614/723/2254 603/732/2255 604/731/2256
f 616/726/2257 615/724/2258 604/731/2259 605/735/2260
f 617/727/2261 616/726/2262 605/735/2263 606/737/2264
f 618/730/2265 617/727/2266 606/737/2267 607/739/2268
f 619/729/2269 618/728/2270 607/742/2271 608/741/2272
f 620/721/2273 619/729/2274 608/741/2275 609/745/2276
f 621/719/2277 620/721/2278 609/745/2279 610/747/2280
f 622/720/2281 621/719/2282 610/747/2283 611/749/2284
f 623/722/2285 622/720/2286 611/749/2287 612/751/2288
f 624/725/2289 623/722/2290 612/751/2291 613/753/2292
f 614/723/2293 624/725/2294 613/753/2295 603/732/2296
f 626/748/2297 625/746/2298 594/755/2299 593/756/2300
f 627/750/2301 626/748/2302 593/756/2303 592/757/2304
f 628/752/2305 627/750/2306 592/757/2307 595/758/2308
f 629/754/2309 628/752/2310 595/758/2311 598/759/2312
f 630/733/2313 629/754/2314 598/759/2315 597/760/2316
f 631/734/2317 630/733/2318 597/760/2319 596/761/2320
f 632/736/2321 631/734/2322 596/761/2323 599/762/2324
f 633/738/2325 632/736/2326 599/762/2327 600/763/2328
f 634/740/2329 633/738/2330 600/763/2331 601/764/2332
f 635/744/2333 634/743/2334 601/765/2335 602/766/2336
f 625/746/2337 635/744/2338 602/766/2339 594/755/2340
f 643/767/2341 644/768/2342 637/622/2343 636/625/2344
f 644/768/2345 645/769/2346 638/623/2347 637/622/2348
f 645/769/2349 646/770/2350 639/652/2351 638/623/2352
f 646/770/2353 647/771/2354 640/638/2355 639/652/2356
f 647/771/2357 648/772/2358 641/639/2359 640/638/2360
f 648/773/2361 649/774/2362 642/650/2363 641/663/2364
f 536/635/2365 642/650/2366 649/774/2367 659/636/2368
f 655/775/2369 656/776/2370 526/777/2371 529/778/2372
f 654/779/2373 655/775/2374 529/778/2375 530/780/2376
f 653/781/2377 654/779/2378 530/780/2379 548/782/2380
f 652/783/2381 653/781/2382 548/782/2383 579/784/2384
f 558/785/2385 651/786/2386 652/783/2387 579/784/2388
f 558/787/2389 557/788/2390 650/789/2391 651/790/2392
f 651/790/2393 650/789/2394 649/774/2395 648/773/2396
f 652/783/2397 651/786/2398 648/772/2399 647/771/2400
f 647/771/2401 646/770/2402 653/781/2403 652/783/2404
f 646/770/2405 645/769/2406 654/779/2407 653/781/2408
f 645/769/2409 644/768/2410 655/775/2411 654/779/2412
f 644/768/2413 643/767/2414 656/776/2415 655/775/2416
f 537/791/2417 657/792/2418 650/789/2419 557/788/2420
f 534/793/2421 658/794/2422 657/792/2423 537/791/2424
f 650/789/2425 657/792/2426 659/636/2427 649/774/2428
f 657/792/2429 658/794/2430 660/637/2431 659/636/2432
f 678/795/2433 533/796/2434 532/797/2435 677/798/2436
f 532/797/2437 539/799/2438 676/800/2439 677/798/2440
f 675/801/2441 676/800/2442 539/799/2443 584/802/2444
f 674/803/2445 675/804/2446 584/805/2447 538/806/2448
f 538/806/2449 547/807/2450 673/808/2451 674/803/2452
f 547/807/2453 523/809/2454 672/810/2455 673/808/2456
f 523/809/2457 524/811/2458 671/812/2459 672/810/2460
f 524/811/2461 525/813/2462 670/814/2463 671/812/2464
f 671/812/2465 670/814/2466 669/624/2467 668/621/2468
f 672/810/2469 671/812/2470 668/621/2471 667/620/2472
f 673/808/2473 672/810/2474 667/620/2475 666/651/2476
f 674/803/2477 673/808/2478 666/651/2479 665/641/2480
f 665/641/2481 664/640/2482 675/804/2483 674/803/2484
f 664/664/2485 663/649/2486 676/800/2487 675/801/2488
f 677/798/2489 676/800/2490 663/649/2491 662/634/2492
f 661/633/2493 678/795/2494 677/798/2495 662/634/2496
f 806/815/2497 782/816/2498 781/817/2499 807/818/2500
f 807/818/2501 781/817/2502 636/819/2503 808/820/2504
f 827/821/2505 828/822/2506 682/823/2507 527/824/2508
f 682/823/2509 828/822/2510 829/825/2511 685/826/2512
f 535/827/2513 687/828/2514 801/829/2515 661/830/2516
f 784/831/2517 804/832/2518 803/833/2519 785/834/2520
f 691/835/2521 692/836/2522 542/837/2523 541/838/2524
f 693/839/2525 695/840/2526 694/841/2527 692/836/2528
f 801/829/2529 687/828/2530 786/842/2531 802/843/2532
f 805/844/2533 783/845/2534 782/816/2535 806/815/2536
f 685/826/2537 829/825/2538 830/846/2539 698/847/2540
f 694/848/2541 695/849/2542 699/850/2543 700/851/2544
f 701/852/2545 555/853/2546 554/854/2547 702/855/2548
f 785/856/2549 803/857/2550 802/843/2551 786/842/2552
f 706/858/2553 832/859/2554 833/860/2555 703/861/2556
f 817/862/2557 818/863/2558 555/853/2559 701/852/2560
f 707/864/2561 708/865/2562 735/866/2563 734/867/2564
f 736/868/2565 735/866/2566 708/865/2567 709/869/2568
f 736/868/2569 709/869/2570 563/870/2571 591/871/2572
f 563/870/2573 709/869/2574 691/835/2575 541/838/2576
f 691/835/2577 709/869/2578 708/865/2579 710/872/2580
f 707/864/2581 711/873/2582 710/872/2583
f 804/832/2584 784/831/2585 783/845/2586 805/844/2587
f 712/874/2588 695/840/2589 693/839/2590 713/875/2591
f 714/876/2592 699/850/2593 695/849/2594 712/877/2595
f 713/875/2596 693/839/2597 710/872/2598 711/873/2599
f 833/860/2600 834/878/2601 715/879/2602 703/861/2603
f 716/880/2604 701/852/2605 702/855/2606 717/881/2607
f 717/881/2608 702/855/2609 699/850/2610 714/876/2611
f 718/882/2612 732/883/2613 707/864/2614 734/867/2615
f 706/884/2616 726/885/2617 723/886/2618 718/887/2619
f 726/888/2620 706/889/2621 703/890/2622 727/891/2623
f 728/892/2624 715/893/2625 716/894/2626 729/895/2627
f 721/896/2628 717/897/2629 714/898/2630 720/899/2631
f 714/898/2632 712/900/2633 719/901/2634 720/899/2635
f 712/900/2636 713/902/2637 722/903/2638 719/901/2639
f 713/902/2640 711/904/2641 724/905/2642 722/903/2643
f 718/887/2644 723/886/2645 733/906/2646 732/907/2647
f 729/895/2648 716/894/2649 717/897/2650 721/896/2651
f 715/879/2652 817/862/2653 701/852/2654 716/880/2655
f 692/836/2656 691/835/2657 710/872/2658 693/839/2659
f 707/864/2660 710/872/2661 708/865/2662
f 728/892/2663 727/891/2664 703/890/2665 715/893/2666
f 706/908/2667 718/882/2668 731/909/2669
f 699/850/2670 702/855/2671 554/854/2672 700/851/2673
f 731/909/2674 831/910/2675 832/911/2676 706/908/2677
f 698/847/2678 830/846/2679 831/910/2680 731/909/2681
f 733/906/2682 724/905/2683 711/904/2684 732/907/2685
f 734/867/2686 735/866/2687 685/826/2688 698/847/2689
f 682/823/2690 685/826/2691 735/866/2692 736/868/2693
f 682/823/2694 736/868/2695 591/871/2696 527/824/2697
f 718/882/2698 734/867/2699 698/847/2700 731/909/2701
f 707/864/2702 732/883/2703 711/873/2704
f 719/901/2705 767/912/2706 766/913/2707 720/899/2708
f 720/899/2709 766/913/2710 765/914/2711 721/896/2712
f 722/903/2713 768/915/2714 767/912/2715 719/901/2716
f 723/886/2717 760/916/2718 759/917/2719 733/906/2720
f 724/905/2721 769/918/2722 768/915/2723 722/903/2724
f 726/885/2725 761/919/2726 760/916/2727 723/886/2728
f 727/891/2729 762/920/2730 761/921/2731 726/888/2732
f 729/895/2733 764/922/2734 763/923/2735 728/892/2736
f 728/892/2737 763/923/2738 762/920/2739 727/891/2740
f 721/896/2741 765/914/2742 764/922/2743 729/895/2744
f 733/906/2745 759/917/2746 769/918/2747 724/905/2748
f 749/924/2749 776/925/2750 775/926/2751 748/927/2752
f 750/928/2753 777/929/2754 776/925/2755 749/924/2756
f 751/930/2757 778/931/2758 777/932/2759 750/933/2760
f 752/934/2761 779/935/2762 778/931/2763 751/930/2764
f 753/936/2765 780/937/2766 779/935/2767 752/934/2768
f 754/938/2769 770/939/2770 780/937/2771 753/936/2772
f 755/940/2773 771/941/2774 770/939/2775 754/938/2776
f 756/942/2777 772/943/2778 771/941/2779 755/940/2780
f 757/944/2781 773/945/2782 772/943/2783 756/942/2784
f 758/946/2785 774/947/2786 773/945/2787 757/944/2788
f 748/927/2789 775/926/2790 774/947/2791 758/946/2792
f 760/916/2793 749/924/2794 748/927/2795 759/917/2796
f 761/919/2797 750/928/2798 749/924/2799 760/916/2800
f 762/920/2801 751/930/2802 750/933/2803 761/921/2804
f 763/923/2805 752/934/2806 751/930/2807 762/920/2808
f 764/922/2809 753/936/2810 752/934/2811 763/923/2812
f 765/914/2813 754/938/2814 753/936/2815 764/922/2816
f 766/913/2817 755/940/2818 754/938/2819 765/914/2820
f 767/912/2821 756/942/2822 755/940/2823 766/913/2824
f 768/915/2825 757/944/2826 756/942/2827 767/912/2828
f 769/918/2829 758/946/2830 757/944/2831 768/915/2832
f 759/917/2833 748/927/2834 758/946/2835 769/918/2836
f 771/941/2837 738/948/2838 739/949/2839 770/939/2840
f 772/943/2841 737/950/2842 738/948/2843 771/941/2844
f 773/945/2845 740/951/2846 737/950/2847 772/943/2848
f 774/947/2849 743/952/2850 740/951/2851 773/945/2852
f 775/926/2853 742/953/2854 743/952/2855 774/947/2856
f 776/925/2857 741/954/2858 742/953/2859 775/926/2860
f 777/929/2861 744/955/2862 741/954/2863 776/925/2864
f 778/931/2865 745/956/2866 744/957/2867 777/932/2868
f 779/935/2869 746/958/2870 745/956/2871 778/931/2872
f 780/937/2873 747/959/2874 746/958/2875 779/935/2876
f 770/939/2877 739/949/2878 747/959/2879 780/937/2880
f 798/960/2881 683/961/2882 526/962/2883 656/963/2884
f 797/964/2885 684/965/2886 683/961/2887 798/960/2888
f 796/966/2889 697/967/2890 684/965/2891 797/964/2892
f 795/968/2893 725/969/2894 697/967/2895 796/966/2896
f 705/970/2897 725/969/2898 795/968/2899 794/971/2900
f 705/972/2901 794/973/2902 793/974/2903 704/975/2904
f 785/856/2905 786/842/2906 792/976/2907 791/977/2908
f 784/831/2909 785/834/2910 791/978/2911 790/979/2912
f 783/845/2913 784/831/2914 790/979/2915 789/980/2916
f 782/816/2917 783/845/2918 789/980/2919 788/981/2920
f 781/817/2921 782/816/2922 788/981/2923 787/982/2924
f 643/983/2925 636/819/2926 781/817/2927 787/982/2928
f 794/973/2929 791/977/2930 792/976/2931 793/974/2932
f 795/968/2933 790/979/2934 791/978/2935 794/971/2936
f 790/979/2937 795/968/2938 796/966/2939 789/980/2940
f 789/980/2941 796/966/2942 797/964/2943 788/981/2944
f 788/981/2945 797/964/2946 798/960/2947 787/982/2948
f 787/982/2949 798/960/2950 656/963/2951 643/983/2952
f 688/984/2953 704/975/2954 793/974/2955 799/985/2956
f 534/986/2957 688/984/2958 799/985/2959 658/987/2960
f 793/974/2961 792/976/2962 800/988/2963 799/985/2964
f 799/985/2965 800/988/2966 660/989/2967 658/987/2968
f 800/988/2969 792/976/2970 786/842/2971 687/828/2972
f 535/827/2973 660/989/2974 800/988/2975 687/828/2976
f 678/990/2977 816/991/2978 686/992/2979 533/993/2980
f 686/992/2981 816/991/2982 815/994/2983 690/995/2984
f 814/996/2985 730/997/2986 690/995/2987 815/994/2988
f 813/998/2989 689/999/2990 730/1000/2991 814/1001/2992
f 689/999/2993 813/998/2994 812/1002/2995 696/1003/2996
f 696/1003/2997 812/1002/2998 811/1004/2999 679/1005/3000
f 679/1005/3001 811/1004/3002 810/1006/3003 680/1007/3004
f 680/1007/3005 810/1006/3006 809/1008/3007 681/1009/3008
f 810/1006/3009 807/818/3010 808/820/3011 809/1008/3012
f 811/1004/3013 806/815/3014 807/818/3015 810/1006/3016
f 812/1002/3017 805/844/3018 806/815/3019 811/1004/3020
f 813/998/3021 804/832/3022 805/844/3023 812/1002/3024
f 804/832/3025 813/998/3026 814/1001/3027 803/833/3028
f 803/857/3029 814/996/3030 815/994/3031 802/843/3032
f 816/991/3033 801/829/3034 802/843/3035 815/994/3036
f 661/830/3037 801/829/3038 816/991/3039 678/990/3040
f 715/879/3041 834/878/3042 817/862/3043
f 834/878/3044 835/1010/3045 818/863/3046 817/862/3047
f 835/1011/3048 820/686/3049 819/670/3050 818/669/3051
f 569/685/3052 819/670/3053 820/686/3054
f 822/668/3055 821/667/3056 557/788/3057 558/787/3058
f 823/718/3059 822/717/3060 558/785/3061 579/784/3062
f 824/654/3063 823/718/3064 579/784/3065 548/782/3066
f 825/631/3067 824/654/3068 548/782/3069 530/780/3070
f 826/629/3071 825/631/3072 530/780/3073 529/778/3074
f 526/777/3075 827/626/3076 826/629/3077 529/778/3078
f 526/962/3079 683/961/3080 828/822/3081 827/821/3082
f 829/825/3083 828/822/3084 683/961/3085 684/965/3086
f 830/846/3087 829/825/3088 684/965/3089 697/967/3090
f 831/910/3091 830/846/3092 697/967/3093 725/969/3094
f 832/911/3095 831/910/3096 725/969/3097 705/970/3098
f 833/860/3099 832/859/3100 705/972/3101 704/975/3102
f 834/878/3103 833/860/3104 704/975/3105 688/984/3106
f 688/984/3107 534/986/3108 835/1010/3109 834/878/3110
f 537/791/3111 820/686/3112 835/1011/3113 534/793/3114
f 820/686/3115 537/791/3116 557/788/3117 821/667/3118
f 920/1012/3119 921/1013/3120 844/1014/3121 845/1015/3122
f 919/1016/3123 920/1012/3124 845/1015/3125 846/1017/3126
f 918/1018/3127 919/1016/3128 846/1017/3129 847/1019/3130
f 917/1020/3131 918/1021/3132 847/1022/3133 848/1023/3134
s 29
f 924/1024/3135 917/1020/3136 848/1023/3137 849/1025/3138
f 923/1026/3139 924/1024/3135 849/1025/3138 850/1027/3140
s off
f 922/1028/3141 923/1026/3142 850/1027/3143 851/1029/3144
f 921/1013/3145 922/1030/3146 851/1031/3147 844/1014/3148
f 845/1015/3149 844/1014/3150 852/1032/3151 853/1033/3152
f 846/1017/3153 845/1015/3154 853/1033/3155 854/1034/3156
f 847/1019/3157 846/1017/3158 854/1034/3159 855/1035/3160
f 848/1023/3161 847/1022/3162 855/1036/3163 856/1037/3164
s 30
f 849/1025/3165 848/1023/3166 856/1037/3167 857/1038/3168
f 850/1027/3169 849/1025/3165 857/1038/3168 858/1039/3170
s off
f 851/1029/3171 850/1027/3172 858/1039/3173 859/1040/3174
f 844/1014/3175 851/1031/3176 859/1041/3177 852/1032/3178
f 853/1033/3179 852/1032/3180 860/1042/3181 861/1043/3182
f 854/1034/3183 853/1033/3184 861/1043/3185 862/1044/3186
f 855/1035/3187 854/1034/3188 862/1044/3189 863/1045/3190
f 856/1037/3191 855/1036/3192 863/1046/3193 864/1047/3194
s 31
f 857/1038/3195 856/1037/3196 864/1047/3197 865/1048/3198
f 858/1039/3199 857/1038/3195 865/1048/3198 866/1049/3200
s off
f 859/1040/3201 858/1039/3202 866/1049/3203 867/1050/3204
f 852/1032/3205 859/1041/3206 867/1051/3207 860/1042/3208
f 861/1043/3209 860/1042/3210 868/1052/3211 869/1053/3212
f 862/1044/3213 861/1043/3214 869/1053/3215 870/1054/3216
f 863/1045/3217 862/1044/3218 870/1054/3219 871/1055/3220
f 864/1047/3221 863/1046/3222 871/1056/3223 872/1057/3224
s 32
f 865/1048/3225 864/1047/3226 872/1057/3227 873/1058/3228
f 866/1049/3229 865/1048/3225 873/1058/3228 874/1059/3230
s off
f 867/1050/3231 866/1049/3232 874/1059/3233 875/1060/3234
f 860/1042/3235 867/1051/3236 875/1061/3237 868/1052/3238
f 869/1053/3239 868/1052/3240 876/1062/3241 877/1063/3242
f 870/1054/3243 869/1053/3244 877/1063/3245 878/1064/3246
f 871/1055/3247 870/1054/3248 878/1064/3249 879/1065/3250
f 872/1057/3251 871/1056/3252 879/1066/3253 880/1067/3254
s 33
f 873/1058/3255 872/1057/3256 880/1067/3257 881/1068/3258
f 874/1059/3259 873/1058/3255 881/1068/3258 882/1069/3260
s off
f 875/1060/3261 874/1059/3262 882/1069/3263 883/1070/3264
f 868/1052/3265 875/1061/3266 883/1071/3267 876/1062/3268
f 877/1063/3269 876/1062/3270 884/1072/3271 885/1073/3272
f 878/1064/3273 877/1063/3274 885/1073/3275 886/1074/3276
f 879/1065/3277 878/1064/3278 886/1074/3279 887/1075/3280
f 880/1067/3281 879/1066/3282 887/1076/3283 888/1077/3284
s 34
f 881/1068/3285 880/1067/3286 888/1077/3287 889/1078/3288
f 882/1069/3289 881/1068/3285 889/1078/3288 890/1079/3290
s off
f 883/1070/3291 882/1069/3292 890/1079/3293 891/1080/3294
f 876/1062/3295 883/1071/3296 891/1081/3297 884/1072/3298
f 885/1073/3299 884/1072/3300 892/1082/3301 893/1083/3302
f 886/1074/3303 885/1073/3304 893/1083/3305 894/1084/3306
f 887/1075/3307 886/1074/3308 894/1084/3309 895/1085/3310
f 888/1077/3311 887/1076/3312 895/1086/3313 896/1087/3314
s 35
f 889/1078/3315 888/1077/3316 896/1087/3317 897/1088/3318
f 890/1079/3319 889/1078/3315 897/1088/3318 898/1089/3320
s off
f 891/1080/3321 890/1079/3322 898/1089/3323 899/1090/3324
f 884/1072/3325 891/1081/3326 899/1091/3327 892/1082/3328
f 893/1083/3329 892/1082/3330 900/1092/3331
f 894/1084/3332 893/1083/3333 900/1092/3334
f 895/1085/3335 894/1084/3336 900/1092/3337
f 896/1087/3338 895/1086/3339 900/1093/3340
s 36
f 897/1088/3341 896/1087/3342 900/1093/3343
f 898/1089/3344 897/1088/3341 900/1093/3343
s off
f 899/1090/3345 898/1089/3346 900/1093/3347
f 892/1082/3348 899/1091/3349 900/1092/3350
s 37
f 902/1094/3351 901/1095/3352 909/1096/3353 910/1097/3354
s off
f 903/1098/3355 902/1094/3356 910/1097/3357 911/1099/3358
f 904/1100/3359 903/1101/3360 911/1102/3361 912/1103/3362
f 905/1104/3363 904/1100/3364 912/1103/3365 913/1105/3366
f 906/1106/3367 905/1104/3368 913/1105/3369 914/1107/3370
f 907/1108/3371 906/1106/3372 914/1107/3373 915/1109/3374
f 908/1110/3375 907/1111/3376 915/1112/3377 916/1113/3378
s 37
f 901/1095/3352 908/1110/3379 916/1113/3380 909/1096/3353
s 38
f 910/1097/3381 909/1096/3382 841/1114/3383 840/1115/3384
s off
f 911/1099/3385 910/1097/3386 840/1115/3387 839/1116/3388
f 912/1103/3389 911/1102/3390 839/1117/3391 838/1118/3392
f 913/1105/3393 912/1103/3394 838/1118/3395 837/1119/3396
f 914/1107/3397 913/1105/3398 837/1119/3399 836/1120/3400
f 915/1109/3401 914/1107/3402 836/1120/3403 843/1121/3404
f 916/1113/3405 915/1112/3406 843/1122/3407 842/1123/3408
s 38
f 909/1096/3382 916/1113/3409 842/1123/3410 841/1114/3383
s off
f 918/1021/3411 917/1020/3412 902/1094/3413 903/1098/3414
f 919/1016/3415 918/1018/3416 903/1101/3417 904/1100/3418
f 920/1012/3419 919/1016/3420 904/1100/3421 905/1104/3422
f 921/1013/3423 920/1012/3424 905/1104/3425 906/1106/3426
f 922/1030/3427 921/1013/3428 906/1106/3429 907/1108/3430
f 923/1026/3431 922/1028/3432 907/1111/3433 908/1110/3434
s 39
f 924/1024/3435 923/1026/3436 908/1110/3437 901/1095/3438
f 917/1020/3439 924/1024/3435 901/1095/3438 902/1094/3440
s off
f 925/1124/3441 939/1125/3442 945/1126/3443 942/1127/3444
f 939/1125/3445 926/1128/3446 940/1129/3447 945/1126/3448
f 945/1126/3449 940/1129/3450 928/1130/3451 941/1131/3452
f 942/1127/3453 945/1126/3454 941/1131/3455 927/1132/3456
f 927/1132/3457 941/1131/3458 946/1133/3459 933/1134/3460
f 941/1131/3461 928/1130/3462 943/1135/3463 946/1133/3464
f 946/1136/3465 943/1137/3466 930/1138/3467 944/1139/3468
f 933/1140/3469 946/1136/3470 944/1139/3471 929/1141/3472
f 929/1141/3473 944/1139/3474 947/1142/3475 936/1143/3476
f 944/1139/3477 930/1138/3478 934/1144/3479 947/1142/3480
f 947/1142/3481 934/1144/3482 932/1145/3483 935/1146/3484
f 936/1143/3485 947/1142/3486 935/1146/3487 931/1147/3488
f 931/1147/3489 935/1146/3490 948/1148/3491 938/1149/3492
f 935/1146/3493 932/1145/3494 937/1150/3495 948/1148/3496
f 948/1151/3497 937/1152/3498 926/1128/3499 939/1125/3500
f 938/1153/3501 948/1151/3502 939/1125/3503 925/1124/3504
f 926/1128/3505 937/1152/3506 949/1154/3507 940/1129/3508
f 937/1150/3509 932/1145/3510 934/1144/3511 949/1155/3512
f 949/1155/3513 934/1144/3514 930/1138/3515 943/1137/3516
f 940/1129/3517 949/1154/3518 943/1135/3519 928/1130/3520
f 931/1147/3521 938/1149/3522 950/1156/3523 936/1143/3524
f 938/1153/3525 925/1124/3526 942/1127/3527 950/1157/3528
f 950/1157/3529 942/1127/3530 927/1132/3531 933/1134/3532
f 936/1143/3533 950/1156/3534 933/1140/3535 929/1141/3536
f 951/1158/3537 954/1159/3538 953/1160/3539 952/1161/3540
f 955/1162/3541 954/1159/3542 951/1158/3543 956/1163/3544
f 957/1164/3545 955/1162/3546 956/1163/3547 958/1165/3548
f 959/1166/3549 957/1167/3550 958/1168/3551 960/1169/3552
f 961/1170/3553 959/1166/3554 960/1169/3555 962/1171/3556
f 961/1170/3557 962/1171/3558 964/1172/3559 963/1173/3560
f 965/1174/3561 952/1161/3562 953/1160/3563 966/1175/3564
f 967/1176/3565 968/1177/3566 965/1178/3567 966/1179/3568
f 963/1173/3569 964/1172/3570 968/1177/3571 967/1176/3572
f 969/1180/3573 972/1181/3574 971/1182/3575 970/1183/3576
f 972/1181/3577 974/1184/3578 973/1185/3579 971/1182/3580
f 969/1180/3581 975/1186/3582 974/1184/3583 972/1181/3584
f 976/1187/3585 974/1184/3586 975/1186/3587 977/1188/3588
f 978/1189/3589 981/1190/3590 980/1191/3591 979/1192/3592
f 982/1193/3593 983/1194/3594 978/1189/3595 979/1192/3596
f 984/1195/3597 985/1196/3598 982/1193/3599 979/1192/3600
f 986/1197/3601 984/1195/3602 979/1192/3603 980/1191/3604
f 987/1198/3605 986/1197/3606 989/1199/3607 988/1200/3608
f 988/1200/3609 989/1199/3610 991/1201/3611 990/1202/3612
f 992/1203/3613 988/1200/3614 990/1202/3615 993/1204/3616
f 994/1205/3617 987/1198/3618 988/1200/3619 992/1203/3620
f 995/1206/3621 992/1203/3622 993/1204/3623 996/1207/3624
f 997/1208/3625 989/1199/3626 986/1197/3627 980/1191/3628
f 991/1201/3629 989/1199/3630 997/1208/3631 998/1209/3632
f 981/1190/3633 999/1210/3634 997/1208/3635 980/1191/3636
f 997/1208/3637 999/1210/3638 1000/1211/3639 998/1209/3640
f 1001/1212/3641 995/1206/3642 996/1207/3643 1002/1213/3644
f 968/1177/3645 1001/1212/3646 1002/1213/3647 965/1178/3648
f 1001/1212/3649 968/1177/3650 964/1172/3651 1003/1214/3652
f 995/1206/3653 1001/1212/3654 1003/1214/3655 1004/1215/3656
f 992/1203/3657 995/1206/3658 1004/1215/3659 994/1205/3660
f 1005/1216/3661 994/1205/3662 1004/1215/3663
f 1006/1217/3664 1005/1216/3665 1004/1215/3666 1003/1214/3667
f 1007/1218/3668 994/1205/3669 1005/1216/3670 1008/1219/3671
f 1008/1219/3672 1005/1216/3673 1006/1217/3674 1009/1220/3675
f 962/1171/3676 1006/1217/3677 1003/1214/3678 964/1172/3679
f 962/1171/3680 960/1169/3681 1009/1220/3682 1006/1217/3683
f 1007/1218/3684 1011/1221/3685 1010/1222/3686 994/1205/3687
f 1012/1223/3688 1010/1222/3689 1011/1221/3690 1013/1224/3691
f 1014/1225/3692 1012/1223/3693 1013/1224/3694 1015/1226/3695
f 1016/1227/3696 1017/1228/3697 1012/1223/3698 1014/1225/3699
f 1010/1222/3700 1012/1223/3701 1017/1228/3702 994/1205/3703
f 1016/1227/3704 1014/1225/3705 1019/1229/3706 1018/1230/3707
f 1019/1229/3708 1014/1225/3709 1015/1226/3710 1020/1231/3711
f 1021/1232/3712 1016/1227/3713 1018/1230/3714 1022/1233/3715
f 984/1195/3716 1016/1227/3717 1021/1232/3718 985/1196/3719
f 1023/1234/3720 985/1196/3721 1021/1232/3722
f 985/1196/3723 1023/1234/3724 1024/1235/3725 982/1193/3726
f 1024/1235/3727 1025/1236/3728 983/1194/3729 982/1193/3730
f 994/1205/3731 1017/1228/3732 987/1198/3733
f 983/1194/3734 976/1187/3735 977/1188/3736 978/1189/3737
f 1025/1236/3738 1026/1237/3739 976/1187/3740 983/1194/3741
f 1027/1238/3742 1030/1239/3743 1029/1240/3744 1028/1241/3745
f 970/1242/3746 971/1243/3747 1027/1238/3748 1028/1241/3749
f 971/1243/3750 973/1244/3751 1030/1239/3752 1027/1238/3753
f 1031/1245/3754 1034/1246/3755 1033/1247/3756 1032/1248/3757
f 1032/1248/3758 1033/1247/3759 1036/1249/3760 1035/1250/3761
f 1036/1249/3762 1025/1251/3763 1024/1252/3764 1035/1250/3765
f 1037/1253/3766 1035/1250/3767 1024/1252/3768 1023/1254/3769
f 1037/1253/3770 1023/1254/3771 1021/1255/3772 1038/1256/3773
f 1038/1256/3774 1021/1255/3775 1022/1257/3776 1039/1258/3777
f 1040/1259/3778 1038/1256/3779 1039/1258/3780 1041/1260/3781
f 1035/1250/3782 1037/1253/3783 1042/1261/3784 1032/1248/3785
f 1042/1261/3786 1043/1262/3787 1031/1245/3788 1032/1248/3789
f 1044/1263/3790 1045/1264/3791 1042/1261/3792 1037/1253/3793
f 1045/1264/3794 1046/1265/3795 1043/1262/3796 1042/1261/3797
f 1038/1256/3798 1044/1263/3799 1037/1253/3800
f 1047/1266/3801 1048/1267/3802 1034/1246/3803 1031/1245/3804
f 1043/1262/3805 1049/1268/3806 1047/1266/3807 1031/1245/3808
f 1046/1265/3809 1050/1269/3810 1049/1268/3811 1043/1262/3812
f 1051/1270/3813 1052/1271/3814 1048/1267/3815 1047/1266/3816
f 1000/1272/3817 1052/1271/3818 1051/1270/3819 998/1273/3820
f 991/1274/3821 998/1273/3822 1051/1270/3823 1053/1275/3824
f 990/1276/3825 991/1274/3826 1053/1275/3827 1054/1277/3828
f 993/1278/3829 990/1276/3830 1054/1277/3831 1055/1279/3832
f 996/1280/3833 993/1278/3834 1055/1279/3835 1056/1281/3836
f 1002/1282/3837 996/1280/3838 1056/1281/3839 1057/1283/3840
f 1057/1283/3841 1056/1281/3842 1059/1284/3843 1058/1285/3844
f 1060/1286/3845 1059/1284/3846 1056/1281/3847 1055/1279/3848
f 1061/1287/3849 1062/1288/3850 1058/1285/3851 1059/1284/3852
f 956/1163/3853 951/1158/3854 1058/1285/3855 1062/1288/3856
f 952/1161/3857 1057/1283/3858 1058/1285/3859 951/1158/3860
f 965/1174/3861 1002/1282/3862 1057/1283/3863 952/1161/3864
f 1063/1289/3865 1064/1290/3866 1062/1288/3867 1061/1287/3868
f 958/1165/3869 956/1163/3870 1062/1288/3871 1064/1290/3872
f 1065/1291/3873 1063/1289/3874 1061/1287/3875 1066/1292/3876
f 1007/1218/3877 1008/1219/3878 1063/1293/3879 1065/1294/3880
f 1063/1293/3881 1008/1219/3882 1009/1220/3883 1064/1295/3884
f 960/1169/3885 958/1168/3886 1064/1295/3887 1009/1220/3888
f 1061/1287/3889 1059/1284/3890 1060/1286/3891 1066/1292/3892
f 1067/1296/3893 1065/1291/3894 1066/1292/3895 1068/1297/3896
f 1069/1298/3897 1070/1299/3898 1067/1296/3899 1068/1297/3900
f 1013/1224/3901 1011/1221/3902 1067/1300/3903 1070/1301/3904
f 1040/1259/3905 1071/1302/3906 1070/1299/3907 1069/1298/3908
f 1015/1226/3909 1013/1224/3910 1070/1301/3911 1071/1303/3912
f 1041/1260/3913 1072/1304/3914 1071/1302/3915 1040/1259/3916
f 1020/1231/3917 1015/1226/3918 1071/1303/3919 1072/1305/3920
f 1069/1298/3921 1038/1256/3922 1040/1259/3923
f 1044/1263/3924 1069/1298/3925 1068/1297/3926
f 1065/1294/3927 1067/1300/3928 1011/1221/3929 1007/1218/3930
f 1044/1263/3931 1068/1297/3932 1066/1292/3933 1045/1264/3934
f 1060/1286/3935 1046/1265/3936 1045/1264/3937 1066/1292/3938
f 1053/1275/3939 1051/1270/3940 1047/1266/3941 1049/1268/3942
f 1054/1277/3943 1053/1275/3944 1049/1268/3945 1050/1269/3946
f 1054/1277/3947 1050/1269/3948 1055/1279/3949
f 1073/1306/3950 969/1180/3951 970/1183/3952 1074/1307/3953
f 1075/1308/3954 977/1188/3955 975/1186/3956 1076/1309/3957
f 981/1190/3958 978/1189/3959 977/1188/3960 1075/1308/3961
f 1074/1310/3962 970/1242/3963 1028/1241/3964 1077/1311/3965
f 1078/1312/3966 1029/1240/3967 1080/1313/3968 1079/1314/3969
f 1079/1314/3970 1080/1313/3971 1033/1247/3972 1034/1246/3973
f 1078/1312/3974 1077/1311/3975 1028/1241/3976 1029/1240/3977
f 1073/1306/3978 1082/1315/3979 1081/1316/3980 1076/1309/3981
f 1081/1316/3982 1083/1317/3983 1075/1308/3984 1076/1309/3985
f 1083/1317/3986 999/1210/3987 981/1190/3988 1075/1308/3989
f 1082/1315/3990 1073/1306/3991 1074/1307/3992 1084/1318/3993
f 1082/1315/3994 1084/1318/3995 1085/1319/3996
f 1085/1319/3997 1086/1320/3998 1081/1316/3999 1082/1315/4000
f 1087/1321/4001 1000/1211/4002 999/1210/4003 1083/1317/4004
f 1086/1320/4005 1087/1321/4006 1083/1317/4007 1081/1316/4008
f 1088/1322/4009 1089/1323/4010 1085/1324/4011 1084/1325/4012
f 1089/1323/4013 1090/1326/4014 1086/1327/4015 1085/1324/4016
f 1088/1322/4017 1091/1328/4018 1090/1326/4019 1089/1323/4020
f 1078/1312/4021 1091/1328/4022 1088/1322/4023 1077/1311/4024
f 1084/1325/4025 1074/1310/4026 1077/1311/4027 1088/1322/4028
f 1052/1271/4029 1093/1329/4030 1092/1330/4031 1048/1267/4032
f 1087/1331/4033 1093/1329/4034 1052/1271/4035 1000/1272/4036
f 1093/1329/4037 1090/1326/4038 1091/1328/4039 1092/1330/4040
f 1086/1327/4041 1090/1326/4042 1093/1329/4043 1087/1331/4044
f 1094/1332/4045 1097/1333/4046 1096/1334/4047 1095/1335/4048
f 1097/1333/4049 1099/1336/4050 1098/1337/4051 1096/1334/4052
f 1094/1332/4053 1100/1338/4054 1099/1336/4055 1097/1333/4056
f 1095/1335/4057 1096/1334/4058 1102/1339/4059 1101/1340/4060
f 1096/1334/4061 1098/1337/4062 1103/1341/4063 1102/1339/4064
f 1103/1341/4065 1098/1337/4066 1105/1342/4067 1104/1343/4068
f 1106/1344/4069 1107/1345/4070 1104/1343/4071 1105/1342/4072
f 1098/1337/4073 1099/1336/4074 1108/1346/4075 1105/1342/4076
f 1109/1347/4077 1106/1344/4078 1105/1342/4079 1108/1346/4080
f 1108/1346/4081 1099/1336/4082 1100/1338/4083 1110/1348/4084
f 1111/1349/4085 1109/1347/4086 1108/1346/4087 1110/1348/4088
f 1112/1350/4089 1109/1347/4090 1111/1349/4091 1113/1351/4092
f 1107/1345/4093 1106/1344/4094 1115/1352/4095 1114/1353/4096
f 1115/1352/4097 1106/1344/4098 1109/1347/4099 1112/1350/4100
f 1113/1351/4101 1022/1233/4102 1018/1230/4103 1112/1350/4104
f 1019/1229/4105 1115/1352/4106 1112/1350/4107 1018/1230/4108
f 1020/1231/4109 1114/1353/4110 1115/1352/4111 1019/1229/4112
f 1094/1354/4113 1095/1355/4114 1116/1356/4115
f 1116/1356/4116 1117/1357/4117 1100/1358/4118 1094/1354/4119
f 1101/1359/4120 1118/1360/4121 1116/1356/4122 1095/1355/4123
f 1118/1360/4124 1119/1361/4125 1117/1357/4126 1116/1356/4127
f 1118/1360/4128 1101/1359/4129 1120/1362/4130 1119/1361/4131
f 1120/1363/4132 1101/1340/4133 1102/1339/4134 1103/1341/4135
f 1121/1364/4136 1119/1361/4137 1120/1362/4138 1122/1365/4139
f 1123/1366/4140 1121/1364/4141 1122/1365/4142 1124/1367/4143
f 1120/1363/4144 1103/1341/4145 1104/1343/4146 1122/1368/4147
f 1107/1345/4148 1124/1369/4149 1122/1368/4150 1104/1343/4151
f 1125/1370/4152 1126/1371/4153 1121/1364/4154 1123/1366/4155
f 1126/1371/4156 1117/1357/4157 1119/1361/4158 1121/1364/4159
f 1111/1372/4160 1110/1373/4161 1126/1371/4162 1125/1370/4163
f 1100/1358/4164 1117/1357/4165 1126/1371/4166 1110/1373/4167
f 1127/1374/4168 1125/1370/4169 1123/1366/4170 1128/1375/4171
f 1123/1366/4172 1124/1367/4173 1129/1376/4174 1128/1375/4175
f 1113/1377/4176 1111/1372/4177 1125/1370/4178 1127/1374/4179
f 1124/1369/4180 1107/1345/4181 1114/1353/4182 1129/1378/4183
f 1128/1375/4184 1041/1260/4185 1039/1258/4186 1127/1374/4187
f 1129/1376/4188 1072/1304/4189 1041/1260/4190 1128/1375/4191
f 1113/1377/4192 1127/1374/4193 1039/1258/4194 1022/1257/4195
f 1020/1231/4196 1072/1305/4197 1129/1378/4198 1114/1353/4199
f 1130/1379/4200 1036/1249/4201 1033/1247/4202 1080/1313/4203
f 1025/1251/4204 1036/1249/4205 1130/1379/4206 1026/1380/4207
f 1030/1239/4208 1130/1379/4209 1080/1313/4210 1029/1240/4211
f 973/1244/4212 1026/1380/4213 1130/1379/4214 1030/1239/4215
f 976/1187/4216 1026/1237/4217 973/1185/4218 974/1184/4219
f 1073/1306/4220 1076/1309/4221 975/1186/4222 969/1180/4223
f 1092/1330/4224 1091/1328/4225 1078/1312/4226 1079/1314/4227
f 1048/1267/4228 1092/1330/4229 1079/1314/4230 1034/1246/4231
f 984/1195/4232 1017/1228/4233 1016/1227/4234
f 984/1195/4235 986/1197/4236 987/1198/4237 1017/1228/4238
f 1060/1286/4239 1055/1279/4240 1050/1269/4241 1046/1265/4242
f 1044/1263/4243 1038/1256/4244 1069/1298/4245
f 1163/1381/4246 1164/1382/4247 1203/1383/4248 1204/1384/4249
f 1196/1385/4250 1197/1386/4251 1169/1387/4252 1170/1388/4253
f 1197/1386/4254 1198/1389/4255 1172/1390/4256 1169/1387/4257
f 1198/1389/4258 1199/1391/4259 1174/1392/4260 1172/1390/4261
f 1199/1391/4262 1200/1393/4263 1176/1394/4264 1174/1392/4265
f 1200/1393/4266 1201/1395/4267 1178/1396/4268 1176/1394/4269
f 1201/1395/4270 1202/1397/4271 1180/1398/4272 1178/1396/4273
f 1164/1382/4274 1180/1398/4275 1202/1397/4276 1203/1383/4277
f 1181/1399/4278 1182/1400/4279 1206/1401/4280 1207/1402/4281
f 1185/1403/4282 1181/1399/4283 1207/1402/4284 1208/1404/4285
f 1187/1405/4286 1185/1403/4287 1208/1404/4288 1209/1406/4289
f 1189/1407/4290 1187/1405/4291 1209/1406/4292 1210/1408/4293
f 1191/1409/4294 1189/1407/4295 1210/1408/4296 1195/1410/4297
f 1196/1385/4298 1170/1388/4299 1191/1409/4300 1195/1410/4301
f 1205/1411/4302 1206/1401/4303 1182/1400/4304 1194/1412/4305
f 1163/1413/4306 1204/1414/4307 1205/1411/4308 1194/1412/4309
f 1131/1415/4310 1132/1416/4311 1164/1382/4312 1163/1381/4313
f 1133/1417/4314 1134/1418/4315 1166/1419/4316 1165/1420/4317
f 1135/1421/4318 1136/1422/4319 1168/1423/4320 1167/1424/4321
f 1137/1425/4322 1138/1426/4323 1170/1388/4324 1169/1387/4325
f 1136/1422/4326 1139/1427/4327 1171/1428/4328 1168/1423/4329
f 1140/1429/4330 1137/1425/4331 1169/1387/4332 1172/1390/4333
f 1139/1427/4334 1141/1430/4335 1173/1431/4336 1171/1428/4337
f 1142/1432/4338 1140/1429/4339 1172/1390/4340 1174/1392/4341
f 1141/1430/4342 1143/1433/4343 1175/1434/4344 1173/1431/4345
f 1144/1435/4346 1142/1432/4347 1174/1392/4348 1176/1394/4349
f 1143/1433/4350 1145/1436/4351 1177/1437/4352 1175/1434/4353
f 1146/1438/4354 1144/1435/4355 1176/1394/4356 1178/1396/4357
f 1145/1436/4358 1147/1439/4359 1179/1440/4360 1177/1437/4361
f 1148/1441/4362 1146/1438/4363 1178/1396/4364 1180/1398/4365
f 1132/1416/4366 1148/1441/4367 1180/1398/4368 1164/1382/4369
f 1147/1439/4370 1133/1417/4371 1165/1420/4372 1179/1440/4373
f 1149/1442/4374 1150/1443/4375 1182/1400/4376 1181/1399/4377
f 1151/1444/4378 1152/1445/4379 1184/1446/4380 1183/1447/4381
f 1153/1448/4382 1149/1442/4383 1181/1399/4384 1185/1403/4385
f 1152/1445/4386 1154/1449/4387 1186/1450/4388 1184/1446/4389
f 1155/1451/4390 1153/1448/4391 1185/1403/4392 1187/1405/4393
f 1154/1449/4394 1156/1452/4395 1188/1453/4396 1186/1450/4397
f 1157/1454/4398 1155/1451/4399 1187/1405/4400 1189/1407/4401
f 1156/1452/4402 1158/1455/4403 1190/1456/4404 1188/1453/4405
f 1159/1457/4406 1157/1454/4407 1189/1407/4408 1191/1409/4409
f 1158/1455/4410 1160/1458/4411 1192/1459/4412 1190/1456/4413
f 1138/1426/4414 1159/1457/4415 1191/1409/4416 1170/1388/4417
f 1160/1458/4418 1135/1421/4419 1167/1424/4420 1192/1459/4421
f 1161/1460/4422 1151/1444/4423 1183/1447/4424 1193/1461/4425
f 1150/1443/4426 1162/1462/4427 1194/1412/4428 1182/1400/4429
f 1134/1463/4430 1161/1460/4431 1193/1461/4432 1166/1464/4433
f 1162/1462/4434 1131/1465/4435 1163/1413/4436 1194/1412/4437
f 1167/1424/4438 1196/1385/4439 1195/1410/4440 1192/1459/4441
f 1167/1424/4442 1168/1423/4443 1197/1386/4444 1196/1385/4445
f 1168/1423/4446 1171/1428/4447 1198/1389/4448 1197/1386/4449
f 1171/1428/4450 1173/1431/4451 1199/1391/4452 1198/1389/4453
f 1173/1431/4454 1175/1434/4455 1200/1393/4456 1199/1391/4457
f 1175/1434/4458 1177/1437/4459 1201/1395/4460 1200/1393/4461
f 1177/1437/4462 1179/1440/4463 1202/1397/4464 1201/1395/4465
f 1203/1383/4466 1202/1397/4467 1179/1440/4468 1165/1420/4469
f 1204/1384/4470 1203/1383/4471 1165/1420/4472 1166/1419/4473
f 1205/1411/4474 1204/1414/4475 1166/1464/4476 1193/1461/4477
f 1193/1461/4478 1183/1447/4479 1206/1401/4480 1205/1411/4481
f 1207/1402/4482 1206/1401/4483 1183/1447/4484 1184/1446/4485
f 1208/1404/4486 1207/1402/4487 1184/1446/4488 1186/1450/4489
f 1209/1406/4490 1208/1404/4491 1186/1450/4492 1188/1453/4493
f 1210/1408/4494 1209/1406/4495 1188/1453/4496 1190/1456/4497
f 1195/1410/4498 1210/1408/4499 1190/1456/4500 1192/1459/4501
f 1211/1466/4502 1212/1467/4503 1220/1468/4504 1219/1469/4505
f 1212/1467/4506 1213/1470/4507 1221/1471/4508 1220/1468/4509
f 1213/1472/4510 1214/1473/4511 1222/1474/4512 1221/1475/4513
f 1214/1473/4514 1215/1476/4515 1223/1477/4516 1222/1474/4517
f 1215/1476/4518 1216/1478/4519 1224/1479/4520 1223/1477/4521
f 1216/1478/4522 1217/1480/4523 1225/1481/4524 1224/1479/4525
f 1217/1480/4526 1218/1482/4527 1226/1483/4528 1225/1481/4529
f 1218/1482/4530 1211/1466/4531 1219/1469/4532 1226/1483/4533
f 1360/1484/4534 1228/1485/4535 1371/1486/4536 1370/1487/4537
f 1291/1488/4538 1229/1489/4539 1302/1490/4540 1301/1491/4541
f 1257/1492/4542 1230/1493/4543 1268/1494/4544 1267/1495/4545
f 1239/1496/4546 1231/1497/4547 1249/1498/4548 1248/1499/4549
f 1238/1500/4550 1233/1501/4551 1241/1502/4552 1240/1503/4553
f 1236/1504/4554 1232/1505/4555 1234/1506/4556 1237/1507/4557
f 1227/1508/4558 1236/1504/4559 1237/1507/4560 1235/1509/4561
f 1234/1506/4562 1238/1500/4563 1240/1503/4564 1237/1507/4565
f 1240/1503/4566 1239/1496/4567 1235/1509/4568 1237/1507/4569
f 1241/1502/4570 1231/1497/4571 1239/1496/4572 1240/1503/4573
f 1244/1510/4574 1227/1508/4575 1235/1509/4576 1245/1511/4577
f 1232/1512/4578 1242/1513/4579 1243/1514/4580 1234/1515/4581
f 1242/1513/4582 1244/1510/4583 1245/1511/4584 1243/1514/4585
f 1246/1516/4586 1233/1517/4587 1238/1518/4588 1247/1519/4589
f 1238/1518/4590 1234/1515/4591 1243/1514/4592 1247/1519/4593
f 1235/1509/4594 1239/1496/4595 1248/1499/4596 1245/1511/4597
f 1248/1499/4598 1247/1519/4599 1243/1514/4600 1245/1511/4601
f 1249/1498/4602 1246/1516/4603 1247/1519/4604 1248/1499/4605
f 1250/1520/4606 1260/1521/4607 1259/1522/4608 1258/1523/4609
f 1255/1524/4610 1254/1525/4611 1252/1526/4612 1256/1527/4613
f 1241/1502/4614 1233/1501/4615 1254/1525/4616 1255/1524/4617
f 1253/1528/4618 1231/1497/4619 1241/1502/4620 1255/1524/4621
f 1251/1529/4622 1253/1528/4623 1255/1524/4624 1256/1527/4625
f 1256/1527/4626 1252/1526/4627 1258/1523/4628 1259/1522/4629
f 1257/1492/4630 1251/1529/4631 1256/1527/4632 1259/1522/4633
f 1260/1521/4634 1230/1493/4635 1257/1492/4636 1259/1522/4637
f 1253/1528/4638 1251/1529/4639 1264/1530/4640 1263/1531/4641
f 1261/1532/4642 1252/1533/4643 1254/1534/4644 1262/1535/4645
f 1254/1534/4646 1233/1517/4647 1246/1516/4648 1262/1535/4649
f 1231/1497/4650 1253/1528/4651 1263/1531/4652 1249/1498/4653
f 1263/1531/4654 1262/1535/4655 1246/1516/4656 1249/1498/4657
f 1264/1530/4658 1261/1532/4659 1262/1535/4660 1263/1531/4661
f 1265/1536/4662 1250/1537/4663 1258/1538/4664 1266/1539/4665
f 1258/1538/4666 1252/1533/4667 1261/1532/4668 1266/1539/4669
f 1251/1529/4670 1257/1492/4671 1267/1495/4672 1264/1530/4673
f 1267/1495/4674 1266/1539/4675 1261/1532/4676 1264/1530/4677
f 1268/1494/4678 1265/1536/4679 1266/1539/4680 1267/1495/4681
f 1274/1540/4682 1269/1541/4683 1283/1542/4684 1282/1543/4685
f 1270/1544/4686 1277/1545/4687 1276/1546/4688 1275/1547/4689
f 1260/1521/4690 1250/1520/4691 1272/1548/4692 1273/1549/4693
f 1271/1550/4694 1230/1493/4695 1260/1521/4696 1273/1549/4697
f 1273/1549/4698 1272/1548/4699 1275/1547/4700 1276/1546/4701
f 1274/1540/4702 1271/1550/4703 1273/1549/4704 1276/1546/4705
f 1277/1545/4706 1269/1541/4707 1274/1540/4708 1276/1546/4709
f 1230/1493/4710 1271/1550/4711 1279/1551/4712 1268/1494/4713
f 1278/1552/4714 1272/1553/4715 1250/1537/4716 1265/1536/4717
f 1279/1551/4718 1278/1552/4719 1265/1536/4720 1268/1494/4721
f 1280/1554/4722 1270/1555/4723 1275/1556/4724 1281/1557/4725
f 1275/1556/4726 1272/1553/4727 1278/1552/4728 1281/1557/4729
f 1271/1550/4730 1274/1540/4731 1282/1543/4732 1279/1551/4733
f 1282/1543/4734 1281/1557/4735 1278/1552/4736 1279/1551/4737
f 1283/1542/4738 1280/1554/4739 1281/1557/4740 1282/1543/4741
f 1284/1558/4742 1294/1559/4743 1293/1560/4744 1292/1561/4745
f 1289/1562/4746 1288/1563/4747 1286/1564/4748 1290/1565/4749
f 1277/1545/4750 1270/1544/4751 1288/1563/4752 1289/1562/4753
f 1287/1566/4754 1269/1541/4755 1277/1545/4756 1289/1562/4757
f 1285/1567/4758 1287/1566/4759 1289/1562/4760 1290/1565/4761
f 1290/1565/4762 1286/1564/4763 1292/1561/4764 1293/1560/4765
f 1291/1488/4766 1285/1567/4767 1290/1565/4768 1293/1560/4769
f 1294/1559/4770 1229/1489/4771 1291/1488/4772 1293/1560/4773
f 1287/1566/4774 1285/1567/4775 1298/1568/4776 1297/1569/4777
f 1295/1570/4778 1286/1571/4779 1288/1572/4780 1296/1573/4781
f 1288/1572/4782 1270/1555/4783 1280/1554/4784 1296/1573/4785
f 1269/1541/4786 1287/1566/4787 1297/1569/4788 1283/1542/4789
f 1297/1569/4790 1296/1573/4791 1280/1554/4792 1283/1542/4793
f 1298/1568/4794 1295/1570/4795 1296/1573/4796 1297/1569/4797
f 1299/1574/4798 1284/1575/4799 1292/1576/4800 1300/1577/4801
f 1292/1576/4802 1286/1571/4803 1295/1570/4804 1300/1577/4805
f 1285/1567/4806 1291/1488/4807 1301/1491/4808 1298/1568/4809
f 1301/1491/4810 1300/1577/4811 1295/1570/4812 1298/1568/4813
f 1302/1490/4814 1299/1574/4815 1300/1577/4816 1301/1491/4817
f 1326/1578/4818 1303/1579/4819 1337/1580/4820 1336/1581/4821
f 1309/1582/4822 1304/1583/4823 1318/1584/4824 1317/1585/4825
f 1305/1586/4826 1312/1587/4827 1311/1588/4828 1310/1589/4829
f 1294/1559/4830 1284/1558/4831 1307/1590/4832 1308/1591/4833
f 1306/1592/4834 1229/1489/4835 1294/1559/4836 1308/1591/4837
f 1308/1591/4838 1307/1590/4839 1310/1589/4840 1311/1588/4841
f 1309/1582/4842 1306/1592/4843 1308/1591/4844 1311/1588/4845
f 1312/1587/4846 1304/1583/4847 1309/1582/4848 1311/1588/4849
f 1229/1489/4850 1306/1592/4851 1314/1593/4852 1302/1490/4853
f 1313/1594/4854 1307/1595/4855 1284/1575/4856 1299/1574/4857
f 1314/1593/4858 1313/1594/4859 1299/1574/4860 1302/1490/4861
f 1315/1596/4862 1305/1597/4863 1310/1598/4864 1316/1599/4865
f 1310/1598/4866 1307/1595/4867 1313/1594/4868 1316/1599/4869
f 1306/1592/4870 1309/1582/4871 1317/1585/4872 1314/1593/4873
f 1317/1585/4874 1316/1599/4875 1313/1594/4876 1314/1593/4877
f 1318/1584/4878 1315/1596/4879 1316/1599/4880 1317/1585/4881
f 1319/1600/4882 1329/1601/4883 1328/1602/4884 1327/1603/4885
f 1324/1604/4886 1323/1605/4887 1321/1606/4888 1325/1607/4889
f 1312/1587/4890 1305/1586/4891 1323/1605/4892 1324/1604/4893
f 1322/1608/4894 1304/1583/4895 1312/1587/4896 1324/1604/4897
f 1320/1609/4898 1322/1608/4899 1324/1604/4900 1325/1607/4901
f 1325/1607/4902 1321/1606/4903 1327/1603/4904 1328/1602/4905
f 1326/1578/4906 1320/1609/4907 1325/1607/4908 1328/1602/4909
f 1329/1601/4910 1303/1579/4911 1326/1578/4912 1328/1602/4913
f 1322/1608/4914 1320/1609/4915 1333/1610/4916 1332/1611/4917
f 1330/1612/4918 1321/1613/4919 1323/1614/4920 1331/1615/4921
f 1323/1614/4922 1305/1597/4923 1315/1596/4924 1331/1615/4925
f 1304/1583/4926 1322/1608/4927 1332/1611/4928 1318/1584/4929
f 1332/1611/4930 1331/1615/4931 1315/1596/4932 1318/1584/4933
f 1333/1610/4934 1330/1612/4935 1331/1615/4936 1332/1611/4937
f 1334/1616/4938 1319/1617/4939 1327/1618/4940 1335/1619/4941
f 1327/1618/4942 1321/1613/4943 1330/1612/4944 1335/1619/4945
f 1320/1609/4946 1326/1578/4947 1336/1581/4948 1333/1610/4949
f 1336/1581/4950 1335/1619/4951 1330/1612/4952 1333/1610/4953
f 1337/1580/4954 1334/1616/4955 1335/1619/4956 1336/1581/4957
f 1343/1620/4958 1338/1621/4959 1352/1622/4960 1351/1623/4961
f 1339/1624/4962 1346/1625/4963 1345/1626/4964 1344/1627/4965
f 1329/1601/4966 1319/1600/4967 1341/1628/4968 1342/1629/4969
f 1340/1630/4970 1303/1579/4971 1329/1601/4972 1342/1629/4973
f 1342/1629/4974 1341/1628/4975 1344/1627/4976 1345/1626/4977
f 1343/1620/4978 1340/1630/4979 1342/1629/4980 1345/1626/4981
f 1346/1625/4982 1338/1621/4983 1343/1620/4984 1345/1626/4985
f 1303/1579/4986 1340/1630/4987 1348/1631/4988 1337/1580/4989
f 1347/1632/4990 1341/1633/4991 1319/1617/4992 1334/1616/4993
f 1348/1631/4994 1347/1632/4995 1334/1616/4996 1337/1580/4997
f 1349/1634/4998 1339/1635/4999 1344/1636/5000 1350/1637/5001
f 1344/1636/5002 1341/1633/5003 1347/1632/5004 1350/1637/5005
f 1340/1630/5006 1343/1620/5007 1351/1623/5008 1348/1631/5009
f 1351/1623/5010 1350/1637/5011 1347/1632/5012 1348/1631/5013
f 1352/1622/5014 1349/1634/5015 1350/1637/5016 1351/1623/5017
f 1353/1638/5018 1363/1639/5019 1362/1640/5020 1361/1641/5021
f 1358/1642/5022 1357/1643/5023 1355/1644/5024 1359/1645/5025
f 1346/1625/5026 1339/1624/5027 1357/1643/5028 1358/1642/5029
f 1356/1646/5030 1338/1621/5031 1346/1625/5032 1358/1642/5033
f 1354/1647/5034 1356/1646/5035 1358/1642/5036 1359/1645/5037
f 1359/1645/5038 1355/1644/5039 1361/1641/5040 1362/1640/5041
f 1360/1484/5042 1354/1647/5043 1359/1645/5044 1362/1640/5045
f 1363/1639/5046 1228/1485/5047 1360/1484/5048 1362/1640/5049
f 1356/1646/5050 1354/1647/5051 1367/1648/5052 1366/1649/5053
f 1364/1650/5054 1355/1651/5055 1357/1652/5056 1365/1653/5057
f 1357/1652/5058 1339/1635/5059 1349/1634/5060 1365/1653/5061
f 1338/1621/5062 1356/1646/5063 1366/1649/5064 1352/1622/5065
f 1366/1649/5066 1365/1653/5067 1349/1634/5068 1352/1622/5069
f 1367/1648/5070 1364/1650/5071 1365/1653/5072 1366/1649/5073
f 1368/1654/5074 1353/1655/5075 1361/1656/5076 1369/1657/5077
f 1361/1656/5078 1355/1651/5079 1364/1650/5080 1369/1657/5081
f 1354/1647/5082 1360/1484/5083 1370/1487/5084 1367/1648/5085
f 1370/1487/5086 1369/1657/5087 1364/1650/5088 1367/1648/5089
f 1371/1486/5090 1368/1654/5091 1369/1657/5092 1370/1487/5093
f 1372/1658/5094 1386/1659/5095 1392/1660/5096 1389/1661/5097
f 1386/1659/5098 1373/1662/5099 1387/1663/5100 1392/1660/5101
f 1392/1664/5102 1387/1665/5103 1375/1666/5104 1388/1667/5105
f 1389/1668/5106 1392/1664/5107 1388/1667/5108 1374/1669/5109
f 1374/1669/5110 1388/1667/5111 1393/1670/5112 1380/1671/5113
f 1388/1667/5114 1375/1666/5115 1390/1672/5116 1393/1670/5117
f 1393/1670/5118 1390/1672/5119 1377/1673/5120 1391/1674/5121
f 1380/1671/5122 1393/1670/5123 1391/1674/5124 1376/1675/5125
f 1376/1675/5126 1391/1674/5127 1394/1676/5128 1383/1677/5129
f 1391/1674/5130 1377/1673/5131 1381/1678/5132 1394/1676/5133
f 1394/1679/5134 1381/1680/5135 1379/1681/5136 1382/1682/5137
f 1383/1683/5138 1394/1679/5139 1382/1682/5140 1378/1684/5141
f 1378/1684/5142 1382/1682/5143 1395/1685/5144 1385/1686/5145
f 1382/1682/5146 1379/1681/5147 1384/1687/5148 1395/1685/5149
f 1395/1685/5150 1384/1687/5151 1373/1662/5152 1386/1659/5153
f 1385/1686/5154 1395/1685/5155 1386/1659/5156 1372/1658/5157
f 1373/1662/5158 1384/1687/5159 1396/1688/5160 1387/1663/5161
f 1384/1687/5162 1379/1681/5163 1381/1680/5164 1396/1688/5165
f 1396/1689/5166 1381/1678/5167 1377/1673/5168 1390/1672/5169
f 1387/1665/5170 1396/1689/5171 1390/1672/5172 1375/1666/5173
f 1378/1684/5174 1385/1686/5175 1397/1690/5176 1383/1683/5177
f 1385/1686/5178 1372/1658/5179 1389/1661/5180 1397/1690/5181
f 1397/1691/5182 1389/1668/5183 1374/1669/5184 1380/1671/5185
f 1383/1677/5186 1397/1691/5187 1380/1671/5188 1376/1675/5189
f 1403/1692/5190 1400/1693/5191 1399/1694/5192
f 1398/1695/5193 1400/1696/5194 1403/1697/5195
f 1401/1698/5196 1402/1699/5197 1399/1694/5198
f 1403/1692/5199 1399/1694/5200 1402/1699/5201
f 1400/1693/5202 1401/1698/5203 1399/1694/5204
f 1398/1695/5205 1401/1700/5206 1400/1696/5207
f 1398/1695/5208 1402/1701/5209 1401/1700/5210
f 1403/1697/5211 1402/1701/5212 1398/1695/5213
f 1404/1702/5214 1406/1704/5215 1405/1703/5216
f 1405/1703/5217 1406/1704/5218 1407/1705/5219
f 1407/1705/5220 1406/1704/5221 1408/1706/5222
f 1408/1706/5223 1406/1704/5224 1409/1707/5225
f 1409/1707/5226 1406/1704/5227 1410/1708/5228
f 1410/1708/5229 1406/1704/5230 1411/1709/5231
f 1411/1709/5232 1406/1704/5233 1412/1710/5234
f 1412/1710/5235 1406/1704/5236 1404/1702/5237
f 1413/1711/5238 1415/1713/5239 1414/1712/5240
f 1415/1713/5241 1416/1714/5242 1414/1712/5243
f 1416/1714/5244 1417/1715/5245 1414/1712/5246
f 1417/1715/5247 1418/1716/5248 1414/1712/5249
f 1418/1716/5250 1419/1717/5251 1414/1712/5252
f 1419/1717/5253 1420/1718/5254 1414/1712/5255
f 1420/1718/5256 1421/1719/5257 1414/1712/5258
f 1421/1719/5259 1413/1711/5260 1414/1712/5261
f 1413/1720/5262 1404/1702/5263 1405/1703/5264 1415/1721/5265
f 1415/1721/5266 1405/1703/5267 1407/1705/5268 1416/1722/5269
f 1418/1723/5270 1409/1707/5271 1410/1708/5272 1419/1724/5273
f 1419/1724/5274 1410/1708/5275 1411/1709/5276 1420/1725/5277
f 1420/1725/5278 1411/1709/5279 1412/1710/5280 1421/1726/5281
f 1421/1726/5282 1412/1710/5283 1404/1702/5284 1413/1720/5285
