# This file uses centimeters as units for non-parametric coordinates.

mtllib Lake_Believer.mtl
g default
v 26.811615 125.790977 30.231590
v 33.312622 124.568481 30.308350
v 26.842316 126.368378 36.821732
v 33.343414 125.145981 36.898491
v 26.322205 129.921280 37.675018
v 35.057098 127.491478 28.881966
v 26.280701 129.141785 28.778336
v 29.842499 123.945480 29.216988
v 34.251404 123.510078 33.717140
v 29.883911 124.724884 38.113670
v 25.474915 125.160378 33.613518
v 35.098724 128.270981 37.778648
v 29.587708 122.878082 33.794270
v 30.717407 129.225983 39.209610
v 30.662018 128.186676 27.347372
v 36.540710 127.606178 33.347580
v 24.838806 129.806580 33.209412
v 38.542816 170.612579 35.547028
v 34.147614 171.307785 34.012428
v 42.924225 169.657486 34.116058
v 38.487396 169.573288 23.684784
v 34.106110 170.528381 25.115749
v 42.882599 168.878082 25.219381
v 44.366119 168.992783 29.684990
v 32.664215 171.193176 29.546820
v 38.702209 171.684280 39.117950
v 31.909119 172.723175 36.342590
v 45.470123 170.173187 36.502708
v 38.612915 170.007584 19.980579
v 31.844910 171.518784 22.595821
v 45.406006 168.968781 22.755939
v 48.096924 169.070984 29.660717
v 29.218201 172.620880 29.437809
v 39.444305 175.609177 38.770611
v 32.651215 176.648087 35.995239
v 46.212219 174.098083 36.155373
v 39.355011 173.932480 19.633236
v 32.587097 175.443680 22.248478
v 46.148102 172.893677 22.408594
v 48.839020 172.995987 29.313374
v 29.960297 176.545776 29.090466
v 39.399597 174.770874 29.201920
v 35.770020 155.947983 36.844799
v 35.153900 152.689575 37.133160
v 30.758698 153.384781 35.598560
v 31.374817 156.643173 35.310200
v 29.275299 153.270081 31.132950
v 29.891418 156.528580 30.844589
v 30.717224 152.605286 26.701881
v 31.333313 155.863785 26.413521
v 35.098511 151.650284 25.270916
v 35.714722 154.908676 24.982555
v 39.493713 150.955078 26.805510
v 40.109802 154.213486 26.517147
v 40.977203 151.069778 31.271120
v 41.593323 154.328186 30.982759
v 39.535309 151.734482 35.702190
v 40.151306 154.992981 35.413830
v 35.857697 156.492584 38.087410
v 35.078217 152.369476 38.452290
v 40.405609 151.208176 36.712299
v 41.185211 155.331284 36.347420
v 30.513397 157.337875 36.221413
v 29.733826 153.214874 36.586288
v 28.709625 157.198486 30.791409
v 27.930023 153.075378 31.156290
v 30.462921 156.390076 25.403416
v 29.683319 152.267075 25.768293
v 35.790497 155.228775 23.663424
v 35.010925 151.105682 24.028299
v 41.134705 154.383377 25.529423
v 40.355103 150.260376 25.894302
v 42.938599 154.522888 30.959419
v 42.158997 150.399780 31.324299
v 35.850800 156.362778 36.606583
v 35.071198 152.239777 36.971451
v 39.304810 151.316879 35.588730
v 40.084412 155.439987 35.223850
v 31.603821 157.034576 35.123718
v 30.824310 152.911575 35.488602
v 30.170410 156.923782 30.808659
v 29.390808 152.800674 31.173540
v 31.563721 156.281387 26.526979
v 30.784119 152.158386 26.891859
v 35.797302 155.358582 25.144260
v 35.017700 151.235474 25.509140
v 40.044312 154.686783 26.627113
v 39.264709 150.563675 26.991993
v 41.477814 154.797577 30.942169
v 40.698212 150.674484 31.307049
v -120.655792 171.117676 64.545013
v -119.916290 165.967682 67.567795
v -108.756104 152.633179 52.287529
v -110.228790 157.213074 48.429977
v -107.866302 163.536880 45.529472
v -118.501892 176.022079 62.553638
v -103.359589 167.476074 46.314320
v -114.046692 179.050186 63.207020
v -99.487488 167.724884 49.619709
v -111.723785 178.232788 66.093185
v -97.112579 164.933578 53.868919
v -111.356995 174.925781 70.026566
v -97.053375 161.044174 56.792591
v -111.680878 173.206879 70.864624
v -116.947876 166.416382 69.142197
v -105.136902 151.935181 54.884510
v -99.414185 154.682678 57.631802
v -113.858795 168.407288 72.111435
v -122.255096 204.628677 100.940758
v -120.696075 205.987686 102.396141
v -124.241577 210.280273 100.964409
v -124.246490 208.960876 99.505493
v -135.469879 207.342575 100.884758
v -135.136200 205.391586 99.315483
v -133.492279 200.996674 100.500656
v -135.452179 203.647781 97.657188
v -134.951874 199.181686 100.039062
v -135.977692 196.853973 97.729057
v -132.944275 193.817474 93.659317
v -132.470978 183.789078 96.257378
v -135.195282 185.971176 100.395683
v -132.522980 199.473679 90.555023
v -134.914886 201.931778 95.676353
v -129.733887 191.956680 91.352203
v -129.893982 198.472382 89.018852
v -129.484802 182.699783 93.058456
v -122.228882 181.400787 85.905663
v -121.598877 171.686279 87.956573
v -127.926483 173.725586 92.789597
v -125.586578 170.010880 83.916306
v -130.144592 171.420578 91.309319
v -118.193085 171.703278 80.298180
v -122.806580 169.819275 78.430351
v -116.437683 179.224182 77.793419
v -117.400696 171.456680 77.556335
v -121.511688 169.808884 75.766380
v -132.032684 175.860184 96.852013
v -133.115387 172.547485 95.920799
v -132.992493 177.526978 100.925247
v -133.291595 173.930679 100.622490
v -116.320282 170.505081 74.768730
v -118.993103 168.524185 72.453506
v -113.418976 175.083679 73.395844
v -115.406097 177.370483 76.365616
v -115.084900 178.578674 75.556107
v -113.067291 176.735474 72.634331
v -114.083679 186.072083 74.101624
v -114.121979 183.928680 72.296318
v -112.820892 180.808273 69.006683
v -115.389496 188.615280 80.791306
v -114.690094 190.632477 77.123795
v -116.851776 194.061478 83.478256
v -115.443176 196.271286 79.927940
v -118.355896 197.536484 85.739342
v -116.910187 199.917984 81.783905
v -123.016479 197.510681 88.734093
v -119.982086 188.159286 84.874077
v -120.980377 201.024475 89.591026
v -118.350281 199.575577 86.458061
v -117.055603 201.390884 82.776855
v -126.422394 202.299576 85.448753
v -125.272675 203.598175 86.020409
v -131.274200 200.298782 87.101402
v -134.124084 200.509979 88.954697
v -136.789703 203.851578 94.959503
v -137.106293 205.552582 98.304222
v -124.371704 209.756180 101.775749
v -121.512787 206.150681 103.680351
v -133.643982 203.219177 105.427628
v -135.129883 207.255280 103.317368
v -141.660187 184.662186 89.278801
v -139.825592 196.373581 86.676750
v -141.930878 199.650681 95.898033
v -142.627899 187.039780 99.077049
v -136.637787 200.159378 85.915237
v -139.655487 203.461182 94.452873
v -134.120392 198.223587 81.831436
v -127.244781 200.133484 80.765976
v -124.121277 204.268982 83.060600
v -123.515900 201.574081 79.318840
v -121.464386 204.232574 81.143463
v -136.865601 193.758286 82.625275
v -138.268402 183.108780 84.478897
v -129.883087 193.798676 76.679306
v -132.263977 189.633286 77.415054
v -133.776886 181.178085 79.104416
v -139.174286 175.338379 91.738274
v -139.726685 177.044678 100.361198
v -136.223694 174.081879 86.628380
v -131.819702 172.845581 80.603165
v -135.736481 172.096680 93.856590
v -135.974792 173.498276 100.556419
v -133.169281 170.767776 88.831688
v -129.615997 170.179382 81.567741
v -127.283875 170.900482 76.160851
v -124.673401 170.934082 72.437401
v -122.626190 168.524582 70.124115
v -122.490387 173.832886 67.553024
v -125.062103 176.298187 70.509705
v -129.434296 178.839981 74.816055
v -122.768982 182.311676 69.017685
v -120.440399 178.656387 65.432922
v -116.779388 185.349976 68.836021
v -115.399475 182.167679 66.075073
v -117.279388 187.882278 70.838425
v -125.164093 186.859375 71.896835
v -118.007202 192.892380 73.543045
v -124.070892 193.009888 73.458725
v -124.241577 196.503387 75.932755
v -118.881775 197.344086 76.475555
v -119.963593 201.234985 79.382385
v -118.841888 203.201279 81.294762
v -118.618195 191.442581 102.246971
v -116.581879 191.723480 104.078880
v -133.429901 187.595581 102.273773
v -131.152985 188.982986 101.588463
v -117.368591 191.594788 105.275841
v -130.569794 189.562576 107.262962
v -138.426788 188.654175 106.629272
v -139.825104 201.649185 102.783043
v -132.089874 178.209885 100.095543
v -120.492798 179.742477 100.784081
v -131.967377 177.883087 101.161980
v -118.402283 179.599182 102.402397
v -122.928802 174.644882 100.694183
v -133.481293 173.747879 100.682518
v -132.663177 173.815079 101.008873
v -118.785095 179.599976 104.252647
v -122.979889 174.625977 101.845596
v -133.620697 174.044876 102.993797
v -131.910980 178.570084 106.057030
v -136.807892 177.996384 105.531998
v -134.748291 173.793381 102.693573
v -117.608490 215.845184 94.312576
v -115.121490 216.371674 93.847366
v -114.617676 214.527786 94.644188
v -115.692474 214.323288 95.317039
v -115.677582 209.641281 92.859001
v -118.119476 209.238174 94.844872
v -121.026001 211.990173 93.235741
v -114.641693 216.574081 92.770737
v -113.727081 215.874176 93.270844
v -114.994476 211.008087 91.141167
v -115.553101 208.969284 89.454918
v -116.156403 207.653778 91.495201
v -116.638000 206.191986 90.700951
v -116.056793 207.559982 88.330963
v -118.920990 207.072876 93.358940
v -119.401581 205.788574 92.338577
v -121.771301 209.727982 91.646507
v -122.121277 208.334488 90.616478
v -120.053497 204.102676 91.325737
v -122.946594 206.982086 89.435692
v -116.414581 205.690384 86.756027
v -117.176788 204.392075 89.422386
v -116.834381 216.764587 93.052612
v -120.360382 213.316483 90.752953
v -115.776581 217.046387 92.178307
v -118.542999 213.463181 89.286827
v -116.595703 212.330276 90.021202
v -119.264801 211.520874 87.859283
v -116.953003 210.597778 88.147087
v -119.634796 210.223785 86.845451
v -117.274994 209.233078 86.932793
v -121.536377 210.147079 87.988579
v -121.052582 211.453079 89.110069
v -122.191681 208.541885 86.696587
v -120.175690 208.436081 85.136307
v -117.800476 207.392685 85.328583
v -139.201599 205.509277 100.119293
v 0.000000 210.845581 19.298662
v 0.000000 223.551285 25.908121
v 0.000000 245.798676 41.772869
v 0.000000 266.493286 31.549519
v 0.000000 296.940094 11.432474
v -0.000015 302.302277 -15.713363
v -0.000015 207.558182 -15.713363
v 0.000000 225.436386 35.100151
v 0.000000 288.929169 19.034754
v 0.000000 256.742493 37.488228
v 0.000000 282.704193 23.071909
v 0.000000 234.885178 41.571270
v 0.000000 207.258087 5.921309
v 0.000000 301.667175 -1.782829
v -0.000015 209.739288 -30.800531
v -0.000015 300.093567 -30.766081
v -0.000015 217.478485 -50.100574
v -0.000015 295.654785 -45.670612
v -0.000015 276.849182 -60.585537
v -0.000015 285.669586 -56.674313
v -0.000015 225.467285 -57.973431
v -0.000015 235.530579 -61.895306
v -0.000015 243.816177 -63.455082
v -0.000015 250.700775 -64.628693
v -0.000015 256.240662 -64.925507
v -0.000015 262.839783 -64.381371
v -0.000015 270.646790 -62.553471
v 59.358917 222.088074 1.796949
v 51.823608 288.806274 2.971720
v 61.899200 256.319763 11.977183
v 62.952682 274.493774 -15.713363
v 68.844986 256.372498 -15.713363
v 56.708923 275.948181 10.432596
v 53.188583 290.317780 -15.713363
v 61.842606 222.445084 -15.713363
v 59.210510 265.567993 9.955810
v 66.498581 265.642395 -15.713363
v 33.495026 214.654480 16.077600
v 33.143921 252.622086 25.315248
v 31.150909 265.151367 16.902538
v 29.356720 294.517792 11.943140
v 12.191010 296.362274 11.100611
v 27.558792 300.110779 -15.713363
v 34.515091 210.999084 -15.713363
v 18.416718 212.123276 18.295036
v 20.824921 248.218079 25.477808
v 13.132812 266.236969 17.876255
v 12.682602 301.801086 -15.713363
v 16.350601 208.376083 -15.713363
v 69.894791 249.138184 -15.713363
v 63.353821 248.508682 12.732821
v 14.974304 231.676285 28.746134
v 7.776703 246.350784 39.745499
v 7.984711 226.815781 33.695560
v 7.642212 224.719376 25.886477
v 9.724823 211.202774 19.018061
v 4.839813 266.486267 30.272320
v 51.795090 216.446182 -15.713363
v 50.012024 218.163177 9.741480
v 51.958405 246.337082 24.045237
v 50.754120 255.061478 21.369646
v 52.611298 264.424866 14.905306
v 49.865204 276.148773 15.385808
v 44.220306 291.630280 9.263440
v 41.839798 296.362488 -15.713363
v 58.442307 282.238068 -15.713363
v 53.113800 283.754578 8.443340
v 46.938721 285.090973 14.135523
v 29.873199 288.185089 18.467287
v 11.124603 288.338776 17.397028
v 3.252319 288.861084 18.812876
v 18.058899 256.387787 21.394213
v 6.493317 256.910675 35.741890
v 29.192413 279.926880 18.085522
v 10.123596 282.279083 18.149935
v 3.449524 282.653290 22.409761
v 34.608215 245.211380 29.660799
v 20.372498 230.899384 25.771967
v 35.623108 236.937988 30.072470
v 16.026520 248.983978 30.077999
v 13.207703 257.692200 27.625315
v 10.037598 266.453674 24.306139
v 7.231812 282.462372 19.925821
v 7.107422 288.625275 18.045328
v 52.108002 237.842682 23.458124
v 64.029724 240.129074 11.732058
v 69.708603 240.921585 -15.713363
v 36.042603 225.344986 25.654016
v 50.827606 227.153381 18.928667
v 63.222504 231.449585 7.910029
v 67.788803 232.845474 -15.713363
v 21.515320 239.944275 27.089548
v 17.046204 240.138977 30.716850
v 8.348816 235.840179 39.598209
v 16.070526 208.319077 5.275070
v 34.420898 210.724274 2.221100
v 51.364899 215.479279 -3.532080
v 61.441010 222.387375 -8.213610
v 66.738800 232.524582 -4.594379
v 68.158722 240.705276 -1.170490
v 67.962311 248.952179 0.244129
v 66.699219 256.356201 0.351429
v 64.415222 265.846466 -0.019630
v 61.143799 274.915192 -1.178391
v 57.034302 282.638794 -3.126369
v 52.796997 290.793182 -5.627010
v 42.539124 295.942993 -2.523130
v 27.899506 299.544983 -1.444870
v 12.540314 301.197693 -1.708071
v 15.642197 210.532288 -30.840513
v 32.928207 213.062881 -30.968092
v 49.373001 218.259781 -31.117601
v 58.918289 223.962387 -31.201601
v 64.369583 233.807480 -31.221212
v 66.043381 241.506088 -31.219923
v 66.135391 249.341080 -31.203032
v 65.115097 256.293701 -31.179392
v 62.936386 265.200287 -31.153532
v 59.654495 273.730194 -31.130171
v 55.499496 281.117096 -31.108294
v 50.742599 288.617096 -31.107481
v 40.299881 294.136993 -31.010042
v 26.525711 297.845978 -30.884993
v 12.184097 299.581268 -30.793173
v 13.564285 217.902176 -49.579853
v 27.986404 219.202484 -47.981937
v 42.551285 222.240784 -44.784092
v 50.672989 228.504074 -47.695133
v 55.132309 235.695374 -48.736591
v 56.421585 243.403488 -49.588207
v 56.396683 250.083084 -49.853176
v 55.470993 256.048767 -49.523876
v 53.640610 263.670288 -48.699497
v 50.921310 271.015869 -47.613880
v 47.494888 277.303375 -46.770916
v 43.725998 285.006195 -45.073452
v 37.552597 291.334167 -42.024372
v 25.833481 294.194092 -44.095783
v 14.147598 295.222595 -45.204647
v 38.731583 236.164474 -57.405247
v 39.621506 244.038284 -58.569645
v 39.611191 250.491684 -59.191227
v 38.942795 255.971283 -58.992626
v 37.711411 262.854889 -58.245564
v 35.823807 270.145081 -56.665806
v 33.506607 276.132996 -55.159443
v 30.631302 284.246796 -52.385693
v 18.777084 235.685883 -60.794987
v 19.163895 243.870377 -62.263348
v 19.162582 250.649887 -63.305737
v 18.837509 256.175385 -63.487194
v 18.305710 262.843475 -62.890072
v 17.410995 270.524689 -61.120731
v 16.332504 276.674072 -59.258930
v 14.561783 285.332794 -55.659191
v 35.677109 228.450378 -54.811657
v 17.309586 226.198486 -57.198444
v -59.358795 222.088074 1.796949
v -51.823486 288.806274 2.971720
v -61.899078 256.319763 11.977183
v -62.952591 274.493774 -15.713363
v -68.844894 256.372498 -15.713363
v -56.708801 275.948181 10.432596
v -53.188492 290.317780 -15.713363
v -61.842514 222.445084 -15.713363
v -59.210388 265.567993 9.955810
v -66.498398 265.642395 -15.713363
v -33.494904 214.654480 16.077600
v -33.143799 252.622086 25.315248
v -31.150696 265.151367 16.902538
v -29.356476 294.517792 11.943140
v -12.190887 296.362274 11.100611
v -27.558701 300.110779 -15.713363
v -34.514999 210.999084 -15.713363
v -18.416595 212.123276 18.295036
v -20.824799 248.218079 25.477808
v -13.132690 266.236969 17.876255
v -12.682510 301.801086 -15.713363
v -16.350510 208.376083 -15.713363
v -69.894699 249.138184 -15.713363
v -63.353699 248.508682 12.732821
v -14.974182 231.676285 28.746134
v -7.776489 246.350784 39.745499
v -7.984589 226.815781 33.695560
v -7.642090 224.719376 25.886477
v -9.724701 211.202774 19.018061
v -4.839691 266.486267 30.272320
v -51.794998 216.446182 -15.713363
v -50.011780 218.163177 9.741480
v -51.958282 246.337082 24.045237
v -50.753998 255.061478 21.369646
v -52.611176 264.424866 14.905306
v -49.865082 276.148773 15.385808
v -44.220184 291.630280 9.263440
v -41.839706 296.362488 -15.713363
v -58.442215 282.238068 -15.713363
v -53.113678 283.754578 8.443340
v -46.938599 285.090973 14.135523
v -29.873077 288.185089 18.467287
v -11.124390 288.338776 17.397028
v -3.252197 288.861084 18.812876
v -18.058777 256.387787 21.394213
v -6.493195 256.910675 35.741890
v -29.192200 279.926880 18.085522
v -10.123474 282.279083 18.149935
v -3.449402 282.653290 22.409761
v -34.608093 245.211380 29.660799
v -20.372375 230.899384 25.771967
v -35.622986 236.937988 30.072470
v -16.026398 248.983978 30.077999
v -13.207581 257.692200 27.625315
v -10.037384 266.453674 24.306139
v -7.231689 282.462372 19.925821
v -7.107300 288.625275 18.045328
v -52.107880 237.842682 23.458124
v -64.029602 240.129074 11.732058
v -69.708511 240.921585 -15.713363
v -36.042480 225.344986 25.654016
v -50.827484 227.153381 18.928667
v -63.222382 231.449585 7.910029
v -67.788712 232.845474 -15.713363
v -21.515198 239.944275 27.089548
v -17.046082 240.138977 30.716850
v -8.348602 235.840179 39.598209
v -16.070404 208.319077 5.275070
v -34.420776 210.724274 2.221100
v -51.364685 215.479279 -3.532080
v -61.440796 222.387375 -8.213610
v -66.738678 232.524582 -4.594379
v -68.158600 240.705276 -1.170490
v -67.962189 248.952179 0.244129
v -66.699097 256.356201 0.351429
v -64.415100 265.846466 -0.019630
v -61.143677 274.915192 -1.178391
v -57.034180 282.638794 -3.126369
v -52.796875 290.793182 -5.627010
v -42.539001 295.942993 -2.523130
v -27.899384 299.544983 -1.444870
v -12.540192 301.197693 -1.708071
v -15.642105 210.532288 -30.840513
v -32.928116 213.062881 -30.968092
v -49.372818 218.259781 -31.117601
v -58.918198 223.962387 -31.201601
v -64.369492 233.807480 -31.221212
v -66.043289 241.506088 -31.219923
v -66.135300 249.341080 -31.203032
v -65.115005 256.293701 -31.179392
v -62.936295 265.200287 -31.153532
v -59.654312 273.730194 -31.130171
v -55.499405 281.117096 -31.108294
v -50.742508 288.617096 -31.107481
v -40.299789 294.136993 -31.010042
v -26.525589 297.845978 -30.884993
v -12.183914 299.581268 -30.793173
v -13.564316 217.902176 -49.579853
v -27.986313 219.202484 -47.981937
v -42.551193 222.240784 -44.784092
v -50.672806 228.504074 -47.695133
v -55.132095 235.695374 -48.736591
v -56.421494 243.403488 -49.588207
v -56.396591 250.083084 -49.853176
v -55.470901 256.048767 -49.523876
v -53.640518 263.670288 -48.699497
v -50.921097 271.015869 -47.613880
v -47.494705 277.303375 -46.770916
v -43.725906 285.006195 -45.073452
v -37.552505 291.334167 -42.024372
v -25.833389 294.194092 -44.095783
v -14.147507 295.222595 -45.204647
v -38.731491 236.164474 -57.405247
v -39.621414 244.038284 -58.569645
v -39.611099 250.491684 -59.191227
v -38.942703 255.971283 -58.992626
v -37.711319 262.854889 -58.245564
v -35.823715 270.145081 -56.665806
v -33.506516 276.132996 -55.159443
v -30.631119 284.246796 -52.385693
v -18.776993 235.685883 -60.794987
v -19.163803 243.870377 -62.263348
v -19.162491 250.649887 -63.305737
v -18.837296 256.175385 -63.487194
v -18.305496 262.843475 -62.890072
v -17.410812 270.524689 -61.120731
v -16.332413 276.674072 -59.258930
v -14.561691 285.332794 -55.659191
v -35.677017 228.450378 -54.811657
v -17.309494 226.198486 -57.198444
v -19.485901 219.694977 23.875986
v -9.467896 217.405182 23.284721
v 0.000000 216.712173 23.687881
v 9.468018 217.405182 23.284721
v 19.486023 219.694977 23.875990
v 50.560211 123.467178 9.395380
v 59.033905 116.707977 20.666990
v 45.856506 119.509277 18.200630
v 40.104309 131.911987 17.389126
v 60.975708 121.311279 7.915080
v 46.927917 123.019081 28.292992
v 46.778625 132.714279 5.456680
v 69.326721 125.688782 13.055136
v 60.263306 134.314682 3.675060
v 56.072205 120.706383 33.426861
v 41.875000 132.109283 30.968460
v 48.294006 142.582077 9.413070
v 71.191406 122.508377 23.141312
v 53.725220 133.508087 37.690758
v 65.694519 125.240685 31.952759
v 44.661713 142.133987 28.310688
v 42.797119 145.314377 18.224510
v 72.113525 135.713379 10.397358
v 73.884216 135.910782 23.976700
v 57.916321 147.116379 7.938960
v 49.548798 148.979080 19.164879
v 51.618622 149.227875 15.464481
v 67.060608 144.803680 13.072826
v 67.209900 135.108383 35.909130
v 53.012817 146.511383 33.450741
v 56.253021 149.777985 14.852167
v 63.428314 144.355484 31.970449
v 54.006104 149.500687 26.542759
v 49.933411 149.019974 24.232428
v 68.132019 148.313477 23.165194
v 58.640503 150.050781 25.930456
v 60.325806 150.258682 17.162500
v 60.874908 150.319885 21.373623
v 48.285309 162.920776 24.245293
v 51.578400 164.080383 30.141260
v 45.362000 163.347076 26.173103
v 44.026123 163.195480 18.884752
v 52.358002 163.401474 26.555622
v 51.106323 168.062088 30.144951
v 44.889923 167.328674 26.176788
v 43.554016 167.177078 18.888437
v 47.676697 162.852982 19.578316
v 56.992523 163.951477 25.943310
v 58.815918 164.939682 28.796820
v 58.343903 168.921387 28.800512
v 52.918915 168.285675 20.714718
v 47.966003 163.668274 12.625252
v 47.493896 167.649979 12.628938
v 49.970520 163.128677 15.477345
v 62.755798 165.412582 22.537321
v 62.283722 169.394287 22.541004
v 55.203522 164.527679 11.280809
v 54.731415 168.509277 11.284494
v 59.286316 164.227280 21.842344
v 61.419800 165.260986 15.248962
v 60.947815 169.242584 15.252645
v 54.605011 163.678680 14.865032
v 58.677704 164.159378 17.175365
v 52.924896 156.543488 27.811644
v 53.420807 152.360779 27.807775
v 59.056000 153.029587 27.063219
v 58.560120 157.212280 27.067085
v 47.972717 155.958984 25.002373
v 48.468506 151.776276 24.998501
v 47.232697 155.876480 19.327526
v 47.728516 151.693787 19.323648
v 50.021820 156.211777 14.340915
v 50.517822 152.029083 14.337051
v 55.657196 156.880585 13.596366
v 56.153015 152.697876 13.592503
v 60.609406 157.465088 16.405640
v 61.105225 153.282379 16.401764
v 61.349426 157.547577 22.080490
v 61.845306 153.364883 22.076620
v 53.205414 156.578079 26.352243
v 53.701324 152.395386 26.348373
v 58.179504 152.926880 25.756693
v 57.683624 157.109573 25.760563
v 49.270020 156.113586 24.119785
v 49.765900 151.930878 24.115921
v 48.681915 156.048080 19.610149
v 49.177826 151.865387 19.606281
v 50.898407 156.314484 15.647442
v 51.394318 152.131775 15.643578
v 55.376617 156.845978 15.055780
v 55.872498 152.663284 15.051910
v 59.312012 157.310486 17.288221
v 59.807922 153.127777 17.284351
v 59.900116 157.375977 21.797863
v 60.395996 153.193375 21.793995
v -42.595093 212.005081 31.385960
v -34.209381 218.328583 33.629662
v -37.535278 224.444885 31.606209
v -42.632385 218.476883 31.382259
v -15.197601 234.073181 27.727028
v -25.917999 229.341385 32.005539
v -23.272797 224.979279 33.567841
v -13.924194 231.583588 27.107031
v -29.446381 212.073288 31.215530
v -36.661377 209.982681 31.491291
v -19.716400 221.366180 31.364449
v -11.617676 229.709579 24.811300
v -9.984283 226.950577 23.436525
v -18.925385 217.064682 27.505487
v -29.130096 204.884781 26.757944
v -38.344391 202.492386 26.757944
v -48.974976 208.427979 26.757944
v -49.891785 218.294281 26.757944
v -43.718689 227.507080 26.796574
v -29.721100 233.538284 28.519484
v -15.946075 236.981674 25.749971
v 3.916016 225.879181 23.103731
v 9.199097 215.896683 24.608028
v 17.822510 194.205978 24.835428
v 26.070007 194.233185 24.835428
v 30.356506 199.775681 24.898760
v 26.682922 209.045181 25.294340
v 10.633423 228.831085 24.266144
v 19.570709 221.699982 24.829462
v 12.104004 202.957275 24.725779
v 19.443512 206.033188 32.643951
v 14.711426 216.303284 30.933170
v 8.241516 227.359879 26.412804
v 7.386108 227.115982 25.516916
v 12.473114 215.737381 29.558649
v 15.090912 204.951187 31.220039
v 9.070526 227.694382 26.034235
v 16.497498 217.464981 30.113920
v 22.227997 208.469284 31.533081
v 18.759003 198.164185 30.378700
v 23.034515 200.078888 31.681910
v 26.016724 201.645981 30.492180
v 10.177917 228.559677 21.057957
v 17.361908 220.053574 24.128433
v 35.571899 201.658585 24.349674
v 47.731903 206.463181 24.278656
v 51.112701 221.785385 25.259604
v 36.783020 228.329483 26.431557
v 16.793823 234.331573 23.821815
v 26.780121 233.032379 24.549379
v 25.174408 208.480774 24.737568
v 30.022003 217.828674 34.268230
v 20.950714 224.262283 31.951290
v 11.811523 230.141174 27.604094
v 10.302399 228.875076 25.623064
v 18.357605 219.595078 30.492870
v 26.986206 211.175186 31.450680
v 14.023712 231.940781 27.896040
v 23.937714 229.195374 30.960140
v 32.999298 223.951981 33.328991
v 42.411926 220.191284 32.028351
v 40.260620 211.240677 32.243439
v 34.586426 206.307388 30.458351
v -10.868195 228.908783 24.490671
v -22.665375 221.063080 31.025188
v -31.596283 199.069183 30.478760
v -25.698486 193.681381 30.478760
v -15.293701 197.268875 30.478760
v -9.978577 206.554688 30.598850
v -3.971893 225.386078 24.183027
v -7.030884 216.330185 29.602680
v -32.583099 210.441086 30.478760
v -20.977386 209.529587 39.119812
v -14.854095 219.317474 36.643570
v -8.912903 226.665375 27.563290
v -15.138794 209.429886 38.012020
v -10.856201 218.417374 34.192238
v -6.825775 225.809280 26.517202
v -26.351685 211.478180 37.270241
v -18.391479 220.750381 36.225201
v -10.461792 227.649078 27.049814
v -18.469788 200.056885 36.050591
v -23.682983 200.070877 37.431702
v -28.423889 201.896088 36.050591
v -4.044586 225.313873 23.801357
v -9.743103 215.403976 28.948078
v -9.161682 194.447983 28.724895
v -1.017181 190.004883 28.724895
v 8.865601 193.186188 28.675289
v 12.009796 201.288681 28.618732
v 6.128113 226.955582 24.178228
v 11.442505 214.801086 28.159893
v -12.042389 207.320984 28.915081
v -0.003876 206.021683 36.612259
v 0.590118 217.278076 34.074791
v 1.062805 226.699585 27.137590
v -1.482483 226.101578 25.685003
v -4.398376 217.418182 32.364891
v -6.137604 207.367783 35.647652
v 3.876526 226.974686 27.513306
v 6.118317 217.471985 33.077320
v 6.477325 206.230881 34.932980
v -6.125793 196.656677 34.285870
v -0.885986 195.492874 35.567581
v 4.994202 196.143677 33.984871
v -136.178802 255.816483 86.349251
v -120.164001 255.816483 86.349251
v -136.178802 255.816483 102.364067
v -120.164001 255.816483 102.364067
v -136.178802 271.831268 102.364067
v -120.164001 271.831268 102.364067
v -136.178802 271.831268 86.349251
v -120.164001 271.831268 86.349251
v -138.981476 263.823883 105.166656
v -117.361389 274.633881 94.356659
v -128.171387 274.633881 83.546661
v -138.981476 274.633881 94.356659
v -117.361389 263.823883 83.546661
v -138.981476 263.823883 83.546661
v -128.171387 253.013885 83.546661
v -117.361389 253.013885 94.356659
v -128.171387 253.013885 105.166656
v -138.981476 253.013885 94.356659
v -117.361389 263.823883 105.166656
v -128.171387 274.633881 105.166656
v -128.171387 249.410583 94.356659
v -128.171387 263.823883 108.769997
v -128.171387 278.237183 94.356659
v -128.171387 263.823883 79.943321
v -113.758087 263.823883 94.356659
v -142.584778 263.823883 94.356659
v -123.395996 -0.712913 89.581268
v -128.171387 -0.712913 87.603233
v -132.946777 -0.712913 89.581268
v -134.924774 -0.712913 94.356659
v -132.946777 -0.712913 99.132050
v -128.171387 -0.712913 101.110077
v -123.395996 -0.712913 99.132050
v -121.417999 -0.712913 94.356659
v -123.395996 251.684387 89.581268
v -128.171387 251.684387 87.603233
v -132.946777 251.684387 89.581268
v -134.924774 251.684387 94.356659
v -132.946777 251.684387 99.132050
v -128.171387 251.684387 101.110077
v -123.395996 251.684387 99.132050
v -121.417999 251.684387 94.356659
v -123.395996 240.518784 89.581268
v -128.171387 240.518784 87.603233
v -132.946777 240.518784 89.581268
v -134.924774 240.518784 94.356659
v -132.946777 240.518784 99.132050
v -128.171387 240.518784 101.110077
v -123.395996 240.518784 99.132050
v -121.417999 240.518784 94.356659
v -128.171387 246.101578 101.110077
v -132.946777 246.101578 99.132050
v -134.924774 246.101578 94.356659
v -132.946777 246.101578 89.581268
v -128.171387 246.101578 87.603233
v -123.395996 246.101578 89.581268
v -121.417999 246.101578 94.356659
v -123.395996 246.101578 99.132050
v -128.171387 243.310181 103.076347
v -134.337189 243.310181 100.522408
v -136.891083 243.310181 94.356659
v -134.337189 243.310181 88.190887
v -128.171387 243.310181 85.636963
v -122.005676 243.310181 88.190887
v -119.451691 243.310181 94.356659
v -122.005676 243.310181 100.522408
v -128.171387 248.892975 103.076347
v -134.337189 248.892975 100.522408
v -136.891083 248.892975 94.356659
v -134.337189 248.892975 88.190887
v -128.171387 248.892975 85.636963
v -122.005676 248.892975 88.190887
v -119.451691 248.892975 94.356659
v -122.005676 248.892975 100.522408
v 61.460022 276.234772 -33.080559
v 48.475708 274.787872 -47.089981
v 28.850220 274.839478 -56.795624
v 5.582001 276.442871 -60.702660
v -17.756104 279.487976 -58.171387
v -37.583893 283.653595 -49.544441
v -50.873474 288.370270 -36.118870
v -55.610504 292.854370 -19.954651
v -50.947174 293.441284 -4.400909
v -37.757080 292.481689 8.654099
v -18.054077 289.978271 17.082623
v 5.168396 286.490479 19.769917
v 28.384705 282.940582 16.665993
v 48.065613 280.237091 8.573669
v 61.218719 278.916595 -3.155029
v 65.838898 279.015869 -16.881660
v 69.397125 289.322174 -46.322578
v 54.327911 285.112183 -68.248451
v 30.152618 283.216888 -83.062500
v 1.601105 283.364685 -88.609299
v -26.955688 285.599792 -84.004501
v -51.165588 289.702179 -69.926323
v -67.343384 295.104095 -48.510788
v -73.026398 300.928192 -23.026031
v -67.253601 303.874268 3.246000
v -51.023804 305.516388 25.326229
v -26.817078 305.508789 39.714890
v 1.691925 303.971069 44.386322
v 30.182220 301.402283 38.981918
v 54.315613 298.488892 24.635365
v 69.350006 296.248077 3.356180
v 74.849823 294.151794 -21.032902
v 74.832825 295.356079 -49.024559
v 59.864014 291.677979 -71.906647
v 35.067108 290.145691 -87.459503
v 5.822113 290.974396 -93.506500
v -23.377289 294.155273 -89.058304
v -48.073975 299.402466 -74.749352
v -64.507294 306.011688 -52.744011
v -70.177582 312.885986 -26.407551
v -64.230286 317.634491 2.802710
v -47.603485 320.216278 27.242733
v -22.842896 320.074585 42.960751
v 6.298706 317.434296 47.842262
v 35.414215 313.151184 41.735237
v 60.069824 308.371094 26.091236
v 74.922424 303.961395 3.251740
v 57.677399 308.307983 -45.802353
v 45.469910 305.003296 -62.455208
v 27.279999 303.280884 -73.781403
v 5.868713 303.463196 -78.058777
v -15.479675 305.543396 -74.602089
v -33.507782 309.273682 -63.918694
v -45.472900 314.128479 -47.631538
v -49.550995 319.324982 -28.223240
v -45.193604 323.681366 -6.024920
v -33.008301 326.643188 12.683258
v -14.859375 327.691681 24.947392
v 6.499207 326.748779 29.018677
v 27.824921 324.168182 24.532471
v 45.862610 320.589294 12.399313
v 57.881226 316.599792 -5.431351
v 62.055298 312.698273 -26.343220
v 80.112518 333.571167 -44.396294
v 73.588013 333.270386 -54.691582
v 63.940216 335.001373 -62.246552
v 52.653015 338.536774 -65.886742
v 41.479919 343.430267 -65.000900
v 32.157196 349.028076 -59.666527
v 26.118103 354.517975 -50.672691
v 24.264496 359.033783 -39.414749
v 26.531403 363.393890 -23.796108
v 32.889008 364.957367 -10.457830
v 42.373596 363.327484 -1.585270
v 53.540802 358.915070 1.643089
v 64.687317 352.768768 -0.872200
v 74.112518 346.187683 -8.369680
v 80.379303 340.317291 -19.560989
v 82.532013 335.903687 -32.906849
v 97.555023 344.476288 -49.321564
v 90.104401 343.789368 -61.085808
v 79.120300 345.475983 -69.718422
v 66.294220 349.325287 -73.874184
v 53.715210 354.216492 -74.224991
v 43.227020 360.151276 -69.928291
v 36.392609 366.558990 -61.308990
v 34.257111 372.341370 -49.574699
v 36.819122 377.828278 -31.856831
v 44.044098 380.467072 -14.960850
v 54.839600 379.759369 -1.346630
v 67.541016 375.635193 5.672660
v 80.178802 368.423492 2.469669
v 90.854218 360.479370 -6.671680
v 97.939026 353.195587 -20.172588
v 100.353424 347.488892 -36.189152
v 9.513916 344.842682 36.159721
v -13.609985 347.658966 31.539211
v -33.278503 347.122070 16.865532
v -46.513184 343.113190 -5.899059
v -51.283691 336.407288 -33.053101
v -47.034088 329.544373 -54.713577
v -34.199799 322.710693 -72.688599
v -14.733795 317.039673 -84.227699
v 8.399109 313.303192 -87.588600
v 31.652008 311.909668 -82.314003
v 51.445923 312.947968 -69.272820
v 64.760223 316.185181 -50.470512
v 69.589600 321.163483 -28.736950
v 65.094025 326.818878 -4.504810
v 52.102814 333.208466 16.252478
v 32.588715 339.593781 30.604179
v 21.129120 352.670776 26.959732
v 1.660217 357.042877 22.702141
v -14.901001 357.737579 9.309999
v -26.046875 354.405487 -11.487890
v -30.065796 347.755280 -36.252102
v -26.615082 341.105591 -54.956177
v -15.900177 333.942474 -70.254051
v 0.453308 327.461578 -79.795128
v 19.947998 322.550385 -82.150299
v 39.545319 319.860779 -77.063698
v 56.256012 319.527588 -65.355232
v 67.511810 321.548370 -48.845772
v 71.621704 325.673492 -30.011982
v 67.849426 331.368988 -8.733231
v 56.929016 338.402069 9.463090
v 40.521606 345.962769 22.077812
v 39.515106 354.347168 7.336699
v 26.630310 358.384094 3.961040
v 15.658997 359.644379 -5.728081
v 8.270721 357.764069 -20.442741
v 5.625305 353.089691 -37.742748
v 7.843506 348.218781 -50.507896
v 14.903320 342.510468 -60.796593
v 25.708710 336.974274 -67.049744
v 38.601196 332.407990 -68.338371
v 51.614105 329.321167 -64.497612
v 62.727417 328.092896 -56.173470
v 70.233215 328.873871 -44.659111
v 73.001709 331.590485 -31.684490
v 70.506226 336.150482 -16.772789
v 63.265015 342.018494 -4.186310
v 52.381409 348.462189 4.334340
v 105.556610 351.115479 -50.294762
v 98.863403 350.825378 -61.404266
v 89.037109 352.897369 -69.947456
v 77.702423 356.320496 -76.083977
v 66.495422 361.495575 -77.535393
v 57.115601 367.922485 -74.334633
v 50.989319 374.739990 -67.073517
v 49.054810 380.781586 -56.749382
v 51.336426 385.851990 -40.749779
v 57.787109 387.945587 -25.123169
v 67.431519 386.653290 -12.128738
v 78.790222 382.255585 -3.887331
v 90.110809 375.647766 -1.966810
v 99.640198 367.370667 -9.955410
v 105.954803 359.753174 -22.753311
v 108.094513 353.911591 -38.008869
v 110.931717 367.265076 -53.134941
v 107.313812 366.609985 -59.807381
v 102.014709 367.303589 -65.264923
v 95.839508 369.277466 -68.708473
v 89.726410 372.316986 -69.689339
v 84.604218 376.044189 -68.133293
v 81.252808 379.924866 -64.307854
v 80.184113 383.330078 -58.763237
v 81.432312 386.060486 -50.180893
v 84.944916 387.228485 -41.862190
v 90.188904 386.629974 -35.037689
v 96.362305 384.384277 -30.786869
v 102.518097 380.902191 -29.848980
v 107.712311 376.784180 -32.455429
v 111.152115 372.686371 -38.243702
v 112.317810 369.201477 -46.293678
v 110.548813 391.644684 -71.820168
v 107.813324 389.721893 -75.665970
v 103.787323 388.568390 -78.357399
v 99.083923 388.362976 -79.488113
v 94.420013 389.144073 -78.893730
v 90.506500 390.799774 -76.672600
v 87.939514 393.080688 -73.166031
v 87.109619 395.636292 -68.904510
v 88.045319 398.224579 -63.021141
v 90.702911 400.282471 -57.912453
v 94.678497 401.490570 -54.353569
v 99.365906 401.671387 -52.889458
v 104.049896 400.812378 -53.749931
v 108.015717 399.059570 -56.810608
v 110.658813 396.686066 -61.607964
v 111.577911 394.046570 -67.408669
v 112.457718 409.936066 -86.394402
v 110.350204 408.307495 -89.185097
v 107.291809 407.384674 -91.107597
v 103.781006 407.288177 -91.875099
v 100.367706 408.007294 -91.395798
v 97.552399 409.415375 -89.783302
v 95.706726 411.307678 -87.318398
v 95.047821 413.436188 -84.372597
v 95.619415 415.479492 -80.346397
v 97.438202 417.166870 -76.775002
v 100.299896 418.215881 -74.199638
v 103.792908 418.428772 -73.051392
v 107.367523 417.750580 -73.546852
v 110.444717 416.283966 -75.639473
v 112.521713 414.267487 -79.022697
v 113.257706 412.032684 -83.172997
v 113.897217 428.362183 -100.704399
v 112.651611 427.175873 -102.222801
v 110.806519 426.476685 -103.319504
v 108.642609 426.372192 -103.828697
v 106.489319 426.880493 -103.674599
v 104.674316 427.926666 -102.882896
v 103.474121 429.352295 -101.574799
v 103.071320 430.939087 -99.948700
v 103.484100 432.328583 -97.652199
v 104.693115 433.422180 -95.630402
v 106.514313 434.052795 -94.189903
v 108.670197 434.125275 -93.551201
v 110.832611 433.630188 -93.814003
v 112.671906 432.644775 -94.940903
v 113.908310 431.319672 -96.761002
v 114.353516 429.855896 -98.996399
v 112.286209 439.299591 -107.989601
v 111.961807 438.966675 -108.366402
v 111.480316 438.769775 -108.640404
v 110.915009 438.739075 -108.769997
v 110.351913 438.879272 -108.735603
v 109.876801 439.169281 -108.542503
v 109.562103 439.565094 -108.220299
v 109.455597 440.006195 -107.817902
v 109.562103 440.383789 -107.246597
v 109.876923 440.681976 -106.743004
v 110.352005 440.855194 -106.383797
v 110.915115 440.877075 -106.223602
v 111.480408 440.744476 -106.287102
v 111.961914 440.477570 -106.564796
v 112.286316 440.117188 -107.014397
v 112.404205 439.717987 -107.567497
v 68.629425 285.821777 3.465590
v 53.291809 287.748688 22.175922
v 30.352020 290.439789 34.951550
v 3.355011 293.371094 39.707672
v -22.610199 291.292175 34.197090
v -44.828491 293.233093 21.910385
v -61.411499 296.631775 2.371019
v -66.772980 294.904175 -21.321442
v -61.407501 289.645294 -45.159798
v -46.217590 284.514282 -65.174988
v -23.430603 280.357269 -78.330070
v 3.548401 277.759979 -82.595100
v 30.599426 276.998688 -77.287514
v 53.525513 278.090393 -63.221260
v 68.771820 280.820496 -42.562481
v 74.001617 284.808289 -18.464249
v 59.069000 363.914490 4.193840
v 59.924896 364.256866 1.750940
v 55.551025 360.622772 4.025101
v -47.319489 298.865479 22.505108
v -22.905304 294.923187 34.328800
v -46.623779 296.248383 23.186733
v -23.307587 293.306793 35.241928
v -33.116394 334.834778 14.356169
v -13.294586 339.839081 27.886974
v 8.962799 339.992584 33.074379
v 31.068817 335.402069 27.871357
v 49.606720 328.160767 14.711212
v -15.614899 331.837982 29.486034
v 7.571899 332.431488 34.693359
v 30.448212 328.584778 29.566456
v -33.755585 330.574768 14.205788
v -14.651794 336.916168 28.951305
v 8.271118 337.252686 34.226730
v 30.968323 333.003296 29.024265
v 48.283997 323.900696 14.227184
v 73.447510 297.115784 4.000170
v 77.874023 292.934082 -20.981522
v 72.607605 288.584595 -46.980537
v 78.562500 297.896271 -22.174450
v 76.369202 299.693573 3.946690
v 80.370422 295.497467 -21.632622
v 76.240601 291.292267 -48.600159
v 68.480408 309.433594 -0.362780
v 76.882812 303.725372 -23.810402
v 68.341400 300.904388 -47.762291
v 75.667816 308.245087 1.464371
v 82.990326 302.360382 -23.169418
v 74.697205 299.123779 -48.852676
v 29.616821 284.096680 27.488205
v 4.021606 286.776794 31.514400
v -20.460083 287.677094 26.671177
v -41.557495 290.171570 16.039682
v -56.742981 292.764771 -0.414301
v -61.844177 291.722870 -20.323711
v -56.634583 286.701385 -40.729980
v -42.118591 281.536072 -57.761436
v -20.593597 277.163788 -68.798180
v 4.701508 274.214966 -72.297630
v 30.041107 273.043671 -67.797722
v 51.691803 273.775391 -55.937233
v 66.509399 276.270386 -38.315578
v 71.586700 280.141174 -17.408508
v 66.381500 280.382874 1.286890
v 51.410217 281.657288 16.984905
v -26.315674 -0.009600 44.636070
v -13.730103 150.969879 19.718945
v 0.000000 -0.009600 46.501060
v 0.000000 150.969788 20.509644
v 13.730225 150.969879 19.718945
v 26.315796 -0.009600 44.636070
v 81.319916 274.528290 -27.990532
v 68.941498 280.276093 -15.886028
v 58.782623 273.581879 -5.951920
v 58.782501 257.420776 -5.951860
v 58.782623 241.259583 -5.951920
v 68.941498 234.565475 -15.886028
v 79.459320 241.259583 -26.171101
v 85.676605 257.420776 -32.250751
v 67.333313 251.380783 -17.636089
v 82.253998 272.945068 -21.742039
v 71.021118 278.161072 -10.757710
v 67.050812 251.759476 -11.434629
v 61.802307 272.086395 -1.742910
v 61.802307 257.420776 -1.742870
v 61.802307 242.755188 -1.742910
v 71.021118 236.680481 -10.757710
v 80.565613 242.755188 -20.090992
v 86.207520 257.420776 -25.608021
v -61.056091 0.000000 40.221588
v -37.490295 0.000000 50.558121
v -22.292786 0.000000 57.533241
v 0.000000 168.582977 27.354572
v 0.000000 181.095581 24.661156
v -14.123901 180.811981 24.087732
v -14.537292 168.340683 26.726278
v -29.831696 167.798080 24.645771
v -28.174103 180.100479 22.278584
v -43.637299 -0.013089 -78.279427
v 0.000000 -0.021151 -86.630798
v 0.000000 170.248474 -53.660599
v 0.000000 151.462280 -53.142960
v -23.383301 151.420380 -48.558868
v -28.531189 170.303085 -51.563507
v -96.571503 0.105652 6.323270
v -80.128082 0.006151 -52.586220
v -12.886688 210.116486 5.633739
v 0.000000 207.910187 6.374660
v 0.000000 211.488586 -5.870920
v -14.279480 216.347076 -6.974640
v -31.856293 224.913681 -7.343161
v -15.551575 218.759781 -16.939320
v -32.815186 227.151474 -18.317009
v -83.093475 0.000000 27.366320
v -44.225098 167.596680 17.191826
v -42.559692 179.616577 15.516466
v -32.616089 223.368988 -29.254452
v -10.075775 219.555984 -29.290691
v -30.401001 198.464478 -45.388283
v -31.533203 214.581680 -38.020908
v 0.000000 216.230286 -39.306919
v 0.003204 199.739578 -46.249718
v -51.445099 168.805374 -10.007710
v -43.175201 165.375885 -29.101521
v -50.127197 163.715775 -14.164391
v -57.011200 174.025879 -3.685530
v -40.746582 202.976181 8.152860
v -28.361603 205.606476 12.127645
v -13.129395 202.450775 13.832366
v 0.000000 201.649475 14.429546
v -29.707092 217.835281 2.645330
v -54.302704 213.961487 -7.907129
v -48.808289 216.952179 -28.735291
v -52.109802 217.986679 -18.737122
v -45.894897 209.704681 -36.626911
v -45.749695 169.884476 -26.243389
v -42.703003 187.208176 -37.986561
v -43.582977 198.938782 -40.109570
v -56.854797 192.164978 5.086250
v -62.814301 200.891785 -29.177361
v -59.388702 195.166077 -34.192509
v -55.349976 187.830582 -35.375469
v -64.730377 203.402878 -19.029362
v -56.254486 182.951874 5.255569
v -64.197693 201.490982 -8.097641
v -52.638885 166.379288 2.531620
v -54.236694 174.433578 -1.227900
v -48.261688 168.308884 -10.597971
v -50.849976 167.712982 -18.310131
v -50.609680 178.570679 -30.905010
v -95.611877 0.080835 -24.556950
v -51.886078 176.740173 2.578381
v -57.476990 204.146683 1.091030
v -61.133789 195.285675 1.777220
v -41.178986 191.436478 12.113575
v -27.459991 192.081284 18.014648
v -13.766174 192.703476 19.404831
v 0.000000 192.937881 19.880951
v -137.980896 170.535782 63.203758
v -141.785004 153.973984 65.316780
v -141.622498 138.017487 69.597794
v -129.382477 184.212387 64.659851
v -105.502289 166.991577 83.185394
v -109.131500 184.629578 76.429680
v -119.352692 189.728577 69.096344
v -110.172791 147.615479 85.528236
v -116.827698 129.155884 86.466751
v -124.788574 118.366684 84.627228
v -135.143799 123.339279 77.248619
v -77.231201 170.080582 10.038685
v -72.532074 156.516586 19.116287
v -72.407776 142.200684 15.619436
v -73.483704 128.896683 8.931180
v -76.473389 122.146378 -0.641439
v -83.270691 130.124176 -14.591202
v -89.725281 142.530777 -27.470032
v -92.334076 153.778976 -31.169350
v -92.660583 164.897385 -29.232121
v -89.345398 172.554184 -19.629269
v -84.206085 174.808884 -6.608891
v -72.946899 175.040787 6.843280
v -67.575897 161.390381 14.299492
v -64.830688 150.204178 10.995296
v -65.071899 137.077377 3.728649
v -68.309875 131.768280 -5.783501
v -74.943176 140.415283 -19.554409
v -81.261078 152.184280 -30.863041
v -84.162201 162.470688 -33.594330
v -85.223297 172.405884 -30.983082
v -83.218475 178.988586 -20.960079
v -79.194794 180.323380 -8.244801
v -97.716797 139.958282 -15.141689
v -100.097900 151.837677 -19.076859
v -99.899780 163.737976 -17.744652
v -95.763397 172.239685 -9.190701
v -89.824890 175.038483 2.910549
v -82.167603 170.525085 18.817282
v -77.559998 156.704880 27.834562
v -78.207703 141.494980 24.765898
v -80.147278 127.490784 19.121944
v -83.745483 119.936378 10.500149
v -91.057281 127.359779 -2.661060
v 0.000000 151.164688 26.509911
v -15.669495 151.210876 24.974098
v -31.446075 151.259079 21.277367
v -43.791992 151.328476 13.454885
v -50.856293 151.322388 -0.704969
v -50.313293 151.291077 -18.971210
v -41.898804 151.296280 -35.285751
v 0.000000 156.483887 25.624641
v -15.140991 156.480179 24.412756
v -30.640686 156.406784 21.219833
v -43.164490 156.409882 13.648336
v -50.373383 156.092575 -0.048719
v -50.030884 155.558182 -18.220989
v -41.776794 155.116684 -34.584179
v -44.715393 156.734573 -35.396000
v -52.947876 157.640686 -17.426010
v -53.194397 158.506683 1.755079
v -45.096588 159.093781 16.527969
v -31.169983 159.113876 24.379200
v -15.164581 159.287277 27.057854
v 0.000000 159.360184 27.931160
v -25.212799 156.574387 -49.931519
v 0.000122 156.620575 -54.903763
v -23.398102 154.989777 -48.168137
v 0.000000 154.928787 -52.878647
v 0.000000 114.730682 -68.092178
v -29.797882 114.698883 -62.159843
v -53.866882 114.603378 -43.827759
v -64.518890 114.618179 -22.428131
v -64.950104 114.649178 1.251459
v -55.853302 114.626183 18.684977
v -40.354980 114.571678 28.173595
v -21.760986 114.533783 33.998970
v -7.500977 114.497581 37.269569
v -14.880890 57.245670 51.668949
v -30.297485 57.264492 46.523232
v -52.373779 57.284180 37.953819
v -72.035675 57.312561 26.064110
v -83.862396 57.380062 5.641540
v -83.368286 57.351643 -23.656429
v -69.746704 57.304981 -50.283722
v -38.280975 57.346489 -73.931068
v 0.000000 57.359890 -81.222099
v 61.056213 0.000000 40.221588
v 37.490509 0.000000 50.558121
v 22.292908 0.000000 57.533241
v 14.124115 180.811981 24.087732
v 14.537415 168.340683 26.726278
v 29.831818 167.798080 24.645771
v 28.174225 180.100479 22.278584
v 43.637421 -0.013089 -78.279427
v 23.383423 151.420380 -48.558868
v 27.971924 170.114380 -50.567749
v 96.571625 0.105652 6.323270
v 80.128204 0.006151 -52.586220
v 12.886810 210.116486 5.633739
v 14.279602 216.347076 -6.974640
v 31.856415 224.913681 -7.343161
v 15.551819 218.759781 -16.939320
v 32.815308 227.151474 -18.317009
v 83.093597 0.000000 27.366320
v 44.225311 167.596680 17.191826
v 42.559814 179.616577 15.516466
v 32.616211 223.368988 -29.254452
v 10.075897 219.555984 -29.290691
v 30.354797 198.448883 -45.305817
v 31.533325 214.581680 -38.020908
v 48.416504 169.824982 -25.948780
v 45.198120 163.328674 -34.301861
v 54.411621 164.950577 -15.473068
v 51.242096 173.779678 -11.587151
v 40.746704 202.976181 8.152860
v 28.361725 205.606476 12.127645
v 13.129608 202.450775 13.832366
v 29.707214 217.835281 2.645330
v 51.994507 212.604477 -1.345850
v 51.616913 220.624680 -21.087780
v 50.783020 218.851685 -9.990221
v 50.861115 215.919083 -29.958729
v 42.458923 178.345581 -40.887711
v 45.113220 195.389374 -39.976501
v 48.514404 207.443588 -36.575249
v 51.016602 187.544083 3.285179
v 67.933502 204.811981 -23.358971
v 65.842499 201.353088 -31.150612
v 62.051514 195.022385 -36.062721
v 67.048523 203.462677 -12.284611
v 51.561798 175.708588 0.944050
v 63.447601 197.767181 -2.753780
v 52.639008 166.379288 2.531620
v 48.920624 170.128479 -9.524059
v 47.817719 167.846283 -21.657921
v 51.221619 174.987976 -33.106190
v 55.960999 184.874878 -36.505951
v 95.612122 0.080835 -24.556950
v 51.886200 176.740173 2.578381
v 52.674103 200.055374 4.079160
v 57.563416 188.515182 3.512180
v 41.179108 191.436478 12.113575
v 27.460205 192.081284 18.014648
v 13.766296 192.703476 19.404831
v 115.905411 72.603889 -23.780670
v 112.281113 70.903404 -32.875519
v 105.505219 67.724197 -38.781132
v 114.216309 71.811394 -12.197010
v 86.564819 58.837402 -0.877460
v 97.014496 63.740322 3.075741
v 107.904907 68.850128 -2.627371
v 82.513519 56.936642 -11.682030
v 80.545898 56.013493 -23.621590
v 82.889008 57.112782 -33.638721
v 93.841797 62.251740 -39.489571
v 71.007904 150.306076 4.886080
v 62.628510 138.512283 0.416059
v 59.379700 133.939880 -12.524460
v 57.818604 131.742584 -26.563782
v 59.680817 134.363586 -37.505711
v 68.463806 146.725281 -40.769218
v 77.860504 159.950974 -39.332409
v 83.191711 167.454483 -33.107609
v 86.156311 171.627075 -23.447762
v 84.645599 169.500885 -11.517139
v 79.740906 162.597580 -1.680910
v 64.647400 169.544983 4.061690
v 56.271423 157.034775 0.029089
v 51.597412 152.682281 -9.619900
v 51.466217 151.591187 -21.183201
v 55.951813 155.564285 -32.385689
v 63.668518 166.785675 -37.745060
v 71.469696 178.437881 -37.557209
v 75.936005 185.274185 -32.307800
v 78.458923 189.098175 -23.732849
v 77.295898 187.396988 -12.241032
v 72.685425 180.753479 -2.471479
v 81.476501 147.950974 -39.503639
v 87.000824 154.910477 -33.152061
v 90.031403 158.728485 -23.447762
v 88.494324 156.792084 -11.521391
v 83.409424 150.386185 -1.680910
v 74.395508 139.030182 4.810309
v 65.746399 128.133972 0.392630
v 62.393097 123.909584 -12.465038
v 60.745422 121.833679 -26.405262
v 62.703918 124.300980 -37.388191
v 71.769501 135.721985 -41.099831
v 15.669617 151.210876 24.974098
v 31.446198 151.259079 21.277367
v 43.792114 151.328476 13.454885
v 50.856415 151.322388 -0.704969
v 50.313416 151.291077 -18.971210
v 41.898926 151.296280 -35.285751
v 15.141113 156.480179 24.412756
v 30.640808 156.406784 21.219833
v 43.164612 156.409882 13.648336
v 50.373505 156.092575 -0.048719
v 50.031006 155.558182 -18.220989
v 41.776917 155.116684 -34.584179
v 44.715607 156.734573 -35.395988
v 52.947998 157.640686 -17.425999
v 53.194519 158.506683 1.755079
v 45.096710 159.093781 16.527969
v 31.170105 159.113876 24.379200
v 15.164703 159.287277 27.057854
v 25.213104 156.574387 -49.931519
v 23.398224 154.989777 -48.168137
v 29.798004 114.698883 -62.159843
v 53.867004 114.603378 -43.827759
v 64.519012 114.618179 -22.428131
v 64.950226 114.649178 1.251459
v 55.853424 114.626183 18.684977
v 40.355103 114.571678 28.173595
v 21.761108 114.533783 33.998970
v 7.501099 114.497581 37.269569
v 14.881012 57.245670 51.668949
v 30.297607 57.264492 46.523232
v 52.373901 57.284180 37.953819
v 72.035797 57.312561 26.064110
v 83.862518 57.380062 5.641540
v 83.368408 57.351643 -23.656429
v 69.746826 57.304981 -50.283722
v 38.281097 57.346489 -73.931068
v 0.000000 151.494476 -52.031128
v -25.604980 151.435074 -46.034607
v -25.710175 155.081787 -47.124840
v 0.000000 154.977982 -53.440483
v 0.000000 156.483887 25.060249
v -15.140991 156.480179 23.810728
v -15.669495 151.210876 24.687399
v 0.000000 151.164688 26.145367
v -30.640686 156.406784 20.574570
v -31.446075 151.259079 21.055006
v -43.164490 156.409882 12.624456
v -43.791992 151.328476 13.008144
v -50.373383 156.092575 -1.315050
v -50.856293 151.322388 -1.113010
v -51.872192 155.518677 -15.803169
v -52.237000 151.231186 -15.715740
v -42.396179 155.162979 -34.466850
v -42.472595 151.302185 -33.898991
v 52.237122 151.231186 -15.715740
v 42.472809 151.302185 -33.898991
v 42.396301 155.162979 -34.466850
v 51.872314 155.518677 -15.803169
v 50.856415 151.322388 -1.113010
v 50.373505 156.092575 -1.315050
v 43.792114 151.328476 13.008144
v 43.164612 156.409882 12.624456
v 31.446198 151.259079 21.055006
v 30.640808 156.406784 20.574570
v 15.669617 151.210876 24.687399
v 15.141113 156.480179 23.810728
v 25.710297 155.081787 -47.124840
v 25.605103 151.435074 -46.034607
v 0.000000 151.757980 -54.483688
v -26.330078 151.867081 -48.293037
v -26.341797 153.877579 -48.756111
v 0.000000 153.693375 -55.105659
v 0.000000 155.559586 27.463964
v -15.504700 155.540176 26.152365
v -15.797302 152.779587 26.738651
v 0.000000 152.776184 28.157986
v -31.447693 155.462982 22.694603
v -31.910004 152.762878 23.069168
v -44.559387 155.473785 14.211102
v -44.964203 152.808685 14.502073
v -52.197083 155.204681 -0.602301
v -52.559387 152.685684 -0.453779
v -53.655304 154.658081 -16.222279
v -53.951202 152.372787 -16.201569
v -43.672791 154.177185 -35.777241
v -43.796478 152.079285 -35.563789
v 53.951324 152.372787 -16.201580
v 43.796600 152.079285 -35.563789
v 43.672913 154.177185 -35.777241
v 53.655518 154.658081 -16.222290
v 52.559509 152.685684 -0.453779
v 52.197113 155.204681 -0.602301
v 44.964417 152.808685 14.502073
v 44.559509 155.473785 14.211103
v 31.910126 152.762878 23.069170
v 31.447906 155.462982 22.694603
v 15.797424 152.779587 26.738651
v 15.504822 155.540176 26.152365
v 26.342010 153.877579 -48.756111
v 26.330109 151.867081 -48.293037
v 15.793304 154.288284 27.681505
v 0.000000 154.311188 29.056366
v -15.793182 154.288284 27.681505
v -32.040375 154.226074 24.040199
v -45.484589 154.248779 15.220659
v -53.367676 154.031387 -0.142971
v -54.787476 153.537674 -16.464211
v -44.462280 153.013687 -36.493420
v -26.712585 152.604675 -49.593170
v 0.000000 152.396484 -55.920723
v 26.712708 152.604675 -49.593170
v 44.462524 153.013687 -36.493420
v 54.787720 153.537674 -16.464222
v 53.367798 154.031387 -0.142971
v 45.484711 154.248779 15.220659
v 32.040497 154.226074 24.040199
v -82.253998 272.945068 -21.742039
v -71.021118 278.161072 -10.757710
v -67.050812 251.759476 -11.434629
v -61.802307 272.086395 -1.742910
v -61.802307 257.420776 -1.742870
v -61.802307 242.755188 -1.742910
v -71.021118 236.680481 -10.757710
v -80.565613 242.755188 -20.090992
v -86.207520 257.420776 -25.608021
v -81.319916 274.528290 -27.990532
v -68.941498 280.276093 -15.886028
v -58.782623 273.581879 -5.951920
v -58.782623 241.259583 -5.951920
v -68.941498 234.565475 -15.886028
v -79.459320 241.259583 -26.171101
v -85.676605 257.420776 -32.250751
v -67.333313 251.380783 -17.636089
vt 0.707177 0.473318
vt 0.697521 0.472592
vt 0.697506 0.460747
vt 0.712798 0.466008
vt 0.687875 0.473285
vt 0.682217 0.466023
vt 0.697509 0.460746
vt 0.712800 0.466007
vt 0.707180 0.473317
vt 0.697524 0.472591
vt 0.682218 0.466023
vt 0.687876 0.473284
vt 0.697460 0.483303
vt 0.685317 0.482464
vt 0.709660 0.482511
vt 0.697457 0.483304
vt 0.685315 0.482465
vt 0.709658 0.482512
vt 0.673146 0.479950
vt 0.722056 0.479902
vt 0.722053 0.479902
vt 0.673148 0.479949
vt 0.611342 0.482068
vt 0.603689 0.461741
vt 0.606948 0.461684
vt 0.614951 0.478334
vt 0.610740 0.441222
vt 0.614467 0.444840
vt 0.659216 0.460947
vt 0.652176 0.481456
vt 0.648442 0.477844
vt 0.655952 0.461004
vt 0.651574 0.440631
vt 0.647958 0.444360
vt 0.631064 0.433582
vt 0.631117 0.436845
vt 0.631860 0.489106
vt 0.631799 0.485844
vt 0.613943 0.461280
vt 0.619181 0.473483
vt 0.619313 0.449075
vt 0.643589 0.473612
vt 0.648958 0.461411
vt 0.643721 0.449208
vt 0.631520 0.443838
vt 0.631387 0.478851
vt 0.631449 0.461344
vt 0.697905 0.556472
vt 0.697873 0.547491
vt 0.710918 0.547227
vt 0.710864 0.556290
vt 0.684937 0.556540
vt 0.684776 0.547495
vt 0.672043 0.556571
vt 0.671711 0.547283
vt 0.723740 0.546847
vt 0.723758 0.556087
vt 0.710864 0.556290
vt 0.710918 0.547227
vt 0.697905 0.556473
vt 0.697873 0.547492
vt 0.684937 0.556542
vt 0.684775 0.547497
vt 0.672043 0.556574
vt 0.671711 0.547285
vt 0.723740 0.546848
vt 0.723758 0.556088
vt 0.698292 0.597319
vt 0.685394 0.597430
vt 0.672517 0.597542
vt 0.724046 0.597065
vt 0.711185 0.597193
vt 0.698296 0.597319
vt 0.685398 0.597431
vt 0.672521 0.597545
vt 0.724042 0.597066
vt 0.711181 0.597193
vt 0.762384 0.526501
vt 0.748259 0.526501
vt 0.748259 0.508621
vt 0.762384 0.508621
vt 0.762384 0.544381
vt 0.748259 0.544381
vt 0.762384 0.562261
vt 0.748259 0.562261
vt 0.762384 0.580141
vt 0.748259 0.580141
vt 0.762384 0.598021
vt 0.748259 0.598021
vt 0.748259 0.454981
vt 0.762384 0.454981
vt 0.762384 0.472861
vt 0.748259 0.472861
vt 0.762384 0.490741
vt 0.748259 0.490741
vt 0.743513 0.526501
vt 0.743513 0.508621
vt 0.767130 0.508621
vt 0.767130 0.526501
vt 0.767130 0.544381
vt 0.743513 0.544381
vt 0.767130 0.562261
vt 0.743513 0.562261
vt 0.767130 0.580141
vt 0.743513 0.580141
vt 0.767130 0.598021
vt 0.743513 0.598021
vt 0.767130 0.454981
vt 0.767130 0.472861
vt 0.743513 0.472861
vt 0.743513 0.454981
vt 0.767130 0.490741
vt 0.743513 0.490741
vt 0.445099 0.564238
vt 0.442512 0.527929
vt 0.433107 0.527410
vt 0.435889 0.562766
vt 0.453693 0.528200
vt 0.453952 0.564389
vt 0.462838 0.529085
vt 0.462233 0.564208
vt 0.560092 0.653141
vt 0.567905 0.652887
vt 0.561280 0.618253
vt 0.555370 0.617889
vt 0.551585 0.653498
vt 0.547312 0.617057
vt 0.544284 0.617425
vt 0.544265 0.653943
vt 0.430664 0.562705
vt 0.426189 0.527192
vt 0.534126 0.656000
vt 0.535981 0.618435
vt 0.529005 0.619886
vt 0.523615 0.655131
vt 0.523575 0.524651
vt 0.529747 0.521265
vt 0.530573 0.518534
vt 0.522027 0.521028
vt 0.541293 0.534295
vt 0.543231 0.530854
vt 0.535193 0.539285
vt 0.542125 0.538434
vt 0.535408 0.543027
vt 0.536734 0.548269
vt 0.524563 0.559539
vt 0.527472 0.566848
vt 0.540367 0.556962
vt 0.549089 0.551442
vt 0.543524 0.542911
vt 0.542921 0.563577
vt 0.551702 0.556227
vt 0.530749 0.572705
vt 0.539179 0.586004
vt 0.521487 0.582869
vt 0.527080 0.592898
vt 0.516847 0.585255
vt 0.520974 0.597889
vt 0.533308 0.603043
vt 0.525712 0.605770
vt 0.545266 0.600611
vt 0.534632 0.607096
vt 0.527705 0.609230
vt 0.518010 0.574588
vt 0.514333 0.578076
vt 0.515204 0.568330
vt 0.512138 0.572465
vt 0.535310 0.611953
vt 0.529773 0.614237
vt 0.544155 0.611537
vt 0.544275 0.604659
vt 0.546580 0.604703
vt 0.547034 0.611142
vt 0.557591 0.599946
vt 0.556445 0.604166
vt 0.555402 0.611495
vt 0.560795 0.592298
vt 0.555400 0.589092
vt 0.559875 0.580691
vt 0.565463 0.584352
vt 0.563011 0.574167
vt 0.569141 0.579159
vt 0.558078 0.566132
vt 0.549407 0.581938
vt 0.565893 0.571792
vt 0.565493 0.564583
vt 0.570761 0.576952
vt 0.560400 0.555768
vt 0.562592 0.555933
vt 0.554063 0.552720
vt 0.551957 0.549198
vt 0.546378 0.539801
vt 0.544215 0.535323
vt 0.444185 0.673867
vt 0.449490 0.656640
vt 0.442455 0.655800
vt 0.436106 0.674147
vt 0.435155 0.676448
vt 0.445307 0.674901
vt 0.453201 0.656330
vt 0.437611 0.616929
vt 0.433253 0.629355
vt 0.450171 0.637485
vt 0.454156 0.623658
vt 0.456857 0.639676
vt 0.461461 0.624704
vt 0.460865 0.641202
vt 0.465910 0.628692
vt 0.462909 0.616608
vt 0.469887 0.623488
vt 0.477077 0.618272
vt 0.472900 0.611427
vt 0.479641 0.618810
vt 0.481288 0.614173
vt 0.478505 0.607553
vt 0.483966 0.609846
vt 0.455021 0.615420
vt 0.439728 0.609021
vt 0.462720 0.604093
vt 0.455275 0.603166
vt 0.442371 0.598924
vt 0.424373 0.611368
vt 0.419596 0.622601
vt 0.426838 0.603142
vt 0.430800 0.592553
vt 0.416825 0.609577
vt 0.412540 0.620474
vt 0.408174 0.620671
vt 0.411621 0.610883
vt 0.413796 0.600116
vt 0.419848 0.600662
vt 0.420161 0.586204
vt 0.426415 0.589523
vt 0.426360 0.578025
vt 0.432784 0.582489
vt 0.429287 0.574631
vt 0.436594 0.576027
vt 0.430138 0.568628
vt 0.436577 0.569759
vt 0.445547 0.578710
vt 0.445640 0.571301
vt 0.443988 0.589115
vt 0.456330 0.580100
vt 0.454669 0.571263
vt 0.466627 0.576745
vt 0.464272 0.570421
vt 0.469396 0.581131
vt 0.459281 0.589117
vt 0.562934 0.606803
vt 0.564337 0.602594
vt 0.561463 0.612679
vt 0.474956 0.588694
vt 0.467737 0.595132
vt 0.471811 0.600607
vt 0.479559 0.596426
vt 0.568324 0.595391
vt 0.571743 0.588471
vt 0.482947 0.603868
vt 0.574840 0.582494
vt 0.487007 0.606589
vt 0.574723 0.578960
vt 0.507716 0.537692
vt 0.504591 0.534873
vt 0.522741 0.555482
vt 0.521123 0.551740
vt 0.411525 0.667639
vt 0.412732 0.665635
vt 0.422810 0.647776
vt 0.446079 0.646956
vt 0.428331 0.639054
vt 0.500075 0.553539
vt 0.512890 0.565731
vt 0.514112 0.566979
vt 0.496681 0.551362
vt 0.498378 0.561581
vt 0.510035 0.571875
vt 0.511271 0.572059
vt 0.399198 0.651061
vt 0.396308 0.640312
vt 0.394616 0.639764
vt 0.396471 0.652333
vt 0.408438 0.625682
vt 0.405401 0.623651
vt 0.411734 0.634541
vt 0.410201 0.624132
vt 0.416055 0.629564
vt 0.406868 0.622140
vt 0.587647 0.552661
vt 0.586855 0.556279
vt 0.588009 0.557585
vt 0.590852 0.556361
vt 0.579334 0.557760
vt 0.581871 0.561470
vt 0.578827 0.551602
vt 0.590563 0.558720
vt 0.592045 0.559285
vt 0.584490 0.563654
vt 0.578932 0.563408
vt 0.581332 0.566336
vt 0.576570 0.564526
vt 0.579012 0.568018
vt 0.576046 0.559308
vt 0.573822 0.560467
vt 0.574284 0.553299
vt 0.571906 0.554743
vt 0.570904 0.561895
vt 0.569366 0.555629
vt 0.573565 0.566395
vt 0.576104 0.570304
vt 0.501889 0.631676
vt 0.506428 0.630111
vt 0.503399 0.629486
vt 0.495832 0.626489
vt 0.493620 0.630283
vt 0.506312 0.627442
vt 0.504553 0.628073
vt 0.497848 0.623658
vt 0.500512 0.621215
vt 0.587106 0.566187
vt 0.494954 0.621127
vt 0.497692 0.618405
vt 0.493114 0.619277
vt 0.495771 0.616320
vt 0.583963 0.569112
vt 0.581736 0.570801
vt 0.490957 0.621993
vt 0.492971 0.623834
vt 0.487920 0.625937
vt 0.490009 0.627654
vt 0.488402 0.619878
vt 0.490395 0.616446
vt 0.493171 0.613498
vt 0.485664 0.623997
vt 0.579201 0.572925
vt 0.452792 0.648869
vt 0.457062 0.648561
vt 0.679172 0.763014
vt 0.685800 0.788808
vt 0.663308 0.790232
vt 0.663580 0.765021
vt 0.690500 0.829018
vt 0.689510 0.847205
vt 0.657656 0.845344
vt 0.659154 0.828504
vt 0.685780 0.870454
vt 0.654213 0.866867
vt 0.673047 0.912160
vt 0.666746 0.931737
vt 0.645937 0.927902
vt 0.646875 0.908264
vt 0.679908 0.892676
vt 0.650540 0.888295
vt 0.581694 0.730671
vt 0.540544 0.726208
vt 0.546820 0.685371
vt 0.592219 0.697432
vt 0.533454 0.936238
vt 0.531101 0.915994
vt 0.569753 0.913334
vt 0.569718 0.930007
vt 0.638573 0.790009
vt 0.606159 0.785272
vt 0.610628 0.760698
vt 0.638405 0.763181
vt 0.634794 0.827829
vt 0.633756 0.844586
vt 0.607465 0.842612
vt 0.606458 0.824645
vt 0.632126 0.865448
vt 0.615628 0.863799
vt 0.622136 0.907009
vt 0.625374 0.923406
vt 0.602277 0.923513
vt 0.604880 0.906518
vt 0.628171 0.944917
vt 0.635083 0.964871
vt 0.608869 0.974881
vt 0.603476 0.948367
vt 0.655424 0.728195
vt 0.648415 0.742033
vt 0.622012 0.738080
vt 0.632675 0.715988
vt 0.626295 0.887806
vt 0.610308 0.888242
vt 0.575134 0.985386
vt 0.539024 0.990902
vt 0.535889 0.963216
vt 0.570315 0.957364
vt 0.505415 0.764881
vt 0.524693 0.766044
vt 0.521861 0.780333
vt 0.505544 0.777297
vt 0.519724 0.811174
vt 0.519257 0.828699
vt 0.506070 0.827968
vt 0.505890 0.810632
vt 0.515686 0.867598
vt 0.506477 0.867004
vt 0.506270 0.847196
vt 0.517920 0.847849
vt 0.513957 0.915570
vt 0.507203 0.936999
vt 0.506980 0.915580
vt 0.514002 0.901855
vt 0.506835 0.901544
vt 0.519745 0.793281
vt 0.505706 0.792863
vt 0.540583 0.816032
vt 0.539436 0.834142
vt 0.546966 0.795109
vt 0.536691 0.797668
vt 0.544491 0.771945
vt 0.505002 0.725123
vt 0.504549 0.681547
vt 0.522385 0.915907
vt 0.541154 0.874034
vt 0.530065 0.903840
vt 0.523135 0.903184
vt 0.529295 0.871005
vt 0.548656 0.853126
vt 0.534710 0.852412
vt 0.575516 0.784628
vt 0.573602 0.756710
vt 0.574125 0.869520
vt 0.574118 0.840030
vt 0.569132 0.898150
vt 0.574249 0.823595
vt 0.574775 0.808068
vt 0.606034 0.808050
vt 0.551024 0.833689
vt 0.550234 0.815022
vt 0.507787 0.993270
vt 0.507493 0.964912
vt 0.636311 0.809970
vt 0.660766 0.809750
vt 0.689251 0.808639
vt 0.505275 0.751491
vt 0.525057 0.751863
vt 0.542525 0.753467
vt 0.937445 0.940281
vt 0.917793 0.929349
vt 0.925988 0.912623
vt 0.947471 0.919324
vt 0.952870 0.888064
vt 0.930174 0.887085
vt 0.929419 0.875494
vt 0.952214 0.874023
vt 0.926509 0.860601
vt 0.948931 0.855960
vt 0.934740 0.823171
vt 0.914872 0.833931
vt 0.906200 0.821954
vt 0.923678 0.807917
vt 0.921444 0.846339
vt 0.942896 0.838578
vt 0.880115 0.958101
vt 0.891959 0.977380
vt 0.857401 0.988888
vt 0.851552 0.967093
vt 0.890875 0.809421
vt 0.904346 0.791504
vt 0.921967 0.957677
vt 0.905071 0.942687
vt 0.878315 0.778140
vt 0.869096 0.798473
vt 0.845145 0.792623
vt 0.849541 0.770592
vt 0.824955 0.992779
vt 0.824885 0.969741
vt 0.824344 0.791401
vt 0.824274 0.768375
vt 0.951239 0.903767
vt 0.929260 0.900006
vt 0.824793 0.939324
vt 0.844490 0.938865
vt 0.865441 0.936026
vt 0.886836 0.930372
vt 0.895412 0.917541
vt 0.900541 0.906378
vt 0.901847 0.895263
vt 0.901897 0.885771
vt 0.901274 0.877199
vt 0.899635 0.866050
vt 0.896738 0.855039
vt 0.892468 0.845487
vt 0.887766 0.833616
vt 0.880407 0.821874
vt 0.862820 0.817174
vt 0.845478 0.814496
vt 0.824410 0.813131
vt 0.867088 0.836313
vt 0.870259 0.848662
vt 0.846395 0.848205
vt 0.844452 0.834746
vt 0.873146 0.917819
vt 0.876070 0.905867
vt 0.876848 0.894621
vt 0.876651 0.885543
vt 0.875958 0.877865
vt 0.874717 0.868128
vt 0.872853 0.857533
vt 0.849501 0.907593
vt 0.849685 0.895688
vt 0.849502 0.885920
vt 0.849053 0.878068
vt 0.848467 0.868564
vt 0.847575 0.857363
vt 0.824698 0.908166
vt 0.824662 0.896114
vt 0.824632 0.886111
vt 0.824608 0.878193
vt 0.824580 0.868776
vt 0.824544 0.857419
vt 0.824516 0.848213
vt 0.824475 0.834612
vt 0.848291 0.922263
vt 0.824745 0.923558
vt 0.331656 0.766625
vt 0.347287 0.768307
vt 0.348083 0.793507
vt 0.325566 0.792551
vt 0.321702 0.832850
vt 0.353031 0.831686
vt 0.354878 0.848489
vt 0.323069 0.851012
vt 0.358768 0.869936
vt 0.327283 0.874179
vt 0.340879 0.915611
vt 0.366964 0.911172
vt 0.368311 0.930786
vt 0.347585 0.935053
vt 0.362885 0.891283
vt 0.333615 0.896274
vt 0.428441 0.732263
vt 0.417227 0.699250
vt 0.462365 0.686248
vt 0.469489 0.726946
vt 0.480942 0.936784
vt 0.444556 0.931307
vt 0.444176 0.914639
vt 0.482874 0.916496
vt 0.372807 0.792770
vt 0.372417 0.765945
vt 0.400136 0.762885
vt 0.405116 0.787360
vt 0.377372 0.830504
vt 0.405635 0.826732
vt 0.405002 0.844716
vt 0.378757 0.847235
vt 0.397281 0.866067
vt 0.380820 0.868059
vt 0.391673 0.909404
vt 0.408915 0.908554
vt 0.411870 0.925492
vt 0.388776 0.925863
vt 0.386426 0.947427
vt 0.411187 0.950364
vt 0.406346 0.976984
vt 0.379930 0.967521
vt 0.354675 0.731321
vt 0.377165 0.718643
vt 0.388285 0.740509
vt 0.361970 0.745011
vt 0.403107 0.890396
vt 0.387116 0.890291
vt 0.440290 0.986787
vt 0.444528 0.958671
vt 0.479067 0.963807
vt 0.476508 0.991552
vt 0.486165 0.766444
vt 0.489293 0.780672
vt 0.492071 0.811461
vt 0.492901 0.828972
vt 0.497281 0.867790
vt 0.494636 0.848090
vt 0.500005 0.915715
vt 0.499675 0.902004
vt 0.491678 0.793572
vt 0.471317 0.816752
vt 0.472841 0.834834
vt 0.474827 0.798311
vt 0.464501 0.795965
vt 0.466494 0.772757
vt 0.491587 0.916227
vt 0.471950 0.874753
vt 0.483745 0.871479
vt 0.490572 0.903523
vt 0.483658 0.904322
vt 0.464018 0.854006
vt 0.477945 0.853002
vt 0.437073 0.758129
vt 0.435739 0.786081
vt 0.438288 0.841441
vt 0.438893 0.870925
vt 0.444480 0.899446
vt 0.437816 0.825013
vt 0.405714 0.810131
vt 0.436967 0.809500
vt 0.461245 0.834622
vt 0.461648 0.815943
vt 0.375484 0.812680
vt 0.322528 0.812450
vt 0.351029 0.812969
vt 0.485506 0.752274
vt 0.468074 0.754240
vt 0.712149 0.940964
vt 0.701997 0.920069
vt 0.723437 0.913238
vt 0.731735 0.929913
vt 0.696406 0.888841
vt 0.696979 0.874798
vt 0.719781 0.876131
vt 0.719097 0.887726
vt 0.700152 0.856715
vt 0.722601 0.861220
vt 0.714143 0.823841
vt 0.725113 0.808520
vt 0.742675 0.822450
vt 0.734076 0.834480
vt 0.706080 0.839298
vt 0.727580 0.846927
vt 0.769586 0.958436
vt 0.798202 0.967255
vt 0.792485 0.989084
vt 0.757859 0.977787
vt 0.744344 0.791991
vt 0.757924 0.809824
vt 0.744536 0.943174
vt 0.727732 0.958266
vt 0.770294 0.778468
vt 0.799022 0.770746
vt 0.803552 0.792750
vt 0.779635 0.798744
vt 0.720090 0.900640
vt 0.698134 0.904535
vt 0.805093 0.938985
vt 0.784125 0.936272
vt 0.762696 0.930748
vt 0.754044 0.917970
vt 0.748846 0.906838
vt 0.747473 0.895732
vt 0.747366 0.886240
vt 0.747936 0.877665
vt 0.749507 0.866506
vt 0.752339 0.855476
vt 0.756549 0.845899
vt 0.761178 0.834001
vt 0.768468 0.822214
vt 0.786025 0.817406
vt 0.803351 0.814623
vt 0.781874 0.836572
vt 0.804499 0.834868
vt 0.802639 0.848339
vt 0.778777 0.848939
vt 0.773314 0.906179
vt 0.776311 0.918113
vt 0.772467 0.894937
vt 0.772610 0.885859
vt 0.773256 0.878176
vt 0.774438 0.868432
vt 0.776238 0.857826
vt 0.799637 0.895840
vt 0.799893 0.907744
vt 0.799761 0.886071
vt 0.800161 0.878217
vt 0.800690 0.868709
vt 0.801514 0.857503
vt 0.801192 0.922405
vt 0.630936 0.443845
vt 0.631624 0.461276
vt 0.618873 0.449569
vt 0.619921 0.473506
vt 0.613987 0.461907
vt 0.631802 0.478854
vt 0.649365 0.460883
vt 0.643910 0.473309
vt 0.643314 0.448765
vt 0.711775 0.368212
vt 0.711775 0.406303
vt 0.699244 0.407183
vt 0.695849 0.369011
vt 0.686737 0.408446
vt 0.682583 0.372241
vt 0.727561 0.369127
vt 0.724267 0.406907
vt 0.740827 0.372357
vt 0.736768 0.408195
vt 0.682583 0.372241
vt 0.686737 0.408446
vt 0.699244 0.407183
vt 0.695849 0.369011
vt 0.727561 0.369127
vt 0.724267 0.406907
vt 0.736768 0.408195
vt 0.740827 0.372357
vt 0.606987 0.461812
vt 0.614982 0.478695
vt 0.632207 0.485843
vt 0.655732 0.460710
vt 0.647882 0.444246
vt 0.631112 0.436844
vt 0.711775 0.368212
vt 0.711775 0.406303
vt 0.648685 0.477583
vt 0.614510 0.444859
vt 0.711775 0.287886
vt 0.711775 0.253789
vt 0.755104 0.271125
vt 0.737684 0.290187
vt 0.774177 0.313520
vt 0.740886 0.317011
vt 0.711775 0.318869
vt 0.711775 0.287886
vt 0.737684 0.290187
vt 0.755104 0.271125
vt 0.711775 0.253746
vt 0.685990 0.290089
vt 0.668644 0.270961
vt 0.668644 0.270961
vt 0.685990 0.290089
vt 0.740886 0.317011
vt 0.774177 0.313520
vt 0.760460 0.356748
vt 0.738312 0.344242
vt 0.738312 0.344242
vt 0.760460 0.356748
vt 0.711775 0.318869
vt 0.682689 0.316898
vt 0.649409 0.313291
vt 0.711775 0.350972
vt 0.685166 0.344133
vt 0.682689 0.316898
vt 0.711775 0.350841
vt 0.685166 0.344133
vt 0.649409 0.313291
vt 0.663283 0.356684
vt 0.663283 0.356684
vt 0.659121 0.460603
vt 0.651523 0.440519
vt 0.631109 0.433555
vt 0.652527 0.481079
vt 0.610843 0.441192
vt 0.632346 0.489089
vt 0.603763 0.461845
vt 0.611497 0.482387
vt 0.762384 0.562261
vt 0.748259 0.562261
vt 0.748259 0.544381
vt 0.762384 0.544381
vt 0.762384 0.580140
vt 0.748259 0.580140
vt 0.762384 0.598020
vt 0.748259 0.598020
vt 0.748259 0.454981
vt 0.762384 0.454981
vt 0.762384 0.472861
vt 0.748259 0.472861
vt 0.762384 0.490741
vt 0.748259 0.490741
vt 0.762384 0.508621
vt 0.748259 0.508621
vt 0.762384 0.526501
vt 0.748259 0.526501
vt 0.743513 0.562261
vt 0.743513 0.544381
vt 0.767129 0.544381
vt 0.767129 0.562261
vt 0.767129 0.580140
vt 0.743513 0.580140
vt 0.767129 0.598020
vt 0.743513 0.598020
vt 0.767129 0.454981
vt 0.767129 0.472861
vt 0.743513 0.472861
vt 0.743513 0.454981
vt 0.767129 0.490741
vt 0.743513 0.490741
vt 0.767129 0.508621
vt 0.743513 0.508621
vt 0.767129 0.526501
vt 0.743513 0.526501
vt 0.689905 0.735783
vt 0.702385 0.745227
vt 0.696925 0.754699
vt 0.689536 0.745506
vt 0.731641 0.770145
vt 0.714417 0.762159
vt 0.718042 0.755191
vt 0.734105 0.766318
vt 0.709894 0.735308
vt 0.698816 0.732482
vt 0.724151 0.749876
vt 0.739319 0.763541
vt 0.728236 0.742067
vt 0.742819 0.759300
vt 0.711031 0.722288
vt 0.695458 0.719157
vt 0.678190 0.729809
vt 0.676571 0.746020
vt 0.686041 0.761221
vt 0.708548 0.770152
vt 0.730808 0.775577
vt 0.870787 0.713720
vt 0.865502 0.721967
vt 0.858886 0.719964
vt 0.864824 0.710436
vt 0.845322 0.753842
vt 0.853966 0.735996
vt 0.858052 0.736837
vt 0.847287 0.754148
vt 0.884769 0.710456
vt 0.881539 0.728635
vt 0.869805 0.725576
vt 0.875267 0.715728
vt 0.866899 0.748480
vt 0.860874 0.739013
vt 0.848607 0.754962
vt 0.851374 0.758020
vt 0.838646 0.752537
vt 0.844989 0.735868
vt 0.849538 0.714278
vt 0.861348 0.700864
vt 0.876355 0.701055
vt 0.925417 0.707394
vt 0.947136 0.715114
vt 0.933300 0.726270
vt 0.924815 0.718924
vt 0.886732 0.753876
vt 0.900805 0.739771
vt 0.905354 0.746855
vt 0.890545 0.756236
vt 0.918646 0.737029
vt 0.913339 0.726580
vt 0.953973 0.741808
vt 0.936786 0.738956
vt 0.915136 0.765306
vt 0.909958 0.754556
vt 0.923431 0.746050
vt 0.931954 0.756226
vt 0.894206 0.759226
vt 0.898513 0.767020
vt 0.880460 0.750642
vt 0.891921 0.736214
vt 0.906732 0.717652
vt 0.730629 0.731033
vt 0.731432 0.710639
vt 0.741104 0.715873
vt 0.744380 0.729463
vt 0.769478 0.762585
vt 0.748040 0.747873
vt 0.756273 0.742812
vt 0.769884 0.758108
vt 0.755880 0.712003
vt 0.747951 0.712630
vt 0.742441 0.700118
vt 0.763000 0.703572
vt 0.768425 0.739939
vt 0.761412 0.740266
vt 0.752574 0.726095
vt 0.761329 0.725801
vt 0.772366 0.756079
vt 0.776350 0.755377
vt 0.773939 0.719964
vt 0.777584 0.738594
vt 0.782065 0.756171
vt 0.809620 0.703838
vt 0.810048 0.718853
vt 0.800822 0.720608
vt 0.801695 0.704850
vt 0.805596 0.753475
vt 0.802534 0.736306
vt 0.810471 0.735518
vt 0.810522 0.753152
vt 0.826300 0.697172
vt 0.833255 0.711785
vt 0.819844 0.719306
vt 0.818463 0.704578
vt 0.830310 0.734640
vt 0.818945 0.736400
vt 0.815276 0.753245
vt 0.821086 0.756051
vt 0.800458 0.753678
vt 0.792444 0.734729
vt 0.787555 0.721152
vt 0.793343 0.699057
vt 0.808689 0.691138
vt 0.947821 0.774883
vt 0.946810 0.788086
vt 0.930298 0.788580
vt 0.938740 0.766329
vt 0.948609 0.801205
vt 0.940055 0.810286
vt 0.930297 0.788589
vt 0.938734 0.766335
vt 0.947818 0.774887
vt 0.946811 0.788090
vt 0.940062 0.810292
vt 0.948613 0.801208
vt 0.961376 0.787650
vt 0.961816 0.802215
vt 0.960937 0.773085
vt 0.974140 0.774092
vt 0.975941 0.787210
vt 0.974935 0.800413
vt 0.992455 0.786711
vt 0.984019 0.808965
vt 0.982691 0.765008
vt 0.992455 0.786721
vt 0.984013 0.808972
vt 0.974931 0.800417
vt 0.975942 0.787215
vt 0.982698 0.765014
vt 0.974144 0.774096
vt 0.961376 0.787650
vt 0.960941 0.773085
vt 0.961812 0.802216
vt 0.962306 0.818729
vt 0.960438 0.756572
vt 0.960447 0.756572
vt 0.962315 0.818729
vt 0.604940 0.667301
vt 0.604940 0.658516
vt 0.972170 0.658516
vt 0.972170 0.667301
vt 0.604940 0.649731
vt 0.972170 0.649731
vt 0.604940 0.640946
vt 0.972170 0.640946
vt 0.604940 0.632161
vt 0.972170 0.632161
vt 0.604940 0.623376
vt 0.972170 0.623376
vt 0.604940 0.614591
vt 0.972170 0.614591
vt 0.604940 0.684871
vt 0.604940 0.676086
vt 0.972170 0.676086
vt 0.972170 0.684871
vt 0.977240 0.658516
vt 0.977240 0.667301
vt 0.977240 0.649731
vt 0.977240 0.640946
vt 0.977240 0.632161
vt 0.977240 0.623376
vt 0.977240 0.614591
vt 0.977240 0.676086
vt 0.977240 0.684871
vt 0.982310 0.632161
vt 0.982310 0.623376
vt 0.987380 0.623376
vt 0.987380 0.632161
vt 0.982310 0.640946
vt 0.987380 0.640946
vt 0.982310 0.649731
vt 0.987380 0.649731
vt 0.982310 0.658516
vt 0.987380 0.658516
vt 0.982310 0.667301
vt 0.987380 0.667301
vt 0.982310 0.676086
vt 0.987380 0.676086
vt 0.982310 0.684871
vt 0.987380 0.684871
vt 0.982310 0.614591
vt 0.987380 0.614591
vt 0.992450 0.623376
vt 0.992450 0.632161
vt 0.992450 0.640946
vt 0.992450 0.649731
vt 0.992450 0.658516
vt 0.992450 0.667301
vt 0.992450 0.676086
vt 0.992450 0.684871
vt 0.992450 0.614591
vt 0.019113 0.515943
vt 0.032539 0.515943
vt 0.034693 0.535705
vt 0.021072 0.531773
vt 0.050029 0.515943
vt 0.049788 0.537466
vt 0.061736 0.515943
vt 0.064994 0.536352
vt 0.077556 0.515943
vt 0.083215 0.533577
vt 0.102187 0.515943
vt 0.105336 0.530470
vt 0.128222 0.515943
vt 0.128779 0.527952
vt 0.151752 0.515943
vt 0.151752 0.525288
vt 0.165228 0.515406
vt 0.187314 0.515406
vt 0.187165 0.526712
vt 0.165228 0.524074
vt 0.212146 0.515406
vt 0.211383 0.526532
vt 0.241272 0.515406
vt 0.237890 0.527794
vt 0.269477 0.515406
vt 0.262351 0.531572
vt 0.290552 0.515406
vt 0.283955 0.532492
vt 0.303589 0.515406
vt 0.297537 0.532408
vt 0.297615 0.515406
vt 0.300132 0.530793
vt 0.305946 0.515406
vt 0.305946 0.531197
vt 0.010608 0.515943
vt 0.010608 0.529005
vt 0.024318 0.582583
vt 0.038031 0.588549
vt 0.025010 0.591433
vt 0.038319 0.570573
vt 0.053739 0.570518
vt 0.053373 0.586907
vt 0.071508 0.566711
vt 0.071315 0.582070
vt 0.091634 0.561273
vt 0.092024 0.576413
vt 0.112709 0.556406
vt 0.113883 0.572792
vt 0.133108 0.553067
vt 0.136311 0.572577
vt 0.151752 0.547620
vt 0.151752 0.566858
vt 0.165228 0.544548
vt 0.184227 0.550521
vt 0.182184 0.572831
vt 0.165228 0.563690
vt 0.203986 0.555497
vt 0.203666 0.575463
vt 0.227315 0.558761
vt 0.228282 0.577368
vt 0.252453 0.560645
vt 0.251886 0.580101
vt 0.273911 0.563910
vt 0.272260 0.583629
vt 0.289640 0.566160
vt 0.287991 0.585715
vt 0.299129 0.572945
vt 0.298514 0.580196
vt 0.029584 0.611926
vt 0.046267 0.633107
vt 0.030681 0.639316
vt 0.061343 0.622616
vt 0.078226 0.612436
vt 0.097017 0.605997
vt 0.117429 0.603672
vt 0.137305 0.608745
vt 0.151752 0.627176
vt 0.178089 0.609246
vt 0.165228 0.627176
vt 0.202192 0.603888
vt 0.224847 0.603852
vt 0.245360 0.607663
vt 0.263118 0.615598
vt 0.277344 0.626310
vt 0.292047 0.609797
vt 0.289789 0.634876
vt 0.305946 0.617452
vt 0.305946 0.627176
vt 0.010608 0.616192
vt 0.010608 0.627176
vt 0.052890 0.659439
vt 0.033716 0.668344
vt 0.067099 0.646274
vt 0.081973 0.634785
vt 0.099314 0.627716
vt 0.118509 0.626115
vt 0.137050 0.633089
vt 0.151752 0.655057
vt 0.182391 0.633451
vt 0.165228 0.655057
vt 0.203386 0.614570
vt 0.203275 0.629561
vt 0.224542 0.621815
vt 0.223169 0.632036
vt 0.242585 0.629327
vt 0.240515 0.636673
vt 0.258383 0.637059
vt 0.255985 0.644541
vt 0.273112 0.642850
vt 0.270699 0.653281
vt 0.288600 0.662051
vt 0.305946 0.655057
vt 0.010608 0.655057
vt 0.027509 0.724883
vt 0.042841 0.722700
vt 0.047472 0.768796
vt 0.028991 0.770401
vt 0.058866 0.719430
vt 0.064682 0.763444
vt 0.075934 0.717747
vt 0.080998 0.757018
vt 0.094122 0.718727
vt 0.097276 0.752674
vt 0.113231 0.721732
vt 0.113963 0.751953
vt 0.132944 0.724821
vt 0.132125 0.755579
vt 0.151752 0.722584
vt 0.151752 0.765254
vt 0.165228 0.722584
vt 0.191193 0.721560
vt 0.186903 0.751525
vt 0.165228 0.765254
vt 0.213282 0.715409
vt 0.210758 0.743863
vt 0.232577 0.710540
vt 0.230146 0.740570
vt 0.249959 0.719319
vt 0.248599 0.723321
vt 0.260236 0.745190
vt 0.265713 0.708191
vt 0.280677 0.712188
vt 0.274897 0.752383
vt 0.293227 0.718136
vt 0.289661 0.760941
vt 0.305946 0.722584
vt 0.305946 0.765254
vt 0.010608 0.722584
vt 0.010608 0.765254
vt 0.240930 0.656793
vt 0.225475 0.654024
vt 0.207258 0.654805
vt 0.186676 0.661179
vt 0.165228 0.678184
vt 0.151752 0.678184
vt 0.132642 0.660514
vt 0.113870 0.652686
vt 0.096693 0.652563
vt 0.081488 0.657444
vt 0.067430 0.666052
vt 0.052132 0.675895
vt 0.032115 0.681621
vt 0.010608 0.678184
vt 0.305946 0.678184
vt 0.290374 0.675275
vt 0.271597 0.669131
vt 0.255406 0.662538
vt 0.243208 0.688870
vt 0.227022 0.690419
vt 0.209181 0.693881
vt 0.188990 0.699695
vt 0.165228 0.707922
vt 0.151752 0.707922
vt 0.131223 0.699380
vt 0.113506 0.695316
vt 0.097138 0.693966
vt 0.081357 0.694845
vt 0.064965 0.697016
vt 0.046783 0.698690
vt 0.027743 0.699641
vt 0.010608 0.707922
vt 0.305946 0.707922
vt 0.294189 0.693831
vt 0.277684 0.690138
vt 0.260102 0.688620
vt 0.249774 0.706731
vt 0.045624 0.791268
vt 0.026413 0.792154
vt 0.064870 0.788457
vt 0.082419 0.783308
vt 0.097717 0.779000
vt 0.113263 0.778111
vt 0.130922 0.781612
vt 0.151752 0.789568
vt 0.187440 0.780856
vt 0.165228 0.789568
vt 0.208714 0.773026
vt 0.228033 0.767302
vt 0.244759 0.743180
vt 0.245434 0.764338
vt 0.259153 0.764728
vt 0.272171 0.772317
vt 0.287713 0.781734
vt 0.305946 0.789568
vt 0.010608 0.789568
vt 0.039741 0.828762
vt 0.024241 0.831235
vt 0.057033 0.828226
vt 0.075201 0.828547
vt 0.093581 0.829510
vt 0.112263 0.831340
vt 0.131558 0.833934
vt 0.151752 0.836997
vt 0.189994 0.831525
vt 0.165228 0.836997
vt 0.211969 0.825370
vt 0.230640 0.819885
vt 0.246592 0.815621
vt 0.260850 0.814324
vt 0.274763 0.817067
vt 0.289800 0.824274
vt 0.305946 0.836997
vt 0.010608 0.836997
vt 0.046864 0.876468
vt 0.028672 0.876388
vt 0.064816 0.876046
vt 0.082196 0.875123
vt 0.099147 0.874113
vt 0.116111 0.873494
vt 0.133627 0.873927
vt 0.151752 0.875790
vt 0.185990 0.870051
vt 0.165228 0.875790
vt 0.205420 0.866264
vt 0.222668 0.864371
vt 0.237965 0.864342
vt 0.252411 0.866174
vt 0.267880 0.869240
vt 0.285578 0.872878
vt 0.305946 0.875790
vt 0.010608 0.875790
vt 0.048173 0.921276
vt 0.029505 0.921133
vt 0.066156 0.921074
vt 0.083445 0.920803
vt 0.100254 0.920468
vt 0.117045 0.920242
vt 0.134186 0.920313
vt 0.151752 0.920820
vt 0.184604 0.917647
vt 0.165228 0.920820
vt 0.202899 0.915095
vt 0.219663 0.913506
vt 0.235164 0.913073
vt 0.250505 0.913820
vt 0.267056 0.915562
vt 0.285617 0.918005
vt 0.305946 0.920820
vt 0.010608 0.920820
vt 0.046639 0.963778
vt 0.028752 0.964273
vt 0.064209 0.963452
vt 0.081500 0.963247
vt 0.098737 0.963227
vt 0.116170 0.963431
vt 0.133850 0.964003
vt 0.151752 0.964787
vt 0.184787 0.963283
vt 0.165228 0.964787
vt 0.203183 0.962041
vt 0.220063 0.961231
vt 0.235798 0.960976
vt 0.251398 0.961331
vt 0.267967 0.962202
vt 0.286190 0.963425
vt 0.305946 0.964787
vt 0.010608 0.964787
vt 0.046196 0.988871
vt 0.028518 0.988871
vt 0.063598 0.988871
vt 0.080855 0.988871
vt 0.098189 0.988871
vt 0.115783 0.988871
vt 0.133678 0.988871
vt 0.151752 0.988871
vt 0.184051 0.988871
vt 0.165228 0.988871
vt 0.201898 0.988871
vt 0.218571 0.988871
vt 0.234480 0.988871
vt 0.250508 0.988871
vt 0.267587 0.988871
vt 0.286171 0.988871
vt 0.305946 0.988871
vt 0.010608 0.988871
vt 0.293412 0.546873
vt 0.300121 0.543813
vt 0.299852 0.565080
vt 0.278877 0.547051
vt 0.256884 0.545539
vt 0.232419 0.543615
vt 0.206917 0.544624
vt 0.165228 0.532259
vt 0.186846 0.536889
vt 0.130117 0.539365
vt 0.151752 0.534175
vt 0.108367 0.544045
vt 0.087295 0.549488
vt 0.068247 0.554025
vt 0.051508 0.555891
vt 0.036762 0.553113
vt 0.022539 0.545933
vt 0.023705 0.566045
vt 0.010608 0.541251
vt 0.010608 0.563970
vt 0.305946 0.544717
vt 0.305946 0.567942
vt 0.249606 0.711650
vt 0.208759 0.541099
vt 0.233187 0.541254
vt 0.210430 0.536254
vt 0.234462 0.538407
vt 0.202671 0.609213
vt 0.224383 0.617611
vt 0.242942 0.625177
vt 0.259289 0.632967
vt 0.275298 0.634594
vt 0.224675 0.611185
vt 0.243955 0.618619
vt 0.260905 0.626207
vt 0.305946 0.575341
vt 0.023966 0.572726
vt 0.010608 0.571534
vt 0.305946 0.583507
vt 0.305946 0.590427
vt 0.297334 0.588648
vt 0.010608 0.580071
vt 0.010608 0.587353
vt 0.296803 0.597417
vt 0.305946 0.604275
vt 0.010608 0.601962
vt 0.025229 0.599207
vt 0.649436 0.006853
vt 0.689541 0.006853
vt 0.689541 0.239961
vt 0.668573 0.239961
vt 0.729645 0.006853
vt 0.710508 0.239961
vt 0.363105 0.697726
vt 0.339702 0.704640
vt 0.337580 0.664498
vt 0.319780 0.695902
vt 0.319780 0.672337
vt 0.322548 0.648010
vt 0.343688 0.642268
vt 0.362441 0.652705
vt 0.372599 0.675303
vt 0.371579 0.565561
vt 0.345509 0.600980
vt 0.345109 0.556954
vt 0.323495 0.567301
vt 0.323495 0.591931
vt 0.323756 0.616643
vt 0.345536 0.626749
vt 0.367978 0.616389
vt 0.381060 0.591602
vt 0.371354 0.703469
vt 0.342746 0.713087
vt 0.318542 0.704719
vt 0.322669 0.639047
vt 0.347919 0.634355
vt 0.371198 0.647962
vt 0.382942 0.675766
vt 0.250080 0.200834
vt 0.280270 0.205442
vt 0.273851 0.266278
vt 0.243198 0.262720
vt 0.303032 0.208562
vt 0.303032 0.268869
vt 0.303032 0.295869
vt 0.303032 0.315763
vt 0.276038 0.314447
vt 0.275892 0.294719
vt 0.248815 0.311763
vt 0.247432 0.292013
vt 0.006189 0.246497
vt 0.006189 0.188041
vt 0.054675 0.188180
vt 0.054730 0.248666
vt 0.054765 0.253933
vt 0.006189 0.251648
vt 0.186544 0.255603
vt 0.154783 0.249960
vt 0.154783 0.191580
vt 0.191895 0.192222
vt 0.275345 0.370101
vt 0.303032 0.368607
vt 0.303032 0.389203
vt 0.269486 0.392681
vt 0.233581 0.393729
vt 0.263714 0.408952
vt 0.228008 0.410525
vt 0.102934 0.187044
vt 0.101732 0.247776
vt 0.222266 0.195502
vt 0.215821 0.259489
vt 0.216742 0.309400
vt 0.216351 0.289893
vt 0.028863 0.386468
vt 0.022725 0.366418
vt 0.057637 0.368536
vt 0.058764 0.386270
vt 0.055744 0.322662
vt 0.055710 0.349769
vt 0.006189 0.350796
vt 0.006189 0.323129
vt 0.141521 0.249031
vt 0.141521 0.186207
vt 0.141521 0.286962
vt 0.142412 0.282958
vt 0.107959 0.273953
vt 0.141521 0.275497
vt 0.057602 0.278920
vt 0.006189 0.276200
vt 0.220684 0.349165
vt 0.218193 0.329243
vt 0.248601 0.331466
vt 0.245905 0.353430
vt 0.275905 0.334543
vt 0.276437 0.352437
vt 0.303032 0.335653
vt 0.303032 0.351882
vt 0.240598 0.376035
vt 0.193627 0.375770
vt 0.190496 0.412865
vt 0.193068 0.395891
vt 0.078927 0.346046
vt 0.083538 0.362796
vt 0.111081 0.286051
vt 0.082787 0.310274
vt 0.077315 0.328328
vt 0.186793 0.329910
vt 0.189314 0.351878
vt 0.941002 0.201629
vt 0.903083 0.214384
vt 0.913605 0.200323
vt 0.936553 0.196609
vt 0.964540 0.198087
vt 0.963788 0.200834
vt 0.749768 0.213382
vt 0.774473 0.229186
vt 0.782680 0.247931
vt 0.749768 0.226101
vt 0.797192 0.233776
vt 0.813635 0.235473
vt 0.815595 0.266149
vt 0.798026 0.258804
vt 0.829516 0.235191
vt 0.834709 0.267839
vt 0.849374 0.231355
vt 0.852337 0.262003
vt 0.869193 0.224108
vt 0.869973 0.250917
vt 0.884823 0.230434
vt 0.890251 0.213516
vt 0.979908 0.201899
vt 0.979908 0.209535
vt 0.154783 0.293711
vt 0.179735 0.302154
vt 0.154783 0.270410
vt 0.180686 0.284590
vt 0.809734 0.182795
vt 0.823225 0.187003
vt 0.795018 0.177715
vt 0.841821 0.186822
vt 0.893944 0.167914
vt 0.920322 0.154510
vt 0.864325 0.180279
vt 0.939630 0.151649
vt 0.961664 0.147941
vt 0.749768 0.157871
vt 0.771253 0.168777
vt 0.979908 0.147305
vt 0.921229 0.138178
vt 0.893908 0.151681
vt 0.893250 0.129423
vt 0.918590 0.118902
vt 0.943935 0.134324
vt 0.941227 0.118204
vt 0.964743 0.132734
vt 0.963493 0.118520
vt 0.979908 0.135339
vt 0.979908 0.123670
vt 0.772489 0.150592
vt 0.749768 0.140092
vt 0.749768 0.122595
vt 0.772062 0.132865
vt 0.794858 0.162016
vt 0.797721 0.144826
vt 0.808734 0.169053
vt 0.815874 0.151882
vt 0.822712 0.174329
vt 0.832770 0.155592
vt 0.840814 0.172963
vt 0.849442 0.151687
vt 0.862881 0.165310
vt 0.867537 0.142962
vt 0.792729 0.012157
vt 0.815494 0.012157
vt 0.839134 0.012157
vt 0.861293 0.012157
vt 0.877441 0.012157
vt 0.894179 0.012157
vt 0.916184 0.012157
vt 0.939248 0.012157
vt 0.962851 0.012157
vt 0.979908 0.012157
vt 0.749768 0.012157
vt 0.768426 0.012157
vt 0.303032 0.276539
vt 0.274293 0.274481
vt 0.244289 0.271215
vt 0.215491 0.268627
vt 0.185430 0.264056
vt 0.154783 0.255551
vt 0.141521 0.257074
vt 0.101983 0.253569
vt 0.274861 0.280495
vt 0.303032 0.281991
vt 0.245423 0.277989
vt 0.215833 0.275955
vt 0.184840 0.271052
vt 0.154783 0.260317
vt 0.103922 0.258196
vt 0.141521 0.262890
vt 0.056424 0.258075
vt 0.006189 0.255404
vt 0.006189 0.098276
vt 0.006189 0.007705
vt 0.056610 0.007705
vt 0.054822 0.096940
vt 0.106497 0.007705
vt 0.104118 0.095989
vt 0.141521 0.094750
vt 0.141521 0.007705
vt 0.193370 0.097619
vt 0.154783 0.098277
vt 0.154783 0.007767
vt 0.191395 0.007767
vt 0.221133 0.007767
vt 0.223936 0.099486
vt 0.251638 0.007767
vt 0.252979 0.103239
vt 0.282710 0.007767
vt 0.282601 0.106666
vt 0.303032 0.007767
vt 0.303032 0.108490
vt 0.377213 0.203174
vt 0.380279 0.265355
vt 0.348840 0.266898
vt 0.344645 0.206448
vt 0.319609 0.269163
vt 0.319609 0.208540
vt 0.319609 0.296107
vt 0.346779 0.295238
vt 0.345989 0.314990
vt 0.319609 0.315681
vt 0.375575 0.293980
vt 0.372708 0.313596
vt 0.640661 0.266758
vt 0.588175 0.269154
vt 0.587827 0.203452
vt 0.640661 0.203188
vt 0.441832 0.264553
vt 0.439072 0.198421
vt 0.477607 0.198879
vt 0.477607 0.263579
vt 0.343644 0.371469
vt 0.346919 0.394947
vt 0.319609 0.390287
vt 0.319609 0.369053
vt 0.379517 0.399426
vt 0.382625 0.417434
vt 0.350066 0.412175
vt 0.536810 0.268801
vt 0.535196 0.202420
vt 0.406964 0.199883
vt 0.409686 0.264649
vt 0.406293 0.294480
vt 0.403609 0.314187
vt 0.614239 0.418922
vt 0.581555 0.417711
vt 0.583408 0.398603
vt 0.621840 0.397216
vt 0.586839 0.348995
vt 0.640661 0.350105
vt 0.640661 0.380389
vt 0.586265 0.378320
vt 0.493108 0.269923
vt 0.493108 0.201538
vt 0.493108 0.315500
vt 0.493108 0.298360
vt 0.534467 0.291516
vt 0.519458 0.304463
vt 0.585272 0.301434
vt 0.640661 0.298912
vt 0.395477 0.355056
vt 0.371730 0.356431
vt 0.371244 0.333483
vt 0.399819 0.334499
vt 0.345265 0.335047
vt 0.343862 0.353068
vt 0.319609 0.352192
vt 0.319609 0.335662
vt 0.374537 0.380353
vt 0.413449 0.377707
vt 0.416465 0.413726
vt 0.412010 0.395765
vt 0.552323 0.388181
vt 0.549411 0.405063
vt 0.556294 0.319640
vt 0.558891 0.348477
vt 0.556139 0.370025
vt 0.426934 0.332248
vt 0.417936 0.354694
vt 0.802400 0.479042
vt 0.804968 0.472380
vt 0.825734 0.479032
vt 0.834653 0.497660
vt 0.782778 0.475950
vt 0.782778 0.471167
vt 0.967552 0.478143
vt 0.971697 0.496889
vt 0.950353 0.514810
vt 0.948527 0.489568
vt 0.929458 0.498785
vt 0.932156 0.527519
vt 0.915237 0.536081
vt 0.915430 0.504162
vt 0.899120 0.541572
vt 0.901090 0.507173
vt 0.880129 0.541084
vt 0.882693 0.507077
vt 0.864103 0.532530
vt 0.863945 0.503073
vt 0.844922 0.494331
vt 0.847989 0.515168
vt 0.980879 0.465203
vt 0.980879 0.469800
vt 0.477607 0.306400
vt 0.438186 0.312535
vt 0.440575 0.294527
vt 0.477607 0.288639
vt 0.900709 0.479990
vt 0.915610 0.476332
vt 0.929290 0.469817
vt 0.882292 0.478991
vt 0.820640 0.448962
vt 0.841757 0.462328
vt 0.863226 0.473273
vt 0.802089 0.445173
vt 0.782778 0.442833
vt 0.947455 0.458138
vt 0.963392 0.444372
vt 0.980879 0.441433
vt 0.822454 0.418418
vt 0.823017 0.401427
vt 0.841374 0.412711
vt 0.841257 0.430967
vt 0.802546 0.413556
vt 0.803152 0.397184
vt 0.782778 0.410417
vt 0.782778 0.395209
vt 0.963849 0.409928
vt 0.964142 0.394374
vt 0.980879 0.391628
vt 0.980879 0.408785
vt 0.946051 0.424371
vt 0.945739 0.406638
vt 0.928712 0.439790
vt 0.927139 0.420182
vt 0.914761 0.447838
vt 0.913214 0.427909
vt 0.899094 0.452247
vt 0.897902 0.432221
vt 0.880703 0.450416
vt 0.879928 0.430479
vt 0.862390 0.443668
vt 0.861980 0.424159
vt 0.910485 0.290177
vt 0.925198 0.290177
vt 0.895018 0.290177
vt 0.876704 0.290177
vt 0.858319 0.290177
vt 0.837890 0.290177
vt 0.819356 0.290177
vt 0.801445 0.290177
vt 0.782778 0.290177
vt 0.965300 0.290177
vt 0.980879 0.290177
vt 0.944953 0.290177
vt 0.348014 0.281182
vt 0.319609 0.282289
vt 0.378375 0.280309
vt 0.408329 0.280578
vt 0.440315 0.280220
vt 0.477607 0.275990
vt 0.493108 0.284675
vt 0.534656 0.280425
vt 0.536705 0.275253
vt 0.493108 0.278515
vt 0.477607 0.270249
vt 0.441470 0.273187
vt 0.409337 0.273463
vt 0.379440 0.273717
vt 0.348529 0.275200
vt 0.319609 0.276859
vt 0.586748 0.279297
vt 0.640661 0.276440
vt 0.588352 0.274829
vt 0.640661 0.272352
vt 0.640661 0.105568
vt 0.587623 0.104153
vt 0.585678 0.007001
vt 0.640661 0.007001
vt 0.533874 0.103179
vt 0.531280 0.007001
vt 0.493108 0.101844
vt 0.493108 0.007001
vt 0.437101 0.100536
vt 0.438948 0.008499
vt 0.477607 0.008499
vt 0.477607 0.101514
vt 0.404753 0.101835
vt 0.407452 0.008499
vt 0.373670 0.104997
vt 0.374916 0.008499
vt 0.341630 0.108221
vt 0.341528 0.008499
vt 0.319609 0.110368
vt 0.319609 0.008499
vt 0.010503 0.497160
vt 0.048742 0.497160
vt 0.048742 0.499435
vt 0.010503 0.499435
vt 0.223198 0.499435
vt 0.200981 0.499435
vt 0.200981 0.497160
vt 0.223198 0.497160
vt 0.177787 0.499435
vt 0.177787 0.497160
vt 0.155798 0.499435
vt 0.155798 0.497160
vt 0.132264 0.499435
vt 0.132264 0.497160
vt 0.110126 0.499435
vt 0.110126 0.497160
vt 0.079264 0.499435
vt 0.079264 0.497160
vt 0.336271 0.497160
vt 0.367132 0.497160
vt 0.367132 0.499435
vt 0.336271 0.499435
vt 0.314131 0.497160
vt 0.314131 0.499435
vt 0.290598 0.497160
vt 0.290598 0.499435
vt 0.268610 0.497160
vt 0.268610 0.499435
vt 0.245414 0.497160
vt 0.245414 0.499435
vt 0.397654 0.499435
vt 0.397654 0.497160
vt 0.435893 0.497160
vt 0.435893 0.499435
vt 0.010503 0.493832
vt 0.048742 0.493832
vt 0.048742 0.505029
vt 0.010503 0.505029
vt 0.010503 0.501890
vt 0.048742 0.501890
vt 0.223198 0.505029
vt 0.200981 0.505029
vt 0.200981 0.501890
vt 0.223198 0.501890
vt 0.200981 0.493832
vt 0.223198 0.493832
vt 0.177787 0.505029
vt 0.177787 0.501890
vt 0.177787 0.493832
vt 0.155798 0.505029
vt 0.155798 0.501890
vt 0.155798 0.493832
vt 0.132264 0.505029
vt 0.132264 0.501890
vt 0.132264 0.493832
vt 0.110126 0.505029
vt 0.110126 0.501890
vt 0.110126 0.493832
vt 0.079264 0.505029
vt 0.079264 0.501890
vt 0.079264 0.493832
vt 0.336271 0.493832
vt 0.367132 0.493832
vt 0.367132 0.505029
vt 0.336271 0.505029
vt 0.336271 0.501890
vt 0.367132 0.501890
vt 0.314131 0.493832
vt 0.314131 0.505029
vt 0.314131 0.501890
vt 0.290598 0.493832
vt 0.290598 0.505029
vt 0.290598 0.501890
vt 0.268610 0.493832
vt 0.268610 0.505029
vt 0.268610 0.501890
vt 0.245414 0.493832
vt 0.245414 0.505029
vt 0.245414 0.501890
vt 0.397654 0.505029
vt 0.397654 0.501890
vt 0.397654 0.493832
vt 0.435893 0.505029
vt 0.435893 0.501890
vt 0.435893 0.493832
vt 0.363105 0.697726
vt 0.339702 0.704640
vt 0.337580 0.664498
vt 0.319780 0.695902
vt 0.319780 0.672337
vt 0.322548 0.648010
vt 0.343688 0.642268
vt 0.362441 0.652705
vt 0.372599 0.675303
vt 0.371354 0.703469
vt 0.342746 0.713087
vt 0.318542 0.704719
vt 0.322669 0.639047
vt 0.347919 0.634355
vt 0.371198 0.647962
vt 0.382942 0.675766
vt 0.371579 0.565561
vt 0.345509 0.600980
vt 0.345109 0.556954
vt 0.323495 0.567301
vt 0.345536 0.626749
vt 0.367978 0.616389
vt 0.381060 0.591602
vn -0.676914 -0.508868 -0.531828
vn -0.134166 -0.753899 -0.643145
vn -0.185093 -0.978895 0.086630
vn -0.825763 -0.561517 0.053049
vn 0.457825 -0.722242 -0.518424
vn 0.564000 -0.822848 0.069462
vn 0.463187 -0.621463 0.631856
vn -0.127592 -0.630467 0.765658
vn -0.671548 -0.408087 0.618457
vn -0.003818 0.042434 0.999092
vn -0.699272 0.147818 0.699406
vn 0.689062 -0.113242 0.715800
vn -0.013106 -0.131942 -0.991171
vn 0.682494 -0.236543 -0.691555
vn -0.705840 0.024513 -0.707947
vn 0.973221 -0.229347 0.015546
vn -0.990145 0.139838 -0.007631
vn -0.325260 -0.917247 0.229921
vn -0.179757 -0.937198 0.298911
vn -0.077398 -0.353064 0.932392
vn -0.702899 -0.255097 0.663972
vn -0.035408 -0.971748 0.233351
vn 0.546914 -0.490108 0.678734
vn -0.181757 -0.974751 -0.129712
vn -0.326635 -0.942988 -0.063901
vn -0.708811 -0.366093 -0.602962
vn -0.085746 -0.509756 -0.856035
vn -0.036776 -0.997492 -0.060479
vn 0.541005 -0.601108 -0.588203
vn 0.030658 -0.995728 0.087096
vn 0.800558 -0.597282 0.048595
vn -0.392169 -0.916222 0.082102
vn -0.963703 -0.265531 0.027761
vn 0.128222 0.724422 0.677327
vn -0.390933 0.797147 0.460139
vn 0.643145 0.602702 0.472351
vn -0.395823 0.705308 -0.588102
vn 0.121352 0.595501 -0.794136
vn 0.638253 0.510861 -0.575895
vn 0.850574 0.523489 -0.049831
vn -0.600995 0.796442 -0.066973
vn 0.185091 0.978896 -0.086628
vn 0.315172 0.024367 0.948722
vn 0.315169 0.024366 0.948723
vn 0.315169 0.024366 0.948723
vn 0.315172 0.024367 0.948722
vn -0.306346 0.141234 0.941385
vn -0.306348 0.141235 0.941384
vn -0.930813 0.202904 0.304001
vn -0.930813 0.202903 0.304004
vn -0.933754 0.147704 -0.326017
vn -0.933753 0.147703 -0.326021
vn -0.315168 -0.024366 -0.948723
vn -0.315170 -0.024366 -0.948722
vn 0.306351 -0.141235 -0.941383
vn 0.306351 -0.141235 -0.941383
vn 0.930808 -0.202906 -0.304017
vn 0.930808 -0.202904 -0.304017
vn 0.315170 0.024366 0.948722
vn 0.315170 0.024366 0.948722
vn 0.315170 0.024366 0.948722
vn 0.315170 0.024366 0.948722
vn -0.306350 0.141234 0.941383
vn -0.306350 0.141234 0.941383
vn -0.930811 0.202901 0.304009
vn -0.930811 0.202901 0.304009
vn -0.933753 0.147702 -0.326021
vn -0.933753 0.147702 -0.326021
vn -0.315169 -0.024364 -0.948723
vn -0.315169 -0.024364 -0.948723
vn 0.306352 -0.141237 -0.941382
vn 0.306352 -0.141237 -0.941382
vn 0.930809 -0.202906 -0.304012
vn 0.930809 -0.202906 -0.304012
vn -0.185092 -0.978896 0.086620
vn -0.185092 -0.978896 0.086620
vn 0.185088 0.978896 -0.086636
vn 0.185088 0.978896 -0.086636
vn 0.185092 0.978895 -0.086630
vn -0.185092 -0.978896 0.086622
vn 0.185100 0.978894 -0.086632
vn -0.185091 -0.978895 0.086631
vn 0.185096 0.978895 -0.086628
vn -0.185094 -0.978896 0.086625
vn 0.185093 0.978895 -0.086637
vn -0.185093 -0.978896 0.086620
vn 0.185089 0.978896 -0.086629
vn -0.185091 -0.978896 0.086621
vn 0.185084 0.978897 -0.086625
vn -0.185087 -0.978896 0.086631
vn -0.872388 -0.125628 -0.472395
vn -0.883487 -0.168069 -0.437269
vn -0.752212 -0.655623 0.065846
vn -0.780009 -0.625763 0.002452
vn -0.662586 0.341951 -0.666370
vn -0.642625 0.357441 -0.677694
vn -0.084659 0.800584 -0.593210
vn -0.023586 0.804465 -0.593531
vn 0.613314 0.788958 -0.037312
vn 0.677910 0.735143 -0.001932
vn 0.783351 0.520397 0.339923
vn 0.809338 0.468168 0.354670
vn 0.723055 0.026913 0.690266
vn 0.709077 0.020662 0.704828
vn -0.151864 -0.777462 0.610320
vn -0.161402 -0.771514 0.615398
vn 0.316989 -0.496469 0.808107
vn 0.391162 -0.447426 0.804240
vn 0.207510 -0.071125 -0.975644
vn 0.125978 0.087311 -0.988183
vn 0.034772 0.892515 -0.449676
vn 0.915781 0.299709 -0.267430
vn 0.134388 0.089847 -0.986847
vn -0.257091 0.895085 -0.364317
vn 0.112960 -0.120268 -0.986294
vn 0.899381 0.223331 -0.375814
vn 0.631196 -0.103171 -0.768731
vn 0.988873 0.077646 0.126889
vn 0.984145 0.156071 0.084261
vn 0.822399 0.162668 0.545160
vn 0.802341 0.183592 0.567929
vn 0.784968 0.422385 0.453229
vn 0.938922 0.293621 0.179478
vn 0.589631 0.127944 0.797475
vn 0.262798 0.488892 0.831818
vn 0.677691 0.108680 0.727271
vn 0.732771 0.061349 0.677704
vn 0.651448 -0.168244 0.739803
vn 0.735397 -0.255368 0.627678
vn 0.151715 -0.923539 0.352220
vn 0.119308 -0.979850 0.160184
vn 0.830030 -0.311716 0.462476
vn 0.101370 -0.994204 0.035823
vn 0.873380 -0.043406 0.485102
vn 0.679097 -0.558459 0.476394
vn -0.047347 -0.984184 0.170703
vn 0.843890 -0.032498 0.535531
vn 0.345748 -0.846352 0.405150
vn 0.992490 0.122277 -0.003449
vn 0.622094 -0.772105 0.129821
vn 0.527212 -0.558159 0.640707
vn -0.103628 -0.876104 0.470854
vn 0.780824 -0.141196 0.608587
vn 0.853905 -0.130832 0.503716
vn 0.920938 0.058201 0.385339
vn 0.912475 0.174630 0.369993
vn 0.994565 0.099982 -0.029046
vn 0.955597 0.292102 0.038871
vn 0.902894 0.428528 0.033854
vn 0.982015 0.165451 -0.090954
vn 0.832254 -0.175901 0.525749
vn 0.763694 -0.100614 0.637690
vn 0.940470 0.321776 -0.109435
vn 0.697273 -0.147075 0.701555
vn 0.931389 0.342828 -0.122406
vn 0.303610 0.056896 0.951096
vn 0.643052 -0.107002 0.758311
vn 0.788456 -0.373136 0.488985
vn -0.140669 -0.332828 0.932437
vn 0.983629 0.033552 -0.177054
vn -0.438975 0.798711 0.411536
vn -0.845548 0.321307 0.426391
vn -0.147100 0.983083 -0.109133
vn 0.251989 0.937320 -0.240691
vn 0.263749 0.907940 -0.325702
vn -0.039219 0.914496 -0.402690
vn 0.014612 0.661508 0.749796
vn -0.233471 0.611665 0.755882
vn -0.041657 0.223204 0.973881
vn 0.170296 0.236180 0.956670
vn -0.959092 -0.107130 -0.262042
vn -0.987325 -0.057107 0.148079
vn -0.986071 0.165080 0.020319
vn -0.917394 0.154597 -0.366726
vn -0.676094 0.667328 -0.312363
vn -0.516100 0.691806 -0.505020
vn -0.506236 0.589725 -0.629245
vn -0.409333 0.765359 -0.496661
vn -0.615883 0.679956 -0.397930
vn -0.216700 0.630457 -0.745363
vn -0.109276 0.685622 -0.719710
vn -0.751836 0.097864 -0.652047
vn -0.810863 -0.145867 -0.566767
vn -0.510524 0.334562 -0.792107
vn -0.670358 0.082507 -0.737437
vn -0.745981 -0.128433 -0.653465
vn -0.891055 -0.430531 -0.143749
vn -0.907027 -0.351739 0.231476
vn -0.781346 -0.462205 -0.419364
vn -0.750844 -0.418217 -0.511203
vn -0.509731 -0.857006 0.075605
vn -0.553495 -0.794416 0.250093
vn -0.363853 -0.930622 -0.039413
vn -0.302794 -0.946324 -0.113080
vn -0.612950 -0.629197 -0.477916
vn -0.733625 -0.544444 -0.406664
vn -0.765631 -0.625876 -0.148621
vn -0.757465 -0.064877 -0.649644
vn -0.821090 -0.068984 -0.566615
vn -0.708906 -0.103876 -0.697612
vn -0.542660 0.285375 -0.789988
vn -0.573258 0.348875 -0.741392
vn 0.084992 0.620866 -0.779296
vn 0.104947 0.698154 -0.708214
vn 0.223403 0.482449 -0.846956
vn -0.492100 0.202301 -0.846707
vn 0.352952 0.473191 -0.807165
vn -0.239771 0.385187 -0.891146
vn -0.151071 0.581765 -0.799204
vn 0.397693 0.561399 -0.725721
vn 0.314620 0.576479 -0.754113
vn 0.541685 0.480030 -0.690035
vn 0.200723 0.016367 -0.979511
vn 0.939545 0.085727 -0.331520
vn 0.419683 -0.008819 -0.907628
vn 0.031677 0.011273 -0.999435
vn 0.235676 0.045535 0.970764
vn 0.042640 0.035092 0.998474
vn -0.702145 0.193148 0.685337
vn -0.603243 0.015981 0.797398
vn 0.136621 0.070985 -0.988077
vn -0.036071 0.063709 -0.997316
vn -0.033927 0.176830 -0.983657
vn 0.893706 -0.206368 -0.398374
vn 0.155499 -0.392805 -0.906380
vn 0.016416 -0.516237 -0.856288
vn -0.632083 -0.750164 -0.194231
vn 0.260191 -0.228689 0.938084
vn 0.203332 -0.697681 0.686947
vn 0.092312 -0.676119 0.730986
vn 0.084529 -0.249664 0.964636
vn -0.389745 -0.689712 0.610242
vn -0.539327 -0.247093 0.805029
vn -0.583223 0.441140 0.682090
vn 0.044523 -0.019990 0.998808
vn 0.797189 -0.195934 0.571051
vn 0.231697 0.695690 0.679950
vn -0.132608 -0.271599 0.953231
vn 0.770946 -0.420934 0.477971
vn -0.739571 0.204608 0.641225
vn 0.953024 0.067022 -0.295386
vn 0.631414 0.402457 -0.662831
vn 0.969460 -0.076039 -0.233166
vn 0.768936 -0.504284 0.392981
vn 0.963776 -0.027006 -0.265341
vn 0.757508 -0.507075 0.411166
vn 0.970960 -0.064608 -0.230351
vn -0.200276 -0.516366 0.832620
vn -0.185544 -0.502505 0.844430
vn -0.893062 -0.023565 0.449316
vn -0.885212 0.014993 0.464946
vn -0.236942 -0.441609 0.865356
vn -0.879835 0.096326 0.465416
vn 0.789403 -0.452043 0.415332
vn 0.987416 -0.054971 -0.148284
vn -0.566971 0.813119 -0.131840
vn -0.742759 0.645924 -0.176326
vn 0.132965 0.677096 -0.723782
vn -0.044530 0.669491 -0.741485
vn 0.592164 0.316173 -0.741200
vn -0.030455 0.660826 -0.749921
vn 0.606989 0.427652 -0.669835
vn -0.039820 0.670435 -0.740899
vn 0.600057 0.427439 -0.676186
vn -0.780778 0.554456 -0.288035
vn -0.808980 0.510103 -0.292141
vn -0.703934 0.633937 -0.320314
vn -0.079213 0.698992 -0.710729
vn 0.589869 0.474878 -0.653105
vn -0.771409 0.570088 0.282716
vn 0.720568 -0.683434 -0.117045
vn 0.924267 -0.368785 -0.098630
vn 0.918856 -0.364197 0.151869
vn 0.732527 -0.675365 0.085355
vn 0.996347 0.064588 -0.055873
vn 0.978401 0.201058 -0.048034
vn 0.944929 0.218362 0.243777
vn 0.970232 0.078678 0.229041
vn 0.952512 0.300383 -0.049905
vn 0.924345 0.292237 0.245325
vn 0.856762 0.509813 -0.077774
vn 0.655737 0.748455 -0.099118
vn 0.653122 0.751447 0.093587
vn 0.855797 0.494914 0.150574
vn 0.903917 0.423640 -0.058845
vn 0.892576 0.399240 0.209560
vn 0.221569 -0.969292 0.106675
vn 0.113287 -0.989120 0.093848
vn 0.098769 -0.992918 -0.066012
vn 0.210527 -0.974177 -0.081594
vn 0.053942 0.859947 0.507525
vn 0.020362 0.391562 0.919926
vn 0.120011 0.401682 0.907882
vn 0.147818 0.840187 0.521762
vn 0.788131 -0.426047 0.444222
vn 0.517290 -0.514463 0.683915
vn 0.456702 -0.779964 0.427879
vn 0.699083 -0.651005 0.295761
vn 0.807528 0.102918 0.580781
vn 0.756626 0.279694 0.591007
vn 0.288947 0.460858 0.839118
vn 0.472014 0.172906 0.864469
vn 0.765926 0.274331 0.581464
vn 0.286026 0.277923 0.917032
vn 0.740046 0.508929 0.439686
vn 0.661084 0.692191 0.289550
vn 0.353815 0.814169 0.460373
vn 0.364788 0.384894 0.847813
vn 0.345233 0.934651 -0.085101
vn 0.332018 0.930683 0.153602
vn 0.380583 -0.921356 0.079119
vn 0.377895 -0.919906 -0.104730
vn 0.777720 0.317168 0.542731
vn 0.261820 0.054979 0.963549
vn 0.181745 0.981188 -0.065108
vn 0.079784 0.995220 -0.056313
vn 0.074148 0.977585 0.197052
vn 0.167773 0.967214 0.190653
vn 0.060035 -0.463458 0.884083
vn 0.075395 -0.424144 0.902451
vn 0.194452 -0.571603 0.797157
vn 0.133051 -0.723583 0.677293
vn 0.533787 -0.225453 0.815011
vn 0.523694 0.192538 0.829864
vn 0.236588 0.161386 0.958113
vn 0.252797 -0.300659 0.919618
vn 0.485031 0.451619 0.748856
vn 0.210936 0.479271 0.851942
vn 0.219437 0.421717 0.879774
vn 0.503006 0.422388 0.754038
vn 0.140814 0.603990 0.784454
vn 0.056731 0.877926 0.475423
vn 0.097685 0.592904 0.799326
vn 0.438353 0.412023 0.798802
vn 0.187676 0.464704 0.865349
vn 0.454752 -0.665524 0.591843
vn 0.231111 -0.763195 0.603425
vn 0.701674 -0.072978 0.708751
vn 0.705126 0.270258 0.655560
vn 0.032590 -0.285029 0.957965
vn 0.641644 -0.482122 0.596533
vn 0.090138 -0.416718 0.904556
vn 0.064797 -0.995796 0.064738
vn 0.054471 -0.996469 -0.063889
vn 0.173488 0.567255 0.805061
vn 0.229676 0.191487 0.954244
vn 0.193266 0.042724 0.980216
vn 0.649374 0.297108 0.700029
vn 0.719115 0.384353 0.578919
vn 0.193659 0.504904 0.841171
vn 0.704634 0.434293 0.561143
vn 0.246348 -0.495322 0.833048
vn 0.277813 -0.849423 0.448666
vn 0.062430 0.221016 0.973270
vn 0.048144 0.486299 0.872465
vn 0.072628 -0.008217 0.997325
vn 0.074130 0.232953 0.969659
vn 0.132009 -0.177194 0.975282
vn 0.539706 -0.211082 0.814961
vn 0.120214 0.357904 0.925988
vn 0.017909 -0.086665 0.996077
vn 0.039417 0.997748 -0.054263
vn 0.041221 0.980191 0.193717
vn 0.821353 -0.177414 0.542129
vn 0.972158 -0.113858 0.204807
vn 0.991035 -0.113081 -0.071157
vn 0.055311 -0.814514 0.577502
vn 0.088665 -0.878190 0.470022
vn 0.154586 -0.894809 0.418832
vn 0.670690 -0.661602 -0.335347
vn 0.862652 -0.359883 -0.355410
vn 0.931490 0.059535 -0.358862
vn 0.914098 0.194839 -0.355617
vn 0.888034 0.292635 -0.354627
vn 0.799844 0.489252 -0.347681
vn 0.643886 0.700172 -0.308497
vn 0.842011 0.409517 -0.351160
vn 0.211582 -0.939288 -0.270133
vn 0.093562 -0.958847 -0.268063
vn 0.361951 0.900803 -0.239887
vn 0.373848 -0.880889 -0.290297
vn 0.182375 0.960548 -0.209971
vn 0.075837 0.974235 -0.212402
vn 0.047278 -0.961931 -0.269173
vn 0.039702 0.975232 -0.217591
vn 0.925043 -0.112330 -0.362873
vn 0.049988 -0.858716 -0.510007
vn 0.091327 -0.854513 -0.511339
vn 0.189600 -0.839163 -0.509762
vn 0.326617 -0.808580 -0.489408
vn 0.526951 -0.591900 -0.609899
vn 0.678875 -0.324055 -0.658876
vn 0.719364 -0.113968 -0.685220
vn 0.736661 0.044902 -0.674770
vn 0.727937 0.182856 -0.660812
vn 0.704209 0.274840 -0.654639
vn 0.667109 0.372059 -0.645397
vn 0.619811 0.435247 -0.652989
vn 0.531646 0.585153 -0.612330
vn 0.352098 0.810685 -0.467778
vn 0.197582 0.845957 -0.495297
vn 0.094326 0.859354 -0.502606
vn 0.048339 0.864595 -0.500139
vn 0.275816 0.553159 -0.786092
vn 0.332676 0.377169 -0.864332
vn 0.153449 0.362042 -0.919445
vn 0.122982 0.592087 -0.796435
vn 0.254630 -0.543763 -0.799678
vn 0.302261 -0.281477 -0.910719
vn 0.323268 -0.137151 -0.936316
vn 0.341988 -0.019716 -0.939497
vn 0.359585 0.118278 -0.925586
vn 0.359338 0.220006 -0.906903
vn 0.351223 0.307793 -0.884254
vn 0.115336 -0.278984 -0.953344
vn 0.122971 -0.160713 -0.979311
vn 0.135267 -0.081459 -0.987455
vn 0.150712 0.054774 -0.987059
vn 0.157192 0.178827 -0.971242
vn 0.157596 0.272431 -0.949181
vn 0.058904 -0.280517 -0.958040
vn 0.062290 -0.171753 -0.983169
vn 0.068172 -0.106987 -0.991921
vn 0.075791 0.029207 -0.996696
vn 0.079572 0.163979 -0.983249
vn 0.080298 0.260893 -0.962022
vn 0.077902 0.358050 -0.930447
vn 0.064843 0.605979 -0.792834
vn 0.114100 -0.539905 -0.833957
vn 0.057824 -0.533088 -0.844081
vn -0.720568 -0.683434 -0.117044
vn -0.732528 -0.675364 0.085356
vn -0.918856 -0.364196 0.151869
vn -0.924268 -0.368783 -0.098630
vn -0.996347 0.064586 -0.055872
vn -0.970232 0.078677 0.229041
vn -0.944929 0.218362 0.243776
vn -0.978401 0.201058 -0.048034
vn -0.924345 0.292238 0.245324
vn -0.952512 0.300384 -0.049906
vn -0.856764 0.509811 -0.077774
vn -0.855797 0.494913 0.150574
vn -0.653122 0.751448 0.093587
vn -0.655737 0.748455 -0.099118
vn -0.892576 0.399240 0.209560
vn -0.903917 0.423640 -0.058845
vn -0.221569 -0.969292 0.106675
vn -0.210528 -0.974177 -0.081594
vn -0.098769 -0.992919 -0.066011
vn -0.113287 -0.989120 0.093848
vn -0.053942 0.859946 0.507527
vn -0.147817 0.840186 0.521763
vn -0.120011 0.401682 0.907882
vn -0.020362 0.391562 0.919926
vn -0.788131 -0.426048 0.444222
vn -0.699084 -0.651005 0.295760
vn -0.456702 -0.779964 0.427878
vn -0.517290 -0.514463 0.683914
vn -0.807528 0.102919 0.580781
vn -0.472014 0.172906 0.864469
vn -0.288947 0.460858 0.839118
vn -0.756625 0.279695 0.591007
vn -0.286026 0.277923 0.917032
vn -0.765925 0.274331 0.581465
vn -0.740046 0.508928 0.439687
vn -0.364788 0.384893 0.847813
vn -0.353815 0.814169 0.460373
vn -0.661084 0.692192 0.289550
vn -0.332017 0.930683 0.153602
vn -0.345232 0.934651 -0.085100
vn -0.377896 -0.919906 -0.104730
vn -0.380584 -0.921356 0.079119
vn -0.261819 0.054978 0.963550
vn -0.777720 0.317167 0.542731
vn -0.181745 0.981188 -0.065107
vn -0.167773 0.967214 0.190655
vn -0.074148 0.977585 0.197054
vn -0.079784 0.995220 -0.056312
vn -0.075395 -0.424144 0.902451
vn -0.194453 -0.571601 0.797158
vn -0.533787 -0.225453 0.815010
vn -0.523694 0.192537 0.829864
vn -0.485032 0.451619 0.748855
vn -0.503007 0.422389 0.754037
vn -0.140814 0.603991 0.784453
vn -0.438354 0.412022 0.798801
vn -0.454753 -0.665523 0.591844
vn -0.701673 -0.072979 0.708752
vn -0.705125 0.270257 0.655561
vn -0.641642 -0.482123 0.596534
vn -0.032591 -0.285030 0.957964
vn -0.090138 -0.416719 0.904555
vn -0.173488 0.567254 0.805062
vn -0.229676 0.191488 0.954244
vn -0.719114 0.384355 0.578918
vn -0.649374 0.297107 0.700029
vn -0.193266 0.042724 0.980216
vn -0.193659 0.504905 0.841170
vn -0.704633 0.434294 0.561142
vn -0.277813 -0.849423 0.448665
vn -0.246348 -0.495321 0.833048
vn -0.048145 0.486299 0.872465
vn -0.062430 0.221016 0.973270
vn -0.072627 -0.008217 0.997325
vn -0.074131 0.232952 0.969659
vn -0.539707 -0.211083 0.814960
vn -0.132009 -0.177194 0.975282
vn -0.120214 0.357903 0.925988
vn -0.017908 -0.086665 0.996077
vn -0.821353 -0.177415 0.542128
vn -0.991035 -0.113081 -0.071157
vn -0.972158 -0.113858 0.204807
vn -0.088665 -0.878190 0.470022
vn -0.154586 -0.894809 0.418832
vn -0.862652 -0.359881 -0.355411
vn -0.670690 -0.661602 -0.335347
vn -0.914098 0.194839 -0.355616
vn -0.931490 0.059533 -0.358862
vn -0.888034 0.292636 -0.354627
vn -0.643885 0.700172 -0.308497
vn -0.799845 0.489251 -0.347681
vn -0.842011 0.409517 -0.351161
vn -0.211582 -0.939288 -0.270132
vn -0.093562 -0.958848 -0.268063
vn -0.361950 0.900803 -0.239887
vn -0.373848 -0.880889 -0.290297
vn -0.075837 0.974235 -0.212402
vn -0.182375 0.960548 -0.209970
vn -0.925043 -0.112331 -0.362873
vn -0.091327 -0.854513 -0.511338
vn -0.189600 -0.839164 -0.509760
vn -0.326617 -0.808580 -0.489408
vn -0.526951 -0.591900 -0.609899
vn -0.678874 -0.324054 -0.658877
vn -0.719364 -0.113969 -0.685220
vn -0.736661 0.044902 -0.674770
vn -0.727937 0.182857 -0.660811
vn -0.704208 0.274841 -0.654640
vn -0.667108 0.372059 -0.645398
vn -0.619811 0.435247 -0.652989
vn -0.531645 0.585154 -0.612330
vn -0.352098 0.810685 -0.467779
vn -0.197582 0.845956 -0.495297
vn -0.094326 0.859354 -0.502606
vn -0.275816 0.553159 -0.786092
vn -0.122982 0.592087 -0.796435
vn -0.153450 0.362042 -0.919445
vn -0.332676 0.377169 -0.864332
vn -0.302261 -0.281477 -0.910719
vn -0.254630 -0.543763 -0.799678
vn -0.323268 -0.137151 -0.936316
vn -0.341988 -0.019716 -0.939498
vn -0.359585 0.118280 -0.925586
vn -0.359337 0.220006 -0.906904
vn -0.351223 0.307792 -0.884255
vn -0.122972 -0.160714 -0.979311
vn -0.115337 -0.278984 -0.953344
vn -0.135267 -0.081459 -0.987455
vn -0.150712 0.054774 -0.987059
vn -0.157192 0.178827 -0.971242
vn -0.157596 0.272431 -0.949181
vn -0.114100 -0.539905 -0.833957
vn -0.799436 0.584258 -0.139802
vn -0.117734 0.993045 0.000917
vn -0.492334 0.614980 -0.615961
vn 0.533583 0.736426 -0.415891
vn 0.059991 0.686696 -0.724465
vn 0.640684 0.754740 0.141040
vn -0.218743 0.652307 0.725705
vn 0.335017 0.711930 0.617187
vn -0.690901 0.590480 0.417120
vn 0.099134 0.539733 -0.835979
vn 0.217068 -0.307380 -0.926498
vn 0.800756 -0.283308 -0.527756
vn 0.642217 0.592096 -0.486806
vn 0.956826 -0.225128 0.183852
vn 0.773994 0.615194 0.149902
vn -0.531449 0.453159 -0.715688
vn -0.462115 -0.432808 -0.774033
vn -0.891437 0.418040 -0.174878
vn -0.879655 -0.442529 -0.174284
vn 0.576918 -0.304162 0.758057
vn 0.428043 0.570033 0.701314
vn -0.773977 0.427740 0.466903
vn -0.732426 -0.459162 0.502715
vn 0.221275 -0.416746 -0.881680
vn 0.791457 -0.346097 -0.503799
vn 0.927052 -0.334044 0.170265
vn -0.117501 -0.458541 0.880871
vn -0.688481 -0.522485 0.502994
vn -0.823279 -0.541245 -0.171075
vn -0.222412 0.500061 0.836942
vn -0.138975 -0.351305 0.925889
vn 0.551464 -0.375705 0.744804
vn -0.448490 -0.492878 -0.745606
vn 0.216682 -0.685727 -0.694858
vn 0.117734 -0.993045 -0.000919
vn -0.606144 -0.783798 -0.135092
vn -0.385968 -0.626528 -0.677120
vn -0.974952 -0.115412 -0.190131
vn -0.555963 -0.065147 -0.828650
vn 0.188702 0.023280 -0.981758
vn -0.050181 -0.718651 0.693558
vn -0.603861 -0.653410 0.456517
vn 0.739808 -0.493261 -0.457578
vn 0.772645 -0.620580 0.133791
vn 0.521916 -0.520141 0.676060
vn -0.822827 -0.098071 0.559767
vn -0.880511 0.448235 -0.154226
vn -0.546351 0.405408 -0.732902
vn -0.782054 0.380339 0.493695
vn -0.188701 -0.023280 0.981759
vn 0.822827 0.098070 -0.559765
vn 0.974952 0.115412 0.190130
vn 0.093465 0.563101 -0.821086
vn 0.672774 0.549726 -0.495154
vn 0.555963 0.065147 0.828650
vn -0.222366 0.524136 0.822092
vn 0.436055 0.524536 0.731244
vn 0.749698 0.641216 0.163691
vn 0.129291 0.014413 0.991502
vn 0.129291 0.014413 0.991502
vn 0.129291 0.014413 0.991502
vn 0.129291 0.014413 0.991502
vn -0.487327 -0.058582 0.871252
vn -0.487327 -0.058582 0.871252
vn -0.984594 -0.116844 0.130088
vn -0.984594 -0.116844 0.130088
vn -0.865249 -0.102119 -0.490832
vn -0.865249 -0.102119 -0.490832
vn -0.129289 -0.014413 -0.991502
vn -0.129289 -0.014413 -0.991502
vn 0.487325 0.058582 -0.871254
vn 0.487325 0.058582 -0.871254
vn 0.984593 0.116844 -0.130090
vn 0.984593 0.116844 -0.130090
vn 0.117740 -0.993044 -0.000927
vn 0.117740 -0.993044 -0.000927
vn -0.117738 0.993044 0.000919
vn -0.117738 0.993044 0.000919
vn -0.117728 0.993046 0.000919
vn 0.117728 -0.993046 -0.000927
vn -0.117739 0.993044 0.000923
vn 0.117743 -0.993044 -0.000917
vn -0.117749 0.993043 0.000910
vn 0.117745 -0.993043 -0.000910
vn -0.117734 0.993045 0.000902
vn 0.117736 -0.993044 -0.000910
vn -0.117729 0.993045 0.000910
vn 0.117726 -0.993046 -0.000902
vn -0.117718 0.993047 0.000915
vn 0.117718 -0.993047 -0.000919
vn -0.118706 -0.090867 0.988763
vn -0.029958 -0.046378 0.998475
vn -0.183736 0.189666 0.964504
vn -0.255396 0.086831 0.962930
vn 0.311498 0.302059 0.900960
vn 0.024429 0.274235 0.961352
vn 0.199470 0.020868 0.979682
vn 0.497832 0.118181 0.859184
vn 0.138901 -0.264213 0.954410
vn 0.013850 -0.251992 0.967630
vn 0.382547 -0.165385 0.909014
vn 0.603116 -0.009561 0.797596
vn 0.555961 -0.417034 0.719020
vn 0.694964 -0.258688 0.670899
vn 0.485671 -0.481346 0.729678
vn -0.066200 -0.533483 0.843216
vn -0.251155 -0.511904 0.821508
vn -0.554994 -0.032224 0.831230
vn -0.409496 0.422368 0.808652
vn -0.189739 0.559004 0.807164
vn 0.020165 0.617484 0.786325
vn 0.203688 -0.467381 0.860271
vn -0.056634 -0.011930 0.998324
vn -0.687222 -0.239487 0.685837
vn -0.387236 -0.608107 0.693003
vn -0.689931 -0.131555 0.711820
vn -0.724755 -0.110000 0.680169
vn -0.168755 0.166990 0.971409
vn -0.317507 0.207719 0.925225
vn 0.778457 0.312371 0.544452
vn 0.714672 0.384654 0.584196
vn 0.591342 0.349464 0.726766
vn 0.707699 -0.009448 0.706451
vn 0.548385 0.508908 0.663540
vn 0.497195 0.458030 0.736890
vn 0.346382 0.549863 0.760047
vn 0.409765 0.575528 0.707715
vn -0.714125 -0.170401 0.678962
vn -0.790084 -0.167276 0.589734
vn -0.814269 -0.308509 0.491719
vn -0.743043 -0.471248 0.475197
vn 0.309217 -0.678326 0.666527
vn 0.314418 -0.690498 0.651425
vn 0.544779 -0.386493 0.744204
vn 0.386455 -0.320612 0.864789
vn -0.042241 -0.667768 0.743170
vn -0.777194 -0.503648 0.377238
vn -0.660696 -0.444349 0.605009
vn -0.295134 0.042928 0.954491
vn -0.443916 0.033572 0.895439
vn -0.069564 -0.079777 0.994383
vn -0.448030 -0.535460 0.715927
vn 0.645047 -0.170520 0.744874
vn 0.483069 0.223727 0.846517
vn 0.188124 0.794474 0.577425
vn 0.054659 0.621208 0.781737
vn 0.201264 0.461284 0.864124
vn 0.320965 0.717324 0.618407
vn -0.093745 0.597642 0.796264
vn 0.068753 0.841145 0.536421
vn -0.772902 -0.630544 0.070967
vn -0.767757 -0.618514 0.167302
vn -0.621158 -0.691144 0.369435
vn -0.762191 0.255127 0.594958
vn -0.696527 -0.284101 0.658891
vn -0.632287 -0.198086 0.748983
vn -0.581496 0.313577 0.750688
vn -0.340507 0.860155 0.379722
vn -0.545190 0.686371 0.481313
vn -0.332048 0.634980 0.697528
vn -0.196609 0.849773 0.489112
vn 0.436616 -0.521446 0.733117
vn -0.087120 -0.490422 0.867120
vn -0.126803 -0.740201 0.660321
vn 0.530346 -0.566533 0.630693
vn 0.663191 0.103354 0.741280
vn 0.210168 0.356057 0.910523
vn -0.008831 0.009031 0.999920
vn 0.564061 -0.166926 0.808684
vn 0.395253 0.570044 0.720295
vn 0.689849 0.269900 0.671760
vn 0.732990 -0.267281 0.625529
vn 0.765602 -0.001417 0.643313
vn 0.740219 0.193574 0.643898
vn -0.010789 -0.473215 0.880881
vn 0.026352 0.049138 0.998444
vn -0.535607 0.077038 0.840946
vn -0.565505 -0.331054 0.755386
vn -0.470845 0.615413 0.632117
vn -0.467067 0.450721 0.760723
vn -0.043876 0.374731 0.926095
vn -0.158484 0.590607 0.791244
vn 0.686114 -0.208701 0.696916
vn 0.720045 -0.081648 0.689107
vn 0.545110 0.022981 0.838049
vn 0.443471 -0.403782 0.800184
vn 0.751802 0.210321 0.624948
vn 0.527118 0.324387 0.785442
vn 0.489302 0.544044 0.681615
vn 0.720069 0.474425 0.506382
vn -0.578561 0.611426 0.539838
vn -0.653154 0.382892 0.653287
vn -0.756508 0.040038 0.652758
vn -0.789151 -0.136192 0.598909
vn -0.032857 -0.790789 0.611206
vn -0.577349 -0.577351 -0.577350
vn 0.000000 -0.707108 -0.707106
vn 0.000000 -1.000000 0.000000
vn -0.707106 -0.707107 0.000000
vn 0.577350 -0.577350 -0.577351
vn 0.707106 -0.707108 0.000000
vn 0.577349 -0.577352 0.577350
vn 0.000000 -0.707108 0.707106
vn -0.577350 -0.577351 0.577350
vn 0.000000 0.000000 1.000000
vn -0.707106 0.000000 0.707107
vn 0.707107 0.000000 0.707106
vn 0.577350 0.577351 0.577350
vn 0.000000 0.707106 0.707108
vn -0.577349 0.577350 0.577351
vn 0.000000 1.000000 0.000000
vn -0.707108 0.707106 0.000000
vn 0.707108 0.707105 0.000000
vn 0.577350 0.577350 -0.577350
vn 0.000000 0.707106 -0.707107
vn -0.577349 0.577351 -0.577351
vn 0.000000 0.000000 -1.000000
vn -0.707107 0.000000 -0.707107
vn 0.707107 0.000000 -0.707106
vn 1.000000 -0.000001 0.000000
vn -1.000000 0.000000 0.000000
vn 0.382684 0.000000 -0.923879
vn 0.382684 0.000000 -0.923879
vn 0.382666 -0.009700 -0.923836
vn 0.382666 -0.009700 -0.923836
vn -0.382684 0.000000 -0.923879
vn -0.382666 -0.009700 -0.923836
vn -0.923880 0.000000 -0.382683
vn -0.923836 -0.009700 -0.382665
vn -0.923880 0.000000 0.382683
vn -0.923836 -0.009700 0.382665
vn -0.382683 0.000000 0.923880
vn -0.382665 -0.009700 0.923836
vn 0.382683 0.000000 0.923880
vn 0.382666 -0.009700 0.923836
vn 0.923880 0.000000 0.382683
vn 0.923836 -0.009700 0.382665
vn 0.382685 0.000000 -0.923879
vn 0.382685 0.000000 -0.923879
vn -0.382684 -0.000001 -0.923879
vn -0.923880 0.000000 -0.382682
vn -0.923880 0.000000 0.382682
vn -0.382684 -0.000001 0.923879
vn 0.382685 0.000000 0.923879
vn 0.923879 0.000000 0.382684
vn -0.382684 0.000001 0.923879
vn -0.382684 0.000001 0.923879
vn -0.382684 0.000001 0.923879
vn -0.382684 0.000001 0.923879
vn -0.923880 0.000000 0.382682
vn -0.923880 0.000000 0.382682
vn -0.923880 0.000000 -0.382682
vn -0.923880 0.000000 -0.382683
vn -0.382684 0.000000 -0.923879
vn -0.382684 -0.000001 -0.923879
vn 0.382685 0.000000 -0.923879
vn 0.382685 -0.000001 -0.923879
vn 0.923879 0.000000 -0.382685
vn 0.923879 0.000000 -0.382686
vn 0.923879 0.000000 0.382686
vn 0.923879 0.000000 0.382686
vn -0.320743 0.545455 0.774340
vn -0.320743 0.545455 0.774340
vn -0.774338 0.545460 0.320738
vn -0.774339 0.545458 -0.320740
vn -0.320744 0.545450 -0.774343
vn 0.320743 0.545458 -0.774338
vn 0.774347 0.545442 -0.320748
vn 0.774341 0.545453 0.320744
vn 0.105810 -0.988183 0.110903
vn -0.006801 -0.993900 0.110077
vn 0.238649 -0.957957 -0.159264
vn 0.493489 -0.865008 -0.090720
vn -0.068223 -0.986202 0.150834
vn 0.053098 -0.989149 -0.136985
vn -0.089466 -0.977058 0.193269
vn -0.070308 -0.993272 -0.092023
vn -0.085495 -0.968332 0.234571
vn -0.162461 -0.985916 -0.039705
vn -0.048845 -0.960266 0.274778
vn -0.239914 -0.970500 0.023913
vn 0.042544 -0.956902 0.287277
vn -0.295571 -0.949143 0.108467
vn 0.130144 -0.981346 0.141499
vn -0.310963 -0.939240 0.145360
vn 0.110193 -0.988362 -0.104869
vn -0.277324 -0.955968 0.096003
vn 0.037672 -0.972631 -0.229280
vn -0.194367 -0.979078 0.060239
vn -0.038973 -0.983365 -0.177409
vn -0.116235 -0.980463 0.158690
vn -0.098141 -0.995082 -0.013449
vn -0.061905 -0.943355 0.325958
vn -0.087658 -0.990666 0.104385
vn 0.033018 -0.912589 0.407542
vn 0.003844 -0.987504 0.157549
vn 0.234492 -0.871742 0.430209
vn 0.133439 -0.982999 0.126126
vn 0.513505 -0.792759 0.328399
vn 0.190941 -0.976547 0.099485
vn 0.666083 -0.740447 0.089848
vn 0.733592 -0.434368 -0.522654
vn 0.475702 -0.837284 -0.269561
vn 0.800075 0.218843 -0.558559
vn 0.419204 -0.682220 -0.599036
vn 0.419204 -0.682220 -0.599036
vn 0.419204 -0.682220 -0.599036
vn 0.148065 -0.597055 -0.788418
vn 0.148065 -0.597055 -0.788417
vn -0.179344 -0.451521 -0.874051
vn -0.179344 -0.451521 -0.874051
vn -0.521374 -0.250793 -0.815642
vn -0.521374 -0.250793 -0.815642
vn -0.803245 -0.030371 -0.594873
vn -0.803245 -0.030371 -0.594873
vn -0.956337 0.155318 -0.247579
vn -0.956337 0.155318 -0.247579
vn -0.955321 0.243125 0.168084
vn -0.955321 0.243125 0.168084
vn -0.813502 0.155172 0.560479
vn -0.813502 0.155172 0.560479
vn -0.523712 -0.017914 0.851707
vn -0.523712 -0.017914 0.851707
vn -0.173426 -0.178487 0.968538
vn -0.173426 -0.178487 0.968538
vn 0.153817 -0.292470 0.943823
vn 0.153817 -0.292470 0.943823
vn 0.439655 -0.381517 0.813110
vn 0.439655 -0.381517 0.813110
vn 0.548462 -0.609490 0.572462
vn 0.774969 -0.125212 0.619471
vn 0.338908 0.899208 -0.276708
vn 0.465916 0.718500 -0.516411
vn 0.441410 0.761465 -0.474687
vn 0.303273 0.758462 -0.576854
vn 0.143970 0.761641 -0.631804
vn -0.015632 0.783385 -0.621340
vn -0.151771 0.818842 -0.553592
vn -0.250386 0.860663 -0.443358
vn -0.305980 0.902423 -0.303329
vn -0.323458 0.940753 -0.101781
vn -0.298932 0.951129 0.077414
vn -0.196230 0.942548 0.270364
vn -0.009214 0.909351 0.415928
vn 0.212118 0.869049 0.446944
vn 0.397205 0.845891 0.355945
vn 0.365749 0.917863 -0.154126
vn 0.503853 0.850796 0.149257
vn 0.416168 0.905398 -0.084018
vn 0.541718 0.840080 -0.028404
vn 0.663477 -0.659076 -0.354142
vn 0.720182 -0.558898 -0.411062
vn 0.455867 -0.629735 -0.628982
vn 0.172508 -0.521040 -0.835918
vn -0.164744 -0.318576 -0.933471
vn -0.495685 -0.042727 -0.867451
vn -0.730208 0.237810 -0.640502
vn -0.829824 0.456666 -0.320700
vn -0.797121 0.603648 -0.014376
vn -0.849397 -0.072352 0.522771
vn -0.690025 0.663556 0.289065
vn -0.563290 -0.167947 0.809011
vn -0.443473 0.654512 0.612328
vn -0.229879 -0.249427 0.940713
vn -0.078876 0.511882 0.855427
vn 0.163780 -0.264767 0.950302
vn 0.309664 0.275315 0.910115
vn 0.482404 -0.335237 0.809261
vn 0.601900 0.011365 0.798490
vn 0.771606 -0.289590 0.566359
vn 0.825491 -0.498282 0.265102
vn 0.455522 -0.854303 -0.250333
vn 0.455522 -0.854303 -0.250333
vn 0.455522 -0.854303 -0.250333
vn 0.455522 -0.854303 -0.250333
vn 0.289936 -0.792315 -0.536819
vn 0.289936 -0.792315 -0.536819
vn 0.054822 -0.634716 -0.770798
vn 0.054822 -0.634716 -0.770798
vn -0.204468 -0.448771 -0.869941
vn -0.204468 -0.448771 -0.869941
vn -0.517148 -0.191769 -0.834136
vn -0.517148 -0.191769 -0.834136
vn -0.759498 0.123659 -0.638649
vn -0.759497 0.123659 -0.638649
vn -0.850609 0.408799 -0.330678
vn -0.850609 0.408799 -0.330678
vn -0.821353 0.568320 -0.048896
vn -0.821354 0.568320 -0.048896
vn -0.737255 0.630163 0.243620
vn -0.737255 0.630163 0.243620
vn -0.603517 0.526277 0.598999
vn -0.603517 0.526277 0.598999
vn -0.197441 0.852630 0.483776
vn -0.314383 0.144043 0.938304
vn 0.079278 -0.367778 0.926528
vn 0.322944 -0.484437 0.813036
vn 0.322944 -0.484437 0.813036
vn 0.322944 -0.484437 0.813036
vn 0.484599 -0.635817 0.600750
vn 0.484599 -0.635817 0.600750
vn 0.558980 -0.753277 0.346576
vn 0.558980 -0.753277 0.346576
vn 0.123105 0.903861 0.409732
vn 0.050746 0.828535 0.557633
vn -0.189027 0.940395 0.282713
vn -0.304148 0.952455 0.017971
vn -0.329922 0.924937 -0.188796
vn -0.302566 0.879620 -0.367045
vn -0.217963 0.813656 -0.538940
vn -0.087535 0.736261 -0.671012
vn 0.083167 0.638048 -0.765492
vn 0.298056 0.497718 -0.814518
vn 0.567454 0.263896 -0.779971
vn 0.830552 -0.091698 -0.549340
vn 0.927805 -0.351553 -0.124853
vn 0.927142 -0.288073 0.239629
vn 0.854820 -0.003340 0.518914
vn 0.654933 0.317764 0.685630
vn 0.124662 0.861661 0.491935
vn 0.165030 0.925613 0.340596
vn -0.035531 0.990204 0.135033
vn -0.153320 0.986255 -0.061598
vn -0.197873 0.953487 -0.227398
vn -0.195832 0.907038 -0.372735
vn -0.155299 0.825535 -0.542562
vn -0.068164 0.706585 -0.704337
vn 0.077794 0.510017 -0.856639
vn 0.295587 0.156575 -0.942397
vn 0.519851 -0.354650 -0.777160
vn 0.621280 -0.689350 -0.372569
vn 0.715124 -0.698950 -0.008171
vn 0.821901 -0.488989 0.292178
vn 0.845151 -0.051058 0.532084
vn 0.677394 0.432672 0.594922
vn 0.047947 0.696265 0.716182
vn 0.581902 -0.744167 -0.328032
vn 0.581902 -0.744167 -0.328032
vn 0.443256 -0.597875 -0.667885
vn 0.221465 -0.471951 -0.853355
vn -0.048969 -0.286990 -0.956681
vn -0.313640 0.070237 -0.946941
vn -0.503388 0.416032 -0.757310
vn -0.581945 0.667171 -0.464999
vn -0.553433 0.814208 -0.175434
vn -0.449153 0.891495 0.059144
vn -0.277105 0.918555 0.281904
vn -0.032749 0.849758 0.526155
vn -0.032749 0.849758 0.526155
vn 0.290228 0.423520 0.858137
vn 0.514680 -0.230890 0.825708
vn 0.616473 -0.507746 0.601793
vn 0.652362 -0.675173 0.344333
vn 0.812327 -0.369262 -0.451409
vn 0.812327 -0.369262 -0.451409
vn 0.621186 -0.289421 -0.728260
vn 0.448073 -0.119059 -0.886034
vn 0.231315 0.206202 -0.950776
vn 0.057854 0.490075 -0.869758
vn -0.049596 0.697188 -0.715170
vn -0.100226 0.846487 -0.522890
vn -0.096807 0.952605 -0.288396
vn -0.044498 0.992178 -0.116632
vn 0.056582 0.997011 0.052613
vn 0.211096 0.954361 0.211265
vn 0.426083 0.835972 0.345840
vn 0.742118 0.499407 0.447051
vn 0.909421 0.131004 0.394704
vn 0.967589 -0.155084 0.199298
vn 0.844286 -0.316575 -0.432390
vn 0.844286 -0.316575 -0.432390
vn 0.597187 -0.459488 -0.657448
vn 0.259601 -0.515432 -0.816662
vn -0.131468 -0.459680 -0.878300
vn -0.509338 -0.285265 -0.811911
vn -0.788802 -0.026972 -0.614055
vn -0.913131 0.245090 -0.325765
vn -0.887901 0.458731 -0.034617
vn -0.765214 0.610259 0.205016
vn -0.528599 0.734091 0.426255
vn -0.158200 0.793678 0.587408
vn 0.288144 0.730537 0.619103
vn 0.665063 0.549521 0.505686
vn 0.891905 0.326415 0.312983
vn 0.988568 0.114396 0.098215
vn 0.829228 -0.398510 -0.391881
vn 0.829228 -0.398510 -0.391881
vn 0.565867 -0.533140 -0.628933
vn 0.204457 -0.573017 -0.793630
vn -0.204471 -0.497609 -0.842957
vn -0.574309 -0.316768 -0.754869
vn -0.827301 -0.078942 -0.556185
vn -0.939884 0.163014 -0.300073
vn -0.925683 0.376654 -0.035248
vn -0.818691 0.542549 0.188111
vn -0.595669 0.690876 0.409718
vn -0.226050 0.774222 0.591170
vn 0.240868 0.718462 0.652529
vn 0.646145 0.521433 0.557319
vn 0.889431 0.272463 0.366983
vn 0.988573 0.037691 0.145954
vn 0.833938 -0.378287 -0.401805
vn 0.833938 -0.378287 -0.401805
vn 0.566493 -0.514805 -0.643476
vn 0.201233 -0.555055 -0.807106
vn -0.203598 -0.484299 -0.850883
vn -0.564097 -0.317581 -0.762192
vn -0.814279 -0.096663 -0.572369
vn -0.933985 0.138455 -0.329398
vn -0.926133 0.372688 -0.058153
vn -0.815746 0.554039 0.166130
vn -0.586173 0.712612 0.385469
vn -0.218011 0.798039 0.561787
vn 0.234867 0.744616 0.624807
vn 0.631498 0.554136 0.542351
vn 0.879732 0.307173 0.362928
vn 0.987345 0.067715 0.143405
vn 0.830336 -0.218773 -0.512524
vn 0.830336 -0.218773 -0.512524
vn 0.572065 -0.352224 -0.740730
vn 0.227748 -0.397172 -0.889036
vn -0.146471 -0.343876 -0.927521
vn -0.484564 -0.203437 -0.850771
vn -0.734214 -0.002998 -0.678911
vn -0.866887 0.226483 -0.444086
vn -0.863556 0.483906 -0.141795
vn -0.744750 0.661965 0.084555
vn -0.510868 0.809110 0.290440
vn -0.160433 0.882625 0.441854
vn 0.250754 0.835220 0.489417
vn 0.613608 0.671711 0.415078
vn 0.855468 0.452125 0.252502
vn 0.972357 0.229503 0.043024
vn 0.556170 -0.403321 0.726641
vn 0.851829 -0.252411 0.458994
vn 0.889553 -0.094960 0.446853
vn 0.239439 -0.518365 0.820955
vn -0.018603 -0.585890 0.810177
vn -0.300891 -0.404644 0.863555
vn -0.512788 -0.453441 0.728999
vn -0.666680 -0.735403 0.121330
vn -0.636115 -0.710295 0.301393
vn -0.584175 -0.806068 -0.094836
vn -0.433624 -0.855085 -0.284252
vn -0.247726 -0.873390 -0.419310
vn -0.031392 -0.857739 -0.513126
vn 0.229037 -0.796989 -0.558884
vn 0.550354 -0.653491 -0.519674
vn 0.851875 -0.415753 -0.318527
vn 0.891500 -0.266851 -0.366085
vn 0.975206 -0.216988 0.043470
vn 0.994708 -0.102650 0.004418
vn -0.362910 0.142124 0.920922
vn -0.629415 -0.395524 0.668877
vn -0.391969 -0.189082 0.900338
vn -0.460469 -0.778306 0.426858
vn -0.208050 -0.823120 0.528383
vn -0.862695 -0.046484 0.503584
vn -0.635526 0.119510 0.762774
vn -0.219018 0.258833 0.940764
vn 0.251871 0.179674 0.950936
vn 0.582507 -0.226793 0.780545
vn -0.602140 -0.238083 0.762065
vn -0.207417 -0.320831 0.924146
vn 0.131187 -0.452135 0.882249
vn 0.405768 -0.892490 0.197011
vn 0.307859 -0.945081 0.109752
vn 0.979842 -0.116101 0.162575
vn 0.976283 -0.061980 0.207437
vn 0.977459 -0.051730 0.204692
vn 0.534948 0.790198 0.299027
vn 0.819577 0.569553 0.062476
vn 0.810764 0.516605 -0.275283
vn -0.065224 0.168537 0.983535
vn -0.065224 0.168537 0.983535
vn -0.065224 0.168537 0.983535
vn -0.065224 0.168537 0.983535
vn 0.065224 0.168537 0.983535
vn 0.065224 0.168537 0.983535
vn 0.638069 -0.085597 0.765206
vn 0.692265 -0.122339 0.711198
vn 0.708008 0.021071 0.705890
vn 0.758215 -0.110594 0.642557
vn 0.879337 0.000001 0.476200
vn 0.812002 0.137286 0.567279
vn 0.674099 0.209295 0.708369
vn 0.590581 0.119129 0.798137
vn 0.595789 -0.005374 0.803123
vn -0.658214 0.062107 -0.750265
vn -0.699568 -0.014143 -0.714426
vn -0.697449 0.081935 -0.711935
vn -0.740511 0.066736 -0.668723
vn -0.806986 0.000000 -0.590571
vn -0.772831 -0.074620 -0.630210
vn -0.692188 -0.139888 -0.708030
vn -0.622461 -0.090160 -0.777440
vn -0.624079 0.004727 -0.781347
vn -0.402023 0.251990 0.880272
vn -0.266318 0.253493 0.929955
vn -0.199485 0.251570 0.947058
vn -0.371572 0.248491 0.894531
vn -0.217033 0.267492 0.938800
vn -0.142887 0.264286 0.953801
vn -0.000046 0.000233 1.000000
vn 0.000017 0.149127 0.988818
vn -0.088073 0.137831 0.986532
vn -0.126017 -0.023635 0.991747
vn -0.289544 0.107968 0.951056
vn -0.361831 -0.062605 0.930139
vn -0.006022 -0.340591 -0.940192
vn -0.184813 0.270929 -0.944691
vn -0.385902 0.284036 -0.877726
vn -0.112569 -0.360904 -0.925784
vn -0.365133 -0.369613 -0.854438
vn -0.183149 -0.345119 -0.920516
vn -0.921739 0.336489 0.192802
vn -0.907790 0.350524 -0.230328
vn -0.915360 0.327477 -0.234253
vn -0.922421 0.331845 0.197530
vn -0.079561 0.676551 0.732086
vn 0.000000 0.672907 0.739727
vn 0.000000 0.753985 0.656892
vn -0.130820 0.826888 0.546940
vn -0.198282 0.846821 0.493537
vn -0.219422 0.960515 0.171068
vn -0.216294 0.960864 0.173081
vn -0.708549 0.303220 -0.637194
vn -0.695132 0.356259 -0.624397
vn -0.696058 0.296847 0.653747
vn -0.700370 0.296041 0.649494
vn -0.664016 0.047591 0.746202
vn -0.729032 -0.087322 0.678887
vn 0.000000 0.657084 -0.753817
vn -0.121713 0.759268 -0.639295
vn -0.051761 -0.065707 -0.996496
vn -0.044120 0.464397 -0.884527
vn 0.000000 0.465693 -0.884946
vn 0.000034 -0.044712 -0.999000
vn -0.988176 -0.145250 0.049102
vn -0.924949 -0.277717 -0.259504
vn -0.536575 -0.356535 -0.764833
vn -0.979087 -0.190834 -0.070505
vn -0.081149 -0.377542 -0.922430
vn -0.003161 -0.359696 -0.933064
vn -0.542293 0.253203 0.801128
vn -0.455487 0.215561 0.863751
vn -0.238523 0.365555 0.899709
vn -0.226936 0.389255 0.892738
vn -0.063376 0.415873 0.907212
vn -0.080658 0.438128 0.895287
vn -0.033674 0.435842 0.899393
vn 0.000000 0.429668 0.902987
vn -0.186670 0.689856 0.699466
vn -0.352373 0.613828 0.706433
vn -0.323366 0.945707 0.032766
vn -0.302211 0.832332 0.464642
vn -0.286393 0.755265 -0.589537
vn -0.341283 -0.435505 -0.832984
vn -0.251013 -0.159951 -0.954677
vn -0.255302 0.376260 -0.890645
vn -0.900489 -0.068933 0.429381
vn -0.523483 0.494241 0.694040
vn -0.807472 -0.245099 0.536578
vn -0.980335 -0.150584 0.127548
vn -0.884053 -0.446761 -0.137314
vn -0.532415 -0.506691 -0.678084
vn -0.407715 -0.323006 -0.854070
vn -0.527037 0.073656 -0.846645
vn -0.639469 0.550927 -0.536245
vn -0.722851 0.688023 -0.064114
vn -0.615008 0.688487 0.384383
vn -0.462876 0.587819 0.663486
vn -0.605236 0.469030 0.643195
vn -0.786519 -0.074699 0.613032
vn -0.924604 -0.116331 0.362731
vn -0.133723 0.008239 -0.990984
vn -0.575549 0.462045 -0.674727
vn 0.259636 -0.384543 -0.885842
vn -0.774941 0.625126 -0.093187
vn -0.376273 0.524042 0.764067
vn 0.562871 0.116086 0.818352
vn -0.736729 0.592326 0.326160
vn 0.804126 -0.180381 0.566431
vn 0.873848 -0.427489 0.231611
vn 0.707376 -0.603535 -0.367920
vn 0.501368 -0.543600 -0.673149
vn 0.762063 0.176946 0.622856
vn 0.250605 0.836097 0.487994
vn 0.672032 0.719311 0.175970
vn 0.895689 0.127598 0.425981
vn 0.781000 -0.264117 0.565934
vn 0.850494 -0.231054 0.472518
vn 0.757237 -0.535872 0.373408
vn 0.762272 -0.490326 0.422518
vn 0.290455 -0.916615 -0.274688
vn -0.033288 -0.997503 -0.062292
vn -0.033075 -0.792693 -0.608723
vn -0.574165 -0.734781 -0.361152
vn -0.238482 -0.606911 -0.758146
vn -0.784605 -0.431759 -0.444949
vn -0.578587 -0.167557 -0.798224
vn -0.885653 -0.063268 -0.460017
vn -0.716529 0.345023 -0.606255
vn -0.846043 0.300416 -0.440411
vn -0.628985 0.749675 -0.205827
vn -0.586917 0.723268 -0.363884
vn -0.344135 0.927137 0.148285
vn 0.035418 0.987081 -0.156260
vn -0.775559 -0.472356 -0.418793
vn -0.892667 -0.071144 -0.445067
vn -0.839071 0.327998 -0.434024
vn -0.512843 0.778992 -0.360781
vn 0.185076 0.974967 -0.123231
vn 0.730298 0.653098 0.200319
vn 0.899768 0.117542 0.420239
vn 0.854143 -0.225086 0.468803
vn 0.772488 -0.469264 0.427848
vn 0.098868 -0.994649 0.029969
vn -0.538987 -0.779296 -0.319673
vn -0.079087 -0.208747 0.974767
vn -0.135971 -0.257563 0.956647
vn -0.331907 -0.346448 0.877389
vn -0.660728 -0.408450 0.629768
vn -0.889538 -0.400581 0.219674
vn -0.903120 -0.381920 -0.196241
vn -0.694101 -0.399058 -0.599146
vn -0.105514 -0.195413 0.975029
vn -0.053939 -0.164008 0.984983
vn -0.322131 -0.231459 0.917964
vn -0.692763 -0.231406 0.683031
vn -0.962907 -0.159451 0.217683
vn -0.964079 0.047086 -0.261410
vn -0.788330 -0.036559 -0.614166
vn -0.391336 -0.123214 -0.911962
vn -0.135059 -0.138837 -0.981062
vn -0.186860 0.150530 -0.970785
vn 0.000051 0.017063 -0.999855
vn -0.185002 -0.036295 -0.982068
vn -0.395695 0.169510 -0.902603
vn -0.627108 -0.175748 -0.758846
vn -0.722154 0.206969 -0.660044
vn -0.937215 0.251308 -0.241811
vn -0.947431 0.204015 -0.246479
vn -0.941074 0.258285 0.218331
vn -0.967099 -0.252827 0.028250
vn -0.776252 -0.206420 0.595671
vn -0.695359 0.213235 0.686299
vn -0.453941 -0.122165 0.882617
vn -0.431497 0.171413 0.885679
vn -0.234728 -0.078268 0.968905
vn -0.339202 0.176871 0.923937
vn -0.000005 -0.061740 0.998092
vn -0.314192 0.192862 0.929563
vn 0.402023 0.251990 0.880272
vn 0.371572 0.248491 0.894531
vn 0.199485 0.251570 0.947058
vn 0.266317 0.253493 0.929955
vn 0.217033 0.267492 0.938800
vn 0.126017 -0.023635 0.991747
vn 0.088073 0.137831 0.986532
vn 0.361831 -0.062605 0.930139
vn 0.289544 0.107968 0.951056
vn 0.112569 -0.360904 -0.925784
vn 0.385902 0.284036 -0.877726
vn 0.921739 0.336489 0.192802
vn 0.922421 0.331845 0.197530
vn 0.915360 0.327477 -0.234252
vn 0.907790 0.350524 -0.230328
vn 0.079561 0.676551 0.732086
vn 0.130820 0.826888 0.546940
vn 0.198282 0.846821 0.493537
vn 0.216294 0.960864 0.173081
vn 0.219422 0.960515 0.171068
vn 0.695132 0.356259 -0.624397
vn 0.708549 0.303220 -0.637194
vn 0.696058 0.296847 0.653747
vn 0.700370 0.296041 0.649494
vn 0.729032 -0.087322 0.678887
vn 0.664016 0.047591 0.746202
vn 0.121713 0.759268 -0.639295
vn 0.000000 0.657084 -0.753817
vn 0.051761 -0.065707 -0.996496
vn 0.044120 0.464397 -0.884527
vn 0.988176 -0.145250 0.049102
vn 0.979087 -0.190834 -0.070505
vn 0.536575 -0.356535 -0.764833
vn 0.924949 -0.277717 -0.259504
vn 0.081149 -0.377542 -0.922430
vn 0.542293 0.253203 0.801128
vn 0.226936 0.389255 0.892738
vn 0.238523 0.365554 0.899709
vn 0.509159 0.236145 0.827643
vn 0.063376 0.415872 0.907212
vn 0.080658 0.438128 0.895287
vn 0.186670 0.689856 0.699466
vn 0.352373 0.613828 0.706433
vn 0.323366 0.945707 0.032766
vn 0.302211 0.832332 0.464642
vn 0.286393 0.755265 -0.589537
vn 0.341283 -0.435505 -0.832984
vn 0.251013 -0.159951 -0.954677
vn 0.255302 0.376260 -0.890645
vn 0.900489 -0.068933 0.429381
vn 0.501397 0.220402 0.836675
vn 0.980335 -0.150584 0.127548
vn 0.807472 -0.245099 0.536578
vn 0.884053 -0.446761 -0.137314
vn 0.532415 -0.506691 -0.678084
vn 0.407715 -0.323006 -0.854070
vn 0.527037 0.073656 -0.846645
vn 0.639469 0.550927 -0.536245
vn 0.722851 0.688023 -0.064114
vn 0.615008 0.688487 0.384383
vn 0.462876 0.587819 0.663486
vn 0.285187 0.128634 0.949801
vn 0.923320 0.150693 0.353231
vn 0.924604 -0.116331 0.362731
vn 0.872176 0.477060 -0.108274
vn 0.684039 0.382302 -0.621237
vn 0.224010 0.181764 -0.957487
vn 0.820632 0.433018 0.372905
vn -0.640849 -0.190038 0.743773
vn 0.102727 0.071006 0.992172
vn 0.600448 0.293429 0.743883
vn -0.919491 -0.288476 0.267054
vn -0.961370 -0.248676 -0.118019
vn -0.251846 0.023090 -0.967492
vn -0.761044 -0.096477 -0.641486
vn -0.670424 -0.236719 0.703204
vn -0.610985 -0.196040 0.766985
vn 0.211307 0.047498 0.976265
vn 0.037139 0.031747 0.998806
vn -0.913221 -0.328595 0.240940
vn -0.924639 -0.276366 0.262040
vn -0.960422 -0.261911 -0.094831
vn -0.956673 -0.290188 -0.023826
vn -0.742635 -0.115549 -0.659653
vn -0.608578 -0.210356 -0.765104
vn -0.266501 0.052288 -0.962415
vn -0.045500 -0.030858 -0.998488
vn 0.231303 0.153503 -0.960696
vn 0.413631 0.119365 -0.902586
vn 0.740661 0.288452 -0.606809
vn 0.801066 0.240211 -0.548263
vn 0.929503 0.355923 -0.096656
vn 0.954258 0.287129 -0.083355
vn 0.861064 0.327985 0.388581
vn 0.898135 0.268353 0.348339
vn 0.598998 0.228813 0.767363
vn 0.668568 0.193197 0.718117
vn 0.769815 0.228983 -0.595778
vn 0.319785 0.084616 -0.943704
vn 0.952943 0.286513 -0.099045
vn 0.886419 0.263921 0.380273
vn 0.617292 0.174723 0.767087
vn 0.072130 0.002737 0.997392
vn -0.688393 -0.217663 0.691909
vn -0.926157 -0.276671 0.256295
vn -0.956851 -0.290339 -0.011778
vn -0.698463 -0.237097 -0.675229
vn -0.132308 -0.066285 -0.988990
vn 0.105514 -0.195413 0.975029
vn 0.322131 -0.231459 0.917964
vn 0.692762 -0.231408 0.683031
vn 0.926497 -0.276262 0.255506
vn 0.932099 -0.296717 -0.207729
vn 0.719758 -0.260099 -0.643659
vn 0.694099 -0.399070 -0.599140
vn 0.903118 -0.381926 -0.196240
vn 0.889537 -0.400584 0.219673
vn 0.660727 -0.408454 0.629766
vn 0.331907 -0.346450 0.877388
vn 0.135971 -0.257563 0.956647
vn 0.339198 -0.164704 -0.926184
vn 0.365131 -0.369620 -0.854436
vn 0.395695 0.169510 -0.902603
vn 0.185002 -0.036295 -0.982068
vn 0.722154 0.206969 -0.660044
vn 0.627108 -0.175748 -0.758846
vn 0.937215 0.251309 -0.241810
vn 0.947432 0.204014 -0.246479
vn 0.941074 0.258286 0.218331
vn 0.967099 -0.252827 0.028250
vn 0.695360 0.213235 0.686299
vn 0.776252 -0.206420 0.595671
vn 0.431497 0.171413 0.885679
vn 0.453941 -0.122165 0.882617
vn 0.339202 0.176871 0.923937
vn 0.234728 -0.078268 0.968905
vn 0.314192 0.192862 0.929563
vn 0.000005 -0.061740 0.998092
vn -0.006872 -0.388660 -0.921356
vn -0.127870 -0.409960 -0.903096
vn -0.390463 -0.187354 -0.901353
vn -0.226138 -0.227570 -0.947140
vn -0.085393 0.218156 0.972171
vn -0.150095 0.206551 0.966855
vn -0.133983 -0.528520 0.838281
vn -0.075153 -0.516067 0.853245
vn -0.370018 0.179751 0.911469
vn -0.337643 -0.534881 0.774532
vn -0.725652 0.170147 0.666693
vn -0.642808 -0.527422 0.555540
vn -0.945571 0.149585 0.288997
vn -0.807337 -0.534964 0.249040
vn -0.968001 0.084019 -0.236463
vn -0.762236 -0.630028 -0.148530
vn -0.755877 -0.026647 -0.654171
vn -0.530201 -0.750402 -0.394695
vn 0.762221 -0.630047 -0.148527
vn 0.530184 -0.750419 -0.394685
vn 0.755877 -0.026659 -0.654171
vn 0.968001 0.084022 -0.236463
vn 0.807331 -0.534973 0.249038
vn 0.945571 0.149586 0.288998
vn 0.642809 -0.527424 0.555537
vn 0.725651 0.170149 0.666693
vn 0.337643 -0.534882 0.774531
vn 0.370017 0.179754 0.911469
vn 0.133983 -0.528519 0.838282
vn 0.150095 0.206552 0.966855
vn 0.390462 -0.187369 -0.901350
vn 0.127870 -0.409960 -0.903096
vn 0.000000 -0.990020 -0.140926
vn -0.091316 -0.980256 -0.175383
vn -0.219067 0.829347 -0.513997
vn 0.000000 0.810624 -0.585566
vn 0.000000 0.810624 -0.585567
vn -0.211863 0.827408 -0.520106
vn 0.000000 0.931551 0.363610
vn -0.057128 0.928706 0.366389
vn -0.057392 0.928679 0.366418
vn 0.000000 0.931551 0.363610
vn -0.098471 -0.794546 0.599166
vn 0.000000 -0.788397 0.615166
vn -0.146628 0.923481 0.354519
vn -0.144614 0.923612 0.355005
vn -0.240052 -0.798906 0.551475
vn -0.305455 0.916870 0.256996
vn -0.294676 0.917546 0.266975
vn -0.462655 -0.793754 0.394848
vn -0.410811 0.906439 0.097995
vn -0.408619 0.906617 0.105241
vn -0.576075 -0.797709 0.178321
vn -0.421888 0.897923 -0.125479
vn -0.420849 0.897289 -0.133265
vn -0.495128 -0.863931 -0.092039
vn -0.363752 0.872795 -0.325443
vn -0.357982 0.870447 -0.337891
vn -0.293014 -0.931557 -0.215278
vn 0.495130 -0.863930 -0.092041
vn 0.293020 -0.931555 -0.215280
vn 0.363754 0.872792 -0.325448
vn 0.421892 0.897921 -0.125481
vn 0.420853 0.897286 -0.133268
vn 0.357983 0.870444 -0.337898
vn 0.576074 -0.797710 0.178320
vn 0.410812 0.906439 0.097994
vn 0.408620 0.906617 0.105241
vn 0.462651 -0.793759 0.394843
vn 0.305455 0.916870 0.256997
vn 0.294675 0.917546 0.266977
vn 0.240051 -0.798909 0.551470
vn 0.146627 0.923480 0.354522
vn 0.144614 0.923610 0.355008
vn 0.098472 -0.794547 0.599165
vn 0.057128 0.928706 0.366391
vn 0.057392 0.928678 0.366420
vn 0.219066 0.829345 -0.514001
vn 0.211864 0.827406 -0.520108
vn 0.091319 -0.980256 -0.175384
vn -0.638069 -0.085597 0.765206
vn -0.708008 0.021071 0.705890
vn -0.692265 -0.122339 0.711198
vn -0.758215 -0.110594 0.642557
vn -0.879337 0.000001 0.476200
vn -0.812002 0.137286 0.567279
vn -0.674099 0.209295 0.708369
vn -0.590581 0.119129 0.798137
vn -0.595789 -0.005374 0.803123
vn -0.522890 0.841631 0.135071
vn -0.522890 0.841631 0.135071
vn 0.162413 0.887235 0.431783
vn 0.162414 -0.887235 0.431783
vn 0.162414 -0.887235 0.431783
vn -0.594851 -0.798972 0.088292
vn -0.921191 -0.382082 -0.073628
vn 0.699568 -0.014143 -0.714426
s 1
g Lake_Believer:Lake_Believer
usemtl Lake_Believer:mofa_BelieverSG
f 1/1/1 8/2/2 13/3/3 11/4/4
f 8/2/2 2/5/5 9/6/6 13/3/3
f 13/7/3 9/8/6 4/9/7 10/10/8
f 11/11/4 13/7/3 10/10/8 3/12/9
f 3/12/9 10/10/8 14/13/10 5/14/11
f 10/10/8 4/9/7 12/15/12 14/13/10
f 15/16/13 6/17/14 2/5/5 8/2/2
f 7/18/15 15/16/13 8/2/2 1/1/1
f 2/5/5 6/17/14 16/19/16 9/6/6
f 9/8/6 16/20/16 12/15/12 4/9/7
f 7/18/15 1/1/1 11/4/4 17/21/17
f 17/22/17 11/11/4 3/12/9 5/14/11
f 19/23/18 18/24/19 26/25/20 27/26/21
f 18/24/19 20/27/22 28/28/23 26/25/20
f 21/29/24 22/30/25 30/31/26 29/32/27
f 23/33/28 21/29/24 29/32/27 31/34/29
f 24/35/30 23/33/28 31/34/29 32/36/31
f 20/27/22 24/35/30 32/36/31 28/28/23
f 22/30/25 25/37/32 33/38/33 30/31/26
f 25/37/32 19/23/18 27/26/21 33/38/33
f 27/26/21 26/25/20 34/39/34 35/40/35
f 26/25/20 28/28/23 36/41/36 34/39/34
f 29/32/27 30/31/26 38/42/37 37/43/38
f 31/34/29 29/32/27 37/43/38 39/44/39
f 32/36/31 31/34/29 39/44/39 40/45/40
f 28/28/23 32/36/31 40/45/40 36/41/36
f 30/31/26 33/38/33 41/46/41 38/42/37
f 33/38/33 27/26/21 35/40/35 41/46/41
f 35/40/35 34/39/34 42/47/42
f 34/39/34 36/41/36 42/47/42
f 37/43/38 38/42/37 42/47/42
f 39/44/39 37/43/38 42/47/42
f 40/45/40 39/44/39 42/47/42
f 36/41/36 40/45/40 42/47/42
f 38/42/37 41/46/41 42/47/42
f 41/46/41 35/40/35 42/47/42
f 43/48/43 44/49/44 57/50/45 58/51/46
f 44/49/44 43/48/43 46/52/47 45/53/48
f 45/53/48 46/52/47 48/54/49 47/55/50
f 47/56/50 48/57/49 50/58/51 49/59/52
f 49/59/52 50/58/51 52/60/53 51/61/54
f 51/61/54 52/60/53 54/62/55 53/63/56
f 53/63/56 54/62/55 56/64/57 55/65/58
f 55/66/58 56/67/57 58/51/46 57/50/45
f 5/14/11 14/13/10 44/49/44 45/53/48
f 14/13/10 12/15/12 57/50/45 44/49/44
f 15/16/13 7/18/15 49/59/52 51/61/54
f 6/17/14 15/16/13 51/61/54 53/63/56
f 16/19/16 6/17/14 53/63/56 55/65/58
f 12/15/12 16/20/16 55/66/58 57/50/45
f 7/18/15 17/21/17 47/56/50 49/59/52
f 17/22/17 5/14/11 45/53/48 47/55/50
f 46/52/47 43/48/43 18/68/19 19/69/18
f 48/54/49 46/52/47 19/69/18 25/70/32
f 50/58/51 48/57/49 25/71/32 22/72/25
f 52/60/53 50/58/51 22/72/25 21/73/24
f 54/62/55 52/60/53 21/73/24 23/74/28
f 56/64/57 54/62/55 23/74/28 24/75/30
f 58/51/46 56/67/57 24/76/30 20/77/22
f 43/48/43 58/51/46 20/77/22 18/68/19
s 5
f 59/78/59 60/79/60 61/80/61 62/81/62
f 60/79/60 59/78/59 63/82/63 64/83/64
f 64/83/64 63/82/63 65/84/65 66/85/66
f 66/85/66 65/84/65 67/86/67 68/87/68
f 68/87/68 67/86/67 69/88/69 70/89/70
f 70/90/70 69/91/69 71/92/71 72/93/72
f 72/93/72 71/92/71 73/94/73 74/95/74
f 74/95/74 73/94/73 62/81/62 61/80/61
f 60/79/60 76/96/75 77/97/76 61/80/61
f 62/81/62 78/98/77 75/99/78 59/78/59
f 59/78/59 75/99/78 79/100/79 63/82/63
f 64/83/64 80/101/80 76/96/75 60/79/60
f 63/82/63 79/100/79 81/102/81 65/84/65
f 66/85/66 82/103/82 80/101/80 64/83/64
f 65/84/65 81/102/81 83/104/83 67/86/67
f 68/87/68 84/105/84 82/103/82 66/85/66
f 67/86/67 83/104/83 85/106/85 69/88/69
f 70/89/70 86/107/86 84/105/84 68/87/68
f 69/91/69 85/108/85 87/109/87 71/92/71
f 72/93/72 88/110/88 86/111/86 70/90/70
f 71/92/71 87/109/87 89/112/89 73/94/73
f 74/95/74 90/113/90 88/110/88 72/93/72
f 73/94/73 89/112/89 78/98/77 62/81/62
f 61/80/61 77/97/76 90/113/90 74/95/74
s 6
f 91/114/91 94/115/92 93/116/93 92/117/94
f 95/118/95 94/115/92 91/114/91 96/119/96
f 97/120/97 95/118/95 96/119/96 98/121/98
f 99/122/99 97/123/97 98/124/98 100/125/100
f 101/126/101 99/122/99 100/125/100 102/127/102
f 101/126/101 102/127/102 104/128/103 103/129/104
f 105/130/105 92/117/94 93/116/93 106/131/106
f 107/132/107 108/133/108 105/134/105 106/135/106
f 103/129/104 104/128/103 108/133/108 107/132/107
f 109/136/109 112/137/110 111/138/111 110/139/112
f 112/137/110 114/140/113 113/141/114 111/138/111
f 109/136/109 115/142/115 114/140/113 112/137/110
f 116/143/116 114/140/113 115/142/115 117/144/117
f 118/145/118 121/146/119 120/147/120 119/148/121
f 122/149/122 123/150/123 118/145/118 119/148/121
f 124/151/124 125/152/125 122/149/122 119/148/121
f 126/153/126 124/151/124 119/148/121 120/147/120
f 127/154/127 126/153/126 129/155/128 128/156/129
f 128/156/129 129/155/128 131/157/130 130/158/131
f 132/159/132 128/156/129 130/158/131 133/160/133
f 134/161/134 127/154/127 128/156/129 132/159/132
f 135/162/135 132/159/132 133/160/133 136/163/136
f 137/164/137 129/155/128 126/153/126 120/147/120
f 131/157/130 129/155/128 137/164/137 138/165/138
f 121/146/119 139/166/139 137/164/137 120/147/120
f 137/164/137 139/166/139 140/167/140 138/165/138
f 141/168/141 135/162/135 136/163/136 142/169/142
f 108/133/108 141/168/141 142/169/142 105/134/105
f 141/168/141 108/133/108 104/128/103 143/170/143
f 135/162/135 141/168/141 143/170/143 144/171/144
f 132/159/132 135/162/135 144/171/144 134/161/134
f 145/172/145 134/161/134 144/171/144
f 146/173/146 145/172/145 144/171/144 143/170/143
f 147/174/147 134/161/134 145/172/145 148/175/148
f 148/175/148 145/172/145 146/173/146 149/176/149
f 102/127/102 146/173/146 143/170/143 104/128/103
f 102/127/102 100/125/100 149/176/149 146/173/146
f 147/174/147 151/177/150 150/178/151 134/161/134
f 152/179/152 150/178/151 151/177/150 153/180/153
f 154/181/154 152/179/152 153/180/153 155/182/155
f 156/183/156 157/184/157 152/179/152 154/181/154
f 150/178/151 152/179/152 157/184/157 134/161/134
f 156/183/156 154/181/154 159/185/158 158/186/159
f 159/185/158 154/181/154 155/182/155 160/187/160
f 161/188/161 156/183/156 158/186/159 162/189/162
f 124/151/124 156/183/156 161/188/161 125/152/125
f 163/190/163 125/152/125 161/188/161
f 125/152/125 163/190/163 164/191/164 122/149/122
f 164/191/164 165/192/165 123/150/123 122/149/122
f 134/161/134 157/184/157 127/154/127
f 123/150/123 116/143/116 117/144/117 118/145/118
f 165/192/165 166/193/166 116/143/116 123/150/123
f 167/194/167 170/195/168 169/196/169 168/197/170
f 110/198/112 111/199/111 167/194/167 168/197/170
f 111/199/111 113/200/114 170/195/168 167/194/167
f 171/201/171 174/202/172 173/203/173 172/204/174
f 172/204/174 173/203/173 176/205/175 175/206/176
f 176/205/175 165/207/165 164/208/164 175/206/176
f 177/209/177 175/206/176 164/208/164 163/210/163
f 177/209/177 163/210/163 161/211/161 178/212/178
f 178/212/178 161/211/161 162/213/162 179/214/179
f 180/215/180 178/212/178 179/214/179 181/216/181
f 175/206/176 177/209/177 182/217/182 172/204/174
f 182/217/182 183/218/183 171/201/171 172/204/174
f 184/219/184 185/220/185 182/217/182 177/209/177
f 185/220/185 186/221/186 183/218/183 182/217/182
f 178/212/178 184/219/184 177/209/177
f 187/222/187 188/223/188 174/202/172 171/201/171
f 183/218/183 189/224/189 187/222/187 171/201/171
f 186/221/186 190/225/190 189/224/189 183/218/183
f 191/226/191 192/227/192 188/223/188 187/222/187
f 140/228/140 192/227/192 191/226/191 138/229/138
f 131/230/130 138/229/138 191/226/191 193/231/193
f 130/232/131 131/230/130 193/231/193 194/233/194
f 133/234/133 130/232/131 194/233/194 195/235/195
f 136/236/136 133/234/133 195/235/195 196/237/196
f 142/238/142 136/236/136 196/237/196 197/239/197
f 197/239/197 196/237/196 199/240/198 198/241/199
f 200/242/200 199/240/198 196/237/196 195/235/195
f 201/243/201 202/244/202 198/241/199 199/240/198
f 96/119/96 91/114/91 198/241/199 202/244/202
f 92/117/94 197/239/197 198/241/199 91/114/91
f 105/130/105 142/238/142 197/239/197 92/117/94
f 203/245/203 204/246/204 202/244/202 201/243/201
f 98/121/98 96/119/96 202/244/202 204/246/204
f 205/247/205 203/245/203 201/243/201 206/248/206
f 147/174/147 148/175/148 203/249/203 205/250/205
f 203/249/203 148/175/148 149/176/149 204/251/204
f 100/125/100 98/124/98 204/251/204 149/176/149
f 201/243/201 199/240/198 200/242/200 206/248/206
f 207/252/207 205/247/205 206/248/206 208/253/208
f 209/254/209 210/255/210 207/252/207 208/253/208
f 153/180/153 151/177/150 207/256/207 210/257/210
f 180/215/180 211/258/211 210/255/210 209/254/209
f 155/182/155 153/180/153 210/257/210 211/259/211
f 181/216/181 212/260/212 211/258/211 180/215/180
f 160/187/160 155/182/155 211/259/211 212/261/212
f 209/254/209 178/212/178 180/215/180
f 184/219/184 209/254/209 208/253/208
f 205/250/205 207/256/207 151/177/150 147/174/147
f 184/219/184 208/253/208 206/248/206 185/220/185
f 200/242/200 186/221/186 185/220/185 206/248/206
f 193/231/193 191/226/191 187/222/187 189/224/189
f 194/233/194 193/231/193 189/224/189 190/225/190
f 194/233/194 190/225/190 195/235/195
f 213/262/213 109/136/109 110/139/112 214/263/214
f 215/264/215 117/144/117 115/142/115 216/265/216
f 121/146/119 118/145/118 117/144/117 215/264/215
f 214/266/214 110/198/112 168/197/170 217/267/217
f 218/268/218 169/196/169 220/269/219 219/270/220
f 219/270/220 220/269/219 173/203/173 174/202/172
f 218/268/218 217/267/217 168/197/170 169/196/169
f 213/262/213 222/271/221 221/272/222 216/265/216
f 221/272/222 223/273/223 215/264/215 216/265/216
f 223/273/223 139/166/139 121/146/119 215/264/215
f 222/271/221 213/262/213 214/263/214 224/274/224
f 222/271/221 224/274/224 225/275/225
f 225/275/225 226/276/226 221/272/222 222/271/221
f 227/277/227 140/167/140 139/166/139 223/273/223
f 226/276/226 227/277/227 223/273/223 221/272/222
f 228/278/228 229/279/229 225/280/225 224/281/224
f 229/279/229 230/282/230 226/283/226 225/280/225
f 228/278/228 231/284/231 230/282/230 229/279/229
f 218/268/218 231/284/231 228/278/228 217/267/217
f 224/281/224 214/266/214 217/267/217 228/278/228
f 192/227/192 233/285/232 232/286/233 188/223/188
f 227/287/227 233/285/232 192/227/192 140/228/140
f 233/285/232 230/282/230 231/284/231 232/286/233
f 226/283/226 230/282/230 233/285/232 227/287/227
f 234/288/234 237/289/235 236/290/236 235/291/237
f 237/289/235 239/292/238 238/293/239 236/290/236
f 234/288/234 240/294/240 239/292/238 237/289/235
f 235/291/237 236/290/236 242/295/241 241/296/242
f 236/290/236 238/293/239 243/297/243 242/295/241
f 243/297/243 238/293/239 245/298/244 244/299/245
f 246/300/246 247/301/247 244/299/245 245/298/244
f 238/293/239 239/292/238 248/302/248 245/298/244
f 249/303/249 246/300/246 245/298/244 248/302/248
f 248/302/248 239/292/238 240/294/240 250/304/250
f 251/305/251 249/303/249 248/302/248 250/304/250
f 252/306/252 249/303/249 251/305/251 253/307/253
f 247/301/247 246/300/246 255/308/254 254/309/255
f 255/308/254 246/300/246 249/303/249 252/306/252
f 253/307/253 162/189/162 158/186/159 252/306/252
f 159/185/158 255/308/254 252/306/252 158/186/159
f 160/187/160 254/309/255 255/308/254 159/185/158
f 234/310/234 235/311/237 256/312/256
f 256/312/256 257/313/257 240/314/240 234/310/234
f 241/315/242 258/316/258 256/312/256 235/311/237
f 258/316/258 259/317/259 257/313/257 256/312/256
f 258/316/258 241/315/242 260/318/260 259/317/259
f 260/319/260 241/296/242 242/295/241 243/297/243
f 261/320/261 259/317/259 260/318/260 262/321/262
f 263/322/263 261/320/261 262/321/262 264/323/264
f 260/319/260 243/297/243 244/299/245 262/324/262
f 247/301/247 264/325/264 262/324/262 244/299/245
f 265/326/265 266/327/266 261/320/261 263/322/263
f 266/327/266 257/313/257 259/317/259 261/320/261
f 251/328/251 250/329/250 266/327/266 265/326/265
f 240/314/240 257/313/257 266/327/266 250/329/250
f 267/330/267 265/326/265 263/322/263 268/331/268
f 263/322/263 264/323/264 269/332/269 268/331/268
f 253/333/253 251/328/251 265/326/265 267/330/267
f 264/325/264 247/301/247 254/309/255 269/334/269
f 268/331/268 181/216/181 179/214/179 267/330/267
f 269/332/269 212/260/212 181/216/181 268/331/268
f 253/333/253 267/330/267 179/214/179 162/213/162
f 160/187/160 212/261/212 269/334/269 254/309/255
f 270/335/270 176/205/175 173/203/173 220/269/219
f 165/207/165 176/205/175 270/335/270 166/336/166
f 170/195/168 270/335/270 220/269/219 169/196/169
f 113/200/114 166/336/166 270/335/270 170/195/168
f 116/143/116 166/193/166 113/141/114 114/140/113
f 213/262/213 216/265/216 115/142/115 109/136/109
f 232/286/233 231/284/231 218/268/218 219/270/220
f 188/223/188 232/286/233 219/270/220 174/202/172
f 124/151/124 157/184/157 156/183/156
f 124/151/124 126/153/126 127/154/127 157/184/157
f 200/242/200 195/235/195 190/225/190 186/221/186
f 184/219/184 178/212/178 209/254/209
s 11
f 305/337/271 361/338/272 369/339/273 368/340/274
f 320/341/275 302/342/276 372/343/277 371/344/278
f 302/342/276 307/345/279 373/346/280 372/343/277
f 336/347/281 304/348/282 376/349/283 375/350/284
f 307/345/279 301/351/285 374/352/286 373/346/280
f 366/353/287 365/354/288 319/355/289 314/356/290
f 312/357/291 340/358/292 339/359/293 311/360/294
f 360/361/295 359/362/296 329/363/297 298/364/298
f 321/365/299 300/366/300 331/367/301 330/368/302
f 300/366/300 306/369/303 332/370/304 331/367/301
f 337/371/305 299/372/306 334/373/307 338/374/308
f 376/375/283 304/376/282 335/377/309 377/378/310
f 305/379/271 368/380/274 367/381/311 328/382/312
f 306/369/303 303/383/313 333/384/314 332/370/304
f 313/385/315 318/386/316 379/387/317 378/388/318
f 560/389/319 561/390/320 325/391/321 272/392/322
f 364/393/323 323/394/324 273/395/325 282/396/326
f 327/397/327 274/398/328 280/399/329 343/400/330
f 341/401/331 275/402/332 279/403/333
f 327/397/327 346/404/334 281/405/335 274/398/328
f 325/391/321 324/406/336 278/407/337 272/392/322
f 363/408/338 350/409/339 323/394/324 364/393/323
f 325/391/321 348/410/340 322/411/341 324/406/336
f 561/390/320 562/412/342 348/410/340 325/391/321
f 365/354/288 283/413/343 277/414/344 319/355/289
f 340/358/292 312/357/291 354/415/345
f 317/416/346 345/417/347 353/418/348 352/419/349
f 342/420/350 317/416/346 352/419/349 351/421/351
f 367/381/311 366/353/287 314/356/290 328/382/312
f 329/363/297 359/362/296 358/422/352 308/423/353
f 331/367/301 332/370/304 310/424/354 309/425/355
f 333/384/314 344/426/356 310/424/354 332/370/304
f 334/373/307 311/360/294 339/359/293 338/374/308
f 335/377/309 313/385/315 378/388/318 377/378/310
f 301/351/285 336/347/281 375/350/284 374/352/286
f 303/383/313 337/371/305 338/374/308 333/384/314
f 339/359/293 344/426/356 333/384/314 338/374/308
f 340/358/292 345/417/347 344/426/356 339/359/293
f 345/417/347 340/358/292 354/415/345 353/418/348
f 346/404/334 341/401/331 279/403/333 281/405/335
f 342/420/350 309/425/355 310/424/354 317/416/346
f 343/400/330 323/394/324 350/409/339 351/421/351
f 280/399/329 273/395/325 323/394/324 343/400/330
f 317/416/346 310/424/354 344/426/356 345/417/347
f 347/427/357 349/428/358 355/429/359 330/368/302
f 358/422/352 348/410/340 562/412/342
f 309/425/355 347/427/357 330/368/302 331/367/301
f 309/425/355 342/420/350 316/430/360 347/427/357
f 316/430/360 362/431/361 349/428/358 347/427/357
f 350/409/339 363/408/338 362/431/361 316/430/360
f 352/419/349 327/397/327 343/400/330 351/421/351
f 352/419/349 353/418/348 346/404/334 327/397/327
f 341/401/331 346/404/334 353/418/348 354/415/345
f 312/357/291 275/402/332 341/401/331 354/415/345
f 318/386/316 276/432/362 284/433/363 379/387/317
f 316/430/360 342/420/350 351/421/351 350/409/339
f 330/368/302 355/429/359 356/434/364 321/365/299
f 371/344/278 370/435/365 357/436/366 320/341/275
f 349/428/358 362/431/361 348/410/340 358/422/352
f 359/362/296 355/429/359 349/428/358 358/422/352
f 356/434/364 355/429/359 359/362/296 360/361/295
f 361/338/272 357/436/366 370/435/365 369/339/273
f 363/408/338 322/411/341 348/410/340 362/431/361
f 322/411/341 363/408/338 364/393/323 324/406/336
f 278/407/337 324/406/336 364/393/323 282/396/326
f 271/437/367 283/413/343 326/438/368
f 315/439/369 326/438/368 283/413/343 365/354/288
f 308/423/353 315/439/369 365/354/288 366/353/287
f 329/363/297 308/423/353 366/353/287 367/381/311
f 368/380/274 298/364/298 329/363/297 367/381/311
f 369/339/273 360/361/295 298/364/298 368/340/274
f 370/435/365 356/434/364 360/361/295 369/339/273
f 321/365/299 356/434/364 370/435/365 371/344/278
f 372/343/277 300/366/300 321/365/299 371/344/278
f 373/346/280 306/369/303 300/366/300 372/343/277
f 374/352/286 303/383/313 306/369/303 373/346/280
f 375/350/284 337/371/305 303/383/313 374/352/286
f 376/349/283 299/372/306 337/371/305 375/350/284
f 299/372/306 376/375/283 377/378/310 334/373/307
f 378/388/318 311/360/294 334/373/307 377/378/310
f 378/388/318 379/387/317 312/357/291 311/360/294
f 275/402/332 312/357/291 379/387/317 284/433/363
f 305/440/271 383/441/370 384/442/371 361/443/272
f 320/444/275 386/445/372 387/446/373 302/447/276
f 302/447/276 387/446/373 388/448/374 307/449/279
f 336/450/281 390/451/375 391/452/376 304/453/282
f 307/449/279 388/448/374 389/454/377 301/455/285
f 381/456/378 314/457/290 319/458/289 380/459/379
f 391/452/376 392/460/380 335/461/309 304/453/282
f 305/440/271 328/462/312 382/463/381 383/441/370
f 313/464/315 393/465/382 394/466/383 318/467/316
f 380/459/379 319/458/289 277/468/344 285/469/384
f 382/463/381 328/462/312 314/457/290 381/456/378
f 335/461/309 392/460/380 393/465/382 313/464/315
f 301/455/285 389/454/377 390/451/375 336/450/281
f 318/467/316 394/466/383 286/470/385 276/471/362
f 386/445/372 320/444/275 357/472/366 385/473/386
f 361/443/272 384/442/371 385/473/386 357/472/366
f 380/459/379 285/469/384 287/474/387 395/475/388
f 381/456/378 380/459/379 395/475/388 396/476/389
f 382/463/381 381/456/378 396/476/389 397/477/390
f 383/441/370 382/463/381 397/477/390 398/478/391
f 384/442/371 383/441/370 398/478/391 399/479/392
f 385/473/386 384/442/371 399/479/392 400/480/393
f 386/445/372 385/473/386 400/480/393 401/481/394
f 387/446/373 386/445/372 401/481/394 402/482/395
f 388/448/374 387/446/373 402/482/395 403/483/396
f 389/454/377 388/448/374 403/483/396 404/484/397
f 390/451/375 389/454/377 404/484/397 405/485/398
f 391/452/376 390/451/375 405/485/398 406/486/399
f 392/460/380 391/452/376 406/486/399 407/487/400
f 393/465/382 392/460/380 407/487/400 408/488/401
f 394/466/383 393/465/382 408/488/401 409/489/402
f 286/470/385 394/466/383 409/489/402 288/490/403
f 417/491/404 416/492/405 424/493/406 425/494/407
f 399/479/392 398/478/391 426/495/408 410/496/409
f 400/480/393 399/479/392 410/496/409 411/497/410
f 401/481/394 400/480/393 411/497/410 412/498/411
f 402/482/395 401/481/394 412/498/411 413/499/412
f 403/483/396 402/482/395 413/499/412 414/500/413
f 404/484/397 403/483/396 414/500/413 415/501/414
f 405/485/398 404/484/397 415/501/414 416/492/405
f 411/497/410 410/496/409 418/502/415 419/503/416
f 412/498/411 411/497/410 419/503/416 420/504/417
f 413/499/412 412/498/411 420/504/417 421/505/418
f 414/500/413 413/499/412 421/505/418 422/506/419
f 415/501/414 414/500/413 422/506/419 423/507/420
f 416/492/405 415/501/414 423/507/420 424/493/406
f 406/486/399 405/485/398 416/492/405 417/491/404
f 408/488/401 407/487/400 406/486/399 417/491/404
f 419/503/416 418/502/415 292/508/421 293/509/422
f 420/504/417 419/503/416 293/509/422 294/510/423
f 421/505/418 420/504/417 294/510/423 295/511/424
f 422/506/419 421/505/418 295/511/424 296/512/425
f 423/507/420 422/506/419 296/512/425 297/513/426
f 424/493/406 423/507/420 297/513/426 289/514/427
f 425/494/407 424/493/406 289/514/427 290/515/428
f 288/490/403 409/489/402 425/494/407 290/515/428
f 409/489/402 408/488/401 417/491/404 425/494/407
f 410/496/409 426/495/408 427/516/429 418/502/415
f 418/502/415 427/516/429 291/517/430 292/508/421
f 395/475/388 287/474/387 291/517/430 427/516/429
f 396/476/389 395/475/388 427/516/429 426/495/408
f 397/477/390 396/476/389 426/495/408 398/478/391
f 435/518/431 498/519/432 499/520/433 491/521/434
f 450/522/435 501/523/436 502/524/437 432/525/438
f 432/525/438 502/524/437 503/526/439 437/527/440
f 466/528/441 505/529/442 506/530/443 434/531/444
f 437/527/440 503/526/439 504/532/445 431/533/446
f 496/534/447 444/535/448 449/536/449 495/537/450
f 442/538/451 441/539/452 469/540/453 470/541/454
f 490/542/455 428/543/456 459/544/457 489/545/458
f 451/546/459 460/547/460 461/548/461 430/549/462
f 430/549/462 461/548/461 462/550/463 436/551/464
f 467/552/465 468/553/466 464/554/467 429/555/468
f 506/556/443 507/557/469 465/558/470 434/559/444
f 435/560/431 458/561/471 497/562/472 498/563/432
f 436/551/464 462/550/463 463/564/473 433/565/474
f 443/566/475 508/567/476 509/568/477 448/569/478
f 559/570/479 560/389/319 272/392/322 455/571/480
f 494/572/481 282/396/326 273/395/325 453/573/482
f 457/574/483 473/575/484 280/399/329 274/398/328
f 471/576/485 279/403/333 275/402/332
f 457/574/483 274/398/328 281/405/335 476/577/486
f 455/571/480 272/392/322 278/407/337 454/578/487
f 493/579/488 494/572/481 453/573/482 480/580/489
f 455/571/480 454/578/487 452/581/490 478/582/491
f 558/583/492 559/570/479 455/571/480 478/582/491
f 495/537/450 449/536/449 277/414/344 283/413/343
f 470/541/454 484/584/493 442/538/451
f 447/585/494 482/586/495 483/587/496 475/588/497
f 472/589/498 481/590/499 482/586/495 447/585/494
f 497/562/472 458/561/471 444/535/448 496/534/447
f 459/544/457 438/591/500 488/592/501 489/545/458
f 461/548/461 439/593/502 440/594/503 462/550/463
f 463/564/473 462/550/463 440/594/503 474/595/504
f 464/554/467 468/553/466 469/540/453 441/539/452
f 465/558/470 507/557/469 508/567/476 443/566/475
f 431/533/446 504/532/445 505/529/442 466/528/441
f 433/565/474 463/564/473 468/553/466 467/552/465
f 469/540/453 468/553/466 463/564/473 474/595/504
f 470/541/454 469/540/453 474/595/504 475/588/497
f 475/588/497 483/587/496 484/584/493 470/541/454
f 476/577/486 281/405/335 279/403/333 471/576/485
f 472/589/498 447/585/494 440/594/503 439/593/502
f 473/575/484 481/590/499 480/580/489 453/573/482
f 280/399/329 473/575/484 453/573/482 273/395/325
f 447/585/494 475/588/497 474/595/504 440/594/503
f 477/596/505 460/547/460 485/597/506 479/598/507
f 488/592/501 558/583/492 478/582/491
f 439/593/502 461/548/461 460/547/460 477/596/505
f 439/593/502 477/596/505 446/599/508 472/589/498
f 446/599/508 477/596/505 479/598/507 492/600/509
f 480/580/489 446/599/508 492/600/509 493/579/488
f 482/586/495 481/590/499 473/575/484 457/574/483
f 482/586/495 457/574/483 476/577/486 483/587/496
f 471/576/485 484/584/493 483/587/496 476/577/486
f 442/538/451 484/584/493 471/576/485 275/402/332
f 448/569/478 509/568/477 284/433/363 276/432/362
f 446/599/508 480/580/489 481/590/499 472/589/498
f 460/547/460 451/546/459 486/601/510 485/597/506
f 501/523/436 450/522/435 487/602/511 500/603/512
f 479/598/507 488/592/501 478/582/491 492/600/509
f 489/545/458 488/592/501 479/598/507 485/597/506
f 486/601/510 490/542/455 489/545/458 485/597/506
f 491/521/434 499/520/433 500/603/512 487/602/511
f 493/579/488 492/600/509 478/582/491 452/581/490
f 452/581/490 454/578/487 494/572/481 493/579/488
f 278/407/337 282/396/326 494/572/481 454/578/487
f 271/437/367 456/604/513 283/413/343
f 445/605/514 495/537/450 283/413/343 456/604/513
f 438/591/500 496/534/447 495/537/450 445/605/514
f 459/544/457 497/562/472 496/534/447 438/591/500
f 498/563/432 497/562/472 459/544/457 428/543/456
f 499/520/433 498/519/432 428/543/456 490/542/455
f 500/603/512 499/520/433 490/542/455 486/601/510
f 451/546/459 501/523/436 500/603/512 486/601/510
f 502/524/437 501/523/436 451/546/459 430/549/462
f 503/526/439 502/524/437 430/549/462 436/551/464
f 504/532/445 503/526/439 436/551/464 433/565/474
f 505/529/442 504/532/445 433/565/474 467/552/465
f 506/530/443 505/529/442 467/552/465 429/555/468
f 429/555/468 464/554/467 507/557/469 506/556/443
f 508/567/476 507/557/469 464/554/467 441/539/452
f 508/567/476 441/539/452 442/538/451 509/568/477
f 275/402/332 284/433/363 509/568/477 442/538/451
f 435/606/431 491/607/434 514/608/515 513/609/516
f 450/610/435 432/611/438 517/612/517 516/613/518
f 432/611/438 437/614/440 518/615/519 517/612/517
f 466/616/441 434/617/444 521/618/520 520/619/521
f 437/614/440 431/620/446 519/621/522 518/615/519
f 511/622/523 510/623/524 449/624/449 444/625/448
f 521/618/520 434/617/444 465/626/470 522/627/525
f 435/606/431 513/609/516 512/628/526 458/629/471
f 443/630/475 448/631/478 524/632/527 523/633/528
f 510/623/524 285/469/384 277/468/344 449/624/449
f 512/628/526 511/622/523 444/625/448 458/629/471
f 465/626/470 443/630/475 523/633/528 522/627/525
f 431/620/446 466/616/441 520/619/521 519/621/522
f 448/631/478 276/471/362 286/470/385 524/632/527
f 516/613/518 515/634/529 487/635/511 450/610/435
f 491/607/434 487/635/511 515/634/529 514/608/515
f 510/623/524 525/636/530 287/474/387 285/469/384
f 511/622/523 526/637/531 525/636/530 510/623/524
f 512/628/526 527/638/532 526/637/531 511/622/523
f 513/609/516 528/639/533 527/638/532 512/628/526
f 514/608/515 529/640/534 528/639/533 513/609/516
f 515/634/529 530/641/535 529/640/534 514/608/515
f 516/613/518 531/642/536 530/641/535 515/634/529
f 517/612/517 532/643/537 531/642/536 516/613/518
f 518/615/519 533/644/538 532/643/537 517/612/517
f 519/621/522 534/645/539 533/644/538 518/615/519
f 520/619/521 535/646/540 534/645/539 519/621/522
f 521/618/520 536/647/541 535/646/540 520/619/521
f 522/627/525 537/648/542 536/647/541 521/618/520
f 523/633/528 538/649/543 537/648/542 522/627/525
f 524/632/527 539/650/544 538/649/543 523/633/528
f 286/470/385 288/490/403 539/650/544 524/632/527
f 547/651/545 555/652/546 554/653/547 546/654/548
f 529/640/534 540/655/549 556/656/550 528/639/533
f 530/641/535 541/657/551 540/655/549 529/640/534
f 531/642/536 542/658/552 541/657/551 530/641/535
f 532/643/537 543/659/553 542/658/552 531/642/536
f 533/644/538 544/660/554 543/659/553 532/643/537
f 534/645/539 545/661/555 544/660/554 533/644/538
f 535/646/540 546/654/548 545/661/555 534/645/539
f 541/657/551 549/662/556 548/663/557 540/655/549
f 542/658/552 550/664/558 549/662/556 541/657/551
f 543/659/553 551/665/559 550/664/558 542/658/552
f 544/660/554 552/666/560 551/665/559 543/659/553
f 545/661/555 553/667/561 552/666/560 544/660/554
f 546/654/548 554/653/547 553/667/561 545/661/555
f 536/647/541 547/651/545 546/654/548 535/646/540
f 538/649/543 547/651/545 536/647/541 537/648/542
f 549/662/556 293/509/422 292/508/421 548/663/557
f 550/664/558 294/510/423 293/509/422 549/662/556
f 551/665/559 295/511/424 294/510/423 550/664/558
f 552/666/560 296/512/425 295/511/424 551/665/559
f 553/667/561 297/513/426 296/512/425 552/666/560
f 554/653/547 289/514/427 297/513/426 553/667/561
f 555/652/546 290/515/428 289/514/427 554/653/547
f 288/490/403 290/515/428 555/652/546 539/650/544
f 539/650/544 555/652/546 547/651/545 538/649/543
f 540/655/549 548/663/557 557/668/562 556/656/550
f 548/663/557 292/508/421 291/517/430 557/668/562
f 525/636/530 557/668/562 291/517/430 287/474/387
f 526/637/531 556/656/550 557/668/562 525/636/530
f 527/638/532 528/639/533 556/656/550 526/637/531
f 558/583/492 438/591/500 445/605/514
f 445/605/514 456/604/513 559/570/479 558/583/492
f 456/604/513 271/437/367 560/389/319 559/570/479
f 326/438/368 561/390/320 560/389/319 271/437/367
f 315/439/369 562/412/342 561/390/320 326/438/368
f 358/422/352 562/412/342 308/423/353
f 308/423/353 562/412/342 315/439/369
f 488/592/501 438/591/500 558/583/492
s 33
f 603/669/563 608/670/564 610/671/565
f 608/670/564 618/672/566 615/673/567
f 608/670/564 613/674/568 618/672/566
f 601/675/569 607/676/570 608/670/564
f 602/677/571 608/670/564 603/669/563
f 608/670/564 615/673/567 610/671/565
f 607/676/570 613/674/568 608/670/564
f 601/675/569 608/670/564 602/677/571
f 588/678/572 619/679/573 620/680/574 594/681/575
f 594/681/575 620/680/574 616/682/576 595/683/577
f 584/684/578 611/685/579 619/679/573 588/678/572
f 583/686/580 604/687/581 611/685/579 584/684/578
f 595/688/577 616/689/576 605/690/582 593/691/583
f 591/692/584 596/693/585 604/694/581 583/695/580
f 614/696/586 615/673/567 618/672/566 617/697/587
f 612/698/588 617/697/587 618/672/566 613/674/568
f 597/699/589 601/675/569 602/677/571 598/700/590
f 598/700/590 602/677/571 603/669/563 599/701/591
f 590/702/592 600/703/593 596/693/585 591/692/584
f 597/699/589 606/704/594 607/676/570 601/675/569
f 599/701/591 603/669/563 610/671/565 609/705/595
f 590/702/592 593/691/583 605/690/582 600/703/593
f 606/704/594 612/698/588 613/674/568 607/676/570
f 609/705/595 610/671/565 615/673/567 614/696/586
f 567/706/596 564/707/597 565/708/598 563/709/599
f 565/708/598 566/710/600 569/711/601 563/709/599
f 569/711/601 571/712/602 567/706/596 563/709/599
f 572/713/603 568/714/604 565/715/598 564/716/597
f 567/706/596 570/717/605 575/718/606 564/707/597
f 575/719/606 577/720/607 572/713/603 564/716/597
f 565/715/598 568/714/604 573/721/608 566/722/600
f 579/723/609 574/724/610 569/711/601 566/710/600
f 573/721/608 578/725/611 579/726/609 566/722/600
f 572/713/603 576/727/612 573/721/608 568/714/604
f 567/706/596 571/712/602 580/728/613 570/717/605
f 580/728/613 581/729/614 575/718/606 570/717/605
f 569/711/601 574/724/610 582/730/615 571/712/602
f 582/730/615 585/731/616 580/728/613 571/712/602
f 572/713/603 577/720/607 586/732/617 576/727/612
f 576/727/612 587/733/618 578/725/611 573/721/608
f 586/732/617 589/734/619 587/733/618 576/727/612
f 575/719/606 581/735/614 586/732/617 577/720/607
f 580/728/613 585/731/616 592/736/620 581/729/614
f 592/737/620 589/734/619 586/732/617 581/735/614
f 600/738/593 597/699/589 598/700/590 596/739/585
f 598/700/590 599/701/591 604/740/581 596/739/585
f 600/738/593 605/741/582 606/704/594 597/699/589
f 609/705/595 611/742/579 604/740/581 599/701/591
f 616/743/576 612/698/588 606/704/594 605/741/582
f 609/705/595 614/696/586 619/744/573 611/742/579
f 616/743/576 620/745/574 617/697/587 612/698/588
f 617/697/587 620/745/574 619/744/573 614/696/586
f 585/731/616 594/681/575 595/683/577 592/736/620
f 589/734/619 593/691/583 590/702/592 587/733/618
f 584/684/578 574/724/610 579/723/609 583/686/580
f 591/692/584 578/725/611 587/733/618 590/702/592
f 588/678/572 594/681/575 585/731/616 582/730/615
f 584/684/578 588/678/572 582/730/615 574/724/610
f 591/692/584 583/695/580 579/726/609 578/725/611
f 595/688/577 593/691/583 589/734/619 592/737/620
s 38
f 621/746/621 622/747/622 623/748/623 624/749/624
f 622/747/622 621/746/621 625/750/625 626/751/626
f 626/751/626 625/750/625 627/752/627 628/753/628
f 628/754/628 627/755/627 629/756/629 630/757/630
f 630/757/630 629/756/629 631/758/631 632/759/632
f 632/759/632 631/758/631 633/760/633 634/761/634
f 634/761/634 633/760/633 635/762/635 636/763/636
f 636/763/636 635/762/635 624/749/624 623/748/623
f 622/747/622 638/764/637 639/765/638 623/748/623
f 624/749/624 640/766/639 637/767/640 621/746/621
f 621/746/621 637/767/640 641/768/641 625/750/625
f 626/751/626 642/769/642 638/764/637 622/747/622
f 625/750/625 641/768/641 643/770/643 627/752/627
f 628/753/628 644/771/644 642/769/642 626/751/626
f 627/755/627 643/772/643 645/773/645 629/756/629
f 630/757/630 646/774/646 644/775/644 628/754/628
f 629/756/629 645/773/645 647/776/647 631/758/631
f 632/759/632 648/777/648 646/774/646 630/757/630
f 631/758/631 647/776/647 649/778/649 633/760/633
f 634/761/634 650/779/650 648/777/648 632/759/632
f 633/760/633 649/778/649 651/780/651 635/762/635
f 636/763/636 652/781/652 650/779/650 634/761/634
f 635/762/635 651/780/651 640/766/639 624/749/624
f 623/748/623 639/765/638 652/781/652 636/763/636
s 39
f 653/782/653 654/783/654 655/784/655 656/785/656
f 657/786/657 658/787/658 659/788/659 660/789/660
f 654/783/654 659/788/659 658/787/658 655/784/655
f 661/790/661 654/783/654 653/782/653 662/791/662
f 663/792/663 659/788/659 654/783/654 661/790/661
f 660/789/660 659/788/659 663/792/663 664/793/664
f 666/794/665 665/795/666 664/793/664 663/792/663
f 667/796/667 666/794/665 663/792/663 661/790/661
f 668/797/668 667/796/667 661/790/661 662/791/662
f 669/798/669 668/797/668 662/791/662 653/782/653
f 670/799/670 669/798/669 653/782/653 656/785/656
f 671/800/671 670/799/670 656/785/656 655/784/655
f 672/801/672 671/800/671 655/784/655 658/787/658
f 673/802/673 672/801/672 658/787/658 657/786/657
s 41
f 693/803/674 683/804/675 688/805/676 692/806/677
f 686/807/678 687/808/679 684/809/680 685/810/681
f 683/804/675 684/809/680 687/808/679 688/805/676
f 678/811/682 679/812/683 691/813/684 694/814/685
f 681/815/686 690/816/687 691/813/684 679/812/683
f 689/817/688 690/816/687 681/815/686 680/818/689
f 674/819/690 675/820/691 687/808/679 686/807/678
f 688/805/676 687/808/679 675/820/691 682/821/692
f 692/806/677 688/805/676 682/821/692 676/822/693
f 685/810/681 684/809/680 690/816/687 689/817/688
f 691/813/684 690/816/687 684/809/680 683/804/675
f 694/814/685 691/813/684 683/804/675 693/803/674
f 676/822/693 677/823/694 693/803/674 692/806/677
f 677/823/694 678/811/682 694/814/685 693/803/674
s 44
f 697/824/695 698/825/696 714/826/697 715/827/698
f 707/828/699 708/829/700 705/830/701 706/831/702
f 704/832/703 705/830/701 708/829/700 709/833/704
f 698/825/696 699/834/705 713/835/706 714/826/697
f 702/836/707 711/837/708 712/838/709 700/839/710
f 710/840/711 711/837/708 702/836/707 701/841/712
f 695/842/713 696/843/714 708/829/700 707/828/699
f 709/833/704 708/829/700 696/843/714 703/844/715
f 703/844/715 697/824/695 715/827/698 709/833/704
f 706/831/702 705/830/701 711/837/708 710/840/711
f 712/838/709 711/837/708 705/830/701 704/832/703
f 714/826/697 713/835/706 712/838/709 704/832/703
f 715/827/698 714/826/697 704/832/703 709/833/704
f 713/835/706 699/834/705 700/839/710 712/838/709
s 47
f 724/845/716 718/846/717 736/847/718 731/848/719
f 716/849/720 717/850/721 732/851/722 733/852/723
f 731/848/719 732/851/722 717/850/721 724/845/716
f 734/853/724 735/854/725 719/855/726 720/856/727
f 729/857/728 726/858/729 725/859/730 728/860/731
f 727/861/732 726/858/729 729/857/728 730/862/733
f 734/853/724 720/856/727 721/863/734 728/860/731
f 723/864/735 729/857/728 728/860/731 721/863/734
f 730/862/733 729/857/728 723/864/735 722/865/736
f 725/859/730 726/858/729 732/851/722 731/848/719
f 733/852/723 732/851/722 726/858/729 727/861/732
f 728/860/731 725/859/730 735/854/725 734/853/724
f 736/847/718 735/854/725 725/859/730 731/848/719
f 736/847/718 718/846/717 719/855/726 735/854/725
s 50
f 756/866/737 746/867/738 751/868/739 755/869/740
f 749/870/741 750/871/742 747/872/743 748/873/744
f 746/867/738 747/872/743 750/871/742 751/868/739
f 741/874/745 742/875/746 754/876/747 757/877/748
f 744/878/749 753/879/750 754/876/747 742/875/746
f 752/880/751 753/879/750 744/878/749 743/881/752
f 737/882/753 738/883/754 750/871/742 749/870/741
f 751/868/739 750/871/742 738/883/754 745/884/755
f 755/869/740 751/868/739 745/884/755 739/885/756
f 748/873/744 747/872/743 753/879/750 752/880/751
f 754/876/747 753/879/750 747/872/743 746/867/738
f 757/877/748 754/876/747 746/867/738 756/866/737
f 739/885/756 740/886/757 756/866/737 755/869/740
f 740/886/757 741/874/745 757/877/748 756/866/737
s 53
f 758/887/758 772/888/759 778/889/760 775/890/761
f 772/888/759 759/891/762 773/892/763 778/889/760
f 778/893/760 773/894/763 761/895/764 774/896/765
f 775/897/761 778/893/760 774/896/765 760/898/766
f 760/898/766 774/896/765 779/899/767 766/900/768
f 774/896/765 761/895/764 776/901/769 779/899/767
f 779/899/767 776/901/769 763/902/770 777/903/771
f 766/900/768 779/899/767 777/903/771 762/904/772
f 762/904/772 777/903/771 780/905/773 769/906/774
f 777/903/771 763/902/770 767/907/775 780/905/773
f 780/908/773 767/909/775 765/910/776 768/911/777
f 769/912/774 780/908/773 768/911/777 764/913/778
f 764/913/778 768/911/777 781/914/779 771/915/780
f 768/911/777 765/910/776 770/916/781 781/914/779
f 781/914/779 770/916/781 759/891/762 772/888/759
f 771/915/780 781/914/779 772/888/759 758/887/758
f 759/891/762 770/916/781 782/917/782 773/892/763
f 770/916/781 765/910/776 767/909/775 782/917/782
f 782/918/782 767/907/775 763/902/770 776/901/769
f 773/894/763 782/918/782 776/901/769 761/895/764
f 764/913/778 771/915/780 783/919/783 769/912/774
f 771/915/780 758/887/758 775/890/761 783/919/783
f 783/920/783 775/897/761 760/898/766 766/900/768
f 769/906/774 783/920/783 766/900/768 762/904/772
s 54
f 784/921/784 785/922/785 801/923/786 800/924/787
f 785/922/785 786/925/788 802/926/789 801/923/786
f 786/925/788 787/927/790 803/928/791 802/926/789
f 787/927/790 788/929/792 804/930/793 803/928/791
f 788/929/792 789/931/794 805/932/795 804/930/793
f 789/931/794 790/933/796 806/934/797 805/932/795
f 790/935/796 791/936/798 807/937/799 806/938/797
f 791/936/798 784/921/784 800/924/787 807/937/799
f 800/924/787 801/923/786 820/939/800 821/940/801
f 801/923/786 802/926/789 819/941/802 820/939/800
f 802/926/789 803/928/791 818/942/803 819/941/802
f 803/928/791 804/930/793 817/943/804 818/942/803
f 804/930/793 805/932/795 816/944/805 817/943/804
f 805/932/795 806/934/797 823/945/806 816/944/805
f 806/938/797 807/937/799 822/946/807 823/947/806
f 807/937/799 800/924/787 821/940/801 822/946/807
f 809/948/808 808/949/809 824/950/810 825/951/811
f 810/952/812 809/948/808 825/951/811 826/953/813
f 811/954/814 810/952/812 826/953/813 827/955/815
f 812/956/816 811/954/814 827/955/815 828/957/817
f 813/958/818 812/956/816 828/957/817 829/959/819
f 814/960/820 813/958/818 829/959/819 830/961/821
f 815/962/822 814/960/820 830/961/821 831/963/823
f 808/949/809 815/964/822 831/965/823 824/950/810
f 817/943/804 816/944/805 808/949/809 809/948/808
f 818/942/803 817/943/804 809/948/808 810/952/812
f 819/941/802 818/942/803 810/952/812 811/954/814
f 820/939/800 819/941/802 811/954/814 812/956/816
f 821/940/801 820/939/800 812/956/816 813/958/818
f 822/946/807 821/940/801 813/958/818 814/960/820
f 823/947/806 822/946/807 814/960/820 815/962/822
f 816/944/805 823/945/806 815/964/822 808/949/809
f 825/951/811 824/950/810 797/966/824 796/967/825
f 826/953/813 825/951/811 796/967/825 795/968/826
f 827/955/815 826/953/813 795/968/826 794/969/827
f 828/957/817 827/955/815 794/969/827 793/970/828
f 829/959/819 828/957/817 793/970/828 792/971/829
f 830/961/821 829/959/819 792/971/829 799/972/830
f 831/963/823 830/961/821 799/972/830 798/973/831
f 824/950/810 831/965/823 798/974/831 797/966/824
s 55
f 832/975/832 833/976/833 1131/977/834 1132/978/835
f 833/976/833 834/979/836 1130/980/837 1131/977/834
f 834/979/836 835/981/838 1129/982/839 1130/980/837
f 835/981/838 836/983/840 1128/984/841 1129/982/839
f 836/983/840 837/985/842 1127/986/843 1128/984/841
f 837/985/842 838/987/844 1126/988/845 1127/986/843
f 838/987/844 839/989/846 1125/990/847 1126/988/845
f 839/991/846 840/992/848 1124/993/849 1125/994/847
f 840/992/848 841/995/850 1123/996/851 1124/993/849
f 841/995/850 842/997/852 1122/998/853 1123/996/851
f 842/997/852 843/999/854 1121/1000/855 1122/998/853
f 843/999/854 844/1001/856 1120/1002/857 1121/1000/855
f 844/1001/856 845/1003/858 1135/1004/859 1120/1002/857
f 845/1003/858 846/1005/860 1134/1006/861 1135/1004/859
f 846/1005/860 847/1007/862 1133/1008/863 1134/1006/861
f 847/1009/862 832/975/832 1132/978/835 1133/1010/863
f 1113/1011/864 865/1012/865 864/1013/866
f 849/1014/867 850/1015/868 866/1016/869 865/1012/865
f 850/1015/868 851/1017/870 867/1018/871 866/1016/869
f 851/1017/870 852/1019/872 868/1020/873 867/1018/871
f 852/1019/872 853/1021/874 869/1022/875 868/1020/873
f 853/1021/874 854/1023/876 870/1024/877 869/1022/875
f 854/1023/876 855/1025/878 871/1026/879 870/1024/877
f 855/1027/878 856/1028/880 872/1029/881 871/1030/879
f 856/1028/880 857/1031/882 873/1032/883 872/1029/881
f 857/1031/882 858/1033/884 874/1034/885 873/1032/883
f 858/1033/884 859/1035/886 875/1036/887 874/1034/885
f 859/1035/886 860/1037/888 876/1038/889 875/1036/887
f 860/1037/888 861/1039/890 877/1040/891 876/1038/889
f 877/1040/891 1107/1041/892 1111/1042/893
f 1116/1043/894 880/1044/895 879/1045/896
f 865/1012/865 866/1016/869 881/1046/897 880/1044/895
f 866/1016/869 867/1018/871 882/1047/898 881/1046/897
f 867/1018/871 868/1020/873 883/1048/899 882/1047/898
f 868/1020/873 869/1022/875 884/1049/900 883/1048/899
f 869/1022/875 870/1024/877 885/1050/901 884/1049/900
f 870/1024/877 871/1026/879 886/1051/902 885/1050/901
f 871/1030/879 872/1029/881 887/1052/903 886/1053/902
f 872/1029/881 873/1032/883 888/1054/904 887/1052/903
f 873/1032/883 874/1034/885 889/1055/905 888/1054/904
f 874/1034/885 875/1036/887 890/1056/906 889/1055/905
f 875/1036/887 876/1038/889 891/1057/907 890/1056/906
f 876/1038/889 877/1040/891 892/1058/908 891/1057/907
f 892/1058/908 1114/1059/909 893/1060/910
f 1114/1059/909 1115/1061/911 894/1062/912 893/1060/910
f 1115/1063/911 1116/1043/894 879/1045/896 894/1064/912
f 879/1045/896 880/1044/895 937/1065/913 938/1066/914
f 880/1044/895 881/1046/897 936/1067/915 937/1065/913
f 881/1046/897 882/1047/898 935/1068/916 936/1067/915
f 882/1047/898 883/1048/899 934/1069/917 935/1068/916
f 883/1048/899 884/1049/900 933/1070/918 934/1069/917
f 884/1049/900 885/1050/901 932/1071/919 933/1070/918
f 885/1050/901 886/1051/902 931/1072/920 932/1071/919
f 886/1053/902 887/1052/903 930/1073/921 931/1074/920
f 887/1052/903 1094/1075/922 929/1076/923 930/1073/921
f 1094/1075/922 1095/1077/924 928/1078/925 929/1076/923
f 1095/1077/924 1096/1079/926 927/1080/927 928/1078/925
f 1096/1079/926 1097/1081/928 942/1082/929 927/1080/927
f 1097/1081/928 1098/1083/930 941/1084/931 942/1082/929
f 1098/1083/930 893/1060/910 940/1085/932 941/1084/931
f 893/1060/910 894/1062/912 939/1086/933 940/1085/932
f 894/1064/912 879/1045/896 938/1066/914 939/1087/933
f 895/1088/934 896/1089/935 912/1090/936 911/1091/937
f 896/1089/935 897/1092/938 913/1093/939 912/1090/936
f 897/1092/938 898/1094/940 914/1095/941 913/1093/939
f 898/1094/940 899/1096/942 915/1097/943 914/1095/941
f 899/1096/942 900/1098/944 916/1099/945 915/1097/943
f 900/1098/944 901/1100/946 917/1101/947 916/1099/945
f 901/1100/946 902/1102/948 918/1103/949 917/1101/947
f 902/1104/948 903/1105/950 919/1106/951 918/1107/949
f 903/1105/950 904/1108/952 920/1109/953 919/1106/951
f 904/1108/952 905/1110/954 921/1111/955 920/1109/953
f 905/1110/954 1087/1112/956 1088/1113/957
f 1087/1112/956 923/1114/958 1088/1113/957
f 907/1115/959 908/1116/960 924/1117/961 923/1114/958
f 908/1116/960 909/1118/962 925/1119/963 924/1117/961
f 909/1118/962 910/1120/964 926/1121/965 925/1119/963
f 910/1122/964 895/1088/934 911/1091/937 926/1123/965
f 928/1078/925 927/1080/927 943/1124/966 944/1125/967
f 929/1076/923 928/1078/925 944/1125/967 945/1126/968
f 930/1073/921 929/1076/923 945/1126/968 946/1127/969
f 931/1074/920 930/1073/921 946/1127/969 947/1128/970
f 932/1071/919 931/1072/920 947/1129/970 948/1130/971
f 933/1070/918 932/1071/919 948/1130/971 949/1131/972
f 934/1069/917 933/1070/918 949/1131/972 950/1132/973
f 935/1068/916 934/1069/917 950/1132/973 951/1133/974
f 936/1067/915 935/1068/916 951/1133/974 952/1134/975
f 937/1065/913 936/1067/915 952/1134/975 953/1135/976
f 938/1066/914 937/1065/913 953/1135/976 954/1136/977
f 939/1087/933 938/1066/914 954/1136/977 955/1137/978
f 940/1085/932 939/1086/933 955/1138/978 956/1139/979
f 941/1084/931 940/1085/932 956/1139/979 957/1140/980
f 942/1082/929 941/1084/931 957/1140/980 958/1141/981
f 927/1080/927 942/1082/929 958/1141/981 943/1124/966
f 944/1125/967 943/1124/966 959/1142/982 960/1143/983
f 945/1126/968 944/1125/967 960/1143/983 961/1144/984
f 946/1127/969 945/1126/968 961/1144/984 962/1145/985
f 947/1128/970 946/1127/969 962/1145/985 963/1146/986
f 948/1130/971 947/1129/970 963/1147/986 964/1148/987
f 949/1131/972 948/1130/971 964/1148/987 965/1149/988
f 950/1132/973 949/1131/972 965/1149/988 966/1150/989
f 951/1133/974 950/1132/973 966/1150/989 967/1151/990
f 952/1134/975 951/1133/974 967/1151/990 968/1152/991
f 953/1135/976 952/1134/975 968/1152/991 969/1153/992
f 954/1136/977 953/1135/976 969/1153/992 970/1154/993
f 955/1137/978 954/1136/977 970/1154/993 971/1155/994
f 956/1139/979 955/1138/978 971/1156/994 972/1157/995
f 957/1140/980 956/1139/979 972/1157/995 973/1158/996
f 958/1141/981 957/1140/980 973/1158/996 974/1159/997
f 943/1124/966 958/1141/981 974/1159/997 959/1142/982
f 960/1143/983 959/1142/982 906/1160/998 905/1110/954
f 961/1144/984 960/1143/983 905/1110/954 904/1108/952
f 962/1145/985 961/1144/984 904/1108/952 903/1105/950
f 963/1146/986 962/1145/985 903/1105/950 902/1104/948
f 964/1148/987 963/1147/986 902/1102/948 901/1100/946
f 965/1149/988 964/1148/987 901/1100/946 900/1098/944
f 966/1150/989 965/1149/988 900/1098/944 899/1096/942
f 967/1151/990 966/1150/989 899/1096/942 898/1094/940
f 968/1152/991 967/1151/990 898/1094/940 897/1092/938
f 969/1153/992 968/1152/991 897/1092/938 896/1089/935
f 970/1154/993 969/1153/992 896/1089/935 895/1088/934
f 971/1155/994 970/1154/993 895/1088/934 910/1122/964
f 972/1157/995 971/1156/994 910/1120/964 909/1118/962
f 973/1158/996 972/1157/995 909/1118/962 908/1116/960
f 974/1159/997 973/1158/996 908/1116/960 907/1115/959
f 959/1142/982 974/1159/997 907/1115/959 906/1160/998
f 911/1091/937 912/1090/936 976/1161/999 975/1162/1000
f 912/1090/936 913/1093/939 977/1163/1001 976/1161/999
f 913/1093/939 914/1095/941 978/1164/1002 977/1163/1001
f 914/1095/941 915/1097/943 979/1165/1003 978/1164/1002
f 915/1097/943 916/1099/945 980/1166/1004 979/1165/1003
f 916/1099/945 917/1101/947 981/1167/1005 980/1166/1004
f 917/1101/947 918/1103/949 982/1168/1006 981/1167/1005
f 918/1107/949 919/1106/951 983/1169/1007 982/1170/1006
f 919/1106/951 920/1109/953 984/1171/1008 983/1169/1007
f 920/1109/953 921/1111/955 985/1172/1009 984/1171/1008
f 921/1111/955 922/1173/1010 986/1174/1011 985/1172/1009
f 922/1173/1010 923/1114/958 987/1175/1012 986/1174/1011
f 923/1114/958 924/1117/961 988/1176/1013 987/1175/1012
f 924/1117/961 925/1119/963 989/1177/1014 988/1176/1013
f 925/1119/963 926/1121/965 990/1178/1015 989/1177/1014
f 926/1123/965 911/1091/937 975/1162/1000 990/1179/1015
f 975/1162/1000 976/1161/999 992/1180/1016 991/1181/1017
f 976/1161/999 977/1163/1001 993/1182/1018 992/1180/1016
f 977/1163/1001 978/1164/1002 994/1183/1019 993/1182/1018
f 978/1164/1002 979/1165/1003 995/1184/1020 994/1183/1019
f 979/1165/1003 980/1166/1004 996/1185/1021 995/1184/1020
f 980/1166/1004 981/1167/1005 997/1186/1022 996/1185/1021
f 981/1167/1005 982/1168/1006 998/1187/1023 997/1186/1022
f 982/1170/1006 983/1169/1007 999/1188/1024 998/1189/1023
f 983/1169/1007 984/1171/1008 1000/1190/1025 999/1188/1024
f 984/1171/1008 985/1172/1009 1001/1191/1026 1000/1190/1025
f 985/1172/1009 986/1174/1011 1002/1192/1027 1001/1191/1026
f 986/1174/1011 987/1175/1012 1003/1193/1028 1002/1192/1027
f 987/1175/1012 988/1176/1013 1004/1194/1029 1003/1193/1028
f 988/1176/1013 989/1177/1014 1005/1195/1030 1004/1194/1029
f 989/1177/1014 990/1178/1015 1006/1196/1031 1005/1195/1030
f 990/1179/1015 975/1162/1000 991/1181/1017 1006/1197/1031
f 991/1181/1017 992/1180/1016 1008/1198/1032 1007/1199/1033
f 992/1180/1016 993/1182/1018 1009/1200/1034 1008/1198/1032
f 993/1182/1018 994/1183/1019 1010/1201/1035 1009/1200/1034
f 994/1183/1019 995/1184/1020 1011/1202/1036 1010/1201/1035
f 995/1184/1020 996/1185/1021 1012/1203/1037 1011/1202/1036
f 996/1185/1021 997/1186/1022 1013/1204/1038 1012/1203/1037
f 997/1186/1022 998/1187/1023 1014/1205/1039 1013/1204/1038
f 998/1189/1023 999/1188/1024 1015/1206/1040 1014/1207/1039
f 999/1188/1024 1000/1190/1025 1016/1208/1041 1015/1206/1040
f 1000/1190/1025 1001/1191/1026 1017/1209/1042 1016/1208/1041
f 1001/1191/1026 1002/1192/1027 1018/1210/1043 1017/1209/1042
f 1002/1192/1027 1003/1193/1028 1019/1211/1044 1018/1210/1043
f 1003/1193/1028 1004/1194/1029 1020/1212/1045 1019/1211/1044
f 1004/1194/1029 1005/1195/1030 1021/1213/1046 1020/1212/1045
f 1005/1195/1030 1006/1196/1031 1022/1214/1047 1021/1213/1046
f 1006/1197/1031 991/1181/1017 1007/1199/1033 1022/1215/1047
f 1007/1199/1033 1008/1198/1032 1024/1216/1048 1023/1217/1049
f 1008/1198/1032 1009/1200/1034 1025/1218/1050 1024/1216/1048
f 1009/1200/1034 1010/1201/1035 1026/1219/1051 1025/1218/1050
f 1010/1201/1035 1011/1202/1036 1027/1220/1052 1026/1219/1051
f 1011/1202/1036 1012/1203/1037 1028/1221/1053 1027/1220/1052
f 1012/1203/1037 1013/1204/1038 1029/1222/1054 1028/1221/1053
f 1013/1204/1038 1014/1205/1039 1030/1223/1055 1029/1222/1054
f 1014/1207/1039 1015/1206/1040 1031/1224/1056 1030/1225/1055
f 1015/1206/1040 1016/1208/1041 1032/1226/1057 1031/1224/1056
f 1016/1208/1041 1017/1209/1042 1033/1227/1058 1032/1226/1057
f 1017/1209/1042 1018/1210/1043 1034/1228/1059 1033/1227/1058
f 1018/1210/1043 1019/1211/1044 1035/1229/1060 1034/1228/1059
f 1019/1211/1044 1020/1212/1045 1036/1230/1061 1035/1229/1060
f 1020/1212/1045 1021/1213/1046 1037/1231/1062 1036/1230/1061
f 1021/1213/1046 1022/1214/1047 1038/1232/1063 1037/1231/1062
f 1022/1215/1047 1007/1199/1033 1023/1217/1049 1038/1233/1063
f 1023/1217/1049 1024/1216/1048 1040/1234/1064 1039/1235/1065
f 1024/1216/1048 1025/1218/1050 1041/1236/1066 1040/1234/1064
f 1025/1218/1050 1026/1219/1051 1042/1237/1067 1041/1236/1066
f 1026/1219/1051 1027/1220/1052 1043/1238/1068 1042/1237/1067
f 1027/1220/1052 1028/1221/1053 1044/1239/1069 1043/1238/1068
f 1028/1221/1053 1029/1222/1054 1045/1240/1070 1044/1239/1069
f 1029/1222/1054 1030/1223/1055 1046/1241/1071 1045/1240/1070
f 1030/1225/1055 1031/1224/1056 1047/1242/1072 1046/1243/1071
f 1031/1224/1056 1032/1226/1057 1048/1244/1073 1047/1242/1072
f 1032/1226/1057 1033/1227/1058 1049/1245/1074 1048/1244/1073
f 1033/1227/1058 1034/1228/1059 1050/1246/1075 1049/1245/1074
f 1034/1228/1059 1035/1229/1060 1051/1247/1076 1050/1246/1075
f 1035/1229/1060 1036/1230/1061 1052/1248/1077 1051/1247/1076
f 1036/1230/1061 1037/1231/1062 1053/1249/1078 1052/1248/1077
f 1037/1231/1062 1038/1232/1063 1054/1250/1079 1053/1249/1078
f 1038/1233/1063 1023/1217/1049 1039/1235/1065 1054/1251/1079
f 1039/1235/1065 1040/1234/1064 1056/1252/1080 1055/1253/1081
f 1040/1234/1064 1041/1236/1066 1057/1254/1082 1056/1252/1080
f 1041/1236/1066 1042/1237/1067 1058/1255/1083 1057/1254/1082
f 1042/1237/1067 1043/1238/1068 1059/1256/1084 1058/1255/1083
f 1043/1238/1068 1044/1239/1069 1060/1257/1085 1059/1256/1084
f 1044/1239/1069 1045/1240/1070 1061/1258/1086 1060/1257/1085
f 1045/1240/1070 1046/1241/1071 1062/1259/1087 1061/1258/1086
f 1046/1243/1071 1047/1242/1072 1063/1260/1088 1062/1261/1087
f 1047/1242/1072 1048/1244/1073 1064/1262/1089 1063/1260/1088
f 1048/1244/1073 1049/1245/1074 1065/1263/1090 1064/1262/1089
f 1049/1245/1074 1050/1246/1075 1066/1264/1091 1065/1263/1090
f 1050/1246/1075 1051/1247/1076 1067/1265/1092 1066/1264/1091
f 1051/1247/1076 1052/1248/1077 1068/1266/1093 1067/1265/1092
f 1052/1248/1077 1053/1249/1078 1069/1267/1094 1068/1266/1093
f 1053/1249/1078 1054/1250/1079 1070/1268/1095 1069/1267/1094
f 1054/1251/1079 1039/1235/1065 1055/1253/1081 1070/1269/1095
f 1072/1270/1096 1071/1271/1097 862/1272/1098 861/1039/890
f 1073/1273/1099 1072/1270/1096 861/1039/890 860/1037/888
f 1074/1274/1100 1073/1273/1099 860/1037/888 859/1035/886
f 1091/1275/1101 1074/1274/1100 859/1035/886 858/1033/884
f 1090/1276/1102 1091/1275/1101 858/1033/884 857/1031/882
f 856/1028/880 1090/1276/1102 857/1031/882
f 1078/1277/1103 1077/1278/1104 856/1028/880 855/1027/878
f 1079/1279/1105 1078/1280/1103 855/1025/878 854/1023/876
f 1080/1281/1106 1079/1279/1105 854/1023/876 853/1021/874
f 1081/1282/1107 1080/1281/1106 853/1021/874 852/1019/872
f 1082/1283/1108 1081/1282/1107 852/1019/872 851/1017/870
f 1083/1284/1109 1082/1283/1108 851/1017/870 850/1015/868
f 1084/1285/1110 1083/1284/1109 850/1015/868 849/1014/867
f 1085/1286/1111 1084/1285/1110 849/1014/867 848/1287/1112
f 1086/1288/1113 1085/1286/1111 848/1287/1112 863/1289/1114
f 1071/1271/1097 1086/1290/1113 863/1291/1114 862/1272/1098
f 905/1110/954 1089/1292/1115 1087/1112/956
f 1089/1292/1115 923/1114/958 1087/1112/956
f 1088/1113/957 923/1114/958 922/1173/1010
f 905/1110/954 1088/1113/957 922/1173/1010 921/1111/955
f 905/1110/954 906/1160/998 1089/1292/1115
f 906/1160/998 907/1115/959 923/1114/958 1089/1292/1115
f 856/1028/880 1092/1293/1116 1090/1276/1102
f 1092/1293/1116 1093/1294/1117 1091/1275/1101 1090/1276/1102
f 1093/1294/1117 1074/1274/1100 1091/1275/1101
f 1077/1278/1104 1076/1295/1118 1092/1293/1116 856/1028/880
f 1076/1295/1118 1075/1296/1119 1093/1294/1117 1092/1293/1116
f 1075/1296/1119 1074/1274/1100 1093/1294/1117
f 887/1052/903 888/1054/904 1102/1297/1120
f 1102/1297/1120 1103/1298/1121 1095/1077/924 1094/1075/922
f 1103/1298/1121 1104/1299/1122 1096/1079/926 1095/1077/924
f 1104/1299/1122 1105/1300/1123 1097/1081/928 1096/1079/926
f 1105/1300/1123 1106/1301/1124 1098/1083/930 1097/1081/928
f 1106/1301/1124 893/1060/910 1098/1083/930
f 888/1054/904 889/1055/905 1099/1302/1125
f 889/1055/905 890/1056/906 1100/1303/1126 1099/1302/1125
f 890/1056/906 891/1057/907 1101/1304/1127 1100/1303/1126
f 891/1057/907 892/1058/908 1101/1304/1127
f 888/1054/904 1099/1302/1125 1103/1298/1121 1102/1297/1120
f 1099/1302/1125 1100/1303/1126 1104/1299/1122 1103/1298/1121
f 1100/1303/1126 1101/1304/1127 1105/1300/1123 1104/1299/1122
f 1101/1304/1127 892/1058/908 1106/1301/1124 1105/1300/1123
f 892/1058/908 893/1060/910 1106/1301/1124
f 887/1052/903 1102/1297/1120 1094/1075/922
f 861/1039/890 862/1272/1098 1107/1041/892 877/1040/891
f 862/1272/1098 863/1291/1114 1108/1305/1128 1107/1041/892
f 863/1289/1114 848/1287/1112 1109/1306/1129 1108/1307/1128
f 848/1287/1112 849/1014/867 865/1012/865 1109/1306/1129
f 1111/1042/893 1112/1308/1130 1110/1309/1131 878/1310/1132
f 1112/1311/1130 1113/1011/864 864/1013/866 1110/1312/1131
f 1107/1041/892 1108/1305/1128 1112/1308/1130 1111/1042/893
f 1108/1307/1128 1109/1306/1129 1113/1011/864 1112/1311/1130
f 1109/1306/1129 865/1012/865 1113/1011/864
f 877/1040/891 1111/1042/893 878/1310/1132
f 892/1058/908 1117/1313/1133 1114/1059/909
f 1115/1061/911 1114/1059/909 1117/1313/1133 1118/1314/1134
f 1118/1315/1134 1119/1316/1135 1116/1043/894 1115/1063/911
f 1119/1316/1135 880/1044/895 1116/1043/894
f 877/1040/891 878/1310/1132 1117/1313/1133 892/1058/908
f 1118/1314/1134 1117/1313/1133 878/1310/1132 1110/1309/1131
f 864/1013/866 1119/1316/1135 1118/1315/1134 1110/1312/1131
f 864/1013/866 865/1012/865 880/1044/895 1119/1316/1135
f 1121/1000/855 1120/1002/857 1073/1273/1099 1074/1274/1100
f 1122/998/853 1121/1000/855 1074/1274/1100 1075/1296/1119
f 1123/996/851 1122/998/853 1075/1296/1119 1076/1295/1118
f 1124/993/849 1123/996/851 1076/1295/1118 1077/1278/1104
f 1125/994/847 1124/993/849 1077/1278/1104 1078/1277/1103
f 1126/988/845 1125/990/847 1078/1280/1103 1079/1279/1105
f 1127/986/843 1126/988/845 1079/1279/1105 1080/1281/1106
f 1128/984/841 1127/986/843 1080/1281/1106 1081/1282/1107
f 1129/982/839 1128/984/841 1081/1282/1107 1082/1283/1108
f 1130/980/837 1129/982/839 1082/1283/1108 1083/1284/1109
f 1131/977/834 1130/980/837 1083/1284/1109 1084/1285/1110
f 1132/978/835 1131/977/834 1084/1285/1110 1085/1286/1111
f 1133/1010/863 1132/978/835 1085/1286/1111 1086/1288/1113
f 1134/1006/861 1133/1008/863 1086/1290/1113 1071/1271/1097
f 1135/1004/859 1134/1006/861 1071/1271/1097 1072/1270/1096
f 1120/1002/857 1135/1004/859 1072/1270/1096 1073/1273/1099
s 63
f 1136/1317/1136 1138/1318/1137 1139/1319/1138 1137/1320/1139
f 1141/1321/1140 1140/1322/1141 1139/1319/1138 1138/1318/1137
s 64
f 1151/1323/1142 1152/1324/1143 1153/1325/1144
f 1152/1324/1143 1154/1326/1145 1153/1325/1144
f 1154/1326/1145 1155/1327/1146 1153/1325/1144
f 1155/1327/1146 1156/1328/1147 1153/1325/1144
f 1156/1328/1147 1157/1329/1148 1153/1325/1144
f 1157/1329/1148 1158/1330/1149 1153/1325/1144
f 1158/1330/1149 1159/1331/1150 1153/1325/1144
f 1159/1331/1150 1151/1323/1142 1153/1325/1144
f 1142/1332/1151 1150/1333/1152 1143/1334/1153
f 1143/1334/1153 1150/1333/1152 1144/1335/1154
f 1144/1335/1154 1150/1333/1152 1145/1336/1155
f 1145/1336/1155 1150/1333/1152 1146/1337/1156
f 1146/1337/1156 1150/1333/1152 1147/1338/1157
f 1147/1338/1157 1150/1333/1152 1148/1339/1158
f 1148/1339/1158 1150/1333/1152 1149/1340/1159
f 1149/1340/1159 1150/1333/1152 1142/1332/1151
f 1142/1341/1151 1143/1342/1153 1152/1324/1143 1151/1323/1142
f 1143/1342/1153 1144/1343/1154 1154/1326/1145 1152/1324/1143
f 1146/1344/1156 1147/1345/1157 1157/1329/1148 1156/1328/1147
f 1147/1345/1157 1148/1346/1158 1158/1330/1149 1157/1329/1148
f 1148/1346/1158 1149/1347/1159 1159/1331/1150 1158/1330/1149
f 1149/1347/1159 1142/1341/1151 1151/1323/1142 1159/1331/1150
s 66
f 1304/1348/1160 1305/1349/1161 1274/1350/1162 1275/1351/1163
f 1305/1349/1161 1306/1352/1164 1273/1353/1165 1274/1350/1162
f 1163/1354/1166 1164/1355/1167 1165/1356/1168 1166/1357/1169
f 1165/1356/1168 1168/1358/1170 1167/1359/1171 1166/1357/1169
f 1172/1360/1172 1298/1361/1173 1299/1362/1174 1173/1363/1175
f 1172/1360/1172 1173/1363/1175 1296/1364/1176 1297/1365/1177
f 1277/1366/1178 1278/1367/1179 1301/1368/1180 1302/1369/1181
f 1177/1370/1182 1178/1371/1183 1179/1372/1184 1180/1373/1185
f 1181/1374/1186 1180/1373/1185 1182/1375/1187 1183/1376/1188
f 1299/1362/1174 1300/1377/1189 1279/1378/1190 1173/1363/1175
f 1303/1379/1191 1304/1348/1160 1275/1351/1163 1276/1380/1192
f 1168/1358/1170 1186/1381/1193 1185/1382/1194 1167/1359/1171
f 1182/1383/1187 1188/1384/1195 1187/1385/1196 1183/1386/1188
f 1189/1387/1197 1190/1388/1198 1191/1389/1199 1192/1390/1200
f 1278/1391/1179 1279/1378/1190 1300/1377/1189 1301/1392/1180
f 1196/1393/1201 1193/1394/1202 1194/1395/1203 1195/1396/1204
f 1174/1397/1205 1189/1387/1197 1192/1390/1200 1171/1398/1206
f 1197/1399/1207 1225/1400/1208 1226/1401/1209 1198/1402/1210
f 1227/1403/1211 1199/1404/1212 1198/1402/1210 1226/1401/1209
f 1227/1403/1211 1228/1405/1213 1200/1406/1214 1199/1404/1212
f 1200/1406/1214 1178/1371/1183 1177/1370/1182 1199/1404/1212
f 1177/1370/1182 1201/1407/1215 1198/1402/1210 1199/1404/1212
f 1197/1399/1207 1201/1407/1215 1202/1408/1216
f 1302/1369/1181 1303/1379/1191 1276/1380/1192 1277/1366/1178
f 1203/1409/1217 1204/1410/1218 1181/1374/1186 1183/1376/1188
f 1205/1411/1219 1203/1412/1217 1183/1386/1188 1187/1385/1196
f 1204/1410/1218 1202/1408/1216 1201/1407/1215 1181/1374/1186
f 1194/1395/1203 1193/1394/1202 1206/1413/1220 1174/1397/1205
f 1207/1414/1221 1208/1415/1222 1190/1388/1198 1189/1387/1197
f 1208/1415/1222 1205/1411/1219 1187/1385/1196 1190/1388/1198
f 1209/1416/1223 1225/1400/1208 1197/1399/1207 1223/1417/1224
f 1196/1418/1201 1209/1419/1223 1214/1420/1225 1217/1421/1226
f 1217/1421/1226 1218/1422/1227 1193/1423/1202 1196/1418/1201
f 1219/1424/1228 1220/1425/1229 1207/1426/1221 1206/1427/1220
f 1212/1428/1230 1211/1429/1231 1205/1430/1219 1208/1431/1222
f 1205/1430/1219 1211/1429/1231 1210/1432/1232 1203/1433/1217
f 1203/1433/1217 1210/1432/1232 1213/1434/1233 1204/1435/1218
f 1204/1435/1218 1213/1434/1233 1215/1436/1234 1202/1437/1216
f 1209/1419/1223 1223/1438/1224 1224/1439/1235 1214/1420/1225
f 1220/1425/1229 1212/1428/1230 1208/1431/1222 1207/1426/1221
f 1206/1413/1220 1207/1414/1221 1189/1387/1197 1174/1397/1205
f 1180/1373/1185 1181/1374/1186 1201/1407/1215 1177/1370/1182
f 1197/1399/1207 1198/1402/1210 1201/1407/1215
f 1219/1440/1228 1206/1441/1220 1193/1423/1202 1218/1422/1227
f 1196/1442/1201 1222/1443/1236 1209/1416/1223
f 1187/1385/1196 1188/1384/1195 1191/1389/1199 1190/1388/1198
f 1222/1443/1236 1196/1442/1201 1195/1444/1204 1216/1445/1237
f 1186/1381/1193 1222/1443/1236 1216/1445/1237 1185/1382/1194
f 1224/1439/1235 1223/1438/1224 1202/1437/1216 1215/1436/1234
f 1225/1400/1208 1186/1381/1193 1168/1358/1170 1226/1401/1209
f 1165/1356/1168 1227/1403/1211 1226/1401/1209 1168/1358/1170
f 1165/1356/1168 1164/1355/1167 1228/1405/1213 1227/1403/1211
f 1209/1416/1223 1222/1443/1236 1186/1381/1193 1225/1400/1208
f 1197/1399/1207 1202/1408/1216 1223/1417/1224
f 1210/1432/1232 1211/1429/1231 1258/1446/1238 1259/1447/1239
f 1211/1429/1231 1212/1428/1230 1257/1448/1240 1258/1446/1238
f 1213/1434/1233 1210/1432/1232 1259/1447/1239 1260/1449/1241
f 1214/1420/1225 1224/1439/1235 1251/1450/1242 1252/1451/1243
f 1215/1436/1234 1213/1434/1233 1260/1449/1241 1261/1452/1244
f 1217/1421/1226 1214/1420/1225 1252/1451/1243 1253/1453/1245
f 1218/1422/1227 1217/1421/1226 1253/1453/1245 1254/1454/1246
f 1220/1425/1229 1219/1424/1228 1255/1455/1247 1256/1456/1248
f 1219/1440/1228 1218/1422/1227 1254/1454/1246 1255/1457/1247
f 1212/1428/1230 1220/1425/1229 1256/1456/1248 1257/1448/1240
f 1224/1439/1235 1215/1436/1234 1261/1452/1244 1251/1450/1242
f 1241/1458/1249 1240/1459/1250 1267/1460/1251 1268/1461/1252
f 1242/1462/1253 1241/1458/1249 1268/1461/1252 1269/1463/1254
f 1243/1464/1255 1242/1462/1253 1269/1463/1254 1270/1465/1256
f 1244/1466/1257 1243/1464/1255 1270/1465/1256 1271/1467/1258
f 1245/1468/1259 1244/1469/1257 1271/1470/1258 1272/1471/1260
f 1246/1472/1261 1245/1468/1259 1272/1471/1260 1262/1473/1262
f 1247/1474/1263 1246/1472/1261 1262/1473/1262 1263/1475/1264
f 1248/1476/1265 1247/1474/1263 1263/1475/1264 1264/1477/1266
f 1249/1478/1267 1248/1476/1265 1264/1477/1266 1265/1479/1268
f 1250/1480/1269 1249/1478/1267 1265/1479/1268 1266/1481/1270
f 1240/1459/1250 1250/1480/1269 1266/1481/1270 1267/1460/1251
f 1252/1451/1243 1251/1450/1242 1240/1459/1250 1241/1458/1249
f 1253/1453/1245 1252/1451/1243 1241/1458/1249 1242/1462/1253
f 1254/1454/1246 1253/1453/1245 1242/1462/1253 1243/1464/1255
f 1255/1457/1247 1254/1454/1246 1243/1464/1255 1244/1466/1257
f 1256/1456/1248 1255/1455/1247 1244/1469/1257 1245/1468/1259
f 1257/1448/1240 1256/1456/1248 1245/1468/1259 1246/1472/1261
f 1258/1446/1238 1257/1448/1240 1246/1472/1261 1247/1474/1263
f 1259/1447/1239 1258/1446/1238 1247/1474/1263 1248/1476/1265
f 1260/1449/1241 1259/1447/1239 1248/1476/1265 1249/1478/1267
f 1261/1452/1244 1260/1449/1241 1249/1478/1267 1250/1480/1269
f 1251/1450/1242 1261/1452/1244 1250/1480/1269 1240/1459/1250
f 1263/1475/1264 1262/1473/1262 1231/1482/1271 1230/1483/1272
f 1264/1477/1266 1263/1475/1264 1230/1483/1272 1229/1484/1273
f 1265/1479/1268 1264/1477/1266 1229/1484/1273 1232/1485/1274
f 1266/1481/1270 1265/1479/1268 1232/1485/1274 1235/1486/1275
f 1267/1460/1251 1266/1481/1270 1235/1486/1275 1234/1487/1276
f 1268/1461/1252 1267/1460/1251 1234/1487/1276 1233/1488/1277
f 1269/1463/1254 1268/1461/1252 1233/1488/1277 1236/1489/1278
f 1270/1465/1256 1269/1463/1254 1236/1489/1278 1237/1490/1279
f 1271/1467/1258 1270/1465/1256 1237/1490/1279 1238/1491/1280
f 1272/1471/1260 1271/1470/1258 1238/1492/1280 1239/1493/1281
f 1262/1473/1262 1272/1471/1260 1239/1493/1281 1231/1482/1271
f 1280/1494/1282 1281/1495/1283 1274/1350/1162 1273/1353/1165
f 1281/1495/1283 1282/1496/1284 1275/1351/1163 1274/1350/1162
f 1282/1496/1284 1283/1497/1285 1276/1380/1192 1275/1351/1163
f 1283/1497/1285 1284/1498/1286 1277/1366/1178 1276/1380/1192
f 1284/1498/1286 1285/1499/1287 1278/1367/1179 1277/1366/1178
f 1285/1500/1287 1286/1501/1288 1279/1378/1190 1278/1391/1179
f 1173/1363/1175 1279/1378/1190 1286/1501/1288 1296/1364/1176
f 1292/1502/1289 1293/1503/1290 1163/1354/1166 1166/1357/1169
f 1291/1504/1291 1292/1502/1289 1166/1357/1169 1167/1359/1171
f 1290/1505/1292 1291/1504/1291 1167/1359/1171 1185/1382/1194
f 1289/1506/1293 1290/1505/1292 1185/1382/1194 1216/1445/1237
f 1195/1444/1204 1288/1507/1294 1289/1506/1293 1216/1445/1237
f 1195/1396/1204 1194/1395/1203 1287/1508/1295 1288/1509/1294
f 1288/1509/1294 1287/1508/1295 1286/1501/1288 1285/1500/1287
f 1289/1506/1293 1288/1507/1294 1285/1499/1287 1284/1498/1286
f 1284/1498/1286 1283/1497/1285 1290/1505/1292 1289/1506/1293
f 1283/1497/1285 1282/1496/1284 1291/1504/1291 1290/1505/1292
f 1282/1496/1284 1281/1495/1283 1292/1502/1289 1291/1504/1291
f 1281/1495/1283 1280/1494/1282 1293/1503/1290 1292/1502/1289
f 1174/1397/1205 1294/1510/1296 1287/1508/1295 1194/1395/1203
f 1171/1398/1206 1295/1511/1297 1294/1510/1296 1174/1397/1205
f 1287/1508/1295 1294/1510/1296 1296/1364/1176 1286/1501/1288
f 1294/1510/1296 1295/1511/1297 1297/1365/1177 1296/1364/1176
f 1315/1512/1298 1170/1513/1299 1169/1514/1300 1314/1515/1301
f 1169/1514/1300 1176/1516/1302 1313/1517/1303 1314/1515/1301
f 1312/1518/1304 1313/1517/1303 1176/1516/1302 1221/1519/1305
f 1311/1520/1306 1312/1521/1304 1221/1522/1305 1175/1523/1307
f 1175/1523/1307 1184/1524/1308 1310/1525/1309 1311/1520/1306
f 1184/1524/1308 1160/1526/1310 1309/1527/1311 1310/1525/1309
f 1160/1526/1310 1161/1528/1312 1308/1529/1313 1309/1527/1311
f 1161/1528/1312 1162/1530/1314 1307/1531/1315 1308/1529/1313
f 1308/1529/1313 1307/1531/1315 1306/1352/1164 1305/1349/1161
f 1309/1527/1311 1308/1529/1313 1305/1349/1161 1304/1348/1160
f 1310/1525/1309 1309/1527/1311 1304/1348/1160 1303/1379/1191
f 1311/1520/1306 1310/1525/1309 1303/1379/1191 1302/1369/1181
f 1302/1369/1181 1301/1368/1180 1312/1521/1304 1311/1520/1306
f 1301/1392/1180 1300/1377/1189 1313/1517/1303 1312/1518/1304
f 1314/1515/1301 1313/1517/1303 1300/1377/1189 1299/1362/1174
f 1298/1361/1173 1315/1512/1298 1314/1515/1301 1299/1362/1174
f 1443/1532/1316 1419/1533/1317 1418/1534/1318 1444/1535/1319
f 1444/1535/1319 1418/1534/1318 1273/1536/1165 1445/1537/1320
f 1163/1538/1166 1320/1539/1321 1319/1540/1322 1164/1541/1167
f 1319/1540/1322 1320/1539/1321 1321/1542/1323 1322/1543/1324
f 1172/1544/1172 1324/1545/1325 1438/1546/1326 1298/1547/1173
f 1421/1548/1327 1441/1549/1328 1440/1550/1329 1422/1551/1330
f 1328/1552/1331 1329/1553/1332 1179/1554/1184 1178/1555/1183
f 1330/1556/1333 1332/1557/1334 1331/1558/1335 1329/1553/1332
f 1438/1546/1326 1324/1545/1325 1423/1559/1336 1439/1560/1337
f 1442/1561/1338 1420/1562/1339 1419/1533/1317 1443/1532/1316
f 1322/1543/1324 1321/1542/1323 1334/1563/1340 1335/1564/1341
f 1331/1565/1335 1332/1566/1334 1336/1567/1342 1337/1568/1343
f 1338/1569/1344 1192/1570/1200 1191/1571/1199 1339/1572/1345
f 1422/1573/1330 1440/1574/1329 1439/1560/1337 1423/1559/1336
f 1343/1575/1346 1342/1576/1347 1341/1577/1348 1340/1578/1349
f 1325/1579/1350 1171/1580/1206 1192/1570/1200 1338/1569/1344
f 1344/1581/1351 1345/1582/1352 1372/1583/1353 1371/1584/1354
f 1373/1585/1355 1372/1583/1353 1345/1582/1352 1346/1586/1356
f 1373/1585/1355 1346/1586/1356 1200/1587/1214 1228/1588/1213
f 1200/1587/1214 1346/1586/1356 1328/1552/1331 1178/1555/1183
f 1328/1552/1331 1346/1586/1356 1345/1582/1352 1347/1589/1357
f 1344/1581/1351 1348/1590/1358 1347/1589/1357
f 1441/1549/1328 1421/1548/1327 1420/1562/1339 1442/1561/1338
f 1349/1591/1359 1332/1557/1334 1330/1556/1333 1350/1592/1360
f 1351/1593/1361 1336/1567/1342 1332/1566/1334 1349/1594/1359
f 1350/1592/1360 1330/1556/1333 1347/1589/1357 1348/1590/1358
f 1341/1577/1348 1325/1579/1350 1352/1595/1362 1340/1578/1349
f 1353/1596/1363 1338/1569/1344 1339/1572/1345 1354/1597/1364
f 1354/1597/1364 1339/1572/1345 1336/1567/1342 1351/1593/1361
f 1355/1598/1365 1369/1599/1366 1344/1581/1351 1371/1584/1354
f 1343/1600/1346 1363/1601/1367 1360/1602/1368 1355/1603/1365
f 1363/1601/1367 1343/1600/1346 1340/1604/1349 1364/1605/1369
f 1365/1606/1370 1352/1607/1362 1353/1608/1363 1366/1609/1371
f 1358/1610/1372 1354/1611/1364 1351/1612/1361 1357/1613/1373
f 1351/1612/1361 1349/1614/1359 1356/1615/1374 1357/1613/1373
f 1349/1614/1359 1350/1616/1360 1359/1617/1375 1356/1615/1374
f 1350/1616/1360 1348/1618/1358 1361/1619/1376 1359/1617/1375
f 1355/1603/1365 1360/1602/1368 1370/1620/1377 1369/1621/1366
f 1366/1609/1371 1353/1608/1363 1354/1611/1364 1358/1610/1372
f 1352/1595/1362 1325/1579/1350 1338/1569/1344 1353/1596/1363
f 1329/1553/1332 1328/1552/1331 1347/1589/1357 1330/1556/1333
f 1344/1581/1351 1347/1589/1357 1345/1582/1352
f 1365/1606/1370 1364/1622/1369 1340/1623/1349 1352/1607/1362
f 1343/1624/1346 1355/1598/1365 1368/1625/1378
f 1336/1567/1342 1339/1572/1345 1191/1571/1199 1337/1568/1343
f 1368/1625/1378 1362/1626/1379 1342/1627/1347 1343/1624/1346
f 1335/1564/1341 1334/1563/1340 1362/1626/1379 1368/1625/1378
f 1370/1620/1377 1361/1619/1376 1348/1618/1358 1369/1621/1366
f 1371/1584/1354 1372/1583/1353 1322/1543/1324 1335/1564/1341
f 1319/1540/1322 1322/1543/1324 1372/1583/1353 1373/1585/1355
f 1319/1540/1322 1373/1585/1355 1228/1588/1213 1164/1541/1167
f 1355/1598/1365 1371/1584/1354 1335/1564/1341 1368/1625/1378
f 1344/1581/1351 1369/1599/1366 1348/1590/1358
f 1356/1615/1374 1404/1628/1380 1403/1629/1381 1357/1613/1373
f 1357/1613/1373 1403/1629/1381 1402/1630/1382 1358/1610/1372
f 1359/1617/1375 1405/1631/1383 1404/1628/1380 1356/1615/1374
f 1360/1602/1368 1397/1632/1384 1396/1633/1385 1370/1620/1377
f 1361/1619/1376 1406/1634/1386 1405/1631/1383 1359/1617/1375
f 1363/1601/1367 1398/1635/1387 1397/1632/1384 1360/1602/1368
f 1364/1605/1369 1399/1636/1388 1398/1635/1387 1363/1601/1367
f 1366/1609/1371 1401/1637/1389 1400/1638/1390 1365/1606/1370
f 1365/1606/1370 1400/1638/1390 1399/1639/1388 1364/1622/1369
f 1358/1610/1372 1402/1630/1382 1401/1637/1389 1366/1609/1371
f 1370/1620/1377 1396/1633/1385 1406/1634/1386 1361/1619/1376
f 1386/1640/1391 1413/1641/1392 1412/1642/1393 1385/1643/1394
f 1387/1644/1395 1414/1645/1396 1413/1641/1392 1386/1640/1391
f 1388/1646/1397 1415/1647/1398 1414/1645/1396 1387/1644/1395
f 1389/1648/1399 1416/1649/1400 1415/1650/1398 1388/1651/1397
f 1390/1652/1401 1417/1653/1402 1416/1649/1400 1389/1648/1399
f 1391/1654/1403 1407/1655/1404 1417/1653/1402 1390/1652/1401
f 1392/1656/1405 1408/1657/1406 1407/1655/1404 1391/1654/1403
f 1393/1658/1407 1409/1659/1408 1408/1657/1406 1392/1656/1405
f 1394/1660/1409 1410/1661/1410 1409/1659/1408 1393/1658/1407
f 1395/1662/1411 1411/1663/1412 1410/1661/1410 1394/1660/1409
f 1385/1643/1394 1412/1642/1393 1411/1663/1412 1395/1662/1411
f 1397/1632/1384 1386/1640/1391 1385/1643/1394 1396/1633/1385
f 1398/1635/1387 1387/1644/1395 1386/1640/1391 1397/1632/1384
f 1399/1636/1388 1388/1646/1397 1387/1644/1395 1398/1635/1387
f 1400/1638/1390 1389/1648/1399 1388/1651/1397 1399/1639/1388
f 1401/1637/1389 1390/1652/1401 1389/1648/1399 1400/1638/1390
f 1402/1630/1382 1391/1654/1403 1390/1652/1401 1401/1637/1389
f 1403/1629/1381 1392/1656/1405 1391/1654/1403 1402/1630/1382
f 1404/1628/1380 1393/1658/1407 1392/1656/1405 1403/1629/1381
f 1405/1631/1383 1394/1660/1409 1393/1658/1407 1404/1628/1380
f 1406/1634/1386 1395/1662/1411 1394/1660/1409 1405/1631/1383
f 1396/1633/1385 1385/1643/1394 1395/1662/1411 1406/1634/1386
f 1408/1657/1406 1375/1664/1413 1376/1665/1414 1407/1655/1404
f 1409/1659/1408 1374/1666/1415 1375/1664/1413 1408/1657/1406
f 1410/1661/1410 1377/1667/1416 1374/1666/1415 1409/1659/1408
f 1411/1663/1412 1380/1668/1417 1377/1667/1416 1410/1661/1410
f 1412/1642/1393 1379/1669/1418 1380/1668/1417 1411/1663/1412
f 1413/1641/1392 1378/1670/1419 1379/1669/1418 1412/1642/1393
f 1414/1645/1396 1381/1671/1420 1378/1670/1419 1413/1641/1392
f 1415/1647/1398 1382/1672/1421 1381/1671/1420 1414/1645/1396
f 1416/1649/1400 1383/1673/1422 1382/1674/1421 1415/1650/1398
f 1417/1653/1402 1384/1675/1423 1383/1673/1422 1416/1649/1400
f 1407/1655/1404 1376/1665/1414 1384/1675/1423 1417/1653/1402
f 1435/1676/1424 1320/1539/1321 1163/1538/1166 1293/1677/1290
f 1434/1678/1425 1321/1542/1323 1320/1539/1321 1435/1676/1424
f 1433/1679/1426 1334/1563/1340 1321/1542/1323 1434/1678/1425
f 1432/1680/1427 1362/1626/1379 1334/1563/1340 1433/1679/1426
f 1342/1627/1347 1362/1626/1379 1432/1680/1427 1431/1681/1428
f 1342/1576/1347 1431/1682/1428 1430/1683/1429 1341/1577/1348
f 1422/1573/1330 1423/1559/1336 1429/1684/1430 1428/1685/1431
f 1421/1548/1327 1422/1551/1330 1428/1686/1431 1427/1687/1432
f 1420/1562/1339 1421/1548/1327 1427/1687/1432 1426/1688/1433
f 1419/1533/1317 1420/1562/1339 1426/1688/1433 1425/1689/1434
f 1418/1534/1318 1419/1533/1317 1425/1689/1434 1424/1690/1435
f 1280/1691/1282 1273/1536/1165 1418/1534/1318 1424/1690/1435
f 1431/1682/1428 1428/1685/1431 1429/1684/1430 1430/1683/1429
f 1432/1680/1427 1427/1687/1432 1428/1686/1431 1431/1681/1428
f 1427/1687/1432 1432/1680/1427 1433/1679/1426 1426/1688/1433
f 1426/1688/1433 1433/1679/1426 1434/1678/1425 1425/1689/1434
f 1425/1689/1434 1434/1678/1425 1435/1676/1424 1424/1690/1435
f 1424/1690/1435 1435/1676/1424 1293/1677/1290 1280/1691/1282
f 1325/1579/1350 1341/1577/1348 1430/1683/1429 1436/1692/1436
f 1171/1580/1206 1325/1579/1350 1436/1692/1436 1295/1693/1297
f 1430/1683/1429 1429/1684/1430 1437/1694/1437 1436/1692/1436
f 1436/1692/1436 1437/1694/1437 1297/1695/1177 1295/1693/1297
f 1437/1694/1437 1429/1684/1430 1423/1559/1336 1324/1545/1325
f 1172/1544/1172 1297/1695/1177 1437/1694/1437 1324/1545/1325
f 1315/1696/1298 1453/1697/1438 1323/1698/1439 1170/1699/1299
f 1323/1698/1439 1453/1697/1438 1452/1700/1440 1327/1701/1441
f 1451/1702/1442 1367/1703/1443 1327/1701/1441 1452/1700/1440
f 1450/1704/1444 1326/1705/1445 1367/1706/1443 1451/1707/1442
f 1326/1705/1445 1450/1704/1444 1449/1708/1446 1333/1709/1447
f 1333/1709/1447 1449/1708/1446 1448/1710/1448 1316/1711/1449
f 1316/1711/1449 1448/1710/1448 1447/1712/1450 1317/1713/1451
f 1317/1713/1451 1447/1712/1450 1446/1714/1452 1318/1715/1453
f 1447/1712/1450 1444/1535/1319 1445/1537/1320 1446/1714/1452
f 1448/1710/1448 1443/1532/1316 1444/1535/1319 1447/1712/1450
f 1449/1708/1446 1442/1561/1338 1443/1532/1316 1448/1710/1448
f 1450/1704/1444 1441/1549/1328 1442/1561/1338 1449/1708/1446
f 1441/1549/1328 1450/1704/1444 1451/1707/1442 1440/1550/1329
f 1440/1574/1329 1451/1702/1442 1452/1700/1440 1439/1560/1337
f 1453/1697/1438 1438/1546/1326 1439/1560/1337 1452/1700/1440
f 1298/1547/1173 1438/1546/1326 1453/1697/1438 1315/1696/1298
s 84
f 1486/1716/1454 1487/1717/1455 1526/1718/1456 1527/1719/1457
f 1519/1720/1458 1520/1721/1459 1492/1722/1460 1493/1723/1461
f 1520/1721/1459 1521/1724/1462 1495/1725/1463 1492/1722/1460
f 1521/1724/1462 1522/1726/1464 1497/1727/1465 1495/1725/1463
f 1522/1726/1464 1523/1728/1466 1499/1729/1467 1497/1727/1465
f 1523/1728/1466 1524/1730/1468 1501/1731/1469 1499/1729/1467
f 1524/1730/1468 1525/1732/1470 1503/1733/1471 1501/1731/1469
f 1487/1717/1455 1503/1733/1471 1525/1732/1470 1526/1718/1456
f 1504/1734/1472 1505/1735/1473 1529/1736/1474 1530/1737/1475
f 1508/1738/1476 1504/1734/1472 1530/1737/1475 1531/1739/1477
f 1510/1740/1478 1508/1738/1476 1531/1739/1477 1532/1741/1479
f 1512/1742/1480 1510/1740/1478 1532/1741/1479 1533/1743/1481
f 1514/1744/1482 1512/1742/1480 1533/1743/1481 1518/1745/1483
f 1519/1720/1458 1493/1723/1461 1514/1744/1482 1518/1745/1483
f 1528/1746/1484 1529/1736/1474 1505/1735/1473 1517/1747/1485
f 1486/1748/1454 1527/1749/1457 1528/1746/1484 1517/1747/1485
f 1454/1750/1486 1455/1751/1487 1487/1717/1455 1486/1716/1454
f 1456/1752/1488 1457/1753/1489 1489/1754/1490 1488/1755/1491
f 1458/1756/1492 1459/1757/1493 1491/1758/1494 1490/1759/1495
f 1460/1760/1496 1461/1761/1497 1493/1723/1461 1492/1722/1460
f 1459/1757/1493 1462/1762/1498 1494/1763/1499 1491/1758/1494
f 1463/1764/1500 1460/1760/1496 1492/1722/1460 1495/1725/1463
f 1462/1762/1498 1464/1765/1501 1496/1766/1502 1494/1763/1499
f 1465/1767/1503 1463/1764/1500 1495/1725/1463 1497/1727/1465
f 1464/1765/1501 1466/1768/1504 1498/1769/1505 1496/1766/1502
f 1467/1770/1506 1465/1767/1503 1497/1727/1465 1499/1729/1467
f 1466/1768/1504 1468/1771/1507 1500/1772/1508 1498/1769/1505
f 1469/1773/1509 1467/1770/1506 1499/1729/1467 1501/1731/1469
f 1468/1771/1507 1470/1774/1510 1502/1775/1511 1500/1772/1508
f 1471/1776/1512 1469/1773/1509 1501/1731/1469 1503/1733/1471
f 1455/1751/1487 1471/1776/1512 1503/1733/1471 1487/1717/1455
f 1470/1774/1510 1456/1752/1488 1488/1755/1491 1502/1775/1511
f 1472/1777/1513 1473/1778/1514 1505/1735/1473 1504/1734/1472
f 1474/1779/1515 1475/1780/1516 1507/1781/1517 1506/1782/1518
f 1476/1783/1519 1472/1777/1513 1504/1734/1472 1508/1738/1476
f 1475/1780/1516 1477/1784/1520 1509/1785/1521 1507/1781/1517
f 1478/1786/1522 1476/1783/1519 1508/1738/1476 1510/1740/1478
f 1477/1784/1520 1479/1787/1523 1511/1788/1524 1509/1785/1521
f 1480/1789/1525 1478/1786/1522 1510/1740/1478 1512/1742/1480
f 1479/1787/1523 1481/1790/1526 1513/1791/1527 1511/1788/1524
f 1482/1792/1528 1480/1789/1525 1512/1742/1480 1514/1744/1482
f 1481/1790/1526 1483/1793/1529 1515/1794/1530 1513/1791/1527
f 1461/1761/1497 1482/1792/1528 1514/1744/1482 1493/1723/1461
f 1483/1793/1529 1458/1756/1492 1490/1759/1495 1515/1794/1530
f 1484/1795/1531 1474/1779/1515 1506/1782/1518 1516/1796/1532
f 1473/1778/1514 1485/1797/1533 1517/1747/1485 1505/1735/1473
f 1457/1798/1489 1484/1795/1531 1516/1796/1532 1489/1799/1490
f 1485/1797/1533 1454/1800/1486 1486/1748/1454 1517/1747/1485
f 1490/1759/1495 1519/1720/1458 1518/1745/1483 1515/1794/1530
f 1490/1759/1495 1491/1758/1494 1520/1721/1459 1519/1720/1458
f 1491/1758/1494 1494/1763/1499 1521/1724/1462 1520/1721/1459
f 1494/1763/1499 1496/1766/1502 1522/1726/1464 1521/1724/1462
f 1496/1766/1502 1498/1769/1505 1523/1728/1466 1522/1726/1464
f 1498/1769/1505 1500/1772/1508 1524/1730/1468 1523/1728/1466
f 1500/1772/1508 1502/1775/1511 1525/1732/1470 1524/1730/1468
f 1526/1718/1456 1525/1732/1470 1502/1775/1511 1488/1755/1491
f 1527/1719/1457 1526/1718/1456 1488/1755/1491 1489/1754/1490
f 1528/1746/1484 1527/1749/1457 1489/1799/1490 1516/1796/1532
f 1516/1796/1532 1506/1782/1518 1529/1736/1474 1528/1746/1484
f 1530/1737/1475 1529/1736/1474 1506/1782/1518 1507/1781/1517
f 1531/1739/1477 1530/1737/1475 1507/1781/1517 1509/1785/1521
f 1532/1741/1479 1531/1739/1477 1509/1785/1521 1511/1788/1524
f 1533/1743/1481 1532/1741/1479 1511/1788/1524 1513/1791/1527
f 1518/1745/1483 1533/1743/1481 1513/1791/1527 1515/1794/1530
s 90
f 1534/1801/1534 1536/1803/1535 1535/1802/1536
f 1535/1802/1536 1536/1803/1535 1537/1804/1537
f 1537/1804/1537 1536/1803/1535 1538/1805/1538
f 1538/1805/1538 1536/1803/1535 1539/1806/1539
f 1539/1806/1539 1536/1803/1535 1540/1807/1540
f 1540/1807/1540 1536/1803/1535 1541/1808/1541
f 1541/1808/1541 1536/1803/1535 1542/1809/1542
f 1542/1809/1542 1536/1803/1535 1534/1801/1534
f 1543/1810/1543 1534/1801/1534 1535/1802/1536 1544/1811/1544
f 1544/1811/1544 1535/1802/1536 1537/1804/1537 1545/1812/1545
f 1546/1813/1546 1539/1806/1539 1540/1807/1540 1547/1814/1547
f 1547/1814/1547 1540/1807/1540 1541/1808/1541 1548/1815/1548
f 1548/1815/1548 1541/1808/1541 1542/1809/1542 1549/1816/1549
f 1549/1816/1549 1542/1809/1542 1534/1801/1534 1543/1810/1543
f 1543/1817/1543 1544/1819/1544 1550/1818/1550
f 1544/1819/1544 1545/1820/1545 1550/1818/1550
f 1547/1821/1547 1548/1822/1548 1550/1818/1550
f 1548/1822/1548 1549/1823/1549 1550/1818/1550
f 1549/1823/1549 1543/1817/1543 1550/1818/1550
